{
  "calories": "", 
  "carbohydrateContent": "", 
  "cholesterolContent": "", 
  "fatContent": "", 
  "fiberContent": "", 
  "image": "http://www.bonappetit.com/wp-content/uploads/2005/08/grilled-panzanella-salad-with-bell-peppers-summer-squash-tomatoes-920.jpg", 
  "ingredients": {
    "": {
      "flour": "Safe", 
      "gluten": "no gluten here!", 
      "quantity": "", 
      "substitute": "no substitute needed", 
      "unit": ""
    }, 
    "12- to 14-ounce loaf of ciabatta*, some crust trimmed to expose bread, cut crosswise into 1-inch-thick slices": {
      "flour": "Safe", 
      "gluten": "gluten here!", 
      "quantity": "1", 
      "substitute": "gluten-free bread", 
      "unit": ""
    }, 
    "assorted bell peppers (about 3 large), cut into 1 1/2-inch-wide strips": {
      "flour": "Safe", 
      "gluten": "no gluten here!", 
      "quantity": "1 1/2", 
      "substitute": "no substitute needed", 
      "unit": "pounds"
    }, 
    "assorted summer squash, cut lengthwise into 1/3-inch-thick slices": {
      "flour": "Safe", 
      "gluten": "no gluten here!", 
      "quantity": "1 1/2", 
      "substitute": "no substitute needed", 
      "unit": "pounds"
    }, 
    "chopped fresh italian parsley": {
      "flour": "Safe", 
      "gluten": "no gluten here!", 
      "quantity": "1/2", 
      "substitute": "no substitute needed", 
      "unit": "cup"
    }, 
    "coarsely chopped assorted fresh herbs (such as chives, dill, chervil, and tarragon)": {
      "flour": "Safe", 
      "gluten": "no gluten here!", 
      "quantity": "1/4", 
      "substitute": "no substitute needed", 
      "unit": "cup"
    }, 
    "drained capers": {
      "flour": "Safe", 
      "gluten": "no gluten here!", 
      "quantity": "2", 
      "substitute": "no substitute needed", 
      "unit": "tablespoons"
    }, 
    "extra-virgin olive oil": {
      "flour": "Safe", 
      "gluten": "no gluten here!", 
      "quantity": "1/3", 
      "substitute": "no substitute needed", 
      "unit": "cup"
    }, 
    "fresh lemon juice": {
      "flour": "Safe", 
      "gluten": "no gluten here!", 
      "quantity": "1/4", 
      "substitute": "no substitute needed", 
      "unit": "cup"
    }, 
    "grated lemon peel": {
      "flour": "Safe", 
      "gluten": "no gluten here!", 
      "quantity": "1", 
      "substitute": "no substitute needed", 
      "unit": "tablespoon"
    }, 
    "medium-size red onion, cut into 1/4-inch-thick rounds": {
      "flour": "Safe", 
      "gluten": "no gluten here!", 
      "quantity": "1", 
      "substitute": "no substitute needed", 
      "unit": ""
    }, 
    "red wine vinegar": {
      "flour": "Safe", 
      "gluten": "no gluten here!", 
      "quantity": "2", 
      "substitute": "no substitute needed", 
      "unit": "tablespoons"
    }, 
    "tomatoes, cored, cut into 3/4-inch dice, juices reserved": {
      "flour": "Safe", 
      "gluten": "no gluten here!", 
      "quantity": "1", 
      "substitute": "no substitute needed", 
      "unit": "pound"
    }
  }, 
  "instructions": [
    "Prepare barbecue (medium heat). Brush both sides of bell peppers, squash, onion, and bread slices lightly with olive oil; sprinkle with salt and pepper. Grill vegetables until tender and brown, about 4 minutes per side for peppers and squash and 3 minutes per side for onion. Grill bread until browned and crisp, turning occasionally, about 4 minutes. Cool slightly. Rub bread with cut sides of garlic. Tear bread into 3/4-inch pieces; place in very large bowl. Cut grilled vegetables into 1-inch pieces; add to bread in bowl.", 
    "Whisk first 3 ingredients in small bowl to blend. Gradually whisk in 1/3 cup oil. Season dressing to taste with salt and pepper.", 
    "Add dressing, tomatoes with juices, and all remaining ingredients to salad; toss. Let stand 20 minutes. Season with salt and pepper."
  ], 
  "keywords": [
    "Barbecue", 
    "Bell Pepper Recipes", 
    "Bread Recipes", 
    "Dinner", 
    "First Course", 
    "Italian Food", 
    "Large Group", 
    "Lunch", 
    "Main Course", 
    "Picnic Food", 
    "Potluck Food", 
    "Salad Recipes", 
    "Side", 
    "Squash Recipes", 
    "Summer Food", 
    "Tomato Recipes", 
    "Vegetarian Recipes"
  ], 
  "name": "Grilled Panzanella Salad with Bell Peppers, Summer Squash, and Tomatoes", 
  "proteinContent": "", 
  "saturatedFatContent": "", 
  "servings": "Servings: 8", 
  "sodiumContent": "", 
  "sugarContent": "", 
  "url": "http://www.bonappetit.com/recipe/grilled-panzanella-salad-with-bell-peppers-summer-squash-and-tomatoes"
}