{
  "calories": "", 
  "carbohydrateContent": "", 
  "cholesterolContent": "", 
  "fatContent": "", 
  "fiberContent": "", 
  "image": "http://www.bonappetit.com/wp-content/uploads/2012/07/griddled-fresh-chickpeas-646.jpg", 
  "ingredients": {
    "cayenne pepper": {
      "flour": "Safe", 
      "gluten": "no gluten here!", 
      "quantity": "2", 
      "substitute": "no substitute needed", 
      "unit": "teaspoons"
    }, 
    "fresh chickpeas in pods": {
      "flour": "Safe", 
      "gluten": "no gluten here!", 
      "quantity": "1", 
      "substitute": "no substitute needed", 
      "unit": "pound"
    }, 
    "lime": {
      "flour": "Safe", 
      "gluten": "no gluten here!", 
      "quantity": "1/2", 
      "substitute": "no substitute needed", 
      "unit": ""
    }, 
    "olive oil": {
      "flour": "Safe", 
      "gluten": "no gluten here!", 
      "quantity": "1", 
      "substitute": "no substitute needed", 
      "unit": "tablespoon"
    }, 
    "sea salt": {
      "flour": "Safe", 
      "gluten": "no gluten here!", 
      "quantity": "2", 
      "substitute": "no substitute needed", 
      "unit": "teaspoons"
    }, 
    "toasted ground coriander": {
      "flour": "Safe", 
      "gluten": "no gluten here!", 
      "quantity": "1", 
      "substitute": "no substitute needed", 
      "unit": "teaspoon"
    }, 
    "toasted ground cumin": {
      "flour": "Safe", 
      "gluten": "no gluten here!", 
      "quantity": "1", 
      "substitute": "no substitute needed", 
      "unit": "teaspoon"
    }
  }, 
  "instructions": [
    "Combine first 4 ingredients in a small bowl; set chile salt aside.", 
    "Heat a cast-iron skillet over high heat on the stove or a grill until smoking. Combine chickpeas and oil in a medium bowl; toss to coat. Working in batches if needed, arrange chickpeas in a single layer in skillet. Cook, stirring a couple of times, until pods are tender and browned in spots, about 2 minutes. Return to bowl; sprinkle with chile salt, squeeze lime over, and toss to coat. The chickpeas are meant to be eaten like edamame. Do not eat the pods."
  ], 
  "keywords": [
    "Appetizers", 
    "Chickpea", 
    "Grilling Food", 
    "Lime Recipes", 
    "Salad", 
    "Vegetarian Recipes"
  ], 
  "name": "Griddled Fresh Chickpeas", 
  "proteinContent": "", 
  "saturatedFatContent": "", 
  "servings": "Servings: Makes 4\u20136", 
  "sodiumContent": "", 
  "sugarContent": "", 
  "url": "http://www.bonappetit.com/recipe/griddled-fresh-chickpeas"
}