{
  "calories": "", 
  "carbohydrateContent": "", 
  "cholesterolContent": "", 
  "description": "Substitute whole almonds for the hazelnuts in these brown-buttery cakes, or use a combination of both.", 
  "fatContent": "", 
  "fiberContent": "", 
  "image": "http://www.bonappetit.com/wp-content/uploads/2014/04/honey-hazelnut-financiers-940x600.jpg", 
  "ingredients": {
    "(packed) dark brown sugar": {
      "flour": "Safe", 
      "gluten": "no gluten here!", 
      "quantity": "\u00be", 
      "substitute": "no substitute needed", 
      "unit": "cup"
    }, 
    "all-purpose flour": {
      "flour": {
        "type": {
          "binder": {
            "type": "xanthum gum", 
            "weight": 0.5
          }, 
          "density": {
            "type": "brown rice flour", 
            "weight": 0.142
          }, 
          "fat": {
            "type": "almond flour", 
            "weight": 0.142
          }, 
          "leavener": "", 
          "lightness": {
            "type": "white rice flour", 
            "weight": 0.284
          }, 
          "protein": {
            "type": "sorghum flour", 
            "weight": 0.142
          }, 
          "starch": {
            "type": "potato starch", 
            "weight": 0.284
          }, 
          "stickiness": "", 
          "texture": ""
        }, 
        "weight": 125
      }, 
      "gluten": "gluten here!", 
      "quantity": "\u00bd", 
      "substitute": "flour ratio", 
      "unit": "cup"
    }, 
    "honey, preferably raw": {
      "flour": "Safe", 
      "gluten": "no gluten here!", 
      "quantity": "2", 
      "substitute": "no substitute needed", 
      "unit": "tablespoons"
    }, 
    "kosher salt": {
      "flour": "Safe", 
      "gluten": "no gluten here!", 
      "quantity": "\u00bd", 
      "substitute": "no substitute needed", 
      "unit": "teaspoon"
    }, 
    "large egg whites": {
      "flour": "Safe", 
      "gluten": "no gluten here!", 
      "quantity": "3", 
      "substitute": "no substitute needed", 
      "unit": ""
    }, 
    "skin-on hazelnuts, divided": {
      "flour": "Safe", 
      "gluten": "no gluten here!", 
      "quantity": "1\u00bc", 
      "substitute": "no substitute needed", 
      "unit": "cups"
    }, 
    "unsalted butter, plus more, room temperature, for pans": {
      "flour": "Safe", 
      "gluten": "no gluten here!", 
      "quantity": "10", 
      "substitute": "no substitute needed", 
      "unit": "tablespoons"
    }, 
    "vanilla bean, split lengthwise": {
      "flour": "Safe", 
      "gluten": "no gluten here!", 
      "quantity": "1", 
      "substitute": "no substitute needed", 
      "unit": ""
    }
  }, 
  "instructions": [
    "Preheat oven to 350\u00b0. Butter eight 3x2&rdquo; mini loaf pans or a standard 12-cup muffin pan. Toast 1 cup hazelnuts on a small rimmed baking sheet, tossing occasionally, until golden brown, 8\u201310 minutes. Let cool (do not remove skins). Pulse hazelnuts, flour, and salt in a food processor until finely ground.", 
    "Place 10 Tbsp. butter in a small saucepan. Scrape in seeds from vanilla bean; add pod. Cook over medium heat, stirring often, until butter foams, then browns (do not let burn), 5\u20138 minutes. Discard pod and scrape vanilla butter into a medium bowl. Whisk in honey.", 
    "Increase oven heat to 400\u00b0. Whisk egg whites in a large bowl just to break up, add brown sugar, and whisk until mixture is smooth. Fold in dry ingredients in 2 additions, then fold in butter mixture just until smooth.", 
    "Coarsely chop remaining \u00bc cup hazelnuts. Scrape batter into pans and top with hazelnuts. Bake financiers until golden brown and a tester inserted into the center comes out clean, 15\u201320 minutes for loaves, 10\u201315 for muffins. Let cool 5 minutes in pans, then transfer to a wire rack. Let cool completely.", 
    "DO AHEAD:Financiers can be made 1 day ahead. Store tightly wrapped at room temperature."
  ], 
  "keywords": [
    "buvette recipes", 
    "Cookie Recipes", 
    "Desserts", 
    "French Food", 
    "Honey Recipes", 
    "Vanilla Recipes"
  ], 
  "name": "Honey-Hazelnut Financiers", 
  "proteinContent": "", 
  "saturatedFatContent": "", 
  "servings": "Servings: Makes 8\u201312 financiers", 
  "sodiumContent": "", 
  "sugarContent": "", 
  "url": "http://www.bonappetit.com/recipe/honey-hazelnut-financiers"
}