{
  "calories": "", 
  "carbohydrateContent": "", 
  "cholesterolContent": "", 
  "description": "Marinated, grilled, and paired with tender carrots and a simple feta-mint condiment, these lamb skewers are the answer when you're looking for big flavor. For the most tender results, use meat cut from the top round of the leg of lamb, or trim around the connective tissue of a butterflied leg to get to the leaner meat.", 
  "fatContent": "", 
  "fiberContent": "", 
  "image": "http://www.bonappetit.com/wp-content/uploads/2012/06/grilled-lamb-skewers-with-carrots-feta-and-mint-940x600.jpg", 
  "ingredients": {
    "bunches baby carrots (about 3/4 lb. total), trimmed, peeled": {
      "flour": "Safe", 
      "gluten": "no gluten here!", 
      "quantity": "3", 
      "substitute": "no substitute needed", 
      "unit": ""
    }, 
    "chopped fresh thyme leaves": {
      "flour": "Safe", 
      "gluten": "no gluten here!", 
      "quantity": "1", 
      "substitute": "no substitute needed", 
      "unit": "tablespoon"
    }, 
    "coarsely torn fresh mint leaves": {
      "flour": "Safe", 
      "gluten": "no gluten here!", 
      "quantity": "1/2", 
      "substitute": "no substitute needed", 
      "unit": "cup"
    }, 
    "crumbled feta": {
      "flour": "Safe", 
      "gluten": "no gluten here!", 
      "quantity": "1/2", 
      "substitute": "no substitute needed", 
      "unit": "cup"
    }, 
    "crushed red pepper flakes": {
      "flour": "Safe", 
      "gluten": "no gluten here!", 
      "quantity": "2", 
      "substitute": "no substitute needed", 
      "unit": "teaspoons"
    }, 
    "dry white wine": {
      "flour": "Safe", 
      "gluten": "no gluten here!", 
      "quantity": "1/2", 
      "substitute": "no substitute needed", 
      "unit": "cup"
    }, 
    "fresh lemon juice": {
      "flour": "Safe", 
      "gluten": "no gluten here!", 
      "quantity": "2", 
      "substitute": "no substitute needed", 
      "unit": "teaspoons"
    }, 
    "freshly ground black pepper": {
      "flour": "Safe", 
      "gluten": "no gluten here!", 
      "quantity": "1/2", 
      "substitute": "no substitute needed", 
      "unit": "teaspoon"
    }, 
    "garlic cloves, minced": {
      "flour": "Safe", 
      "gluten": "no gluten here!", 
      "quantity": "8", 
      "substitute": "no substitute needed", 
      "unit": ""
    }, 
    "ground coriander": {
      "flour": "Safe", 
      "gluten": "no gluten here!", 
      "quantity": "1/2", 
      "substitute": "no substitute needed", 
      "unit": "teaspoon"
    }, 
    "ground cumin": {
      "flour": "Safe", 
      "gluten": "no gluten here!", 
      "quantity": "1/2", 
      "substitute": "no substitute needed", 
      "unit": "teaspoon"
    }, 
    "kosher salt": {
      "flour": "Safe", 
      "gluten": "no gluten here!", 
      "quantity": "4", 
      "substitute": "no substitute needed", 
      "unit": "teaspoons"
    }, 
    "kosher salt and freshly ground black pepper": {
      "flour": "Safe", 
      "gluten": "no gluten here!", 
      "quantity": "", 
      "substitute": "no substitute needed", 
      "unit": ""
    }, 
    "olive oil": {
      "flour": "Safe", 
      "gluten": "no gluten here!", 
      "quantity": "2", 
      "substitute": "no substitute needed", 
      "unit": "teaspoons"
    }, 
    "pinch of ground cinnamon": {
      "flour": "Safe", 
      "gluten": "no gluten here!", 
      "quantity": "", 
      "substitute": "no substitute needed", 
      "unit": ""
    }, 
    "smoked paprika": {
      "flour": "Safe", 
      "gluten": "no gluten here!", 
      "quantity": "1/2", 
      "substitute": "no substitute needed", 
      "unit": "teaspoon"
    }, 
    "sugar": {
      "flour": "Safe", 
      "gluten": "no gluten here!", 
      "quantity": "4", 
      "substitute": "no substitute needed", 
      "unit": "teaspoons"
    }, 
    "trimmed leg of lamb, cut into 1' cubes": {
      "flour": "Safe", 
      "gluten": "no gluten here!", 
      "quantity": "2", 
      "substitute": "no substitute needed", 
      "unit": "pounds"
    }, 
    "whole grain mustard": {
      "flour": "Safe", 
      "gluten": "no gluten here!", 
      "quantity": "4", 
      "substitute": "no substitute needed", 
      "unit": "teaspoons"
    }
  }, 
  "instructions": [
    "Whisk all ingredients except lamb in a medium bowl to blend well. Add lamb to bowl and toss to coat. Cover and chill, tossing occasionally, for at least 4 hours and up to overnight.", 
    "Whisk first 6 ingredients in a medium bowl to blend; set marinade aside.", 
    "Cut any carrots longer than 3\" in half lengthwise on a diagonal. Cook carrots in a large pot of boiling salted water until crisp-tender, 4-5 minutes. Drain. Transfer carrots to a large bowl of ice water to cool. Drain and pat dry.", 
    "Add carrots to marinade; season with salt and pepper and toss to coat. Cover and chill for at least 4 hours or overnight.", 
    "Arrange carrots on a large platter; set aside. Build a medium-hot fire in a charcoal grill, or heat a gas grill to high. Thread lamb onto skewers. Grill lamb, turning every 1-2 minutes, until lamb is cooked to desired doneness, 7-8 minutes for medium-rare to medium. Lay skewers over carrots and let lamb rest for 5 minutes.", 
    "Meanwhile, toss mint, feta, lemon juice, and oil in a small bowl. Season to taste with salt and pepper. Spoon mint-feta mixture evenly over lamb and carrots."
  ], 
  "keywords": [
    "Carrot Recipes", 
    "Dinner", 
    "Entrees", 
    "Feta Recipes", 
    "Fourth Of July", 
    "Greek Food", 
    "Grilled Lamb Recipes", 
    "Grilling Food", 
    "Lamb Recipes", 
    "Meat Recipes", 
    "Mediterranean Food", 
    "Mint Recipes", 
    "Paul Kahan", 
    "Skewer And Kebab Recipes", 
    "Skewer Recipes", 
    "Summer Food", 
    "Yard To Table Recipes"
  ], 
  "name": "Grilled Lamb Skewers with Carrots, Feta, and Mint", 
  "proteinContent": "", 
  "saturatedFatContent": "", 
  "servings": "Servings: 6-8", 
  "sodiumContent": "", 
  "sugarContent": "", 
  "url": "http://www.bonappetit.com/recipe/grilled-lamb-skewers-with-carrots-feta-and-mint"
}