{
  "calories": "", 
  "carbohydrateContent": "", 
  "cholesterolContent": "", 
  "fatContent": "", 
  "fiberContent": "", 
  "image": "http://www.bonappetit.com/wp-content/uploads/2014/05/german-potato-salad-with-dill-940x600.jpg", 
  "ingredients": {
    "apple cider vinegar": {
      "flour": "Safe", 
      "gluten": "no gluten here!", 
      "quantity": "\u00bc", 
      "substitute": "no substitute needed", 
      "unit": "cup"
    }, 
    "caraway seeds, toasted": {
      "flour": "Safe", 
      "gluten": "no gluten here!", 
      "quantity": "1", 
      "substitute": "no substitute needed", 
      "unit": "teaspoon"
    }, 
    "fresh dill, chopped": {
      "flour": "Safe", 
      "gluten": "no gluten here!", 
      "quantity": "2", 
      "substitute": "no substitute needed", 
      "unit": "tablespoons"
    }, 
    "kosher salt and freshly ground black pepper": {
      "flour": "Safe", 
      "gluten": "no gluten here!", 
      "quantity": "", 
      "substitute": "no substitute needed", 
      "unit": ""
    }, 
    "olive oil": {
      "flour": "Safe", 
      "gluten": "no gluten here!", 
      "quantity": "\u00bc", 
      "substitute": "no substitute needed", 
      "unit": "cup"
    }, 
    "onion, chopped": {
      "flour": "Safe", 
      "gluten": "no gluten here!", 
      "quantity": "\u00bd", 
      "substitute": "no substitute needed", 
      "unit": ""
    }, 
    "scallions, sliced": {
      "flour": "Safe", 
      "gluten": "no gluten here!", 
      "quantity": "4", 
      "substitute": "no substitute needed", 
      "unit": ""
    }, 
    "small waxy potatoes, halved and scrubbed": {
      "flour": "Safe", 
      "gluten": "no gluten here!", 
      "quantity": "2", 
      "substitute": "no substitute needed", 
      "unit": "pounds"
    }
  }, 
  "instructions": [
    "Cover potatoes with cold salted water, bring to a boil, and cook until tender; drain and transfer to a large bowl.", 
    "Meanwhile, heat oil in a medium skillet over medium-high heat. Add onion; season with salt and pepper. Cook, stirring often, until soft, about 5 minutes.", 
    "Remove from heat and mix in vinegar. Add to potatoes along with scallions, dill, and caraway seeds and toss, crushing potatoes slightly; season with salt and pepper."
  ], 
  "keywords": [
    "Caraway", 
    "Dill Recipes", 
    "Potato Recipes", 
    "Salad", 
    "Scallion Recipes", 
    "Side", 
    "Sides", 
    "summer 123 recipes", 
    "Summer Food", 
    "Summer Sides"
  ], 
  "name": "German Potato Salad with Dill", 
  "proteinContent": "", 
  "saturatedFatContent": "", 
  "servings": "Servings: 6", 
  "sodiumContent": "", 
  "sugarContent": "", 
  "url": "http://www.bonappetit.com/recipe/german-potato-salad-with-dill"
}