{
  "calories": "", 
  "carbohydrateContent": "", 
  "cholesterolContent": "", 
  "fatContent": "", 
  "fiberContent": "", 
  "image": "http://www.bonappetit.com/wp-content/uploads/2013/08/grilled-chicken-liver-pate-and-blackberry-crostini-646.jpg", 
  "ingredients": {
    "(1 1/4 sticks) chilled unsalted butter, cut into 1/2' cubes, divided": {
      "flour": "Safe", 
      "gluten": "no gluten here!", 
      "quantity": "10", 
      "substitute": "no substitute needed", 
      "unit": "tablespoons"
    }, 
    "(or more) ground allspice": {
      "flour": "Safe", 
      "gluten": "no gluten here!", 
      "quantity": "1/8", 
      "substitute": "no substitute needed", 
      "unit": "teaspoon"
    }, 
    "1/4'-thick slices country-style rye bread": {
      "flour": "Safe", 
      "gluten": "gluten here!", 
      "quantity": "8", 
      "substitute": "gluten-free bread", 
      "unit": ""
    }, 
    "blackberry salad (click for recipe)": {
      "flour": "Safe", 
      "gluten": "no gluten here!", 
      "quantity": "", 
      "substitute": "no substitute needed", 
      "unit": ""
    }, 
    "bourbon": {
      "flour": "Safe", 
      "gluten": "no gluten here!", 
      "quantity": "1/3", 
      "substitute": "no substitute needed", 
      "unit": "cup"
    }, 
    "bunch radishes (about 6 oz.), trimmed, very thinly sliced": {
      "flour": "Safe", 
      "gluten": "no gluten here!", 
      "quantity": "1", 
      "substitute": "no substitute needed", 
      "unit": ""
    }, 
    "chicken livers (about 2 cups)": {
      "flour": "Safe", 
      "gluten": "no gluten here!", 
      "quantity": "1", 
      "substitute": "no substitute needed", 
      "unit": "pound"
    }, 
    "extra-virgin olive oil (for brushing)": {
      "flour": "Safe", 
      "gluten": "no gluten here!", 
      "quantity": "", 
      "substitute": "no substitute needed", 
      "unit": ""
    }, 
    "fresh thyme leaves": {
      "flour": "Safe", 
      "gluten": "no gluten here!", 
      "quantity": "1", 
      "substitute": "no substitute needed", 
      "unit": "teaspoon"
    }, 
    "heavy cream": {
      "flour": "Safe", 
      "gluten": "no gluten here!", 
      "quantity": "2", 
      "substitute": "no substitute needed", 
      "unit": "tablespoons"
    }, 
    "kosher salt and freshly ground black pepper": {
      "flour": "Safe", 
      "gluten": "no gluten here!", 
      "quantity": "", 
      "substitute": "no substitute needed", 
      "unit": ""
    }, 
    "minced shallot": {
      "flour": "Safe", 
      "gluten": "no gluten here!", 
      "quantity": "2", 
      "substitute": "no substitute needed", 
      "unit": "tablespoons"
    }, 
    "whole milk": {
      "flour": "Safe", 
      "gluten": "no gluten here!", 
      "quantity": "2-3", 
      "substitute": "no substitute needed", 
      "unit": "cups"
    }
  }, 
  "instructions": [
    "Combine livers and enough milk in a medium bowl so livers are submerged. Chill and soak to mellow their flavor for  at least 1 hour or, covered, overnight.", 
    "Drain livers; discard milk. Using kitchen shears, trim any fat and veins from livers. Rinse, drain, and pat dry with paper towels.", 
    "Build a medium-hot fire in a charcoal grill, or heat a gas grill to high. Place a wire rack on top of grill grate. Rub livers with oil; season with salt and pepper. Grill livers on wire rack, turning occasionally, until nicely charred but still rosy inside, about  3 minutes. Transfer to a food processor.", 
    "Melt 2 Tbsp. butter in a small skillet over medium heat (keep remaining butter chilled). Add shallot and thyme; cook, stirring often, until shallot is translucent, about 3 minutes. Remove from heat. Add bourbon (careful: Mixture may ignite). Return skillet to heat; cook, stirring often, until reduced to 3 Tbsp., 2-3 minutes.", 
    "Transfer shallot-bourbon mixture to food processor with livers. Add cream and 1/8 tsp. allspice; pur\u00e9e until smooth, occasionally scraping down sides. With motor running, add remaining 8 Tbsp. butter, 1 cube at a time; pur\u00e9e until smooth. Season with salt, pepper, and more allspice, if desired.", 
    "For a smoother p\u00e2t\u00e9, press liver mixture through a fine-mesh sieve into a medium bowl. Pack into a 1 1/2-cup jar or small bowl. Cover with waxed paper and chill overnight. DO AHEAD:  P\u00e2t\u00e9 can be made 3 days ahead. Keep chilled.", 
    "Build a medium-hot fire in a charcoal grill, or heat a gas grill to high. Brush bread with oil; season with salt and pepper. Grill bread until golden brown on both sides, about  1 minute per side. Cut crostini in half on  a diagonal.", 
    "Spread each warm crostini with p\u00e2t\u00e9, then garnish with some Blackberry Salad and sliced radishes."
  ], 
  "keywords": [
    "Appetizers", 
    "Berry Recipes", 
    "Blackberry", 
    "Bourbon", 
    "Chicken Recipes", 
    "Crostini", 
    "Grilling Food", 
    "High Fiber", 
    "Liver Recipes", 
    "Paul Kahan", 
    "Yard To Table Recipes"
  ], 
  "name": "Grilled Chicken Liver Pate and Blackberry Crostini", 
  "proteinContent": "", 
  "saturatedFatContent": "", 
  "servings": "Servings: 6-8", 
  "sodiumContent": "", 
  "sugarContent": "", 
  "url": "http://www.bonappetit.com/recipe/grilled-chicken-liver-pate-and-blackberry-crostini"
}