{
  "calories": "Calories (kcal) 487.4", 
  "carbohydrateContent": "Carbohydrates (g) 71.0", 
  "cholesterolContent": "Cholesterol (mg) 116.9", 
  "fatContent": "Fat (g) 20.2", 
  "fiberContent": "Dietary Fiber (g) 0.6", 
  "image": "http://www.bonappetit.com/wp-content/uploads/2009/11/mare_gateau_de_sirop_h.jpg", 
  "ingredients": {
    "(1 stick) unsalted butter, room temperature": {
      "flour": "Safe", 
      "gluten": "no gluten here!", 
      "quantity": "1/2", 
      "substitute": "no substitute needed", 
      "unit": "cup"
    }, 
    "(packed) dark brown sugar": {
      "flour": "Safe", 
      "gluten": "no gluten here!", 
      "quantity": "1", 
      "substitute": "no substitute needed", 
      "unit": "cup"
    }, 
    "100% pure cane syrup (such as steen's)": {
      "flour": "Safe", 
      "gluten": "no gluten here!", 
      "quantity": "1 3/4", 
      "substitute": "no substitute needed", 
      "unit": "cups"
    }, 
    "additional 100% pure cane syrup": {
      "flour": "Safe", 
      "gluten": "no gluten here!", 
      "quantity": "", 
      "substitute": "no substitute needed", 
      "unit": ""
    }, 
    "all purpose flour": {
      "flour": {
        "type": {
          "binder": {
            "type": "xanthum gum", 
            "weight": 0.5
          }, 
          "density": {
            "type": "brown rice flour", 
            "weight": 0.142
          }, 
          "fat": {
            "type": "almond flour", 
            "weight": 0.142
          }, 
          "leavener": "", 
          "lightness": {
            "type": "white rice flour", 
            "weight": 0.284
          }, 
          "protein": {
            "type": "sorghum flour", 
            "weight": 0.142
          }, 
          "starch": {
            "type": "potato starch", 
            "weight": 0.284
          }, 
          "stickiness": "", 
          "texture": ""
        }, 
        "weight": 125
      }, 
      "gluten": "gluten here!", 
      "quantity": "2 1/2", 
      "substitute": "flour ratio", 
      "unit": "cups"
    }, 
    "baking soda": {
      "flour": "Safe", 
      "gluten": "no gluten here!", 
      "quantity": "1", 
      "substitute": "no substitute needed", 
      "unit": "teaspoon"
    }, 
    "chilled heavy whipping cream": {
      "flour": "Safe", 
      "gluten": "no gluten here!", 
      "quantity": "1 1/2", 
      "substitute": "no substitute needed", 
      "unit": "cups"
    }, 
    "evaporated milk": {
      "flour": "Safe", 
      "gluten": "no gluten here!", 
      "quantity": "3/4", 
      "substitute": "no substitute needed", 
      "unit": "cup"
    }, 
    "ground cinnamon": {
      "flour": "Safe", 
      "gluten": "no gluten here!", 
      "quantity": "1", 
      "substitute": "no substitute needed", 
      "unit": "teaspoon"
    }, 
    "ground nutmeg": {
      "flour": "Safe", 
      "gluten": "no gluten here!", 
      "quantity": "1/2", 
      "substitute": "no substitute needed", 
      "unit": "teaspoon"
    }, 
    "large eggs": {
      "flour": "Safe", 
      "gluten": "no gluten here!", 
      "quantity": "3", 
      "substitute": "no substitute needed", 
      "unit": ""
    }, 
    "powdered sugar (optional)": {
      "flour": "Safe", 
      "gluten": "no gluten here!", 
      "quantity": "", 
      "substitute": "no substitute needed", 
      "unit": ""
    }, 
    "sour cream": {
      "flour": "Safe", 
      "gluten": "no gluten here!", 
      "quantity": "1/4", 
      "substitute": "no substitute needed", 
      "unit": "cup"
    }
  }, 
  "instructions": [
    "Preheat oven to 350\u00b0F. Butter and flour 13x9x2-inch metal baking pan. Sift flour, baking soda, cinnamon, nutmeg, and  1 teaspoon salt into medium bowl. Using electric mixer, beat butter in large bowl until smooth. Add sugar and beat until blended. Beat in eggs, 1 at a time. Beat in 13/4 cups syrup, then evaporated milk and sour cream (batter may look curdled). Add dry ingredients and beat on lowest speed until blended. Transfer cake batter to prepared pan.", 
    "Bake cake until tester inserted into center comes out clean, about 50 minutes. Cool cake in pan on rack. DO AHEAD Can be made 1 day ahead. Cover pan tightly with foil and store cake at room temperature.", 
    "Beat cream in medium bowl until peaks form. Cut cake into squares. Place on plates. Spoon whipped cream alongside; drizzle with additional syrup. Dust with powdered sugar, if desired."
  ], 
  "keywords": [
    "American Food", 
    "Brown Sugar", 
    "Cajun Food", 
    "Cake Recipes", 
    "Cane Syrup", 
    "Cinnamon Recipes", 
    "Dairy Recipes", 
    "Dessert", 
    "Dinner Party Food", 
    "Large Groups", 
    "Mardi Gras Food", 
    "Milk Recipes", 
    "Nutmeg Recipes", 
    "Sour Cream Recipes", 
    "Southern Food", 
    "Spice Recipes", 
    "Syrup Recipes", 
    "Whipping Cream Recipes"
  ], 
  "name": "G\u00e2teau de Sirop", 
  "proteinContent": "Protein (g) 5.8", 
  "saturatedFatContent": "Saturated Fat (g) 12.4", 
  "servings": "Servings: 12", 
  "sodiumContent": "Sodium (mg) 199.7", 
  "sugarContent": "Total Sugars (g) 51.9", 
  "url": "http://www.bonappetit.com/recipe/gateau-de-sirop-2"
}