{
  "calories": "", 
  "carbohydrateContent": "", 
  "cholesterolContent": "", 
  "fatContent": "", 
  "fiberContent": "", 
  "image": "http://www.bonappetit.com/wp-content/uploads/2004/09/five-spice-duck-with-butternut-squash-ravioli-and-broccoli-rabe-940x600.jpg", 
  "ingredients": {
    "": {
      "flour": "Safe", 
      "gluten": "no gluten here!", 
      "quantity": "", 
      "substitute": "no substitute needed", 
      "unit": ""
    }, 
    "(1/4 stick) butter": {
      "flour": "Safe", 
      "gluten": "no gluten here!", 
      "quantity": "2", 
      "substitute": "no substitute needed", 
      "unit": "tablespoons"
    }, 
    "(scant) ground ginger": {
      "flour": "Safe", 
      "gluten": "no gluten here!", 
      "quantity": "1/2", 
      "substitute": "no substitute needed", 
      "unit": "teaspoon"
    }, 
    "5-pound ducks, thawed if frozen": {
      "flour": "Safe", 
      "gluten": "no gluten here!", 
      "quantity": "2", 
      "substitute": "no substitute needed", 
      "unit": ""
    }, 
    "butternut squash or mushroom ravioli": {
      "flour": "Safe", 
      "gluten": "gluten here!", 
      "quantity": "9", 
      "substitute": "gluten-free pasta", 
      "unit": "ounces"
    }, 
    "chinese five-spice powder": {
      "flour": "Safe", 
      "gluten": "no gluten here!", 
      "quantity": "1 1/2", 
      "substitute": "no substitute needed", 
      "unit": "tablespoons"
    }, 
    "ground black pepper": {
      "flour": "Safe", 
      "gluten": "no gluten here!", 
      "quantity": "1/2", 
      "substitute": "no substitute needed", 
      "unit": "teaspoon"
    }, 
    "large bunch broccoli rabe (rapini), thick stems trimmed, tops coarsely chopped": {
      "flour": "Safe", 
      "gluten": "no gluten here!", 
      "quantity": "1", 
      "substitute": "no substitute needed", 
      "unit": ""
    }, 
    "large sweet onion (such as vidalia or maui), thinly sliced": {
      "flour": "Safe", 
      "gluten": "no gluten here!", 
      "quantity": "1", 
      "substitute": "no substitute needed", 
      "unit": ""
    }, 
    "olive oil": {
      "flour": "Safe", 
      "gluten": "no gluten here!", 
      "quantity": "1", 
      "substitute": "no substitute needed", 
      "unit": "tablespoon"
    }, 
    "plum wine*": {
      "flour": "Safe", 
      "gluten": "no gluten here!", 
      "quantity": "2", 
      "substitute": "no substitute needed", 
      "unit": "cups"
    }, 
    "salt": {
      "flour": "Safe", 
      "gluten": "no gluten here!", 
      "quantity": "1 1/4", 
      "substitute": "no substitute needed", 
      "unit": "teaspoons"
    }, 
    "smoked bacon, chopped": {
      "flour": "Safe", 
      "gluten": "no gluten here!", 
      "quantity": "8", 
      "substitute": "no substitute needed", 
      "unit": "ounces"
    }
  }, 
  "instructions": [
    "Boil plum wine in heavy medium saucepan until syrupy and reduced to generous 1/3 cup, about 16 minutes. DO AHEAD: Can be made 1 day ahead. Let stand at room temperature. Rewarm over low heat before using.", 
    "Using heavy large knife, cut each duck lengthwise in half. Cut away backbone. Cut off leg-thigh pieces, then cut off breast pieces; trim excess fat. Remove bones from breast pieces. Transfer leg-thigh pieces and breast pieces to platter (reserve remaining duck trimmings for another use).", 
    "Preheat oven to 375\u00b0F. Mix Chinese five-spice powder, salt, ground black pepper, and ground ginger in small bowl. Rub spice mixture all over duck pieces. Heat olive oil in heavy large ovenproof skillet over medium-high heat. Add leg-thigh pieces and cook until deep brown, about 4 minutes per side. Cover skillet and roast duck in oven until cooked through, about 45 minutes. Transfer duck to plate; cover with foil to keep warm.", 
    "Heat same skillet over medium-high heat. Add duck breasts to skillet; cook to desired doneness, about 10 minutes per side for medium.", 
    "Cook ravioli in large pot of boiling salted water until tender but still firm to bite, stirring occasionally. Drain. Cook bacon in heavy large skillet over medium heat until crisp, about 8 minutes. Transfer bacon to paper towels. Discard all but 2 tablespoons drippings in skillet. Add onion to skillet; saut\u00e9 until tender and golden, about 12 minutes. Add butter, then broccoli rabe and saut\u00e9 just until broccoli rabe begins to wilt. Add ravioli; stir until heated through. Stir in bacon. Season with salt and pepper. Divide ravioli mixture among 4 plates. Arrange duck leg-thigh pieces atop ravioli. Thinly slice duck breasts and fan out alongside. Drizzle with reduced plum wine syrup and serve."
  ], 
  "keywords": [
    "Bacon Recipes", 
    "Broccoli Rabe", 
    "Butternut Squash", 
    "Dinner", 
    "Dinner Party Food", 
    "Duck Recipes", 
    "Fall Food", 
    "Main Course", 
    "Pasta Recipes", 
    "Plum Recipes", 
    "Spice Recipes", 
    "Wine Recipes"
  ], 
  "name": "Five-Spice Duck with Butternut Squash Ravioli and Broccoli Rabe", 
  "proteinContent": "", 
  "saturatedFatContent": "", 
  "servings": "Servings: 4", 
  "sodiumContent": "", 
  "sugarContent": "", 
  "url": "http://www.bonappetit.com/recipe/five-spice-duck-with-butternut-squash-ravioli-and-broccoli-rabe"
}