{
  "calories": "Calories (kcal) 310", 
  "carbohydrateContent": "Carbohydrates (g) 7", 
  "cholesterolContent": "Cholesterol (mg) 55", 
  "description": "Fluke, hake, or cod are all good substitutions for the halibut.", 
  "fatContent": "Fat (g) 15", 
  "fiberContent": "Dietary Fiber (g) 1", 
  "image": "http://www.bonappetit.com/wp-content/uploads/2013/08/halibut-with-tomato-cherry-vinaigrette.jpg", 
  "ingredients": {
    "6-oz. halibut fillets": {
      "flour": "Safe", 
      "gluten": "no gluten here!", 
      "quantity": "4", 
      "substitute": "no substitute needed", 
      "unit": ""
    }, 
    "cup fresh sour cherries, pitted, or sour cherries in light syrup from a jar, drained": {
      "flour": "Safe", 
      "gluten": "no gluten here!", 
      "quantity": "\u00bc", 
      "substitute": "no substitute needed", 
      "unit": ""
    }, 
    "cup fresh sweet (or frozen, thawed) cherries, pitted": {
      "flour": "Safe", 
      "gluten": "no gluten here!", 
      "quantity": "\u00bc", 
      "substitute": "no substitute needed", 
      "unit": ""
    }, 
    "kosher salt and freshly ground black pepper": {
      "flour": "Safe", 
      "gluten": "no gluten here!", 
      "quantity": "", 
      "substitute": "no substitute needed", 
      "unit": ""
    }, 
    "lb. tomatoes (such as beefsteak or cherry), coarsely chopped": {
      "flour": "Safe", 
      "gluten": "no gluten here!", 
      "quantity": "\u00bd", 
      "substitute": "no substitute needed", 
      "unit": ""
    }, 
    "small sprig basil": {
      "flour": "Safe", 
      "gluten": "no gluten here!", 
      "quantity": "1", 
      "substitute": "no substitute needed", 
      "unit": ""
    }, 
    "tbsp. extra-virgin olive oil": {
      "flour": "Safe", 
      "gluten": "no gluten here!", 
      "quantity": "1", 
      "substitute": "no substitute needed", 
      "unit": ""
    }, 
    "tbsp. olive oil plus more for drizzling": {
      "flour": "Safe", 
      "gluten": "no gluten here!", 
      "quantity": "2", 
      "substitute": "no substitute needed", 
      "unit": ""
    }, 
    "tbsp. red wine vinegar": {
      "flour": "Safe", 
      "gluten": "no gluten here!", 
      "quantity": "2", 
      "substitute": "no substitute needed", 
      "unit": ""
    }, 
    "tsp. (or more) sugar": {
      "flour": "Safe", 
      "gluten": "no gluten here!", 
      "quantity": "\u00bd", 
      "substitute": "no substitute needed", 
      "unit": ""
    }, 
    "tsp. finely chopped shallot": {
      "flour": "Safe", 
      "gluten": "no gluten here!", 
      "quantity": "2", 
      "substitute": "no substitute needed", 
      "unit": ""
    }, 
    "tsp. kosher salt plus more": {
      "flour": "Safe", 
      "gluten": "no gluten here!", 
      "quantity": "\u215b", 
      "substitute": "no substitute needed", 
      "unit": ""
    }
  }, 
  "instructions": [
    "Combine basil, tomatoes, sweet and sour cherries, vinegar, shallot, sugar, and \u215b tsp. salt in a large bowl; cover and let sit at room temperature 1\u20132 hours.", 
    "Remove basil sprig. Pur\u00e9e tomato mixture in a blender until smooth; strain through a fine-mesh sieve into a small bowl, whisk in oil, and season with salt.", 
    "Season halibut with salt and pepper. Heat 2 Tbsp. oil in a large nonstick pan over medium-high heat. Cook halibut until golden brown and just opaque in the center, about 4 minutes per side.", 
    "Serve halibut with tomato-cherry vinaigrette, drizzled with oil.", 
    "DO AHEAD:Vinaigrette can be made 1 day ahead. Cover and chill."
  ], 
  "keywords": [
    "Basil Recipes", 
    "Cherry Recipes", 
    "Dinner", 
    "Fish Recipes", 
    "Halibut Recipes", 
    "Healthy Recipes", 
    "Michael Anthony Summer Tomato Recipes", 
    "Shallot Recipes", 
    "Summer Food", 
    "Tomato Recipes"
  ], 
  "name": "Halibut with Tomato-Cherry Vinaigrette", 
  "proteinContent": "Protein (g) 36", 
  "saturatedFatContent": "Saturated Fat (g) 2", 
  "servings": "Servings: 4", 
  "sodiumContent": "Sodium (mg) 280", 
  "sugarContent": "Total Sugars (g) 3", 
  "url": "http://www.bonappetit.com/recipe/halibut-with-tomato-cherry-vinaigrette"
}