{
  "calories": "", 
  "carbohydrateContent": "", 
  "cholesterolContent": "", 
  "fatContent": "", 
  "fiberContent": "", 
  "image": "", 
  "ingredients": {
    "black peppercorns, crushed or chopped": {
      "flour": "Safe", 
      "gluten": "no gluten here!", 
      "quantity": "\u00bc", 
      "substitute": "no substitute needed", 
      "unit": "tsp"
    }, 
    "piece horseradish, peeled, thinly sliced": {
      "flour": "Safe", 
      "gluten": "no gluten here!", 
      "quantity": "1 1\u201d", 
      "substitute": "no substitute needed", 
      "unit": ""
    }, 
    "vodka": {
      "flour": "Safe", 
      "gluten": "no gluten here!", 
      "quantity": "8", 
      "substitute": "no substitute needed", 
      "unit": "ounces"
    }
  }, 
  "instructions": [
    "Combine horseradish, black pepper, and vodka in a large jar. Cover and let sit at at least 3 days and up to 1 month. Strain before using."
  ], 
  "keywords": [
    "Cocktails", 
    "Drink Recipes", 
    "Drinks", 
    "Horseradish Recipes", 
    "Peppercorn Recipes", 
    "spicy drinks", 
    "Vodka Drinks"
  ], 
  "name": "Horseradish\u2013Black Pepper Vodka", 
  "proteinContent": "", 
  "saturatedFatContent": "", 
  "servings": "Servings: Makes 1 cup", 
  "sodiumContent": "", 
  "sugarContent": "", 
  "url": "http://www.bonappetit.com/recipe/horseradish-black-pepper-vodka"
}