{
  "calories": "Calories (kcal) 440", 
  "carbohydrateContent": "Carbohydrates (g) 31", 
  "cholesterolContent": "Cholesterol (mg) 60", 
  "description": "The secret to making grilled cheese for a crowd? Turn on the oven\u00a0(the standard skillet method is too labor-intensive). Encourage guests to customize their sandwiches with the cheeses, breads, and fixings you\u2019ve set out. Then simply pop them on a baking sheet and cook.", 
  "fatContent": "Fat (g) 23", 
  "fiberContent": "Dietary Fiber (g) 7", 
  "image": "http://www.bonappetit.com/wp-content/uploads/2013/09/grilled-cheese-sandwiches.jpg", 
  "ingredients": {
    "(1\u00bd sticks) unsalted butter, room temperature": {
      "flour": "Safe", 
      "gluten": "no gluten here!", 
      "quantity": "\u00be", 
      "substitute": "no substitute needed", 
      "unit": "cup"
    }, 
    "assorted cheeses, coarsely grated (such as cheddar, fontina, mozzarella, gruy\u00e8re, and swiss)": {
      "flour": "Safe", 
      "gluten": "no gluten here!", 
      "quantity": "1\u00bd", 
      "substitute": "no substitute needed", 
      "unit": "pounds"
    }, 
    "assorted fixings (such as ham, prosciutto, cooked strips of bacon, sauerkraut, whole grain mustard, minced chives, fig or cherry jam)": {
      "flour": "Safe", 
      "gluten": "no gluten here!", 
      "quantity": "", 
      "substitute": "no substitute needed", 
      "unit": ""
    }, 
    "kosher salt and freshly ground black pepper": {
      "flour": "Safe", 
      "gluten": "no gluten here!", 
      "quantity": "", 
      "substitute": "no substitute needed", 
      "unit": ""
    }, 
    "\u00bc&rdquo;-thick slices assorted bread (such as sourdough, rye, pullman and whole wheat)": {
      "flour": "Safe", 
      "gluten": "gluten here!", 
      "quantity": "16", 
      "substitute": "gluten-free dough", 
      "unit": "pint"
    }
  }, 
  "instructions": [
    "Arrange racks in upper and lower thirds of oven; preheat to 350\u00b0. Set a wire rack inside each of 2 foil-lined rimmed baking sheets. Butter 1 side of each bread slice with about \u00bd Tbsp. butter.", 
    "Heat a medium skillet over medium heat until very hot, at least 2 minutes. Melt \u00bd Tbsp. butter in skillet. Add 2 slices of bread, buttered side down; cook, pressing down often with a spatula to ensure even toasting and rotating pan frequently, until bread is evenly golden brown, 3\u20134 minutes. (Do not rush or increase heat, or your bread will burn before it can evenly toast.)", 
    "Transfer bread slices, toasted side down, to prepared wire racks (this will help keep bread crunchy). Repeat with remaining bread and butter, wiping out skillet between batches. (If all of the bread doesn\u2019t fit on the racks, you may need to bake sandwiches in two batches.)DO AHEAD:Bread can be toasted 1 hour ahead; let stand at room temperature.", 
    "Garnish untoasted side of each slice of bread with fixings, then top each slice with a small handful of cheese (about 1\u00bd oz.), scattering evenly. Season with salt and pepper (do not skip this step; it really elevates the flavors in the sandwich).", 
    "Bake bread slices, rotating baking sheets halfway through, until cheese is thoroughly melted, 10\u201312 minutes (begin checking after 8 minutes; some cheeses melt faster than others). Working in batches, firmly press 2 cheese-topped sides of sandwiches together. Let rest for 1\u20132 minutes. Slice in half or into quarters. Serve hot or warm."
  ], 
  "keywords": [
    "Comfort Food", 
    "grilled cheese party recipes", 
    "High Fiber", 
    "Kid-Friendly Recipes", 
    "Party Food", 
    "Sandwich Recipes", 
    "Vegetarian Recipes"
  ], 
  "name": "Grilled Cheese Sandwiches", 
  "proteinContent": "Protein (g) 30", 
  "saturatedFatContent": "Saturated Fat (g) 14", 
  "servings": "Servings: 8", 
  "sodiumContent": "Sodium (mg) 1050", 
  "sugarContent": "Total Sugars (g) 4", 
  "url": "http://www.bonappetit.com/recipe/grilled-cheese-sandwiches"
}