{
  "calories": "", 
  "carbohydrateContent": "", 
  "cholesterolContent": "", 
  "description": "If you have leftover \"everything\" spice, stir it into Greek yogurt drizzled with olive oil for a savory breakfast.", 
  "fatContent": "", 
  "fiberContent": "", 
  "image": "http://www.bonappetit.com/wp-content/uploads/2014/09/everything-spice-coated-cheddar-cheese-ball-940x600.jpg", 
  "ingredients": {
    "coarsely ground black pepper": {
      "flour": "Safe", 
      "gluten": "no gluten here!", 
      "quantity": "2", 
      "substitute": "no substitute needed", 
      "unit": "teaspoons"
    }, 
    "crackers (for serving)": {
      "flour": "Safe", 
      "gluten": "no gluten here!", 
      "quantity": "", 
      "substitute": "no substitute needed", 
      "unit": ""
    }, 
    "cream cheese, room temperature": {
      "flour": "Safe", 
      "gluten": "no gluten here!", 
      "quantity": "4", 
      "substitute": "no substitute needed", 
      "unit": "ounces"
    }, 
    "finely grated extra sharp cheddar": {
      "flour": "Safe", 
      "gluten": "no gluten here!", 
      "quantity": "1\u2153", 
      "substitute": "no substitute needed", 
      "unit": "cups"
    }, 
    "garlic cloves, thinly sliced": {
      "flour": "Safe", 
      "gluten": "no gluten here!", 
      "quantity": "5", 
      "substitute": "no substitute needed", 
      "unit": ""
    }, 
    "kosher salt": {
      "flour": "Safe", 
      "gluten": "no gluten here!", 
      "quantity": "", 
      "substitute": "no substitute needed", 
      "unit": ""
    }, 
    "pancetta, finely chopped": {
      "flour": "Safe", 
      "gluten": "no gluten here!", 
      "quantity": "2", 
      "substitute": "no substitute needed", 
      "unit": "ounces"
    }, 
    "poppy seed": {
      "flour": "Safe", 
      "gluten": "no gluten here!", 
      "quantity": "1", 
      "substitute": "no substitute needed", 
      "unit": "teaspoon"
    }, 
    "scallion, thinly sliced": {
      "flour": "Safe", 
      "gluten": "no gluten here!", 
      "quantity": "1", 
      "substitute": "no substitute needed", 
      "unit": ""
    }, 
    "sesame seeds, toasted": {
      "flour": "Safe", 
      "gluten": "no gluten here!", 
      "quantity": "1", 
      "substitute": "no substitute needed", 
      "unit": "teaspoon"
    }, 
    "shallots, thinly sliced": {
      "flour": "Safe", 
      "gluten": "no gluten here!", 
      "quantity": "2", 
      "substitute": "no substitute needed", 
      "unit": ""
    }, 
    "unsalted butter, room temperature": {
      "flour": "Safe", 
      "gluten": "no gluten here!", 
      "quantity": "2", 
      "substitute": "no substitute needed", 
      "unit": "tablespoons"
    }, 
    "vegetable oil": {
      "flour": "Safe", 
      "gluten": "no gluten here!", 
      "quantity": "\u00bd", 
      "substitute": "no substitute needed", 
      "unit": "cup"
    }, 
    "worcestershire sauce": {
      "flour": "Safe", 
      "gluten": "no gluten here!", 
      "quantity": "2", 
      "substitute": "no substitute needed", 
      "unit": "teaspoons"
    }
  }, 
  "instructions": [
    "Cook pancetta in a medium skillet over medium heat, stirring often, until browned and crisp, 5\u20138 minutes. Transfer to paper towels to drain; let cool.", 
    "Process cheddar, cream cheese, and butter in a food processor until smooth. Pulse in scallion, pepper, Worcestershire sauce, and pancetta; season with salt. Scrape mixture into a small plastic wrap\u2013lined bowl; gather plastic around cheese, using your hands to shape into a ball. Chill until firm, 3\u201312 hours.", 
    "Just before serving, cook garlic in oil in a small saucepan over medium heat, stirring often, until golden brown, about 3 minutes. Drain on paper towels.", 
    "Add shallots to saucepan and cook, stirring often, until golden brown and crisp, 5\u20138 minutes. Drain on paper towels; let cool. Discard oil. Mix garlic and shallots in a medium bowl. Roll cheese ball in mixture to coat. Sprinkle with poppy seed and sesame seeds, pressing lightly to adhere. Serve with crackers."
  ], 
  "keywords": [
    "Cheddar", 
    "cocktail party food", 
    "Cream Cheese", 
    "Pancetta", 
    "Party Food", 
    "Poppy Seeds", 
    "Scallion", 
    "Sesame", 
    "Shallots", 
    "Snack", 
    "Spreads"
  ], 
  "name": "Everything Spice\u2013Coated Cheddar Cheese Ball", 
  "proteinContent": "", 
  "saturatedFatContent": "", 
  "servings": "Servings: 8", 
  "sodiumContent": "", 
  "sugarContent": "", 
  "url": "http://www.bonappetit.com/recipe/everything-spice-coated-cheddar-cheese-ball"
}