{
  "calories": "Calories (kcal) 397.2", 
  "carbohydrateContent": "Carbohydrates (g) 46.1", 
  "cholesterolContent": "Cholesterol (mg) 231.6", 
  "description": "Risotto cooked with smoky bacon and spring leeks is topped with a slow poached egg", 
  "fatContent": "Fat (g) 14.4", 
  "fiberContent": "Dietary Fiber (g) 1.2", 
  "image": "http://www.bonappetit.com/wp-content/uploads/2011/04/bacon-and-leek-risotto-with-poached-egg-940x600.jpg", 
  "ingredients": {
    "additional finely grated parmesan cheese (for garnish)": {
      "flour": "Safe", 
      "gluten": "no gluten here!", 
      "quantity": "", 
      "substitute": "no substitute needed", 
      "unit": ""
    }, 
    "arborio rice or medium-grain white rice (about 10 ounces)": {
      "flour": "Safe", 
      "gluten": "no gluten here!", 
      "quantity": "1 1/2", 
      "substitute": "no substitute needed", 
      "unit": "cups"
    }, 
    "butter": {
      "flour": "Safe", 
      "gluten": "no gluten here!", 
      "quantity": "1", 
      "substitute": "no substitute needed", 
      "unit": "tablespoon"
    }, 
    "dry white wine": {
      "flour": "Safe", 
      "gluten": "no gluten here!", 
      "quantity": "3/4", 
      "substitute": "no substitute needed", 
      "unit": "cup"
    }, 
    "finely chopped fresh italian parsley": {
      "flour": "Safe", 
      "gluten": "no gluten here!", 
      "quantity": "3", 
      "substitute": "no substitute needed", 
      "unit": "tablespoons"
    }, 
    "finely grated parmesan cheese": {
      "flour": "Safe", 
      "gluten": "no gluten here!", 
      "quantity": "2", 
      "substitute": "no substitute needed", 
      "unit": "tablespoons"
    }, 
    "fresh italian parsley leaves (for garnish)": {
      "flour": "Safe", 
      "gluten": "no gluten here!", 
      "quantity": "", 
      "substitute": "no substitute needed", 
      "unit": ""
    }, 
    "large eggs": {
      "flour": "Safe", 
      "gluten": "no gluten here!", 
      "quantity": "6", 
      "substitute": "no substitute needed", 
      "unit": ""
    }, 
    "low-salt chicken broth": {
      "flour": "Safe", 
      "gluten": "no gluten here!", 
      "quantity": "5", 
      "substitute": "no substitute needed", 
      "unit": "cups"
    }, 
    "olive oil": {
      "flour": "Safe", 
      "gluten": "no gluten here!", 
      "quantity": "1", 
      "substitute": "no substitute needed", 
      "unit": "tablespoon"
    }, 
    "slices thick-cut bacon, cut crosswise into 1/2-inch pieces": {
      "flour": "Safe", 
      "gluten": "no gluten here!", 
      "quantity": "6", 
      "substitute": "no substitute needed", 
      "unit": ""
    }, 
    "thinly sliced leeks (white and pale green parts only; about 2 large)": {
      "flour": "Safe", 
      "gluten": "no gluten here!", 
      "quantity": "2", 
      "substitute": "no substitute needed", 
      "unit": "cups"
    }
  }, 
  "instructions": [
    "Bring large skillet of water just to simmer over medium-low heat. Sprinkle water with salt. Working with 1 egg at a time, crack into small bowl and slide egg into simmering water. Cook eggs until whites are cooked through but yolks are still runny, 3 to 4 minutes. Using slotted spoon, carefully transfer poached eggs to medium bowl filled with ice water. DO AHEAD Eggs can be made up to 1 day ahead. Cover and refrigerate in same bowl of ice water.", 
    "Bring broth to simmer in medium saucepan; cover to keep warm. Heat oil in heavy large saucepan over medium heat. Add bacon and cook until crisp, stirring occasionally. Using slotted spoon, transfer bacon to paper towels to drain. Add leeks to drippings in pan; cook until soft but not brown, stirring often, 4 to 5 minutes. Transfer 2 generous tablespoonfuls leeks to small bowl; reserve for garnish. Add rice to pan; stir 1 to 2 minutes. Add wine; stir until absorbed, about 2 minutes. Add 1\u20442 cup warm broth to saucepan; stir until broth is absorbed. Repeat adding broth and stirring until rice is tender but still firm to bite and sauce is creamy, stirring almost constantly, about 23 minutes total. Add bacon, chopped parsley, butter, and 2 tablespoons cheese. Season to taste with salt and freshly ground black pepper.", 
    "Meanwhile, heat poached eggs in medium skillet of simmering water just until heated through, 1 to 2 minutes.", 
    "Divide risotto among 6 bowls. Top risotto in each bowl with poached egg. Sprinkle egg with salt and pepper. Sprinkle with parsley leaves, additional cheese, and reserved leeks."
  ], 
  "keywords": [
    "American Food", 
    "Bacon Recipes", 
    "Cheese Recipes", 
    "Dinner", 
    "Dinner Party Food", 
    "Egg Recipes", 
    "Herb Recipes", 
    "Italian Food", 
    "Leek Recipes", 
    "Parmesan Cheese Recipes", 
    "Parmesan Recipes", 
    "Parsley Recipes", 
    "Rice Recipes", 
    "Risotto Recipes", 
    "White Wine Recipes"
  ], 
  "name": "Bacon and Leek Risotto with Poached Egg", 
  "proteinContent": "Protein (g) 17.9", 
  "saturatedFatContent": "Saturated Fat (g) 5.1", 
  "servings": "Servings: 6", 
  "sodiumContent": "Sodium (mg) 413.5", 
  "sugarContent": "Total Sugars (g) 2.6", 
  "url": "http://www.bonappetit.com/recipe/bacon-and-leek-risotto-with-poached-egg"
}