{
  "calories": "", 
  "carbohydrateContent": "", 
  "cholesterolContent": "", 
  "fatContent": "", 
  "fiberContent": "", 
  "image": "http://www.bonappetit.com/wp-content/uploads/2006/11/gingerbread-puddings-with-candied-apples.jpg", 
  "ingredients": {
    "": {
      "flour": "Safe", 
      "gluten": "no gluten here!", 
      "quantity": "", 
      "substitute": "no substitute needed", 
      "unit": ""
    }, 
    "(1 stick) unsalted butter, room temperature": {
      "flour": "Safe", 
      "gluten": "no gluten here!", 
      "quantity": "1/2", 
      "substitute": "no substitute needed", 
      "unit": "cup"
    }, 
    "(packed) golden brown sugar": {
      "flour": "Safe", 
      "gluten": "no gluten here!", 
      "quantity": "3/4", 
      "substitute": "no substitute needed", 
      "unit": "cup"
    }, 
    "4-inch-long pieces fresh ginger (about 4 ounces), peeled, thickly sliced": {
      "flour": "Safe", 
      "gluten": "no gluten here!", 
      "quantity": "2", 
      "substitute": "no substitute needed", 
      "unit": ""
    }, 
    "all purpose flour": {
      "flour": {
        "type": {
          "binder": {
            "type": "xanthum gum", 
            "weight": 0.5
          }, 
          "density": {
            "type": "brown rice flour", 
            "weight": 0.142
          }, 
          "fat": {
            "type": "almond flour", 
            "weight": 0.142
          }, 
          "leavener": "", 
          "lightness": {
            "type": "white rice flour", 
            "weight": 0.284
          }, 
          "protein": {
            "type": "sorghum flour", 
            "weight": 0.142
          }, 
          "starch": {
            "type": "potato starch", 
            "weight": 0.284
          }, 
          "stickiness": "", 
          "texture": ""
        }, 
        "weight": 125
      }, 
      "gluten": "gluten here!", 
      "quantity": "1 3/4", 
      "substitute": "flour ratio", 
      "unit": "cups"
    }, 
    "baking soda": {
      "flour": "Safe", 
      "gluten": "no gluten here!", 
      "quantity": "1", 
      "substitute": "no substitute needed", 
      "unit": "teaspoon"
    }, 
    "boiling water": {
      "flour": "Safe", 
      "gluten": "no gluten here!", 
      "quantity": "1/2", 
      "substitute": "no substitute needed", 
      "unit": "cup"
    }, 
    "finely ground black pepper": {
      "flour": "Safe", 
      "gluten": "no gluten here!", 
      "quantity": "1/4", 
      "substitute": "no substitute needed", 
      "unit": "teaspoon"
    }, 
    "granny smith apples, peeled, cored, cut into 1/3-inch cubes (about 4 1/2 cups)": {
      "flour": "Safe", 
      "gluten": "no gluten here!", 
      "quantity": "1 1/2", 
      "substitute": "no substitute needed", 
      "unit": "pounds"
    }, 
    "ground cinnamon": {
      "flour": "Safe", 
      "gluten": "no gluten here!", 
      "quantity": "1", 
      "substitute": "no substitute needed", 
      "unit": "teaspoon"
    }, 
    "ground cloves": {
      "flour": "Safe", 
      "gluten": "no gluten here!", 
      "quantity": "1/4", 
      "substitute": "no substitute needed", 
      "unit": "teaspoon"
    }, 
    "ground ginger": {
      "flour": "Safe", 
      "gluten": "no gluten here!", 
      "quantity": "1", 
      "substitute": "no substitute needed", 
      "unit": "teaspoon"
    }, 
    "ice cream or cr\u00e8me fra\u00eeche": {
      "flour": "Safe", 
      "gluten": "no gluten here!", 
      "quantity": "", 
      "substitute": "no substitute needed", 
      "unit": ""
    }, 
    "large egg": {
      "flour": "Safe", 
      "gluten": "no gluten here!", 
      "quantity": "1", 
      "substitute": "no substitute needed", 
      "unit": ""
    }, 
    "large eggs": {
      "flour": "Safe", 
      "gluten": "no gluten here!", 
      "quantity": "4", 
      "substitute": "no substitute needed", 
      "unit": ""
    }, 
    "mild-flavored (light) molasses": {
      "flour": "Safe", 
      "gluten": "no gluten here!", 
      "quantity": "3/4", 
      "substitute": "no substitute needed", 
      "unit": "cup"
    }, 
    "pinch of salt": {
      "flour": "Safe", 
      "gluten": "no gluten here!", 
      "quantity": "", 
      "substitute": "no substitute needed", 
      "unit": ""
    }, 
    "salt": {
      "flour": "Safe", 
      "gluten": "no gluten here!", 
      "quantity": "1/4", 
      "substitute": "no substitute needed", 
      "unit": "teaspoon"
    }, 
    "sugar": {
      "flour": "Safe", 
      "gluten": "no gluten here!", 
      "quantity": "3/4", 
      "substitute": "no substitute needed", 
      "unit": "cup"
    }, 
    "unsweetened apple cider or apple juice": {
      "flour": "Safe", 
      "gluten": "no gluten here!", 
      "quantity": "8", 
      "substitute": "no substitute needed", 
      "unit": "cups"
    }, 
    "vanilla extract": {
      "flour": "Safe", 
      "gluten": "no gluten here!", 
      "quantity": "1", 
      "substitute": "no substitute needed", 
      "unit": "teaspoon"
    }, 
    "whole black peppercorns": {
      "flour": "Safe", 
      "gluten": "no gluten here!", 
      "quantity": "1", 
      "substitute": "no substitute needed", 
      "unit": "tablespoon"
    }, 
    "whole milk": {
      "flour": "Safe", 
      "gluten": "no gluten here!", 
      "quantity": "3", 
      "substitute": "no substitute needed", 
      "unit": "cups"
    }
  }, 
  "instructions": [
    "Combine all ingredients in large pot. Bring to boil over high heat, stirring until sugar dissolves. Reduce heat to medium and simmer until apples are soft and translucent and cider coats apples thickly, stirring occasionally, about 2 hours. Transfer to bowl and cool. DO AHEAD Can be made 1 week ahead. Cover and chill. Bring to room temperature before serving.", 
    "Preheat oven to 350\u00b0F. Butter 9x9x2-inch metal baking pan. Whisk first 7 ingredients in medium bowl to blend. Using electric mixer, beat butter in large bowl until fluffy. Add brown sugar and egg and beat until blended. Beat in molasses, then flour mixture. Using rubber spatula, stir in 1/2 cup boiling water. Transfer batter to prepared pan.", 
    "Bake gingerbread until tester inserted into center comes out clean, about 40 minutes. Transfer pan to rack and cool gingerbread completely in pan. DO AHEAD Can be made 1 day ahead. Cover pan with foil; let stand at room temperature.", 
    "Preheat oven to 325\u00b0F. Combine milk, fresh ginger, and peppercorns in heavy medium saucepan; bring to simmer. Remove from heat. Whisk eggs, sugar, vanilla, ground ginger, and salt in medium bowl to blend. Gradually whisk hot milk mixture into egg mixture. Strain custard into medium bowl; discard solids in strainer.", 
    "Cut enough gingerbread into 1/2-inch cubes to measure 5 1/3 cups (reserve any remaining gingerbread for another use). Divide gingerbread cubes among eight 3/4-cup custard cups or ramekins. Pour custard over gingerbread in each cup, dividing equally. Let stand 15 minutes to allow gingerbread to absorb some custard.", 
    "Place cups in roasting pan. Pour enough hot water into pan to come halfway up sides of cups. Cover pan with foil. Bake puddings until set, about 1 hour. Remove from water bath.", 
    "Serve puddings warm or at room temperature, topped with candied apple garnish and ice cream."
  ], 
  "keywords": [
    "Apple", 
    "Cinnamon Recipes", 
    "Dessert", 
    "Dinner Party Food", 
    "Egg Recipes", 
    "Fall Food", 
    "Ginger Recipes", 
    "Gingerbread", 
    "Large Groups", 
    "Milk Recipes", 
    "Thanksgiving", 
    "Vegetarian Recipes"
  ], 
  "name": "Gingerbread Puddings with Candied Apples", 
  "proteinContent": "", 
  "saturatedFatContent": "", 
  "servings": "Servings: Makes 8", 
  "sodiumContent": "", 
  "sugarContent": "", 
  "url": "http://www.bonappetit.com/recipe/gingerbread-puddings-with-candied-apples"
}