{
  "calories": "", 
  "carbohydrateContent": "", 
  "cholesterolContent": "", 
  "fatContent": "", 
  "fiberContent": "", 
  "image": "http://www.bonappetit.com/wp-content/uploads/2002/07/grilled-korean-style-short-ribs-940x600.jpg", 
  "ingredients": {
    "(packed) dark brown sugar": {
      "flour": "Safe", 
      "gluten": "no gluten here!", 
      "quantity": "1/2", 
      "substitute": "no substitute needed", 
      "unit": "cup"
    }, 
    "chopped spinach with toasted sesame seeds": {
      "flour": "Safe", 
      "gluten": "no gluten here!", 
      "quantity": "", 
      "substitute": "no substitute needed", 
      "unit": ""
    }, 
    "korean-style short ribs (beef chuck flanken, cut 1/3 to 1/2 inch thick across bones; about 20 pieces)": {
      "flour": "Safe", 
      "gluten": "no gluten here!", 
      "quantity": "5", 
      "substitute": "no substitute needed", 
      "unit": "pounds"
    }, 
    "large green onions, chopped": {
      "flour": "Safe", 
      "gluten": "no gluten here!", 
      "quantity": "2", 
      "substitute": "no substitute needed", 
      "unit": ""
    }, 
    "minced garlic (about 15 cloves)": {
      "flour": "Safe", 
      "gluten": "no gluten here!", 
      "quantity": "1/4", 
      "substitute": "no substitute needed", 
      "unit": "cup"
    }, 
    "mirin (sweet japanese rice wine) or sweet sherry": {
      "flour": "Safe", 
      "gluten": "no gluten here!", 
      "quantity": "1/2", 
      "substitute": "no substitute needed", 
      "unit": "cup"
    }, 
    "oriental sesame oil": {
      "flour": "Safe", 
      "gluten": "no gluten here!", 
      "quantity": "1/4", 
      "substitute": "no substitute needed", 
      "unit": "cup"
    }, 
    "soy sauce": {
      "flour": "Safe", 
      "gluten": "gluten here!", 
      "quantity": "1", 
      "substitute": "gluten-free tamari", 
      "unit": "cup"
    }, 
    "unseasoned rice vinegar": {
      "flour": "Safe", 
      "gluten": "no gluten here!", 
      "quantity": "1/4", 
      "substitute": "no substitute needed", 
      "unit": "cup"
    }
  }, 
  "instructions": [
    "Combine first 7 ingredients in medium bowl; whisk to blend well. Pour into heavy jumbo resealable plastic bag. Add ribs; seal bag. Turn bag over several times to coat ribs evenly. Refrigerate overnight, turning bag occasionally.", 
    "Prepare barbecue (medium-high heat). Drain ribs; discard marinade. Working in batches, grill ribs until browned and cooked to medium-rare, about 3 minutes per side. Mound ribs on platter; surround with chopped spinach and serve."
  ], 
  "keywords": [
    "Asian", 
    "Asian Food", 
    "Barbecue", 
    "Barbecue Recipes", 
    "Beef", 
    "Beef Recipes", 
    "Dinner", 
    "Garlic", 
    "Green Onion", 
    "Grilling", 
    "Grilling Food", 
    "Korean", 
    "Korean Barbecue", 
    "Korean Food", 
    "Main Course", 
    "Main Dishes", 
    "Meat Recipes", 
    "Mirin", 
    "Ribs", 
    "Short Ribs", 
    "Soy", 
    "Summer", 
    "Summer Food"
  ], 
  "name": "Grilled Korean-Style Short Ribs", 
  "proteinContent": "", 
  "saturatedFatContent": "", 
  "servings": "Servings: 8", 
  "sodiumContent": "", 
  "sugarContent": "", 
  "url": "http://www.bonappetit.com/recipe/grilled-korean-style-short-ribs"
}