{
  "calories": "", 
  "carbohydrateContent": "", 
  "cholesterolContent": "", 
  "fatContent": "", 
  "fiberContent": "", 
  "image": "http://www.bonappetit.com/wp-content/uploads/2012/06/grilled-shrimp-with-chile-cilantro-and-lime-646.jpg", 
  "ingredients": {
    "1' pieces ginger, peeled": {
      "flour": "Safe", 
      "gluten": "no gluten here!", 
      "quantity": "2", 
      "substitute": "no substitute needed", 
      "unit": ""
    }, 
    "cilantro sprigs, chopped": {
      "flour": "Safe", 
      "gluten": "no gluten here!", 
      "quantity": "30", 
      "substitute": "no substitute needed", 
      "unit": ""
    }, 
    "fish sauce (such as nuoc nam or nam pla), divided": {
      "flour": "Safe", 
      "gluten": "no gluten here!", 
      "quantity": "6", 
      "substitute": "no substitute needed", 
      "unit": "tablespoons"
    }, 
    "fresh lime juice": {
      "flour": "Safe", 
      "gluten": "no gluten here!", 
      "quantity": "1/4", 
      "substitute": "no substitute needed", 
      "unit": "cup"
    }, 
    "garlic cloves": {
      "flour": "Safe", 
      "gluten": "no gluten here!", 
      "quantity": "8", 
      "substitute": "no substitute needed", 
      "unit": ""
    }, 
    "jumbo shrimp, unpeeled, preferably head-on": {
      "flour": "Safe", 
      "gluten": "no gluten here!", 
      "quantity": "16", 
      "substitute": "no substitute needed", 
      "unit": ""
    }, 
    "long red chiles (such as holland or anaheim), stemmed": {
      "flour": "Safe", 
      "gluten": "no gluten here!", 
      "quantity": "10", 
      "substitute": "no substitute needed", 
      "unit": ""
    }, 
    "palm sugar or (packed) light brown sugar": {
      "flour": "Safe", 
      "gluten": "no gluten here!", 
      "quantity": "2", 
      "substitute": "no substitute needed", 
      "unit": "tablespoons"
    }, 
    "turmeric": {
      "flour": "Safe", 
      "gluten": "no gluten here!", 
      "quantity": "2", 
      "substitute": "no substitute needed", 
      "unit": "teaspoons"
    }, 
    "vegetable oil, divided, plus more for grill": {
      "flour": "Safe", 
      "gluten": "no gluten here!", 
      "quantity": "4", 
      "substitute": "no substitute needed", 
      "unit": "tablespoons"
    }
  }, 
  "instructions": [
    "Combine shrimp, 2 Tbsp. fish sauce, 2 Tbsp. oil, and turmeric in a large bowl; toss to coat. Let stand for 30 minutes.", 
    "Pur\u00e9e 4 Tbsp. fish sauce, 2 Tbsp. oil, cilantro, and remaining ingredients in a blender or food processor until a coarse mixture forms; transfer dipping sauce to a small bowl and set aside.", 
    "Build a medium-hot fire in a charcoal grill, or heat a gas grill to high. Oil grill grates. Shake excess liquid from shrimp and place shrimp on grill. Cook, turning occasionally, until shrimp are charred and cooked through, 5-6 minutes.", 
    "Serve immediately with sauce."
  ], 
  "keywords": [
    "Chile", 
    "Cilantro", 
    "Dinner", 
    "Entrees", 
    "Grilled Seafood Recipes", 
    "Grilling Food", 
    "Lime Recipes", 
    "Low Saturated Fat Recipes", 
    "Low-Calorie Recipes", 
    "Malaysian Food", 
    "Malaysian Grilling Recipes", 
    "Seafood Recipes", 
    "Shrimp Recipes", 
    "Southeast Asian Food", 
    "Spicy Food", 
    "Summer Food"
  ], 
  "name": "Grilled Shrimp with Chile, Cilantro, and Lime", 
  "proteinContent": "", 
  "saturatedFatContent": "", 
  "servings": "Servings: 4", 
  "sodiumContent": "", 
  "sugarContent": "", 
  "url": "http://www.bonappetit.com/recipe/grilled-shrimp-with-chile-cilantro-and-lime"
}