{
  "calories": "", 
  "carbohydrateContent": "", 
  "cholesterolContent": "", 
  "description": "We're big fans of dipping the grilled bread in the garlic butter sauce. We won't judge you if it dribbles down your chin a bit.", 
  "fatContent": "", 
  "fiberContent": "", 
  "image": "http://www.bonappetit.com/wp-content/uploads/2014/06/Grilling-Recipes-3-of-15-940x600.jpg", 
  "ingredients": {
    "(1 stick) unsalted butter": {
      "flour": "Safe", 
      "gluten": "no gluten here!", 
      "quantity": "\u00bd", 
      "substitute": "no substitute needed", 
      "unit": "cup"
    }, 
    "cherrystone clams, scrubbed": {
      "flour": "Safe", 
      "gluten": "no gluten here!", 
      "quantity": "24", 
      "substitute": "no substitute needed", 
      "unit": ""
    }, 
    "chopped fresh flat-leaf parsley": {
      "flour": "Safe", 
      "gluten": "no gluten here!", 
      "quantity": "\u00bc", 
      "substitute": "no substitute needed", 
      "unit": "cup"
    }, 
    "head of garlic, cut in half, horizontally": {
      "flour": "Safe", 
      "gluten": "no gluten here!", 
      "quantity": "1", 
      "substitute": "no substitute needed", 
      "unit": ""
    }, 
    "lemon wedges, for serving": {
      "flour": "Safe", 
      "gluten": "no gluten here!", 
      "quantity": "", 
      "substitute": "no substitute needed", 
      "unit": ""
    }, 
    "links of fresh mexican-style chorizo (about 8 oz.)": {
      "flour": "Safe", 
      "gluten": "no gluten here!", 
      "quantity": "2", 
      "substitute": "no substitute needed", 
      "unit": ""
    }, 
    "slices country-style bread, grilled or toasted": {
      "flour": "Safe", 
      "gluten": "no gluten here!", 
      "quantity": "4 \u00bd\u201d", 
      "substitute": "no substitute needed", 
      "unit": ""
    }
  }, 
  "instructions": [
    "Combine butter and garlic, cut side down, in a small saucepot and place over medium heat so the butter melts but does not brown; set aside.", 
    "Prepare grill for medium heat. Grill chorizo, turning occasionally, until cooked through, 10\u201312 minutes.", 
    "Meanwhile, grill clams just until they open, about 2 minutes. As clams open, using tongs, place directly in serving bowls being careful not to spill their juices. Drizzle clams with some of the garlic butter as they come off the grill.", 
    "Slice each piece of chorizo into 6 pieces, add to clams, drizzle with more garlic butter, and top with parsley. Serve with grilled bread and lemons wedges."
  ], 
  "keywords": [
    "Appetizers", 
    "Chorizo", 
    "Clams", 
    "Garlic", 
    "Parsley", 
    "Seafood"
  ], 
  "name": "Grilled Clams with Chorizo", 
  "proteinContent": "", 
  "saturatedFatContent": "", 
  "servings": "Servings: 4", 
  "sodiumContent": "", 
  "sugarContent": "", 
  "url": "http://www.bonappetit.com/recipe/grilled-clams-chorizo"
}