{
  "calories": "", 
  "carbohydrateContent": "", 
  "cholesterolContent": "", 
  "description": "A bright, beautiful spring appetizer.", 
  "fatContent": "", 
  "fiberContent": "", 
  "image": "http://www.bonappetit.com/wp-content/uploads/2011/03/fresh-pea-hummus-crostini-with-pea-tendril-garnish.jpg", 
  "ingredients": {
    "chopped fresh italian parsley": {
      "flour": "Safe", 
      "gluten": "no gluten here!", 
      "quantity": "1/4", 
      "substitute": "no substitute needed", 
      "unit": "cup"
    }, 
    "chopped green onion": {
      "flour": "Safe", 
      "gluten": "no gluten here!", 
      "quantity": "3", 
      "substitute": "no substitute needed", 
      "unit": "tablespoons"
    }, 
    "drained canned garbanzo beans": {
      "flour": "Safe", 
      "gluten": "no gluten here!", 
      "quantity": "1", 
      "substitute": "no substitute needed", 
      "unit": "cup"
    }, 
    "extra-virgin olive oil": {
      "flour": "Safe", 
      "gluten": "no gluten here!", 
      "quantity": "2", 
      "substitute": "no substitute needed", 
      "unit": "tablespoons"
    }, 
    "fresh lemon juice": {
      "flour": "Safe", 
      "gluten": "no gluten here!", 
      "quantity": "2", 
      "substitute": "no substitute needed", 
      "unit": "tablespoons"
    }, 
    "fresh shelled green peas (from 1 1/2 pounds peas in pod)": {
      "flour": "Safe", 
      "gluten": "no gluten here!", 
      "quantity": "1 1/4", 
      "substitute": "no substitute needed", 
      "unit": "cups"
    }, 
    "ground cumin": {
      "flour": "Safe", 
      "gluten": "no gluten here!", 
      "quantity": "2", 
      "substitute": "no substitute needed", 
      "unit": "teaspoons"
    }, 
    "pea tendrils (for garnish)": {
      "flour": "Safe", 
      "gluten": "no gluten here!", 
      "quantity": "1/2", 
      "substitute": "no substitute needed", 
      "unit": "cup"
    }, 
    "plain whole-milk yogurt": {
      "flour": "Safe", 
      "gluten": "no gluten here!", 
      "quantity": "1/4", 
      "substitute": "no substitute needed", 
      "unit": "cup"
    }, 
    "salt": {
      "flour": "Safe", 
      "gluten": "no gluten here!", 
      "quantity": "3/4", 
      "substitute": "no substitute needed", 
      "unit": "teaspoon"
    }, 
    "thin baguette slices, toasted": {
      "flour": "Safe", 
      "gluten": "gluten here!", 
      "quantity": "25", 
      "substitute": "gluten-free bread", 
      "unit": ""
    }
  }, 
  "instructions": [
    "Puree first 8 ingredients in processor until almost smooth. Brush toasts with olive oil and top with pea hummus. Garnish with pea tendrils."
  ], 
  "keywords": [
    "Appetizers", 
    "Chickpea", 
    "Cocktail Party", 
    "Crostinis", 
    "Dip Recipes", 
    "Easy Recipes", 
    "Engagement Party", 
    "Food Processor", 
    "Garbanzo Beans", 
    "Healthy", 
    "Hors Doeuvre", 
    "Hummus", 
    "Kid-Friendly", 
    "Large Group", 
    "Low Cal", 
    "Middle Eastern", 
    "Middle Eastern Food", 
    "Party", 
    "Pea", 
    "Peas", 
    "Poker/Game Night", 
    "Potluck", 
    "Quick &amp; Easy", 
    "Spring", 
    "Toasts", 
    "Vegetable", 
    "Vegetable Recipes", 
    "Vegetarian", 
    "Vegetarian Recipes"
  ], 
  "name": "Fresh Pea Hummus Crostini With Pea Tendril Garnish", 
  "proteinContent": "", 
  "saturatedFatContent": "", 
  "servings": "Servings: 25", 
  "sodiumContent": "", 
  "sugarContent": "", 
  "url": "http://www.bonappetit.com/recipe/fresh-pea-hummus-crostini-with-pea-tendril-garnish"
}