{
  "calories": "", 
  "carbohydrateContent": "", 
  "cholesterolContent": "", 
  "fatContent": "", 
  "fiberContent": "", 
  "image": "http://www.bonappetit.com/wp-content/uploads/2012/04/grilled-skirt-steak-with-herb-salsa-verde-940x600.jpg", 
  "ingredients": {
    "coarsely chopped flat-leaf parsley leaves": {
      "flour": "Safe", 
      "gluten": "no gluten here!", 
      "quantity": "1", 
      "substitute": "no substitute needed", 
      "unit": "cup"
    }, 
    "coarsely chopped fresh herbs, such as tarragon, savory, and mint": {
      "flour": "Safe", 
      "gluten": "no gluten here!", 
      "quantity": "2", 
      "substitute": "no substitute needed", 
      "unit": "cups"
    }, 
    "finely grated lemon zest": {
      "flour": "Safe", 
      "gluten": "no gluten here!", 
      "quantity": "1", 
      "substitute": "no substitute needed", 
      "unit": "tablespoon"
    }, 
    "garlic cloves, finely chopped": {
      "flour": "Safe", 
      "gluten": "no gluten here!", 
      "quantity": "4", 
      "substitute": "no substitute needed", 
      "unit": ""
    }, 
    "kosher salt and freshly ground black pepper": {
      "flour": "Safe", 
      "gluten": "no gluten here!", 
      "quantity": "", 
      "substitute": "no substitute needed", 
      "unit": ""
    }, 
    "lemon wedges": {
      "flour": "Safe", 
      "gluten": "no gluten here!", 
      "quantity": "", 
      "substitute": "no substitute needed", 
      "unit": ""
    }, 
    "olive oil, divided": {
      "flour": "Safe", 
      "gluten": "no gluten here!", 
      "quantity": "1/2", 
      "substitute": "no substitute needed", 
      "unit": "cup"
    }, 
    "skirt steak (about 1 1/2 pounds), trimmed, cut into two or three 10-inch pieces": {
      "flour": "Safe", 
      "gluten": "no gluten here!", 
      "quantity": "1", 
      "substitute": "no substitute needed", 
      "unit": ""
    }
  }, 
  "instructions": [
    "Mix 1/4 cup oil, garlic, and lemon zest in a medium bowl; season with salt and pepper. Let marinate for 20 minutes. Add all herbs  to oil mixture; stir until well coated. Let stand until herbs begin to wilt, about 10 minutes. Stir in remaining 1/4 cup oil. Season herb salsa verde to taste with salt and pepper.", 
    "Build a medium-hot fire in a charcoal grill, or heat a gas grill to high. Season skirt steak generously with salt and pepper and grill until charred, 2 minutes per side for medium-rare. Transfer steak to a serving platter; let rest for 5 minutes, allowing juices to accumulate on platter.", 
    "Transfer skirt steak to a cutting board and slice against the grain on a diagonal. Season to taste with salt; return to platter with juices. Spoon half of herb salsa verde over. Serve with lemon wedges. Pass remaining herb salsa verde alongside."
  ], 
  "keywords": [
    "Beef Recipes", 
    "Dinner", 
    "Entrees", 
    "Grilling Recipes", 
    "Meat Recipes", 
    "Pack Your Knives And Go Recipes", 
    "Steak", 
    "Steak Recipes"
  ], 
  "name": "Grilled Skirt Steak with Herb Salsa Verde", 
  "proteinContent": "", 
  "saturatedFatContent": "", 
  "servings": "Servings: 6", 
  "sodiumContent": "", 
  "sugarContent": "", 
  "url": "http://www.bonappetit.com/recipe/grilled-skirt-steak-with-herb-salsa-verde"
}