{
  "calories": "Calories (kcal) 60.3", 
  "carbohydrateContent": "Carbohydrates (g) 3.9", 
  "cholesterolContent": "Cholesterol (mg) 5.3", 
  "description": "Pan juices, the flavorful liquid and crispy bits left in the roasting pan, form the base of this gravy.", 
  "fatContent": "Fat (g) 4.2", 
  "fiberContent": "Dietary Fiber (g) 0.4", 
  "image": "http://www.bonappetit.com/wp-content/uploads/2010/10/fresh-fennel-pan-gravy-940x600.jpg", 
  "ingredients": {
    "1/2 cup dry white wine": {
      "flour": "Safe", 
      "gluten": "no gluten here!", 
      "quantity": "", 
      "substitute": "no substitute needed", 
      "unit": ""
    }, 
    "1/3 cup finely chopped shallot": {
      "flour": "Safe", 
      "gluten": "no gluten here!", 
      "quantity": "", 
      "substitute": "no substitute needed", 
      "unit": ""
    }, 
    "1/4 cup pernod (anise-flavored liqueur)": {
      "flour": "Safe", 
      "gluten": "no gluten here!", 
      "quantity": "", 
      "substitute": "no substitute needed", 
      "unit": ""
    }, 
    "2 1/2 cups (about) ultimate turkey stock or low-salt chicken broth": {
      "flour": "Safe", 
      "gluten": "no gluten here!", 
      "quantity": "", 
      "substitute": "no substitute needed", 
      "unit": ""
    }, 
    "2 cups 1/4- to 3/8-inch fresh fennel cubes plus 1/4 cup chopped fennel fronds": {
      "flour": "Safe", 
      "gluten": "no gluten here!", 
      "quantity": "", 
      "substitute": "no substitute needed", 
      "unit": ""
    }, 
    "all purpose flour": {
      "flour": {
        "type": {
          "binder": {
            "type": "xanthum gum", 
            "weight": 0.5
          }, 
          "density": {
            "type": "brown rice flour", 
            "weight": 0.142
          }, 
          "fat": {
            "type": "almond flour", 
            "weight": 0.142
          }, 
          "leavener": "", 
          "lightness": {
            "type": "white rice flour", 
            "weight": 0.284
          }, 
          "protein": {
            "type": "sorghum flour", 
            "weight": 0.142
          }, 
          "starch": {
            "type": "potato starch", 
            "weight": 0.284
          }, 
          "stickiness": "", 
          "texture": ""
        }, 
        "weight": 125
      }, 
      "gluten": "gluten here!", 
      "quantity": "3/8", 
      "substitute": "flour ratio", 
      "unit": "cup"
    }, 
    "pan juices reserved on baking sheet from butterflied turkey with fennel, sausage, and ricotta stuffing or pan juices reserved in roasting pan from any other roast turkey.": {
      "flour": "Safe", 
      "gluten": "no gluten here!", 
      "quantity": "", 
      "substitute": "no substitute needed", 
      "unit": ""
    }
  }, 
  "instructions": [
    "Scrape pan juices and browned bits from baking sheet into 4-cup measuring cup. Spoon off fat; reserve 1/3 cup (or supplement with butter). Add stock to juices to measure 4 cups.", 
    "Heat 1/3 cup turkey fat in saucepan over medium heat. Add fennel cubes and shallot. Saut\u00e9 until browned, about 5 minutes. Remove from heat; add liqueur. Return to heat; stir until liqueur evaporates, about 30 seconds. Whisk in flour. Cook until flour starts to brown, about 1 minute. Gradually whisk in wine, then 4 cups stock mixture. Simmer until gravy coats spoon, about 10 minutes. Add fennel fronds; season with salt and pepper."
  ], 
  "keywords": [
    "Christmas Food", 
    "Dinner Party Food", 
    "Fennel Recipes", 
    "Flour Recipes", 
    "Gravy Recipes", 
    "Large Groups", 
    "Shallot Recipes", 
    "Thanksgiving", 
    "Turkey Recipes", 
    "White Wine Recipes"
  ], 
  "name": "Fresh Fennel Pan Gravy", 
  "proteinContent": "Protein (g) 1.4", 
  "saturatedFatContent": "Saturated Fat (g) 1.3", 
  "servings": "Servings: Makes about 4 1/2 cups", 
  "sodiumContent": "Sodium (mg) 39.4", 
  "sugarContent": "Total Sugars (g) 0.8", 
  "url": "http://www.bonappetit.com/recipe/fresh-fennel-pan-gravy"
}