{
  "calories": "", 
  "carbohydrateContent": "", 
  "cholesterolContent": "", 
  "description": "For the sweetest new year, serve this sparkly cocktail featuring classic Rosh Hashanah flavors: apple and honey.", 
  "fatContent": "", 
  "fiberContent": "", 
  "image": "http://www.bonappetit.com/wp-content/uploads/2014/09/honey-apple-cocktail-1-940x600.jpg", 
  "ingredients": {
    "apple slices (for serving)": {
      "flour": "Safe", 
      "gluten": "no gluten here!", 
      "quantity": "", 
      "substitute": "no substitute needed", 
      "unit": ""
    }, 
    "applejack brandy": {
      "flour": "Safe", 
      "gluten": "no gluten here!", 
      "quantity": "4", 
      "substitute": "no substitute needed", 
      "unit": "ounces"
    }, 
    "bourbon": {
      "flour": "Safe", 
      "gluten": "no gluten here!", 
      "quantity": "4", 
      "substitute": "no substitute needed", 
      "unit": "ounces"
    }, 
    "cardamom pods, lightly crushed": {
      "flour": "Safe", 
      "gluten": "no gluten here!", 
      "quantity": "3", 
      "substitute": "no substitute needed", 
      "unit": ""
    }, 
    "cinnamon sticks": {
      "flour": "Safe", 
      "gluten": "no gluten here!", 
      "quantity": "2", 
      "substitute": "no substitute needed", 
      "unit": ""
    }, 
    "fresh blood orange juice": {
      "flour": "Safe", 
      "gluten": "no gluten here!", 
      "quantity": "6", 
      "substitute": "no substitute needed", 
      "unit": "ounces"
    }, 
    "hard cider": {
      "flour": "Safe", 
      "gluten": "no gluten here!", 
      "quantity": "8-12", 
      "substitute": "no substitute needed", 
      "unit": "ounces"
    }, 
    "honey": {
      "flour": "Safe", 
      "gluten": "no gluten here!", 
      "quantity": "\u00bc", 
      "substitute": "no substitute needed", 
      "unit": "cup"
    }, 
    "whole allspice": {
      "flour": "Safe", 
      "gluten": "no gluten here!", 
      "quantity": "3", 
      "substitute": "no substitute needed", 
      "unit": ""
    }
  }, 
  "instructions": [
    "Bring cinnamon, cardamom, allspice, honey, and 1/2 cup water to a boil in a small saucepan. Reduce heat and simmer 5 minutes. Let cool, then strain into an airtight container; discard solids.", 
    "For each cocktail, combine 1 1/2 oz. blood orange juice, 1 oz. brandy, 1 oz. bourbon, and 1 Tbsp. spiced honey syrup in a cocktail shaker. Fill shaker with ice and shake until outside of shaker is frosty, about 30 seconds. Strain into a rocks glass filled with ice and top off with hard cider. Garnish with an apple slice."
  ], 
  "keywords": [
    "Allspice", 
    "Apples", 
    "Brandy", 
    "Cardamom", 
    "Cider", 
    "Cinnamon", 
    "Cocktails", 
    "Drinks", 
    "Fall Drinks", 
    "Honey", 
    "Orange Juice"
  ], 
  "name": "Happy New Year, Honey", 
  "proteinContent": "", 
  "saturatedFatContent": "", 
  "servings": "Servings: 4", 
  "sodiumContent": "", 
  "sugarContent": "", 
  "url": "http://www.bonappetit.com/recipe/rosh-hashanah-cocktail"
}