{
  "calories": "", 
  "carbohydrateContent": "", 
  "cholesterolContent": "", 
  "fatContent": "", 
  "fiberContent": "", 
  "image": "http://www.bonappetit.com/wp-content/uploads/2013/06/herb-butter-646.jpg", 
  "ingredients": {
    "(1 stick) unsalted butter, room temperature": {
      "flour": "Safe", 
      "gluten": "no gluten here!", 
      "quantity": "1/2", 
      "substitute": "no substitute needed", 
      "unit": "cup"
    }, 
    "(packed) fresh herb leaves (such as flat-leaf parsley, chives, and tarragon)": {
      "flour": "Safe", 
      "gluten": "no gluten here!", 
      "quantity": "1", 
      "substitute": "no substitute needed", 
      "unit": "cup"
    }, 
    "finely grated lemon zest": {
      "flour": "Safe", 
      "gluten": "no gluten here!", 
      "quantity": "1/4", 
      "substitute": "no substitute needed", 
      "unit": "teaspoon"
    }, 
    "fresh lemon juice": {
      "flour": "Safe", 
      "gluten": "no gluten here!", 
      "quantity": "1", 
      "substitute": "no substitute needed", 
      "unit": "teaspoon"
    }, 
    "kosher salt, freshly ground pepper": {
      "flour": "Safe", 
      "gluten": "no gluten here!", 
      "quantity": "", 
      "substitute": "no substitute needed", 
      "unit": ""
    }, 
    "small garlic clove": {
      "flour": "Safe", 
      "gluten": "no gluten here!", 
      "quantity": "1/2", 
      "substitute": "no substitute needed", 
      "unit": ""
    }
  }, 
  "instructions": [
    "Pulse herbs and garlic in a food processor until finely chopped. Add butter, lemon zest, and lemon juice and process until smooth; season with salt and pepper.", 
    "DO AHEAD: Butter can be made 3 days ahead. Cover and chill. Bring to room temperature before using."
  ], 
  "keywords": [
    "Butter", 
    "Chive", 
    "Condiments", 
    "Lemon Recipes", 
    "Parsley Recipes", 
    "Tarragon Recipes"
  ], 
  "name": "Herb Butter", 
  "proteinContent": "", 
  "saturatedFatContent": "", 
  "servings": "Servings: about 1/2 cup (enough for 3 dozen oysters)", 
  "sodiumContent": "", 
  "sugarContent": "", 
  "url": "http://www.bonappetit.com/recipe/herb-butter"
}