{
  "calories": "", 
  "carbohydrateContent": "", 
  "cholesterolContent": "", 
  "fatContent": "", 
  "fiberContent": "", 
  "image": "http://www.bonappetit.com/wp-content/uploads/2008/11/mare_flourless_chocolate_hazelnut_cake_h.jpg", 
  "ingredients": {
    "(1 1/2 sticks) unsalted butter, cut into chunks": {
      "flour": "Safe", 
      "gluten": "no gluten here!", 
      "quantity": "3/4", 
      "substitute": "no substitute needed", 
      "unit": "cup"
    }, 
    "(packed) golden brown sugar": {
      "flour": "Safe", 
      "gluten": "no gluten here!", 
      "quantity": "1", 
      "substitute": "no substitute needed", 
      "unit": "cup"
    }, 
    "60% cacao bittersweet chocolate, chopped": {
      "flour": "Safe", 
      "gluten": "no gluten here!", 
      "quantity": "12", 
      "substitute": "no substitute needed", 
      "unit": "ounces"
    }, 
    "chilled heavy whipping cream": {
      "flour": "Safe", 
      "gluten": "no gluten here!", 
      "quantity": "1", 
      "substitute": "no substitute needed", 
      "unit": "cup"
    }, 
    "chopped toasted hazelnuts": {
      "flour": "Safe", 
      "gluten": "no gluten here!", 
      "quantity": "", 
      "substitute": "no substitute needed", 
      "unit": ""
    }, 
    "coarse kosher salt": {
      "flour": "Safe", 
      "gluten": "no gluten here!", 
      "quantity": "1", 
      "substitute": "no substitute needed", 
      "unit": "teaspoon"
    }, 
    "finely ground hazelnuts (ground in processor; about 5 ounces)": {
      "flour": "Safe", 
      "gluten": "no gluten here!", 
      "quantity": "1", 
      "substitute": "no substitute needed", 
      "unit": "cup"
    }, 
    "frangelico or other hazelnut liqueur, divided": {
      "flour": "Safe", 
      "gluten": "no gluten here!", 
      "quantity": "1/2", 
      "substitute": "no substitute needed", 
      "unit": "cup"
    }, 
    "large eggs": {
      "flour": "Safe", 
      "gluten": "no gluten here!", 
      "quantity": "6", 
      "substitute": "no substitute needed", 
      "unit": ""
    }
  }, 
  "instructions": [
    "Position rack in center of oven and preheat to 350\u00b0F. Butter 9-inch-diameter springform pan. Line bottom of pan with parchment paper round. Wrap outside of pan tightly with 3 layers of heavy-duty foil. Combine chocolate and butter in medium metal bowl; set bowl over saucepan of simmering water. Whisk until mixture is melted and smooth. Remove bowl from over water.", 
    "Whisk eggs, golden brown sugar, and 1/4 cup Frangelico in large bowl to blend. Add chocolate mixture and whisk until smooth. Stir in ground hazelnuts and 1 teaspoon coarse kosher salt. Transfer batter to prepared pan. Place springform pan in large roasting pan. Pour enough hot water into roasting pan to come halfway up sides of springform pan. Place in oven and tent springform pan loosely with foil. Bake until cake is set in center and top is dry to touch, about 1 1/2 hours (top of cake will remain shiny). Remove cake from roasting pan; remove foil from top and outside of pan. Cool cake in pan on rack. Chill cake until cold, about 3 hours. DO AHEAD Can be made 3 days ahead. Cover and keep chilled.", 
    "Using electric mixer, beat whipping cream and remaining 1/4 cup Frangelico in medium bowl until soft peaks form. Run knife around pan sides to loosen cake. Release pan sides. Cut cake into wedges. Transfer to plates. Top with whipped cream; sprinkle with chopped toasted hazelnuts."
  ], 
  "keywords": [
    "American", 
    "Brown Sugar", 
    "Butter", 
    "Cake", 
    "Cake Recipes", 
    "Chocolate", 
    "Chocolate Recipes", 
    "Dessert", 
    "Desserts", 
    "Dinner Party", 
    "Egg", 
    "Fall", 
    "Frangelico", 
    "Hazelnut", 
    "Large Group", 
    "Liqueur", 
    "Milk/Cream", 
    "Mothers Day", 
    "Nut", 
    "Thanksgiving", 
    "Valentines Day", 
    "Winter"
  ], 
  "name": "Flourless Chocolate-Hazelnut Cake", 
  "proteinContent": "", 
  "saturatedFatContent": "", 
  "servings": "Servings: Makes 12", 
  "sodiumContent": "", 
  "sugarContent": "", 
  "url": "http://www.bonappetit.com/recipe/flourless-chocolate-hazelnut-cake"
}