{
  "calories": "", 
  "carbohydrateContent": "", 
  "cholesterolContent": "", 
  "fatContent": "", 
  "fiberContent": "", 
  "image": "http://www.bonappetit.com/wp-content/uploads/2008/04/grilled-spot-prawns-646.jpg", 
  "ingredients": {
    "(lightly packed) baby arugula": {
      "flour": "Safe", 
      "gluten": "no gluten here!", 
      "quantity": "6", 
      "substitute": "no substitute needed", 
      "unit": "cups"
    }, 
    "chopped fennel fronds, divided, plus 1 fennel bulb, very thinly sliced crosswise": {
      "flour": "Safe", 
      "gluten": "no gluten here!", 
      "quantity": "2", 
      "substitute": "no substitute needed", 
      "unit": "tablespoons"
    }, 
    "dried crushed red pepper flakes": {
      "flour": "Safe", 
      "gluten": "no gluten here!", 
      "quantity": "1/2", 
      "substitute": "no substitute needed", 
      "unit": "teaspoon"
    }, 
    "extra-virgin olive oil, divided": {
      "flour": "Safe", 
      "gluten": "no gluten here!", 
      "quantity": "5", 
      "substitute": "no substitute needed", 
      "unit": "tablespoons"
    }, 
    "fresh lemon juice": {
      "flour": "Safe", 
      "gluten": "no gluten here!", 
      "quantity": "2", 
      "substitute": "no substitute needed", 
      "unit": "tablespoons"
    }, 
    "garlic cloves, minced": {
      "flour": "Safe", 
      "gluten": "no gluten here!", 
      "quantity": "2", 
      "substitute": "no substitute needed", 
      "unit": ""
    }, 
    "head- and tail-on santa barbara spot prawns or jumbo shrimp": {
      "flour": "Safe", 
      "gluten": "no gluten here!", 
      "quantity": "2", 
      "substitute": "no substitute needed", 
      "unit": "pounds"
    }, 
    "kosher salt and freshly ground black peppert": {
      "flour": "Safe", 
      "gluten": "no gluten here!", 
      "quantity": "", 
      "substitute": "no substitute needed", 
      "unit": ""
    }, 
    "pernod or ouzo": {
      "flour": "Safe", 
      "gluten": "no gluten here!", 
      "quantity": "3", 
      "substitute": "no substitute needed", 
      "unit": "tablespoons"
    }
  }, 
  "instructions": [
    "Using a small knife or kitchen shears, butterfly shrimp from tail to base of head, leaving peel and head on; devein.", 
    "Heat 3 tablespoons oil in a small saucepan over medium heat. Add garlic and pepper flakes; saut\u00e9 until aromatic, about 30 seconds. Transfer to a medium bowl; stir in Pernod and 1 Tbsp. fennel fronds. Season with salt and pepper. Add prawns; toss to coat. Marinate at room temperature, tossing occasionally, for 30 minutes.", 
    "Prepare a grill to high heat. Grill prawns, brushing with marinade from bowl, until bright pink and just opaque in center, about 2 minutes per side. Transfer to a plate. Mix sliced fennel bulb and arugula in a large bowl. Drizzle lemon juice and remaining 2 tablespoons oil over; toss to coat. Season with salt and pepper.", 
    "Arrange salad on a plate. Top with shrimp, garnish with 1 tablespoon chopped fronds."
  ], 
  "keywords": [
    "American Food", 
    "Arugula", 
    "Dinner", 
    "Fennel Recipes", 
    "Garlic Recipes", 
    "Grilled Seafood Recipes", 
    "Grilling Food", 
    "Lemon Juice Recipes", 
    "Main Course", 
    "Mediterranean Food", 
    "Red Pepper Flake Recipes", 
    "Red Pepper Recipes", 
    "Seafood Recipes", 
    "Shrimp Recipes", 
    "Summer Food", 
    "Vegetable Recipes"
  ], 
  "name": "Grilled Spot Prawns", 
  "proteinContent": "", 
  "saturatedFatContent": "", 
  "servings": "Servings: 4", 
  "sodiumContent": "", 
  "sugarContent": "", 
  "url": "http://www.bonappetit.com/recipe/grilled-spot-prawns"
}