{
  "calories": "", 
  "carbohydrateContent": "", 
  "cholesterolContent": "", 
  "fatContent": "", 
  "fiberContent": "", 
  "image": "http://www.bonappetit.com/wp-content/uploads/2010/02/frisee-and-wild-mushroom-salad-with-poached-egg.jpg", 
  "ingredients": {
    "1 1/2 pounds assorted wild mushrooms (such as chanterelles, morels, oyster, and crimini), thickly sliced": {
      "flour": "Safe", 
      "gluten": "no gluten here!", 
      "quantity": "", 
      "substitute": "no substitute needed", 
      "unit": ""
    }, 
    "2 bunches french breakfast radishes or other small radishes, trimmed, thinly sliced on diagonal": {
      "flour": "Safe", 
      "gluten": "no gluten here!", 
      "quantity": "", 
      "substitute": "no substitute needed", 
      "unit": ""
    }, 
    "2 small heads of fris\u00e9e (about 9 ounces), torn into small clumps": {
      "flour": "Safe", 
      "gluten": "no gluten here!", 
      "quantity": "", 
      "substitute": "no substitute needed", 
      "unit": ""
    }, 
    "3 tablespoons fresh lemon juice, divided": {
      "flour": "Safe", 
      "gluten": "no gluten here!", 
      "quantity": "", 
      "substitute": "no substitute needed", 
      "unit": ""
    }, 
    "6 large eggs": {
      "flour": "Safe", 
      "gluten": "no gluten here!", 
      "quantity": "", 
      "substitute": "no substitute needed", 
      "unit": ""
    }, 
    "6 tablespoons extra-virgin olive oil, divided": {
      "flour": "Safe", 
      "gluten": "no gluten here!", 
      "quantity": "", 
      "substitute": "no substitute needed", 
      "unit": ""
    }, 
    "coarse kosher salt": {
      "flour": "Safe", 
      "gluten": "no gluten here!", 
      "quantity": "", 
      "substitute": "no substitute needed", 
      "unit": ""
    }
  }, 
  "instructions": [
    "Preheat oven to 375\u00b0F. Place mushrooms in large bowl. Toss with 4 tablespoons oil. Scatter mushrooms on rimmed baking sheet. Sprinkle with coarse salt and pepper. Roast until tender, stirring occasionally, 25 to 30 minutes. Cool up to 2 hours.", 
    "Place large bowl of cool water near stovetop. Pour additional water into large skillet to reach depth of 2 inches. Add 1 tablespoon lemon juice and generous sprinkling of coarse salt to skillet. Bring water to simmer over medium heat. Crack eggs, 1 at a time, into water (whites may spread). Simmer until whites are cooked through and yolks are still soft, occasionally spooning water over, about 3 minutes.", 
    "Using slotted spoon, transfer eggs to bowl of cool water. Reserve skillet with poaching water. DO AHEAD Can be made 2 hours ahead. Let stand at room temperature. Bring reserved skillet of water to simmer. Rewarm eggs 1 minute.", 
    "Whisk remaining 2 tablespoons oil and 2 tablespoons lemon juice in another large bowl to blend. Season dressing to taste with coarse salt and pepper. Add fris\u00e9e, radishes, and mushrooms and toss to coat. Divide salad among plates. Top each salad with poached egg and serve."
  ], 
  "keywords": [
    "Appetizers", 
    "Birthday", 
    "Dinner", 
    "Dinner Party", 
    "Easter", 
    "Egg", 
    "Frisee", 
    "High Fiber", 
    "Lettuce", 
    "Mushroom", 
    "Passover", 
    "Passover Food", 
    "Radish", 
    "Salad", 
    "Spring", 
    "Vegetable Recipes", 
    "Vegetarian", 
    "Vegetarian Recipes"
  ], 
  "name": "Fris\u00e9e and Wild Mushroom Salad with Poached Egg", 
  "proteinContent": "", 
  "saturatedFatContent": "", 
  "servings": "Servings: 6", 
  "sodiumContent": "", 
  "sugarContent": "", 
  "url": "http://www.bonappetit.com/recipe/fris-e-and-wild-mushroom-salad-with-poached-egg"
}