{
  "calories": "", 
  "carbohydrateContent": "", 
  "cholesterolContent": "", 
  "description": "These cookies will be slightly crisp at the edges if you only chill dough 30 minutes before baking, but chewy if you chill 2 hours. If making ahead and you want a crispier cookie, let dough sit at room temperature 1 hour before baking.", 
  "fatContent": "", 
  "fiberContent": "", 
  "image": "http://www.bonappetit.com/wp-content/uploads/2014/10/gluten-free-chocolate-chip-cookies-940x600.jpg", 
  "ingredients": {
    "(1\u00bd sticks) unsalted butter, room temperature": {
      "flour": "Safe", 
      "gluten": "no gluten here!", 
      "quantity": "\u00be", 
      "substitute": "no substitute needed", 
      "unit": "cup"
    }, 
    "(packed) light brown sugar": {
      "flour": "Safe", 
      "gluten": "no gluten here!", 
      "quantity": "1", 
      "substitute": "no substitute needed", 
      "unit": "cup"
    }, 
    "almond flour or meal": {
      "flour": "Safe", 
      "gluten": "no gluten here!", 
      "quantity": "\u00bd", 
      "substitute": "no substitute needed", 
      "unit": "cup"
    }, 
    "baking soda": {
      "flour": "Safe", 
      "gluten": "no gluten here!", 
      "quantity": "\u00be", 
      "substitute": "no substitute needed", 
      "unit": "teaspoon"
    }, 
    "granulated sugar": {
      "flour": "Safe", 
      "gluten": "no gluten here!", 
      "quantity": "\u00bc", 
      "substitute": "no substitute needed", 
      "unit": "cup"
    }, 
    "king arthur flour gluten free multi-purpose flour": {
      "flour": "Safe", 
      "gluten": "no gluten here!", 
      "quantity": "1\u00be", 
      "substitute": "no substitute needed", 
      "unit": "cups"
    }, 
    "kosher salt": {
      "flour": "Safe", 
      "gluten": "no gluten here!", 
      "quantity": "\u00bd", 
      "substitute": "no substitute needed", 
      "unit": "teaspoon"
    }, 
    "large egg": {
      "flour": "Safe", 
      "gluten": "no gluten here!", 
      "quantity": "1", 
      "substitute": "no substitute needed", 
      "unit": ""
    }, 
    "large egg yolk": {
      "flour": "Safe", 
      "gluten": "no gluten here!", 
      "quantity": "1", 
      "substitute": "no substitute needed", 
      "unit": ""
    }, 
    "semisweet chocolate chips": {
      "flour": "Safe", 
      "gluten": "no gluten here!", 
      "quantity": "2", 
      "substitute": "no substitute needed", 
      "unit": "cups"
    }, 
    "unsweetened coconut flakes": {
      "flour": "Safe", 
      "gluten": "no gluten here!", 
      "quantity": "\u00bd", 
      "substitute": "no substitute needed", 
      "unit": "cup"
    }, 
    "vanilla extract": {
      "flour": "Safe", 
      "gluten": "no gluten here!", 
      "quantity": "2", 
      "substitute": "no substitute needed", 
      "unit": "teaspoons"
    }, 
    "xanthan gum": {
      "flour": "Safe", 
      "gluten": "no gluten here!", 
      "quantity": "\u00bd", 
      "substitute": "no substitute needed", 
      "unit": "teaspoon"
    }, 
    "xanthan gum is available at natural food stores and some supermarkets, or online.": {
      "flour": "Safe", 
      "gluten": "no gluten here!", 
      "quantity": "", 
      "substitute": "no substitute needed", 
      "unit": ""
    }
  }, 
  "instructions": [
    "Preheat oven to 375\u00b0. Toast coconut on a rimmed baking sheet, tossing once, until edges are golden, about 3 minutes. Let cool.", 
    "Whisk flour, almond meal, baking soda, salt, and xanthan gum in a medium bowl. Using an electric mixer on high speed, beat butter, brown sugar, and granulated sugar in a large bowl until light and fluffy, about 5 minutes. Add egg, egg yolk, and vanilla and mix just to combine.", 
    "Using a wooden spoon, mix in toasted coconut and chocolate chips. Wrap dough in plastic and chill at least 30 minutes.", 
    "Spoon heaping tablespoonfuls of dough onto parchment-lined baking sheets, spacing 2\" apart. Bake, rotating baking sheets halfway though, until cookies are golden brown, 12\u201315 minutes. Let cool slightly on baking sheet before transferring to wire racks to let cool completely.", 
    "DO AHEAD:Dough can be made 1 week ahead; keep chilled."
  ], 
  "keywords": [
    "Almond Flour", 
    "Chocolate", 
    "Coconut", 
    "cookie", 
    "Desserts", 
    "Gluten Free", 
    "Vanilla"
  ], 
  "name": "Gluten-Free Chocolate Chip Cookies", 
  "proteinContent": "", 
  "saturatedFatContent": "", 
  "servings": "Servings: MAKES ABOUT 3-4 DOZEN", 
  "sodiumContent": "", 
  "sugarContent": "", 
  "url": "http://www.bonappetit.com/recipe/gluten-free-chocolate-chip-cookies"
}