{
  "calories": "", 
  "carbohydrateContent": "", 
  "cholesterolContent": "", 
  "fatContent": "", 
  "fiberContent": "", 
  "image": "http://www.bonappetit.com/wp-content/uploads/2011/07/fudgy-meringue-cookies-646.jpg", 
  "ingredients": {
    "bittersweet chocolate chips (do not exceed 61% cacao; about 6 ounces), divided": {
      "flour": "Safe", 
      "gluten": "no gluten here!", 
      "quantity": "1", 
      "substitute": "no substitute needed", 
      "unit": "cup"
    }, 
    "cornstarch": {
      "flour": "Safe", 
      "gluten": "no gluten here!", 
      "quantity": "2", 
      "substitute": "no substitute needed", 
      "unit": "teaspoons"
    }, 
    "cream of tartar": {
      "flour": "Safe", 
      "gluten": "no gluten here!", 
      "quantity": "1/8", 
      "substitute": "no substitute needed", 
      "unit": "teaspoon"
    }, 
    "large egg whites, room temperature": {
      "flour": "Safe", 
      "gluten": "no gluten here!", 
      "quantity": "2", 
      "substitute": "no substitute needed", 
      "unit": ""
    }, 
    "nonstick vegetable oil spray": {
      "flour": "Safe", 
      "gluten": "no gluten here!", 
      "quantity": "", 
      "substitute": "no substitute needed", 
      "unit": ""
    }, 
    "powdered sugar, divided": {
      "flour": "Safe", 
      "gluten": "no gluten here!", 
      "quantity": "1 1/2", 
      "substitute": "no substitute needed", 
      "unit": "cups"
    }, 
    "unsweetened cocoa powder": {
      "flour": "Safe", 
      "gluten": "no gluten here!", 
      "quantity": "1/3", 
      "substitute": "no substitute needed", 
      "unit": "cup"
    }, 
    "vanilla extract": {
      "flour": "Safe", 
      "gluten": "no gluten here!", 
      "quantity": "1/2", 
      "substitute": "no substitute needed", 
      "unit": "teaspoon"
    }
  }, 
  "instructions": [
    "Position 1 rack in top third and 1 rack in bottom third of oven and preheat to 350\u00b0F. Coat 2 large rimmed baking sheets with nonstick spray. Place 1/2 cup chocolate chips in small microwave-safe bowl. Cook in 15-second intervals until chocolate softens; stir until melted and smooth. Cool chocolate to lukewarm, about 10 minutes. Whisk  1/2 cup sugar, cocoa, and cornstarch in small bowl to blend.", 
    "Using electric mixer, beat room-temperature egg whites, vanilla, 1/8 teaspoon salt, and cream of tartar in medium bowl until soft peaks form. Add remaining 1 cup sugar in 4 additions, beating just to blend after each addition. Continue to beat until meringue is thick and glossy like marshmallow creme, about 2 minutes longer. Beat in cocoa mixture. Fold in melted chocolate, then 1/2 cup chips.", 
    "Drop batter by rounded tablespoonfuls onto prepared sheets, spacing 3 inches apart. Bake cookies 7 minutes. Reverse sheets and bake until dry-looking and cracked, about 6 minutes. Cool cookies on sheets 5 minutes. Transfer cookies to racks and cool completely."
  ], 
  "keywords": [
    "Birthday", 
    "Chocolate Chips", 
    "Chocolate Recipes", 
    "Cocoa Powder", 
    "Cookie Recipes", 
    "Cornstarch Recipes", 
    "Cream Of Tartar Recipes", 
    "Dessert", 
    "Large Groups", 
    "Meringue Recipes", 
    "Party Food", 
    "Vanilla Extract Recipes"
  ], 
  "name": "Fudgy Meringue Cookies", 
  "proteinContent": "", 
  "saturatedFatContent": "", 
  "servings": "Servings: Makes about 16", 
  "sodiumContent": "", 
  "sugarContent": "", 
  "url": "http://www.bonappetit.com/recipe/fudgy-meringue-cookies"
}