{
  "calories": "Calories (kcal) 550", 
  "carbohydrateContent": "Carbohydrates (g) 43", 
  "cholesterolContent": "Cholesterol (mg) 70", 
  "description": "Chopped lemon pulp and peel are added to the couscous for a complex bittersweet flavor.", 
  "fatContent": "Fat (g) 26", 
  "fiberContent": "Dietary Fiber (g)  6", 
  "image": "http://www.bonappetit.com/wp-content/uploads/2013/01/hanger-steak-with-spicy-lemon-couscous.jpg", 
  "ingredients": {
    "couscous": {
      "flour": "Safe", 
      "gluten": "gluten here!", 
      "quantity": "3/4", 
      "substitute": "quinoa", 
      "unit": "cup"
    }, 
    "crushed red pepper flakes": {
      "flour": "Safe", 
      "gluten": "no gluten here!", 
      "quantity": "1/4", 
      "substitute": "no substitute needed", 
      "unit": "teaspoon"
    }, 
    "garlic cloves, thinly sliced": {
      "flour": "Safe", 
      "gluten": "no gluten here!", 
      "quantity": "2", 
      "substitute": "no substitute needed", 
      "unit": ""
    }, 
    "green olives (such as castelvetrano), pitted, halved": {
      "flour": "Safe", 
      "gluten": "no gluten here!", 
      "quantity": "1/2", 
      "substitute": "no substitute needed", 
      "unit": "cup"
    }, 
    "hanger or skirt steak": {
      "flour": "Safe", 
      "gluten": "no gluten here!", 
      "quantity": "1", 
      "substitute": "no substitute needed", 
      "unit": "pound"
    }, 
    "kosher salt, freshly ground pepper": {
      "flour": "Safe", 
      "gluten": "no gluten here!", 
      "quantity": "", 
      "substitute": "no substitute needed", 
      "unit": ""
    }, 
    "lemon, ends trimmed, seeded, finely chopped (with skin)": {
      "flour": "Safe", 
      "gluten": "no gluten here!", 
      "quantity": "1/4", 
      "substitute": "no substitute needed", 
      "unit": ""
    }, 
    "low-sodium chicken broth": {
      "flour": "Safe", 
      "gluten": "no gluten here!", 
      "quantity": "1 1/2", 
      "substitute": "no substitute needed", 
      "unit": "cups"
    }, 
    "olive oil, divided, plus more for drizzling": {
      "flour": "Safe", 
      "gluten": "no gluten here!", 
      "quantity": "3", 
      "substitute": "no substitute needed", 
      "unit": "tablespoons"
    }, 
    "small carrots, peeled, cut into 1/4-inch slices": {
      "flour": "Safe", 
      "gluten": "no gluten here!", 
      "quantity": "4", 
      "substitute": "no substitute needed", 
      "unit": ""
    }, 
    "small fennel bulb, cut into 1/4-inch wedges": {
      "flour": "Safe", 
      "gluten": "no gluten here!", 
      "quantity": "1", 
      "substitute": "no substitute needed", 
      "unit": ""
    }, 
    "sprigs cilantro": {
      "flour": "Safe", 
      "gluten": "no gluten here!", 
      "quantity": "1/4", 
      "substitute": "no substitute needed", 
      "unit": "cup"
    }
  }, 
  "instructions": [
    "Season steak with salt and pepper. Heat 1 tablespoon oil in a large skillet over medium-high heat. Cook steak until medium-rare, about 4 minutes per side (or 2 minutes per side if using skirt steak). Transfer steak to a plate.", 
    "Wipe out skillet; add remaining 2 tablespoons oil and heat over medium-high heat. Add garlic and red pepper flakes and cook, stirring, until garlic begins to brown, about 1 minute. Add carrots, fennel, and lemon; season with salt and pepper. Cook, tossing occasionally, until vegetables are crisp-tender, about 4 minutes.", 
    "Add broth to skillet and bring to a boil. Stir in couscous. Remove from heat; cover and let steam until tender, 5-8 minutes. Add olives, season with salt and pepper, and fluff couscous with a fork. Slice steak against the grain; fold into couscous.  Divide lemon couscous among plates, drizzle with oil, and garnish with cilantro."
  ], 
  "keywords": [
    "Beef Recipes", 
    "Carrot Recipes", 
    "Cilantro", 
    "Couscous Recipes", 
    "Dinner", 
    "Fast Easy Fresh", 
    "Fennel Recipes", 
    "High Fiber", 
    "Hot Pepper Recipes", 
    "Lemon Recipes", 
    "Olives", 
    "Quick Recipes", 
    "Steak Recipes"
  ], 
  "name": "Hanger Steak with Spicy Lemon Couscous", 
  "proteinContent": "Protein (g) 37", 
  "saturatedFatContent": "Saturated Fat (g) 6", 
  "servings": "Servings: 4", 
  "sodiumContent": "Sodium (mg) 920", 
  "sugarContent": "Total Sugars (g) 6", 
  "url": "http://www.bonappetit.com/recipe/hanger-steak-with-spicy-lemon-couscous"
}