{
  "calories": "", 
  "carbohydrateContent": "", 
  "cholesterolContent": "", 
  "description": "A virtuous, herby grain salad with a heart of indulgent butterfat. We love the white-on-white effect of using barley, but it\u2019s delicious with basically any whole grain; try wheat berries or spelt.", 
  "fatContent": "", 
  "fiberContent": "", 
  "image": "http://www.bonappetit.com/wp-content/uploads/2014/01/barley-cauliflower-and-herbs-with-burrata-940x600.jpg", 
  "ingredients": {
    "champagne vinegar or white wine vinegar": {
      "flour": "Safe", 
      "gluten": "no gluten here!", 
      "quantity": "1", 
      "substitute": "no substitute needed", 
      "unit": "tablespoon"
    }, 
    "coarsely ground black pepper": {
      "flour": "Safe", 
      "gluten": "no gluten here!", 
      "quantity": "", 
      "substitute": "no substitute needed", 
      "unit": ""
    }, 
    "cr\u00e8me fra\u00eeche": {
      "flour": "Safe", 
      "gluten": "no gluten here!", 
      "quantity": "1", 
      "substitute": "no substitute needed", 
      "unit": "tablespoon"
    }, 
    "extra-virgin olive oil, plus more for drizzling": {
      "flour": "Safe", 
      "gluten": "no gluten here!", 
      "quantity": "1", 
      "substitute": "no substitute needed", 
      "unit": "tablespoon"
    }, 
    "fine fresh breadcrumbs": {
      "flour": "Safe", 
      "gluten": "gluten here!", 
      "quantity": "\u00bc", 
      "substitute": "gluten-free breadcrumbs", 
      "unit": "cup"
    }, 
    "finely chopped cauliflower": {
      "flour": "Safe", 
      "gluten": "no gluten here!", 
      "quantity": "1", 
      "substitute": "no substitute needed", 
      "unit": "cup"
    }, 
    "finely chopped celery hearts, plus \u00bc finely chopped celery leaves": {
      "flour": "Safe", 
      "gluten": "no gluten here!", 
      "quantity": "\u00bd", 
      "substitute": "no substitute needed", 
      "unit": "cup"
    }, 
    "finely chopped fresh flat-leaf parsley, plus \u00bc finely chopped fresh flat-leaf parsley stems": {
      "flour": "Safe", 
      "gluten": "no gluten here!", 
      "quantity": "\u00bc", 
      "substitute": "no substitute needed", 
      "unit": "cup"
    }, 
    "finely grated lemon zest": {
      "flour": "Safe", 
      "gluten": "no gluten here!", 
      "quantity": "\u00bd", 
      "substitute": "no substitute needed", 
      "unit": "teaspoon"
    }, 
    "fresh lemon juice": {
      "flour": "Safe", 
      "gluten": "no gluten here!", 
      "quantity": "2", 
      "substitute": "no substitute needed", 
      "unit": "tablespoons"
    }, 
    "kosher salt": {
      "flour": "Safe", 
      "gluten": "no gluten here!", 
      "quantity": "", 
      "substitute": "no substitute needed", 
      "unit": ""
    }, 
    "oz. burrata or fresh mozzarella, torn": {
      "flour": "Safe", 
      "gluten": "no gluten here!", 
      "quantity": "8", 
      "substitute": "no substitute needed", 
      "unit": ""
    }, 
    "pearl, hulled, or hull-less barley": {
      "flour": "Safe", 
      "gluten": "gluten here!", 
      "quantity": "\u00bd", 
      "substitute": "quinoa", 
      "unit": "cup"
    }, 
    "small shallot, finely chopped": {
      "flour": "Safe", 
      "gluten": "no gluten here!", 
      "quantity": "1", 
      "substitute": "no substitute needed", 
      "unit": ""
    }, 
    "whole milk": {
      "flour": "Safe", 
      "gluten": "no gluten here!", 
      "quantity": "2", 
      "substitute": "no substitute needed", 
      "unit": "cups"
    }
  }, 
  "instructions": [
    "Preheat oven to 350\u00b0. Cook barley in a large pot of boiling salted water until tender, 15\u201320 minutes for pearl, 35\u201340 for hulled or hull-less. Drain and spread out on a rimmed baking sheet; let cool.", 
    "Meanwhile, toss breadcrumbs with 1 Tbsp. oil on another rimmed baking sheet; season with salt. Bake, tossing once, until golden brown, 10\u201312 minutes; let cool.", 
    "Bring milk to a simmer in a medium saucepan over medium-high heat; season with salt. Add cauliflower and cook until just softened, about 3 minutes; drain well. Discard milk.", 
    "Toss cauliflower, barley, breadcrumbs, shallot, celery hearts, celery leaves, parsley, parsley stems, lemon zest, lemon juice, and vinegar in a bowl; season salad with salt.", 
    "Mix burrata and cr\u00e8me fra\u00eeche in a medium bowl; season with salt. Divide burrata mixture among plates, drizzle with oil, and top with barley salad; season with pepper.", 
    "DO AHEAD:Barley can be cooked 1 day ahead; cover and chill. Breadcrumbs can be toasted 1 day ahead; store airtight at room temperature."
  ], 
  "keywords": [
    "Barley", 
    "Breadcrumbs", 
    "Cauliflower", 
    "Celery", 
    "Creme Fraiche Recipes", 
    "Lemon Recipes", 
    "Mozzarella Recipes", 
    "Parsley Recipes", 
    "Salad", 
    "Salad Recipes"
  ], 
  "name": "Barley, Cauliflower, and Herbs with Burrata", 
  "proteinContent": "", 
  "saturatedFatContent": "", 
  "servings": "Servings: 4", 
  "sodiumContent": "", 
  "sugarContent": "", 
  "url": "http://www.bonappetit.com/recipe/barley-cauliflower-and-herbs-with-burrata"
}