{
  "calories": "", 
  "carbohydrateContent": "", 
  "cholesterolContent": "", 
  "fatContent": "", 
  "fiberContent": "", 
  "image": "http://www.bonappetit.com/wp-content/uploads/2010/09/grilled-cheese-and-short-rib-sandwiches-with-pickled-caramelizes-onions-and-arugula-646.jpg", 
  "ingredients": {
    "(1/2 stick) butter": {
      "flour": "Safe", 
      "gluten": "no gluten here!", 
      "quantity": "1/4", 
      "substitute": "no substitute needed", 
      "unit": "cup"
    }, 
    "baby arugula": {
      "flour": "Safe", 
      "gluten": "no gluten here!", 
      "quantity": "4", 
      "substitute": "no substitute needed", 
      "unit": "cups"
    }, 
    "bay leaves": {
      "flour": "Safe", 
      "gluten": "no gluten here!", 
      "quantity": "2", 
      "substitute": "no substitute needed", 
      "unit": ""
    }, 
    "beef short ribs": {
      "flour": "Safe", 
      "gluten": "no gluten here!", 
      "quantity": "5", 
      "substitute": "no substitute needed", 
      "unit": "pounds"
    }, 
    "butter": {
      "flour": "Safe", 
      "gluten": "no gluten here!", 
      "quantity": "1", 
      "substitute": "no substitute needed", 
      "unit": "tablespoon"
    }, 
    "butter, room temperature": {
      "flour": "Safe", 
      "gluten": "no gluten here!", 
      "quantity": "", 
      "substitute": "no substitute needed", 
      "unit": ""
    }, 
    "celery stalks, chopped": {
      "flour": "Safe", 
      "gluten": "no gluten here!", 
      "quantity": "3", 
      "substitute": "no substitute needed", 
      "unit": ""
    }, 
    "country-style crusty white bread": {
      "flour": "Safe", 
      "gluten": "gluten here!", 
      "quantity": "16 slices", 
      "substitute": "gluten-free bread", 
      "unit": ""
    }, 
    "dry red wine": {
      "flour": "Safe", 
      "gluten": "no gluten here!", 
      "quantity": "1 1/4", 
      "substitute": "no substitute needed", 
      "unit": "cups"
    }, 
    "garlic cloves, peeled": {
      "flour": "Safe", 
      "gluten": "no gluten here!", 
      "quantity": "2", 
      "substitute": "no substitute needed", 
      "unit": ""
    }, 
    "jack cheese, sliced": {
      "flour": "Safe", 
      "gluten": "no gluten here!", 
      "quantity": "", 
      "substitute": "no substitute needed", 
      "unit": ""
    }, 
    "large carrots, peeled, coarsely chopped": {
      "flour": "Safe", 
      "gluten": "no gluten here!", 
      "quantity": "2", 
      "substitute": "no substitute needed", 
      "unit": ""
    }, 
    "large fresh thyme sprig": {
      "flour": "Safe", 
      "gluten": "no gluten here!", 
      "quantity": "1", 
      "substitute": "no substitute needed", 
      "unit": ""
    }, 
    "large red onions, halved, thinly sliced crosswise (about 6 cups)": {
      "flour": "Safe", 
      "gluten": "no gluten here!", 
      "quantity": "2", 
      "substitute": "no substitute needed", 
      "unit": ""
    }, 
    "low-salt beef broth": {
      "flour": "Safe", 
      "gluten": "no gluten here!", 
      "quantity": "1/2", 
      "substitute": "no substitute needed", 
      "unit": "cup"
    }, 
    "medium onion, chopped": {
      "flour": "Safe", 
      "gluten": "no gluten here!", 
      "quantity": "1", 
      "substitute": "no substitute needed", 
      "unit": ""
    }, 
    "medium-dry sherry": {
      "flour": "Safe", 
      "gluten": "no gluten here!", 
      "quantity": "1/3", 
      "substitute": "no substitute needed", 
      "unit": "cup"
    }, 
    "petit basque or monterey": {
      "flour": "Safe", 
      "gluten": "no gluten here!", 
      "quantity": "12", 
      "substitute": "no substitute needed", 
      "unit": "ounces"
    }, 
    "red wine vinegar": {
      "flour": "Safe", 
      "gluten": "no gluten here!", 
      "quantity": "4 1/2", 
      "substitute": "no substitute needed", 
      "unit": "tablespoons"
    }, 
    "sugar": {
      "flour": "Safe", 
      "gluten": "no gluten here!", 
      "quantity": "1 1/2", 
      "substitute": "no substitute needed", 
      "unit": "teaspoons"
    }
  }, 
  "instructions": [
    "Sprinkle beef with salt and pepper. Melt butter in large wide pot over medium-high heat. Working in 2 batches, cook beef until browned, about 6 minutes per batch. Transfer to large rimmed baking sheet. Add celery, carrots, and onion to pot and saut\u00e9 until beginning to soften and brown, stirring often, about 5 minutes. Add wine, broth, Sherry, garlic, bay leaves, and thyme sprig; bring to boil, scraping up browned bits. Season with salt and pepper. Return ribs to pot, propping up on sides and arranging in single layer. Cover, reduce heat to medium-low, and simmer 1 hour.", 
    "Using tongs, turn ribs over in pot. Cover and simmer until ribs are tender and sauce is very thick, occasionally rearranging ribs in pot to prevent sticking, about 1 1/2 hours longer. Uncover and cool 30 minutes.", 
    "Transfer ribs to work surface. Discard bay leaves and thyme sprig. Spoon off fat from sauce in pot. Remove meat from bones; discard bones. Cut meat into 3/4- to 1-inch pieces, trimming any fat. Return meat to pot. DO AHEAD Can be made 2 days ahead. Chill until cold; cover and keep chilled. Rewarm just until lukewarm before using.", 
    "Melt butter in large skillet over medium-high heat. Add onions, sprinkle with salt, and saut\u00e9 until beginning to brown, stirring frequently, about 10 minutes. Add vinegar and sugar and cook until almost all vinegar is absorbed, about 1 minute. Season with salt and pepper. Transfer to microwave-safe bowl; cool. DO AHEAD Can be made 2 days ahead. Cover; chill. Microwave in 15-second intervals until lukewarm before using.", 
    "Line 2 large rimmed baking sheets with waxed paper. Butter 8 bread slices; place 4 slices, buttered side down, on each prepared sheet. Divide short rib mixture among bread slices, about 1/2 cup for each. Divide cheese among sandwiches. Spoon about 1/4 cup onions over each sandwich. Place large handful of arugula atop onions. Top with remaining 8 bread slices. Spread bread with butter. DO AHEAD Can be prepared 1 hour ahead. Cover with plastic wrap and store at room temperature.", 
    "Heat griddle or 2 large skillets over medium heat. Working in batches, cook sandwiches until bread is golden brown and cheese melts, about 3 minutes per side. Transfer to work surface. Cut each in half on diagonal. Transfer to plates and serve."
  ], 
  "keywords": [
    "American", 
    "Beef", 
    "Beef Recipes", 
    "Buffet", 
    "Cheese", 
    "Dinner", 
    "Fathers Day", 
    "Grilled Cheese", 
    "Large Group", 
    "Lunch", 
    "Main Course", 
    "Main Dishes", 
    "Meat Recipes", 
    "Onion", 
    "Picnic", 
    "Potluck", 
    "Sandwich", 
    "Sandwich Recipes", 
    "Short Rib", 
    "Superbowl", 
    "Tailgating", 
    "Trail_02042012"
  ], 
  "name": "Grilled Cheese and Short Rib Sandwiches with Pickled Caramelized Onions and Arugula", 
  "proteinContent": "", 
  "saturatedFatContent": "", 
  "servings": "Servings: Makes 8", 
  "sodiumContent": "", 
  "sugarContent": "", 
  "url": "http://www.bonappetit.com/recipe/grilled-cheese-and-short-rib-sandwiches-with-pickled-caramelized-onions-and-arugula"
}