{
  "calories": "", 
  "carbohydrateContent": "", 
  "cholesterolContent": "", 
  "fatContent": "", 
  "fiberContent": "", 
  "image": "http://www.bonappetit.com/wp-content/uploads/2011/01/grilled-chicken-salad-with-radishes-cucumbers-and-tarragon-pesto-646.jpg", 
  "ingredients": {
    "(or more) olive oil, divided, plus additional for brushing": {
      "flour": "Safe", 
      "gluten": "no gluten here!", 
      "quantity": "6", 
      "substitute": "no substitute needed", 
      "unit": "tablespoons"
    }, 
    "(packed) fresh italian parsley leaves": {
      "flour": "Safe", 
      "gluten": "no gluten here!", 
      "quantity": "1/4", 
      "substitute": "no substitute needed", 
      "unit": "cup"
    }, 
    "(packed) fresh tarragon leaves plus 2 teaspoons chopped": {
      "flour": "Safe", 
      "gluten": "no gluten here!", 
      "quantity": "1/4", 
      "substitute": "no substitute needed", 
      "unit": "cup"
    }, 
    "1/2-inch-thick slices country-style french or sourdough bread": {
      "flour": "Safe", 
      "gluten": "gluten here!", 
      "quantity": "4", 
      "substitute": "gluten-free dough", 
      "unit": ""
    }, 
    "5-ounce package mixed baby greens": {
      "flour": "Safe", 
      "gluten": "no gluten here!", 
      "quantity": "1", 
      "substitute": "no substitute needed", 
      "unit": ""
    }, 
    "boneless chicken breast halves with skin": {
      "flour": "Safe", 
      "gluten": "no gluten here!", 
      "quantity": "4", 
      "substitute": "no substitute needed", 
      "unit": ""
    }, 
    "chopped shallot": {
      "flour": "Safe", 
      "gluten": "no gluten here!", 
      "quantity": "2", 
      "substitute": "no substitute needed", 
      "unit": "teaspoons"
    }, 
    "fresh lemon juice, divided": {
      "flour": "Safe", 
      "gluten": "no gluten here!", 
      "quantity": "5", 
      "substitute": "no substitute needed", 
      "unit": "teaspoons"
    }, 
    "pine nuts, divided": {
      "flour": "Safe", 
      "gluten": "no gluten here!", 
      "quantity": "4", 
      "substitute": "no substitute needed", 
      "unit": "tablespoons"
    }, 
    "thinly sliced japanese cucumbers (about 1 1/2)": {
      "flour": "Safe", 
      "gluten": "no gluten here!", 
      "quantity": "1", 
      "substitute": "no substitute needed", 
      "unit": "cup"
    }, 
    "thinly sliced radishes (from 1 large bunch)": {
      "flour": "Safe", 
      "gluten": "no gluten here!", 
      "quantity": "1", 
      "substitute": "no substitute needed", 
      "unit": "cup"
    }
  }, 
  "instructions": [
    "Place 1/4 cup tarragon leaves, parsley, 2 tablespoons pine nuts, 1 teaspoon lemon juice, and shallot in mini processor; chop coarsely. With machine running, gradually add 3 tablespoons olive oil. Season pesto to taste with salt and pepper. Add more olive oil by teaspoonfuls to thin, if necessary.", 
    "Whisk 2 teaspoons chopped tarragon, remaining 4 teaspoons lemon juice, and 3 tablespoons oil in small bowl. Season dressing with and pepper.", 
    "Prepare barbecue (medium-high heat). Brush chicken breasts on both sides with oil. Sprinkle with salt and pepper. Grill until grill marks form, skin is crisp, and chicken is cooked through, 7 to 8 minutes per side. Transfer to work surface; let rest 5 minutes. Using clean brush, brush both sides of bread with oil. Sprinkle with salt and pepper. Grill until dark-brown grill marks appear on both sides, 2 to 3 minutes per side.", 
    "Place greens, radishes, and cucumbers in large bowl. Toss with dressing. Season to taste with salt and pepper. Divide salad among 4 plates.", 
    "Cut grilled chicken breasts crosswise into 1/3-inch-thick slices. Arrange 1 sliced chicken breast atop salad on each plate. Spoon tarragon pesto over chicken. Sprinkle remaining 2 tablespoons pine nuts over salads. Serve with grilled bread slices."
  ], 
  "keywords": [
    "Chicken Recipes", 
    "Salad", 
    "Spring", 
    "Vegetables"
  ], 
  "name": "Grilled Chicken Salad with Radishes, Cucumbers, and Tarragon Pesto", 
  "proteinContent": "", 
  "saturatedFatContent": "", 
  "servings": "Servings: 4", 
  "sodiumContent": "", 
  "sugarContent": "", 
  "url": "http://www.bonappetit.com/recipe/grilled-chicken-salad-with-radishes-cucumbers-and-tarragon-pesto"
}