{
  "calories": "Calories (kcal) 100", 
  "carbohydrateContent": "Carbohydrates (g) 13", 
  "cholesterolContent": "Cholesterol (mg) 5", 
  "description": "\u201cI love the crisp texture of this addictive bar snack; the bacon fat is an obvious bonus.\u201c \u2014Alison Roman, assistant food editor", 
  "fatContent": "Fat (g) 2.5", 
  "fiberContent": "Dietary Fiber (g) 3", 
  "image": "http://www.bonappetit.com/wp-content/uploads/2013/08/bacony-roasted-chickpeas.jpg", 
  "ingredients": {
    "15-oz. cans chickpeas, rinsed, patted very dry": {
      "flour": "Safe", 
      "gluten": "no gluten here!", 
      "quantity": "2", 
      "substitute": "no substitute needed", 
      "unit": ""
    }, 
    "a spoonful of seafood seasoning (such as old bay)": {
      "flour": "Safe", 
      "gluten": "no gluten here!", 
      "quantity": "", 
      "substitute": "no substitute needed", 
      "unit": ""
    }, 
    "bacon slices, coarsely chopped": {
      "flour": "Safe", 
      "gluten": "no gluten here!", 
      "quantity": "3", 
      "substitute": "no substitute needed", 
      "unit": "slices"
    }, 
    "bay leaves": {
      "flour": "Safe", 
      "gluten": "no gluten here!", 
      "quantity": "2", 
      "substitute": "no substitute needed", 
      "unit": ""
    }, 
    "kosher salt and freshly ground black pepper": {
      "flour": "Safe", 
      "gluten": "no gluten here!", 
      "quantity": "", 
      "substitute": "no substitute needed", 
      "unit": ""
    }
  }, 
  "instructions": [
    "Toss chickpeas with bacon and bay leaves on a rimmed baking sheet; season with salt and pepper. Roast at 375\u00b0, stirring occasionally, until chickpeas are crunchy, 60\u201370 minutes. Toss with seafood seasoning."
  ], 
  "keywords": [
    "Bacon Recipes", 
    "Chickpea", 
    "High Fiber", 
    "Low Cholesterol Recipes", 
    "Low Saturated Fat Recipes", 
    "Low-Calorie Recipes", 
    "The Challenge"
  ], 
  "name": "Bacony Roasted Chickpeas", 
  "proteinContent": "Protein (g) 6", 
  "saturatedFatContent": "Saturated Fat (g) 0", 
  "servings": "Servings: Makes about 2 cups", 
  "sodiumContent": "Sodium (mg) 400", 
  "sugarContent": "Total Sugars (g) 2", 
  "url": "http://www.bonappetit.com/recipe/bacony-roasted-chickpeas"
}