{
  "calories": "Calories (kcal) 5  \r\nFat (g) 0\r\nSaturated Fat (g) 0\r\nCholesterol (mg) 0 \r\nCarbohydrates (g) 1\r\nDietary Fiber (g) 1  \r\nTotal Sugars (g) 0\r\nProtein (g) 0\r\nSodium (mg) 11520", 
  "carbohydrateContent": "", 
  "cholesterolContent": "", 
  "description": "A great way to make use of a glut of summer herbs, this mix suits any grilled meat.", 
  "fatContent": "", 
  "fiberContent": "", 
  "image": "http://www.bonappetit.com/wp-content/uploads/2014/07/herb-salt1-940x600.jpg", 
  "ingredients": {
    "crushed red pepper flakes": {
      "flour": "Safe", 
      "gluten": "no gluten here!", 
      "quantity": "1", 
      "substitute": "no substitute needed", 
      "unit": "tablespoon"
    }, 
    "fennel seeds": {
      "flour": "Safe", 
      "gluten": "no gluten here!", 
      "quantity": "1", 
      "substitute": "no substitute needed", 
      "unit": "teaspoon"
    }, 
    "fresh rosemary leaves": {
      "flour": "Safe", 
      "gluten": "no gluten here!", 
      "quantity": "\u00bc", 
      "substitute": "no substitute needed", 
      "unit": "cup"
    }, 
    "fresh sage leaves": {
      "flour": "Safe", 
      "gluten": "no gluten here!", 
      "quantity": "8", 
      "substitute": "no substitute needed", 
      "unit": ""
    }, 
    "fresh thyme leaves": {
      "flour": "Safe", 
      "gluten": "no gluten here!", 
      "quantity": "2", 
      "substitute": "no substitute needed", 
      "unit": "tablespoons"
    }, 
    "freshly ground black pepper": {
      "flour": "Safe", 
      "gluten": "no gluten here!", 
      "quantity": "\u00bc", 
      "substitute": "no substitute needed", 
      "unit": "teaspoon"
    }, 
    "kosher salt": {
      "flour": "Safe", 
      "gluten": "no gluten here!", 
      "quantity": "1", 
      "substitute": "no substitute needed", 
      "unit": "cup"
    }
  }, 
  "instructions": [
    "Pulse sage, rosemary, and thyme in a food processor until coarsely chopped. Add salt, red pepper flakes, fennel seeds, and black pepper and pulse to blend.", 
    "DO AHEAD:Salt can be made 2 months ahead. Store airtight at room temperature."
  ], 
  "keywords": [
    "Condiments", 
    "Fennel", 
    "Hot Pepper", 
    "hudson new york recipes", 
    "Rosemary", 
    "Sage", 
    "Salt", 
    "Thyme"
  ], 
  "name": "Herb Salt", 
  "proteinContent": "", 
  "saturatedFatContent": "", 
  "servings": "Servings: Makes 1 cup", 
  "sodiumContent": "", 
  "sugarContent": "", 
  "url": "http://www.bonappetit.com/recipe/herb-salt"
}