{
  "calories": "", 
  "carbohydrateContent": "", 
  "cholesterolContent": "", 
  "fatContent": "", 
  "fiberContent": "", 
  "image": "http://www.bonappetit.com/wp-content/uploads/2008/04/grilled_turkey_bacon_radicchio_and_blue_cheese_sandwiches_646.jpg", 
  "ingredients": {
    "": {
      "flour": "Safe", 
      "gluten": "no gluten here!", 
      "quantity": "", 
      "substitute": "no substitute needed", 
      "unit": ""
    }, 
    "1/2-inch-thick slices country-style white bread (about 5x3 inches)": {
      "flour": "Safe", 
      "gluten": "gluten here!", 
      "quantity": "4", 
      "substitute": "gluten-free bread", 
      "unit": ""
    }, 
    "butter, room temperature, divided": {
      "flour": "Safe", 
      "gluten": "no gluten here!", 
      "quantity": "4", 
      "substitute": "no substitute needed", 
      "unit": "teaspoons"
    }, 
    "crumbled maytag blue cheese or other mild blue cheese": {
      "flour": "Safe", 
      "gluten": "no gluten here!", 
      "quantity": "1/4", 
      "substitute": "no substitute needed", 
      "unit": "cup"
    }, 
    "leaves radicchio": {
      "flour": "Safe", 
      "gluten": "no gluten here!", 
      "quantity": "4", 
      "substitute": "no substitute needed", 
      "unit": ""
    }, 
    "mayonnaise": {
      "flour": "Safe", 
      "gluten": "no gluten here!", 
      "quantity": "1/4", 
      "substitute": "no substitute needed", 
      "unit": "cup"
    }, 
    "slices applewood-smoked bacon": {
      "flour": "Safe", 
      "gluten": "no gluten here!", 
      "quantity": "6", 
      "substitute": "no substitute needed", 
      "unit": ""
    }, 
    "thinly sliced cooked turkey": {
      "flour": "Safe", 
      "gluten": "no gluten here!", 
      "quantity": "6", 
      "substitute": "no substitute needed", 
      "unit": "ounces"
    }
  }, 
  "instructions": [
    "Cook bacon in large skillet over medium heat until crisp. Transfer to paper towels. Pour off fat from skillet; reserve skillet.", 
    "Mash mayonnaise and blue cheese in bowl to coarse puree; season with pepper. Place bread on work surface. Divide cheese mixture among bread slices, spreading evenly. Divide bacon, radicchio, and turkey between 2 bread slices. Top with remaining bread, cheese side down. Melt 2 teaspoons butter in reserved skillet over medium heat. Place sandwiches in skillet. Spread 2 teaspoons butter on top pieces of bread. Cover with lid that is slightly smaller than skillet. Cook sandwiches until lightly browned, about 4 minutes per side."
  ], 
  "keywords": [
    "Bread Recipes", 
    "Cheese Recipes", 
    "Cooking For 2", 
    "Easy Recipes", 
    "Fathers Day Food", 
    "Grilled Cheese Recipes", 
    "Lunch", 
    "Radicchio Recipes", 
    "Sandwich Recipes", 
    "Snack", 
    "Super Bowl Food", 
    "Superbowl Food", 
    "Turkey Recipes"
  ], 
  "name": "Grilled Turkey, Bacon, Radicchio, and Blue Cheese Sandwiches", 
  "proteinContent": "", 
  "saturatedFatContent": "", 
  "servings": "Servings: 2", 
  "sodiumContent": "", 
  "sugarContent": "", 
  "url": "http://www.bonappetit.com/recipe/grilled-turkey-bacon-radicchio-and-blue-cheese-sandwiches"
}