{
  "calories": "", 
  "carbohydrateContent": "", 
  "cholesterolContent": "", 
  "fatContent": "", 
  "fiberContent": "", 
  "image": "http://www.bonappetit.com/wp-content/uploads/2012/07/espresso-granita-646.jpg", 
  "ingredients": {
    "bittersweet chocolate shavings": {
      "flour": "Safe", 
      "gluten": "no gluten here!", 
      "quantity": "", 
      "substitute": "no substitute needed", 
      "unit": ""
    }, 
    "chilled heavy whipping cream": {
      "flour": "Safe", 
      "gluten": "no gluten here!", 
      "quantity": "1/2", 
      "substitute": "no substitute needed", 
      "unit": "cup"
    }, 
    "hot espresso or very strong coffee": {
      "flour": "Safe", 
      "gluten": "no gluten here!", 
      "quantity": "2", 
      "substitute": "no substitute needed", 
      "unit": "cups"
    }, 
    "plus 1 tablespoon sugar": {
      "flour": "Safe", 
      "gluten": "no gluten here!", 
      "quantity": "1/2", 
      "substitute": "no substitute needed", 
      "unit": "cup"
    }, 
    "vanilla extract": {
      "flour": "Safe", 
      "gluten": "no gluten here!", 
      "quantity": "1", 
      "substitute": "no substitute needed", 
      "unit": "teaspoon"
    }
  }, 
  "instructions": [
    "Stir espresso, 1/2 cup sugar, and vanilla in a medium bowl until sugar dissolves. Pour into a 9x9x2\" metal baking pan. Freeze for 1 hour. Stir, mashing any frozen parts with the back of a fork. Cover; freeze until firm, about 2 hours. Using a fork, scrape granita vigorously to form icy flakes. DO AHEAD Can be made 3 days ahead. Cover tightly with foil; keep frozen. Give it a quick scrape before serving.", 
    "Beat cream and remaining 1 tablespoon sugar in a large bowl until peaks form. Divide granita among bowls or glasses. Top with whipped cream and garnish with chocolate shavings."
  ], 
  "keywords": [
    "American Food", 
    "Chocolate Recipes", 
    "Coffee", 
    "Cream Recipes", 
    "Espresso Recipes", 
    "Frozen Dessert Recipes", 
    "Granita Recipes", 
    "Heavy Whipping Cream Recipes", 
    "Summer Food", 
    "Vanilla Extract Recipes"
  ], 
  "name": "Espresso Granita", 
  "proteinContent": "", 
  "saturatedFatContent": "", 
  "servings": "Servings: 6", 
  "sodiumContent": "", 
  "sugarContent": "", 
  "url": "http://www.bonappetit.com/recipe/espresso-granita"
}