{
  "calories": "", 
  "carbohydrateContent": "", 
  "cholesterolContent": "", 
  "description": "The second rise is key to the finished pie\u2019s texture; if baked too soon, the dough will be firm and too chewy. Make sure it feels floppy, with plenty of puffy air bubbles.", 
  "fatContent": "", 
  "fiberContent": "", 
  "image": "http://www.bonappetit.com/wp-content/uploads/2014/09/grandma-style-pizza-dough-940x600.jpg", 
  "ingredients": {
    "all-purpose flour, divided, plus more for surface": {
      "flour": {
        "type": {
          "binder": {
            "type": "xanthum gum", 
            "weight": 0.5
          }, 
          "density": {
            "type": "brown rice flour", 
            "weight": 0.142
          }, 
          "fat": {
            "type": "almond flour", 
            "weight": 0.142
          }, 
          "leavener": "", 
          "lightness": {
            "type": "white rice flour", 
            "weight": 0.284
          }, 
          "protein": {
            "type": "sorghum flour", 
            "weight": 0.142
          }, 
          "starch": {
            "type": "potato starch", 
            "weight": 0.284
          }, 
          "stickiness": "", 
          "texture": ""
        }, 
        "weight": 125
      }, 
      "gluten": "gluten here!", 
      "quantity": "4", 
      "substitute": "flour ratio", 
      "unit": "cups"
    }, 
    "envelope active dry yeast (about 2\u00bc tsp.)": {
      "flour": "Safe", 
      "gluten": "no gluten here!", 
      "quantity": "1", 
      "substitute": "no substitute needed", 
      "unit": ""
    }, 
    "kosher salt": {
      "flour": "Safe", 
      "gluten": "no gluten here!", 
      "quantity": "2", 
      "substitute": "no substitute needed", 
      "unit": "teaspoons"
    }, 
    "plus \u00bd cup olive oil, plus more for bowl": {
      "flour": "Safe", 
      "gluten": "no gluten here!", 
      "quantity": "2", 
      "substitute": "no substitute needed", 
      "unit": "tablespoons"
    }
  }, 
  "instructions": [
    "Combine yeast and 1\u00bd cups warm water (105\u2013110\u00b0) in a large bowl; let stand until yeast starts to foam, about 10 minutes.", 
    "Mix in 2 Tbsp. oil, then salt and 2 cups flour. Add another 2 cups flour, a cup at a time, mixing until incorporated and a shaggy dough forms.", 
    "Turn out dough onto a lightly floured surface and knead until soft, smooth, and elastic, 10\u201312 minutes. Place dough in a lightly oiled bowl and cover with plastic wrap. Chill 24 hours.", 
    "Coat an 18x13&rdquo; rimmed baking sheet with remaining \u00bd cup oil. Gently and gradually stretch dough until it reaches the edges of baking sheet. (If dough springs back or is stiff to work with, let it rest 10 minutes before continuing. You may need to let it rest more than once.)", 
    "Cover dough on baking sheet tightly with plastic wrap and let sit in a warm place (but not too warm!\u2014about 70\u00b0 is ideal for yeast to grow) until it is puffed and full of air bubbles, 30\u201340 minutes."
  ], 
  "keywords": [
    "Bread", 
    "Dough", 
    "Italian Food", 
    "Pizza"
  ], 
  "name": "Grandma-Style Pizza Dough", 
  "proteinContent": "", 
  "saturatedFatContent": "", 
  "servings": "Servings: Makes enough dough for 1 pie (about 6 )", 
  "sodiumContent": "", 
  "sugarContent": "", 
  "url": "http://www.bonappetit.com/recipe/grandma-style-pizza-dough"
}