{
  "calories": "", 
  "carbohydrateContent": "", 
  "cholesterolContent": "", 
  "description": "A dry brine with fennel, chile, and maple, can be applied directly to your turkey's skin for a few hours, delivering big flavor and less hassle.", 
  "fatContent": "", 
  "fiberContent": "", 
  "image": "http://www.bonappetit.com/wp-content/uploads/2013/10/fennel-chile-and-maple-dry-brine.jpg", 
  "ingredients": {
    "crushed red pepper flakes": {
      "flour": "Safe", 
      "gluten": "no gluten here!", 
      "quantity": "2", 
      "substitute": "no substitute needed", 
      "unit": "teaspoons"
    }, 
    "fennel seeds": {
      "flour": "Safe", 
      "gluten": "no gluten here!", 
      "quantity": "2", 
      "substitute": "no substitute needed", 
      "unit": "tablespoons"
    }, 
    "fresh thyme leaves": {
      "flour": "Safe", 
      "gluten": "no gluten here!", 
      "quantity": "1", 
      "substitute": "no substitute needed", 
      "unit": "tablespoon"
    }, 
    "kosher salt": {
      "flour": "Safe", 
      "gluten": "no gluten here!", 
      "quantity": "\u00bd", 
      "substitute": "no substitute needed", 
      "unit": "cup"
    }, 
    "maple sugar or 3 tbsp. brown sugar": {
      "flour": "Safe", 
      "gluten": "no gluten here!", 
      "quantity": "\u00bc", 
      "substitute": "no substitute needed", 
      "unit": "cup"
    }, 
    "whole star anise pods": {
      "flour": "Safe", 
      "gluten": "no gluten here!", 
      "quantity": "6", 
      "substitute": "no substitute needed", 
      "unit": ""
    }
  }, 
  "instructions": [
    "Toast star anise and fennel seeds in a small skillet over medium heat, stirring often, until fragrant, about 2 minutes. Transfer to a food processor; add salt, maple sugar, thyme, and red pepper flakes and pulse to blend, about 30 seconds.", 
    "DO AHEAD:Dry brine can be made 3 days ahead. Cover and chill."
  ], 
  "keywords": [
    "25 Ways to Reinvent Your Thanksgiving", 
    "Anise", 
    "Brine", 
    "Chile", 
    "Fennel Recipes", 
    "Hot Pepper Recipes", 
    "Maple Recipes", 
    "Spicy Food", 
    "Thanksgiving", 
    "Thanksgiving brine recipes", 
    "Thanksgiving brines", 
    "Thyme Recipes"
  ], 
  "name": "Fennel, Chile, and Maple Dry Brine", 
  "proteinContent": "", 
  "saturatedFatContent": "", 
  "servings": "Servings: Makes enough for one 12\u201314-lb. turkey", 
  "sodiumContent": "", 
  "sugarContent": "", 
  "url": "http://www.bonappetit.com/recipe/fennel-chile-and-maple-dry-brine"
}