{
  "calories": "", 
  "carbohydrateContent": "", 
  "cholesterolContent": "", 
  "fatContent": "", 
  "fiberContent": "", 
  "image": "http://www.bonappetit.com/wp-content/uploads/2008/08/french-toast-with-peaches-and-pomagrante-sauce.jpg", 
  "ingredients": {
    "(packed) golden brown sugar": {
      "flour": "Safe", 
      "gluten": "no gluten here!", 
      "quantity": "3/4", 
      "substitute": "no substitute needed", 
      "unit": "cup"
    }, 
    "3/4-inch-thick slices egg bread": {
      "flour": "Safe", 
      "gluten": "no gluten here!", 
      "quantity": "4", 
      "substitute": "no substitute needed", 
      "unit": ""
    }, 
    "butter, divided": {
      "flour": "Safe", 
      "gluten": "no gluten here!", 
      "quantity": "4", 
      "substitute": "no substitute needed", 
      "unit": "tablespoons"
    }, 
    "firm but ripe unpeeled red anjou or bartlett pears, halved, cored, cut lengthwise into 1/3-inch-thick slices": {
      "flour": "Safe", 
      "gluten": "no gluten here!", 
      "quantity": "2", 
      "substitute": "no substitute needed", 
      "unit": ""
    }, 
    "ground cardamom, divided": {
      "flour": "Safe", 
      "gluten": "no gluten here!", 
      "quantity": "1 1/4", 
      "substitute": "no substitute needed", 
      "unit": "teaspoons"
    }, 
    "large eggs": {
      "flour": "Safe", 
      "gluten": "no gluten here!", 
      "quantity": "5", 
      "substitute": "no substitute needed", 
      "unit": ""
    }, 
    "pomegranate juice": {
      "flour": "Safe", 
      "gluten": "no gluten here!", 
      "quantity": "1", 
      "substitute": "no substitute needed", 
      "unit": "cup"
    }, 
    "vanilla extract": {
      "flour": "Safe", 
      "gluten": "no gluten here!", 
      "quantity": "2", 
      "substitute": "no substitute needed", 
      "unit": "teaspoons"
    }, 
    "whole milk": {
      "flour": "Safe", 
      "gluten": "no gluten here!", 
      "quantity": "1", 
      "substitute": "no substitute needed", 
      "unit": "cup"
    }
  }, 
  "instructions": [
    "Whisk eggs, milk, vanilla, and 1/2 teaspoon cardamom to blend in 15x10x2-inch glass baking dish. Add bread slices; let stand until egg mixture is absorbed, turning bread slices occasionally with spatula, about 10 minutes.", 
    "Meanwhile, melt 1 tablespoon butter in large nonstick skillet over medium-high heat. Add pears; saut\u00e9 until beginning to soften, about 3 minutes. Transfer pears to plate. Add 2 tablespoons butter to skillet; stir to melt. Add pomegranate juice, sugar, and remaining 3/4 teaspoon cardamom; simmer until liquid is slightly thickened and syrupy, about 5 minutes. Remove sauce from heat.", 
    "Melt remaining 1 tablespoon butter on griddle or in another large nonstick skillet over medium heat. Add bread slices and cook until golden brown, about 3 minutes per side. Cut French toast slices diagonally in half; divide among plates. Top with pear slices, spoon sauce over, and serve."
  ], 
  "keywords": [
    "American", 
    "American Food", 
    "Anjou Pears", 
    "Autumn", 
    "Bread", 
    "Bread Recipes", 
    "Breakfast", 
    "Brown Sugar", 
    "Brunch", 
    "Cardamom", 
    "Easy Recipes", 
    "Egg", 
    "Eggs", 
    "Fall", 
    "Fast", 
    "Fast Easy Fresh", 
    "French Toast", 
    "Fruit", 
    "Kid-Friendly", 
    "Milk", 
    "Pear", 
    "Pear Recipes", 
    "Pears", 
    "Pomegranate Juice", 
    "Pomegranates", 
    "Quick", 
    "Quick &amp; Easy", 
    "Spice", 
    "Winter"
  ], 
  "name": "French Toast with Pears and Pomegranate Sauce", 
  "proteinContent": "", 
  "saturatedFatContent": "", 
  "servings": "Servings: 4", 
  "sodiumContent": "", 
  "sugarContent": "", 
  "url": "http://www.bonappetit.com/recipe/french-toast-with-pears-and-pomegranate-sauce"
}