{
  "calories": "", 
  "carbohydrateContent": "", 
  "cholesterolContent": "", 
  "fatContent": "", 
  "fiberContent": "", 
  "image": "", 
  "ingredients": {
    "": {
      "flour": "Safe", 
      "gluten": "no gluten here!", 
      "quantity": "", 
      "substitute": "no substitute needed", 
      "unit": ""
    }, 
    "8-ounce balls burrata cheese, each cut into 4 slices": {
      "flour": "Safe", 
      "gluten": "no gluten here!", 
      "quantity": "2", 
      "substitute": "no substitute needed", 
      "unit": ""
    }, 
    "b\u00e2tarde slices or large baguette slices or four 5x3-inch country-style bread slices, cut in half crosswise": {
      "flour": "Safe", 
      "gluten": "gluten here!", 
      "quantity": "8", 
      "substitute": "gluten-free bread", 
      "unit": ""
    }, 
    "coarse kosher salt, divided": {
      "flour": "Safe", 
      "gluten": "no gluten here!", 
      "quantity": "1 1/2", 
      "substitute": "no substitute needed", 
      "unit": "teaspoons"
    }, 
    "extra-virgin olive oil, divided, plus additional for brushing": {
      "flour": "Safe", 
      "gluten": "no gluten here!", 
      "quantity": "6", 
      "substitute": "no substitute needed", 
      "unit": "tablespoons"
    }, 
    "freshly ground black pepper": {
      "flour": "Safe", 
      "gluten": "no gluten here!", 
      "quantity": "", 
      "substitute": "no substitute needed", 
      "unit": ""
    }, 
    "large garlic clove, minced, plus 1 garlic clove, halved": {
      "flour": "Safe", 
      "gluten": "no gluten here!", 
      "quantity": "1", 
      "substitute": "no substitute needed", 
      "unit": ""
    }, 
    "medium head of escarole (about 13 ounces), halved lengthwise": {
      "flour": "Safe", 
      "gluten": "no gluten here!", 
      "quantity": "1", 
      "substitute": "no substitute needed", 
      "unit": ""
    }, 
    "mostarda": {
      "flour": "Safe", 
      "gluten": "no gluten here!", 
      "quantity": "8", 
      "substitute": "no substitute needed", 
      "unit": "teaspoons"
    }, 
    "plus 1 teaspoon red wine vinegar": {
      "flour": "Safe", 
      "gluten": "no gluten here!", 
      "quantity": "1", 
      "substitute": "no substitute needed", 
      "unit": "tablespoon"
    }, 
    "thick slices applewood-smoked bacon, halved crosswise": {
      "flour": "Safe", 
      "gluten": "no gluten here!", 
      "quantity": "8", 
      "substitute": "no substitute needed", 
      "unit": ""
    }
  }, 
  "instructions": [
    "Place escarole in bowl. Drizzle with 2 tablespoons oil; sprinkle with 1 teaspoon salt and pinch of ground black pepper. Let stand 5 minutes.", 
    "Heat large skillet over high heat. Cook escarole until browned and wilted, about 6 minutes; turn and cook until tender, about 3 minutes. Transfer to cutting board and cool. Cut off root end and any blackened pieces from escarole and discard, then coarsely chop escarole.", 
    "Whisk 4 tablespoons oil, vinegar, minced garlic, and 1/2 teaspoon salt in medium bowl. Season with pepper. Add escarole and toss to coat; let stand at least 15 minutes and up to 30 minutes.", 
    "Preheat oven to 400\u00b0F. Brush bread slices on 1 side with additional olive oil. Place oiled side up on baking sheet and bake until golden, about 6 minutes. Rub bread with halved garlic.", 
    "Meanwhile, cook bacon in large skillet over medium-high heat until brown but not crisp.", 
    "Place 2 crostini on each of 4 plates. Divide escarole among crostini; top each with 1 bacon piece and 1 cheese slice. Sprinkle with salt and black pepper. Top each with 1 teaspoon mostarda."
  ], 
  "keywords": [
    "Appetizers", 
    "Bacon Recipes", 
    "Cheese Recipes", 
    "Condiments", 
    "Easy Recipes", 
    "Escarole Recipes", 
    "Fruit Recipes", 
    "Hors Doeuvre", 
    "Italian Food", 
    "Leafy Green Recipes", 
    "Mozzarella Recipes", 
    "Nancy Silverton", 
    "Salad Recipes", 
    "Spring Food"
  ], 
  "name": "Escarole and Bacon Crostini with Mostarda", 
  "proteinContent": "", 
  "saturatedFatContent": "", 
  "servings": "Servings: 4", 
  "sodiumContent": "", 
  "sugarContent": "", 
  "url": "http://www.bonappetit.com/recipe/escarole-and-bacon-crostini-with-mostarda"
}