{
  "calories": "", 
  "carbohydrateContent": "", 
  "cholesterolContent": "", 
  "description": "Take care with these little shrimp: Once they hit the oil, they\u2019ll cook through quickly.", 
  "fatContent": "", 
  "fiberContent": "", 
  "image": "http://www.bonappetit.com/wp-content/uploads/2014/04/garlic-shrimp-with-chiles-de-arbol-940x600.jpg", 
  "ingredients": {
    "coarsely chopped fresh flat-leaf parsley": {
      "flour": "Safe", 
      "gluten": "no gluten here!", 
      "quantity": "1", 
      "substitute": "no substitute needed", 
      "unit": "tablespoon"
    }, 
    "crusty bread (for serving)": {
      "flour": "Safe", 
      "gluten": "no gluten here!", 
      "quantity": "", 
      "substitute": "no substitute needed", 
      "unit": ""
    }, 
    "dried chiles de \u00e1rbol, crumbled, or \u00bd tsp. crushed red pepper flakes": {
      "flour": "Safe", 
      "gluten": "no gluten here!", 
      "quantity": "2", 
      "substitute": "no substitute needed", 
      "unit": ""
    }, 
    "garlic cloves, finely chopped": {
      "flour": "Safe", 
      "gluten": "no gluten here!", 
      "quantity": "4", 
      "substitute": "no substitute needed", 
      "unit": ""
    }, 
    "kosher salt": {
      "flour": "Safe", 
      "gluten": "no gluten here!", 
      "quantity": "", 
      "substitute": "no substitute needed", 
      "unit": ""
    }, 
    "olive oil": {
      "flour": "Safe", 
      "gluten": "no gluten here!", 
      "quantity": "\u00bd", 
      "substitute": "no substitute needed", 
      "unit": "cup"
    }, 
    "small shrimp, peeled, deveined": {
      "flour": "Safe", 
      "gluten": "no gluten here!", 
      "quantity": "1", 
      "substitute": "no substitute needed", 
      "unit": "pound"
    }
  }, 
  "instructions": [
    "Heat \u00bc cup oil in a large skillet over medium heat. Add half of garlic and half of chiles and cook, stirring occasionally, until garlic is barely golden, about 1 minute. Season half of shrimp with salt and cook until just cooked through, about 1 minute per side; transfer shrimp and oil to a bowl. Repeat with remaining oil, garlic, chile, and shrimp. Return first batch of shrimp and oil to skillet. Season with salt and toss in parsley. Serve with bread."
  ], 
  "keywords": [
    "Appetizers", 
    "Chile", 
    "Parsley Recipes", 
    "Shrimp Recipes", 
    "Spanish Food", 
    "Spicy Food", 
    "tour de basque recipes"
  ], 
  "name": "Garlic Shrimp with Chiles de \u00c1rbol", 
  "proteinContent": "", 
  "saturatedFatContent": "", 
  "servings": "Servings: 6 appetizer", 
  "sodiumContent": "", 
  "sugarContent": "", 
  "url": "http://www.bonappetit.com/recipe/garlic-shrimp-with-chiles-de-arbol"
}