{
  "calories": "", 
  "carbohydrateContent": "", 
  "cholesterolContent": "", 
  "description": "This is what ranch dressing would taste like if it spent a few months traipsing through the Middle East.", 
  "fatContent": "", 
  "fiberContent": "", 
  "image": "http://www.bonappetit.com/wp-content/uploads/2014/07/haricots-verts-and-freekeh-with-minty-tahini-dressing-940x600.jpg", 
  "ingredients": {
    "aleppo pepper or crushed red pepper flakes": {
      "flour": "Safe", 
      "gluten": "no gluten here!", 
      "quantity": "\u00bc", 
      "substitute": "no substitute needed", 
      "unit": "teaspoon"
    }, 
    "coarsely chopped walnuts": {
      "flour": "Safe", 
      "gluten": "no gluten here!", 
      "quantity": "\u00bc", 
      "substitute": "no substitute needed", 
      "unit": "cup"
    }, 
    "cracked or uncracked freekeh, rinsed": {
      "flour": "Safe", 
      "gluten": "no gluten here!", 
      "quantity": "\u00bc", 
      "substitute": "no substitute needed", 
      "unit": "cup"
    }, 
    "dried mint": {
      "flour": "Safe", 
      "gluten": "no gluten here!", 
      "quantity": "\u00bd", 
      "substitute": "no substitute needed", 
      "unit": "teaspoon"
    }, 
    "fresh cilantro leaves with tender stems": {
      "flour": "Safe", 
      "gluten": "no gluten here!", 
      "quantity": "\u00bc", 
      "substitute": "no substitute needed", 
      "unit": "cup"
    }, 
    "fresh dill sprigs": {
      "flour": "Safe", 
      "gluten": "no gluten here!", 
      "quantity": "\u00bc", 
      "substitute": "no substitute needed", 
      "unit": "cup"
    }, 
    "fresh flat-leaf parsley leaves with tender stems": {
      "flour": "Safe", 
      "gluten": "no gluten here!", 
      "quantity": "\u00bc", 
      "substitute": "no substitute needed", 
      "unit": "cup"
    }, 
    "fresh lemon juice": {
      "flour": "Safe", 
      "gluten": "no gluten here!", 
      "quantity": "2", 
      "substitute": "no substitute needed", 
      "unit": "tablespoons"
    }, 
    "haricots verts, trimmed": {
      "flour": "Safe", 
      "gluten": "no gluten here!", 
      "quantity": "1", 
      "substitute": "no substitute needed", 
      "unit": "pound"
    }, 
    "kosher salt": {
      "flour": "Safe", 
      "gluten": "no gluten here!", 
      "quantity": "", 
      "substitute": "no substitute needed", 
      "unit": ""
    }, 
    "olive oil": {
      "flour": "Safe", 
      "gluten": "no gluten here!", 
      "quantity": "2", 
      "substitute": "no substitute needed", 
      "unit": "tablespoons"
    }, 
    "pure maple syrup": {
      "flour": "Safe", 
      "gluten": "no gluten here!", 
      "quantity": "\u00bd", 
      "substitute": "no substitute needed", 
      "unit": "teaspoon"
    }, 
    "small garlic clove, finely grated": {
      "flour": "Safe", 
      "gluten": "no gluten here!", 
      "quantity": "1", 
      "substitute": "no substitute needed", 
      "unit": ""
    }, 
    "tahini": {
      "flour": "Safe", 
      "gluten": "no gluten here!", 
      "quantity": "2", 
      "substitute": "no substitute needed", 
      "unit": "tablespoons"
    }
  }, 
  "instructions": [
    "Cook freekeh in a large saucepan of salted simmering water until al dente, 12\u201315 minutes for cracked and 30\u201335 for uncracked. Drain and rinse under cold water; set aside.", 
    "Meanwhile, cook haricots verts in a small pot of boiling salted water until crisp-tender, about 4 minutes. Drain and transfer to a large bowl of ice water; let cool. Drain, then pat dry.", 
    "Whisk garlic, lemon juice, oil, tahini, mint, maple syrup, and 1 tsp. water in a large bowl; season with salt. Add freekeh and haricots verts and toss gently to coat; season with salt.", 
    "Serve freekeh and haricots verts topped with walnuts, cilantro, dill, parsley, and Aleppo pepper.", 
    "DO AHEAD:Freekeh and haricots verts can be cooked 2 days ahead. Cover and chill separately."
  ], 
  "keywords": [
    "Aleppo Pepper", 
    "Cilantro", 
    "Dill", 
    "Freekeh", 
    "Green Beans", 
    "Haricot Verts", 
    "Hot Pepper", 
    "Lemon", 
    "Maple Syrup", 
    "Middle Eastern Food", 
    "Mint", 
    "ottolenghi recipes", 
    "Parsley", 
    "Tahini", 
    "Walnuts"
  ], 
  "name": "Haricots Verts and Freekeh with Minty Tahini Dressing", 
  "proteinContent": "", 
  "saturatedFatContent": "", 
  "servings": "Servings: 6", 
  "sodiumContent": "", 
  "sugarContent": "", 
  "url": "http://www.bonappetit.com/recipe/haricots-verts-and-freekeh-with-minty-tahini-dressing"
}