{
  "calories": "", 
  "carbohydrateContent": "", 
  "cholesterolContent": "", 
  "fatContent": "", 
  "fiberContent": "", 
  "image": "http://www.bonappetit.com/wp-content/uploads/2013/09/grape-and-apple-pie.jpg", 
  "ingredients": {
    "(2 sticks) chilled unsalted butter, cut into 1/2' cubes": {
      "flour": "Safe", 
      "gluten": "no gluten here!", 
      "quantity": "1", 
      "substitute": "no substitute needed", 
      "unit": "cup"
    }, 
    "all-purpose flour": {
      "flour": {
        "type": {
          "binder": {
            "type": "xanthum gum", 
            "weight": 0.5
          }, 
          "density": {
            "type": "brown rice flour", 
            "weight": 0.142
          }, 
          "fat": {
            "type": "almond flour", 
            "weight": 0.142
          }, 
          "leavener": "", 
          "lightness": {
            "type": "white rice flour", 
            "weight": 0.284
          }, 
          "protein": {
            "type": "sorghum flour", 
            "weight": 0.142
          }, 
          "starch": {
            "type": "potato starch", 
            "weight": 0.284
          }, 
          "stickiness": "", 
          "texture": ""
        }, 
        "weight": 125
      }, 
      "gluten": "gluten here!", 
      "quantity": "2", 
      "substitute": "flour ratio", 
      "unit": "tablespoons"
    }, 
    "all-purpose flour plus more for surface": {
      "flour": {
        "type": {
          "binder": {
            "type": "xanthum gum", 
            "weight": 0.5
          }, 
          "density": {
            "type": "brown rice flour", 
            "weight": 0.142
          }, 
          "fat": {
            "type": "almond flour", 
            "weight": 0.142
          }, 
          "leavener": "", 
          "lightness": {
            "type": "white rice flour", 
            "weight": 0.284
          }, 
          "protein": {
            "type": "sorghum flour", 
            "weight": 0.142
          }, 
          "starch": {
            "type": "potato starch", 
            "weight": 0.284
          }, 
          "stickiness": "", 
          "texture": ""
        }, 
        "weight": 125
      }, 
      "gluten": "gluten here!", 
      "quantity": "3", 
      "substitute": "flour ratio", 
      "unit": "cups"
    }, 
    "kosher salt": {
      "flour": "Safe", 
      "gluten": "no gluten here!", 
      "quantity": "1 1/2", 
      "substitute": "no substitute needed", 
      "unit": "teaspoons"
    }, 
    "plus 2 tablespoons sugar": {
      "flour": "Safe", 
      "gluten": "no gluten here!", 
      "quantity": "3/4", 
      "substitute": "no substitute needed", 
      "unit": "cup"
    }, 
    "red or black grapes, halved, seeded if needed": {
      "flour": "Safe", 
      "gluten": "no gluten here!", 
      "quantity": "1", 
      "substitute": "no substitute needed", 
      "unit": "pound"
    }, 
    "sugar": {
      "flour": "Safe", 
      "gluten": "no gluten here!", 
      "quantity": "1", 
      "substitute": "no substitute needed", 
      "unit": "tablespoon"
    }, 
    "tart, crisp apples (such as crispin or pink lady), peeled, quartered, cored, thinly sliced": {
      "flour": "Safe", 
      "gluten": "no gluten here!", 
      "quantity": "3", 
      "substitute": "no substitute needed", 
      "unit": "pounds"
    }, 
    "vanilla ice cream (optional)": {
      "flour": "Safe", 
      "gluten": "no gluten here!", 
      "quantity": "", 
      "substitute": "no substitute needed", 
      "unit": ""
    }, 
    "vegetable shortening": {
      "flour": "Safe", 
      "gluten": "no gluten here!", 
      "quantity": "1/2", 
      "substitute": "no substitute needed", 
      "unit": "cup"
    }
  }, 
  "instructions": [
    "Pulse flour, sugar, and salt in a food processor.  Add butter and shortening; pulse just until coarse meal forms.  Add 1/3 cup ice water; pulse until dough forms clumps, adding more ice water by teaspoonfuls if dry.  Gather dough into a ball; divide in half.  Flatten into disks, wrap in plastic, and chill for at least 1 hour and up to 2 days.", 
    "Roll out 1 dough disk on a lightly floured surface into an 11\" round.  Transfer to pie dish; press gently onto bottom and up sides of dish.  Trim dough flush with edge of dish, leaving no overhang.  Freeze until firm, about 10 minutes.  Add scraps to remaining dough disk; roll out on parchment paper to a 12\" round.  Slide paper with dough onto a rimless baking sheet and chill in refrigerator.", 
    "Preheat oven to 375&#176;.  Line dough in pie dish with foil or parchment paper.  Fill foil with pie weights or dried beans.  Bake until edges are just beginning to turn golden, 25\u201330 minutes.  Remove foil and pie weights.  Return dish to oven; continue baking until crush is dark golden all over, about 20 minutes longer.  Transfer pan to a wire rack; let crush cool completely.", 
    "", 
    "Mix apples, grapes, sugar, and flour in a large saucepan; stir to coat.  Cook over medium\u2013low heat, stirring often, until fruit is translucent and juices are thickened, 30\u201340 minutes.  Let mixture cool to room temperature.", 
    "Prehead oven to 375&#176;.  Transfer fruit to crust.  Remove remaining dough from refrigerator.  Using a decorative cutter, make a pattern in center of dough, leaving a 2\" plain border; reserve cutouts.  Invert dough over fruit in crust; peel off parchment paper.  Trim dough along edge of crust, leaving no overhang.  Arrange reserved dough cutouts decoratively over top crust, pressing lightly to adhere.  Place pie on baking sheet.", 
    "Bake pie until crust is golden brown and juices bubble, 50 minutes\u20131 hour.  Transfer to a wire rack to cool.  DO AHEAD: Can be made 8 hours ahead.  Let stand at room temperature.  Serve with ice cream, if desired."
  ], 
  "keywords": [
    "Apple", 
    "Desserts", 
    "Dinner", 
    "Grape Recipes", 
    "Legends Of The Fall", 
    "Legends Of The Fall Recipes", 
    "Pie Recipes", 
    "Thanksgiving"
  ], 
  "name": "Grape & Apple Pie", 
  "proteinContent": "", 
  "saturatedFatContent": "", 
  "servings": "Servings: 8", 
  "sodiumContent": "", 
  "sugarContent": "", 
  "url": "http://www.bonappetit.com/recipe/grape-and-apple-pie"
}