{
  "calories": "", 
  "carbohydrateContent": "", 
  "cholesterolContent": "", 
  "description": "Drying the cooked potatoes in the pan means that they'll absorb that much more flavor from your herb-infused dairy. Don't skip this step! Watchthis videofor even more mashed potato tips.", 
  "fatContent": "", 
  "fiberContent": "", 
  "image": "http://www.bonappetit.com/wp-content/uploads/2014/10/extra-buttery-mashed-spuds-940x600.jpg", 
  "ingredients": {
    "(1\u00bd sticks) unsalted butter, plus more for serving": {
      "flour": "Safe", 
      "gluten": "no gluten here!", 
      "quantity": "\u00be", 
      "substitute": "no substitute needed", 
      "unit": "cup"
    }, 
    "bay leaves": {
      "flour": "Safe", 
      "gluten": "no gluten here!", 
      "quantity": "2", 
      "substitute": "no substitute needed", 
      "unit": ""
    }, 
    "freshly ground black pepper": {
      "flour": "Safe", 
      "gluten": "no gluten here!", 
      "quantity": "", 
      "substitute": "no substitute needed", 
      "unit": ""
    }, 
    "kosher salt, plus more": {
      "flour": "Safe", 
      "gluten": "no gluten here!", 
      "quantity": "1", 
      "substitute": "no substitute needed", 
      "unit": "tablespoon"
    }, 
    "sprigs thyme (optional)": {
      "flour": "Safe", 
      "gluten": "no gluten here!", 
      "quantity": "3", 
      "substitute": "no substitute needed", 
      "unit": ""
    }, 
    "whole milk": {
      "flour": "Safe", 
      "gluten": "no gluten here!", 
      "quantity": "1\u00bd", 
      "substitute": "no substitute needed", 
      "unit": "cups"
    }, 
    "yukon gold potatoes, peeled, cut into 2&rdquo; pieces": {
      "flour": "Safe", 
      "gluten": "no gluten here!", 
      "quantity": "4", 
      "substitute": "no substitute needed", 
      "unit": "pounds"
    }
  }, 
  "instructions": [
    "Place potatoes in a large pot and pour in cold water to cover by 1&rdquo;. Add salt and bring to a boil. Reduce heat and simmer until potatoes are very tender but not saturated or crumbly, 20\u201325 minutes (boiling will lead to waterlogged pieces).", 
    "Drain potatoes, reserving \u00bd cup cooking liquid if making potatoes ahead. Return potatoes to pot and set over low heat. Gently stir until dry, about 1 minute.", 
    "Meanwhile, heat milk, thyme sprigs, if desired, bay leaves, and \u00be cup butter in a small saucepan over medium heat until butter is melted. Remove from heat.", 
    "Pass hot potatoes through a ricer into a large bowl (if allowed to cool, the potatoes will become gummy).", 
    "Remove herbs from warm milk mixture; discard. Gradually add milk mixture to potatoes, stirring vigorously with a wooden spoon until combined and smooth; season with salt and pepper.", 
    "Serve mashed potatoes with a few pats of butter on top.", 
    "DO AHEAD:Potatoes can be made 4 hours ahead. Pass through ricer into a large pot and cover. Just before serving, reheat over low, gently stirring in reserved potato cooking liquid as needed to loosen."
  ], 
  "keywords": [
    "Butter", 
    "Mashed Potatoes", 
    "Potatoes", 
    "Side", 
    "thanksgiving food", 
    "thanksgiving side", 
    "Thyme"
  ], 
  "name": "Extra-Buttery Mashed Potatoes", 
  "proteinContent": "", 
  "saturatedFatContent": "", 
  "servings": "Servings: 8", 
  "sodiumContent": "", 
  "sugarContent": "", 
  "url": "http://www.bonappetit.com/recipe/extra-buttery-mashed-potatoes"
}