{
  "calories": "", 
  "carbohydrateContent": "", 
  "cholesterolContent": "", 
  "fatContent": "", 
  "fiberContent": "", 
  "image": "http://www.bonappetit.com/wp-content/uploads/2011/12/baked-saffron-falafel-646.jpg", 
  "ingredients": {
    "baking powder": {
      "flour": "Safe", 
      "gluten": "no gluten here!", 
      "quantity": "1", 
      "substitute": "no substitute needed", 
      "unit": "teaspoon"
    }, 
    "buckwheat flour": {
      "flour": "Safe", 
      "gluten": "no gluten here!", 
      "quantity": "1", 
      "substitute": "no substitute needed", 
      "unit": "tablespoon"
    }, 
    "cooked or canned chickpeas, rinsed, drained": {
      "flour": "Safe", 
      "gluten": "no gluten here!", 
      "quantity": "2", 
      "substitute": "no substitute needed", 
      "unit": "cups"
    }, 
    "fresh lemon juice": {
      "flour": "Safe", 
      "gluten": "no gluten here!", 
      "quantity": "2", 
      "substitute": "no substitute needed", 
      "unit": "tablespoons"
    }, 
    "fresh orange juice": {
      "flour": "Safe", 
      "gluten": "no gluten here!", 
      "quantity": "4", 
      "substitute": "no substitute needed", 
      "unit": "tablespoons"
    }, 
    "galic clove, minced": {
      "flour": "Safe", 
      "gluten": "no gluten here!", 
      "quantity": "1", 
      "substitute": "no substitute needed", 
      "unit": ""
    }, 
    "garlic cloves, coarsely chopped": {
      "flour": "Safe", 
      "gluten": "no gluten here!", 
      "quantity": "2", 
      "substitute": "no substitute needed", 
      "unit": ""
    }, 
    "olive oil": {
      "flour": "Safe", 
      "gluten": "no gluten here!", 
      "quantity": "3", 
      "substitute": "no substitute needed", 
      "unit": "tablespoons"
    }, 
    "plain soy yogurt": {
      "flour": "Safe", 
      "gluten": "no gluten here!", 
      "quantity": "2\u20133", 
      "substitute": "no substitute needed", 
      "unit": "tablespoons"
    }, 
    "raw shelled sunflower seeds": {
      "flour": "Safe", 
      "gluten": "no gluten here!", 
      "quantity": "1/2", 
      "substitute": "no substitute needed", 
      "unit": "cup"
    }, 
    "red cabbage, cored": {
      "flour": "Safe", 
      "gluten": "no gluten here!", 
      "quantity": "1", 
      "substitute": "no substitute needed", 
      "unit": ""
    }, 
    "saffron threads": {
      "flour": "Safe", 
      "gluten": "no gluten here!", 
      "quantity": "1/4", 
      "substitute": "no substitute needed", 
      "unit": "teaspoon"
    }, 
    "salad greens": {
      "flour": "Safe", 
      "gluten": "no gluten here!", 
      "quantity": "1", 
      "substitute": "no substitute needed", 
      "unit": "cup"
    }, 
    "small onion, coarsely chopped": {
      "flour": "Safe", 
      "gluten": "no gluten here!", 
      "quantity": "1", 
      "substitute": "no substitute needed", 
      "unit": ""
    }, 
    "tahini (sesame seed paste)": {
      "flour": "Safe", 
      "gluten": "no gluten here!", 
      "quantity": "4", 
      "substitute": "no substitute needed", 
      "unit": "tablespoons"
    }
  }, 
  "instructions": [
    "Preheat oven to 375\u00b0. Line a baking sheet with parchment paper. Pulse sunflower seeds in a food processor for about 30 seconds. Add chickpeas and pulse 1 minute longer. Add onion and remaining ingredients and pulse, occasionally scraping down sides of work bowl, until mixture is slightly coarse and well combined. Using your hands, form 24 small round falafels and place on prepared sheet. Bake, turning every 5 minutes, until falafels are evenly brown, about 15 minutes.", 
    "Using a fork, beat tahini, orange juice, and garlic in a bowl until creamy dressing forms. Set aside.", 
    "Gently separate leaves from cabbage; rinse and pat dry. Place 2 falafels in the center of a cabbage leaf. Top with a few greens; spoon a little dressing and yogurt over. Fold each side of leaf in toward center, about 1\u20132-inch, then fold the end closer to you over the filling and tuck it under the falafels. Tie with kitchen twine to hold together."
  ], 
  "keywords": [
    "Buckwheat", 
    "Cabbage", 
    "Chickpea", 
    "Falafel", 
    "Middle Eastern Food", 
    "Saffron", 
    "sunflower", 
    "Tahini"
  ], 
  "name": "Baked Saffron Falafel", 
  "proteinContent": "", 
  "saturatedFatContent": "", 
  "servings": "Servings: 4\u20136", 
  "sodiumContent": "", 
  "sugarContent": "", 
  "url": "http://www.bonappetit.com/recipe/baked-saffron-falafel"
}