{
  "calories": "", 
  "carbohydrateContent": "", 
  "cholesterolContent": "", 
  "fatContent": "", 
  "fiberContent": "", 
  "image": "http://www.bonappetit.com/wp-content/uploads/2011/07/baltimore-crab-cake-484.jpg", 
  "ingredients": {
    "cup mayonnaise": {
      "flour": "Safe", 
      "gluten": "no gluten here!", 
      "quantity": "1/4", 
      "substitute": "no substitute needed", 
      "unit": "cup"
    }, 
    "dijon mustard": {
      "flour": "Safe", 
      "gluten": "no gluten here!", 
      "quantity": "1", 
      "substitute": "no substitute needed", 
      "unit": "tablespoon"
    }, 
    "fresh lemon juice plus wedges for garnish": {
      "flour": "Safe", 
      "gluten": "no gluten here!", 
      "quantity": "2", 
      "substitute": "no substitute needed", 
      "unit": "teaspoons"
    }, 
    "freshly ground black pepper": {
      "flour": "Safe", 
      "gluten": "no gluten here!", 
      "quantity": "1/8", 
      "substitute": "no substitute needed", 
      "unit": "teaspoon"
    }, 
    "head bibb lettuce": {
      "flour": "Safe", 
      "gluten": "no gluten here!", 
      "quantity": "1", 
      "substitute": "no substitute needed", 
      "unit": ""
    }, 
    "jalape\u00f1o, seeded, finely chopped": {
      "flour": "Safe", 
      "gluten": "no gluten here!", 
      "quantity": "1/2", 
      "substitute": "no substitute needed", 
      "unit": ""
    }, 
    "kosher salt": {
      "flour": "Safe", 
      "gluten": "no gluten here!", 
      "quantity": "1/4", 
      "substitute": "no substitute needed", 
      "unit": "teaspoon"
    }, 
    "large egg, lightly beaten": {
      "flour": "Safe", 
      "gluten": "no gluten here!", 
      "quantity": "1", 
      "substitute": "no substitute needed", 
      "unit": ""
    }, 
    "lump crabmeat, picked over": {
      "flour": "Safe", 
      "gluten": "no gluten here!", 
      "quantity": "1", 
      "substitute": "no substitute needed", 
      "unit": "pound"
    }, 
    "old bay seasoning": {
      "flour": "Safe", 
      "gluten": "no gluten here!", 
      "quantity": "1 1/2", 
      "substitute": "no substitute needed", 
      "unit": "teaspoons"
    }, 
    "panko (japanese breadcrumbs), divided": {
      "flour": "Safe", 
      "gluten": "gluten here!", 
      "quantity": "1 1/4", 
      "substitute": "gluten-free panko", 
      "unit": "cups"
    }, 
    "scallions, thinly sliced": {
      "flour": "Safe", 
      "gluten": "no gluten here!", 
      "quantity": "2", 
      "substitute": "no substitute needed", 
      "unit": ""
    }, 
    "thinly sliced chives": {
      "flour": "Safe", 
      "gluten": "no gluten here!", 
      "quantity": "1", 
      "substitute": "no substitute needed", 
      "unit": "tablespoon"
    }, 
    "vegetable oil": {
      "flour": "Safe", 
      "gluten": "no gluten here!", 
      "quantity": "2", 
      "substitute": "no substitute needed", 
      "unit": "tablespoons"
    }
  }, 
  "instructions": [
    "Whisk first 7 ingredients in a medium bowl. Add crab; fold to blend. Stir in 3/4 cup panko, chives, salt, and pepper. Divide into 6 equal portions. Form each into 1\"-thick patties. Refrigerate for at least 10 minutes. Line a platter with lettuce leaves.", 
    "Heat oil in a large skillet over medium heat. Place remaining 1/2 cup panko on a plate. Coat cakes with panko. Fry until golden brown and crisp, 3-4 minutes per side. Arrange atop lettuce; serve with lemon wedges."
  ], 
  "keywords": [
    "Appetizers", 
    "Crab Recipes", 
    "Easy Recipes", 
    "Fast Easy Fresh", 
    "Seafood Recipes", 
    "Summer Recipes", 
    "Trail_090312"
  ], 
  "name": "Baltimore Crab Cakes", 
  "proteinContent": "", 
  "saturatedFatContent": "", 
  "servings": "Servings: makes 6", 
  "sodiumContent": "", 
  "sugarContent": "", 
  "url": "http://www.bonappetit.com/recipe/baltimore-crab-cakes"
}