{
  "calories": "", 
  "carbohydrateContent": "", 
  "cholesterolContent": "", 
  "fatContent": "", 
  "fiberContent": "", 
  "image": "http://www.bonappetit.com/wp-content/uploads/2008/04/grilled-chorizo-goat-cheese-and-watercress-pita-pizzas-646.jpg", 
  "ingredients": {
    "(packed) watercress tops, divided": {
      "flour": "Safe", 
      "gluten": "no gluten here!", 
      "quantity": "4", 
      "substitute": "no substitute needed", 
      "unit": "cups"
    }, 
    "5- to 6-inch-diameter pita breads": {
      "flour": "Safe", 
      "gluten": "gluten here!", 
      "quantity": "8", 
      "substitute": "gluten-free bread", 
      "unit": ""
    }, 
    "fresh pork or beef chorizo sausages, plastic casings removed": {
      "flour": "Safe", 
      "gluten": "no gluten here!", 
      "quantity": "14", 
      "substitute": "no substitute needed", 
      "unit": "ounces"
    }, 
    "mini sweet peppers (1 yellow, 1 orange, and 1 red), cut into thin rings": {
      "flour": "Safe", 
      "gluten": "no gluten here!", 
      "quantity": "3", 
      "substitute": "no substitute needed", 
      "unit": ""
    }, 
    "olive oil": {
      "flour": "Safe", 
      "gluten": "no gluten here!", 
      "quantity": "", 
      "substitute": "no substitute needed", 
      "unit": ""
    }, 
    "soft fresh goat cheese, crumbled": {
      "flour": "Safe", 
      "gluten": "no gluten here!", 
      "quantity": "8", 
      "substitute": "no substitute needed", 
      "unit": "ounces"
    }
  }, 
  "instructions": [
    "Prepare barbecue (medium heat). Saut\u00e8 chorizo in large skillet over medium-high heat until cooked through, breaking up with spoon, about 8 minutes. Transfer chorizo to sieve set over bowl and drain. Mix 2 1/2 cups watercress and goat cheese in medium bowl.", 
    "Lightly brush 1 side of each pita bread with oil. Grill, oiled side down, until bottom is just crisp, about 2 minutes. Transfer to work surface, grilled side up. Cover each pita bread with cheese mixture, chorizo, and several sweet pepper rings, dividing equally.", 
    "Return pita pizzas to barbecue. Grill, covered, until goat cheese softens, about 2 minutes. Transfer pita pizzas to serving platter. Top each with more watercress and serve."
  ], 
  "keywords": [
    "American", 
    "Barbecue", 
    "Chorizo", 
    "Dinner", 
    "Easy Recipes", 
    "Goat Cheese", 
    "Grilling", 
    "Leafy Green", 
    "Low Cal", 
    "Main Course", 
    "Main Dishes", 
    "Pepper", 
    "Pita", 
    "Pizza", 
    "Pizza Recipes", 
    "Sausage", 
    "Sausages", 
    "Summer", 
    "Vegetarian Recipes", 
    "Watercress Recipes"
  ], 
  "name": "Grilled Chorizo, Goat Cheese, and Watercress Pita Pizzas", 
  "proteinContent": "", 
  "saturatedFatContent": "", 
  "servings": "", 
  "sodiumContent": "", 
  "sugarContent": "", 
  "url": "http://www.bonappetit.com/recipe/grilled-chorizo-goat-cheese-and-watercress-pita-pizzas"
}