{
  "calories": "", 
  "carbohydrateContent": "", 
  "cholesterolContent": "", 
  "fatContent": "", 
  "fiberContent": "", 
  "image": "http://www.bonappetit.com/wp-content/uploads/2012/03/green-lentil-spread-646.jpg", 
  "ingredients": {
    "(about) low-salt chicken broth": {
      "flour": "Safe", 
      "gluten": "no gluten here!", 
      "quantity": "2", 
      "substitute": "no substitute needed", 
      "unit": "cups"
    }, 
    "(or more) fresh lemon juice": {
      "flour": "Safe", 
      "gluten": "no gluten here!", 
      "quantity": "2", 
      "substitute": "no substitute needed", 
      "unit": "tablespoons"
    }, 
    "bay leaf": {
      "flour": "Safe", 
      "gluten": "no gluten here!", 
      "quantity": "1", 
      "substitute": "no substitute needed", 
      "unit": ""
    }, 
    "chopped celery": {
      "flour": "Safe", 
      "gluten": "no gluten here!", 
      "quantity": "1/4", 
      "substitute": "no substitute needed", 
      "unit": "cup"
    }, 
    "chopped onion": {
      "flour": "Safe", 
      "gluten": "no gluten here!", 
      "quantity": "1/2", 
      "substitute": "no substitute needed", 
      "unit": "cup"
    }, 
    "dry white wine": {
      "flour": "Safe", 
      "gluten": "no gluten here!", 
      "quantity": "1/2", 
      "substitute": "no substitute needed", 
      "unit": "cup"
    }, 
    "finely chopped peeled carrot": {
      "flour": "Safe", 
      "gluten": "no gluten here!", 
      "quantity": "2", 
      "substitute": "no substitute needed", 
      "unit": "tablespoons"
    }, 
    "french green lentils or brown lentils (8 ounces), rinsed": {
      "flour": "Safe", 
      "gluten": "no gluten here!", 
      "quantity": "1", 
      "substitute": "no substitute needed", 
      "unit": "cup"
    }, 
    "head of garlic": {
      "flour": "Safe", 
      "gluten": "no gluten here!", 
      "quantity": "1", 
      "substitute": "no substitute needed", 
      "unit": ""
    }, 
    "kosher salt and freshly ground black pepper": {
      "flour": "Safe", 
      "gluten": "no gluten here!", 
      "quantity": "", 
      "substitute": "no substitute needed", 
      "unit": ""
    }, 
    "plus 1/2 cup extra-virgin olive oil, divided": {
      "flour": "Safe", 
      "gluten": "no gluten here!", 
      "quantity": "1", 
      "substitute": "no substitute needed", 
      "unit": "tablespoon"
    }, 
    "small sprigs rosemary": {
      "flour": "Safe", 
      "gluten": "no gluten here!", 
      "quantity": "2", 
      "substitute": "no substitute needed", 
      "unit": ""
    }, 
    "small sprigs thyme": {
      "flour": "Safe", 
      "gluten": "no gluten here!", 
      "quantity": "3", 
      "substitute": "no substitute needed", 
      "unit": ""
    }
  }, 
  "instructions": [
    "Preheat oven to 375\u00b0. Cut top 1/2\" off head  of garlic; place on sheet of foil and drizzle with 1/2 Tbsp. oil. Roast garlic until tender, about 50 minutes. Let cool; squeeze cloves from skins and set aside. Discard skins.", 
    "Meanwhile, heat 1/2 Tbsp. oil in a large heavy pot over medium heat. Add onion  and next 5 ingredients; season with salt  and pepper. Cook until vegetables are  soft, about 5 minutes. Add lentils; stir for  2 minutes. Add wine; simmer until almost  all liquid is evaporated, 4\u20135 minutes. Pour  in broth to cover lentils by 1\". Bring to  a boil. Reduce heat to medium-low and  gently simmer, adding more broth or water by 1/4-cupfuls as needed, until lentils are  tender, about 30 minutes. Let cool slightly; discard herbs.", 
    "Pur\u00e9e lentil mixture and garlic cloves in  a food processor. Stir in remaining 1/2 cup  oil and 2 Tbsp. lemon juice. Season with salt, pepper, and more lemon juice, if desired."
  ], 
  "keywords": [
    "Dip Recipes", 
    "High Fiber", 
    "Lentil Recipes", 
    "Low Cholesterol Recipes", 
    "Low Saturated Fat Recipes", 
    "Low-Calorie Recipes", 
    "Rock Center Cafe", 
    "Rsvp"
  ], 
  "name": "Green Lentil Spread", 
  "proteinContent": "", 
  "saturatedFatContent": "", 
  "servings": "Servings: Makes 3 cups", 
  "sodiumContent": "", 
  "sugarContent": "", 
  "url": "http://www.bonappetit.com/recipe/green-lentil-spread"
}