{
  "calories": "", 
  "carbohydrateContent": "", 
  "cholesterolContent": "", 
  "description": "\u201cMy elementary school grapefruit, all grown up. I like the low notes of the red pepper flakes and rosemary against the sweet-tart citrus.\u201d \u2014Dawn Perry, senior food editor", 
  "fatContent": "", 
  "fiberContent": "", 
  "image": "http://www.bonappetit.com/wp-content/uploads/2013/12/grapefruit-with-chile-and-rosemary-940x600.jpg", 
  "ingredients": {
    "chopped fresh rosemary": {
      "flour": "Safe", 
      "gluten": "no gluten here!", 
      "quantity": "\u00bc", 
      "substitute": "no substitute needed", 
      "unit": "teaspoon"
    }, 
    "crushed red pepper flakes": {
      "flour": "Safe", 
      "gluten": "no gluten here!", 
      "quantity": "\u00bc", 
      "substitute": "no substitute needed", 
      "unit": "teaspoon"
    }, 
    "raw sugar": {
      "flour": "Safe", 
      "gluten": "no gluten here!", 
      "quantity": "2", 
      "substitute": "no substitute needed", 
      "unit": "teaspoons"
    }, 
    "red or pink grapefruit": {
      "flour": "Safe", 
      "gluten": "no gluten here!", 
      "quantity": "1", 
      "substitute": "no substitute needed", 
      "unit": ""
    }
  }, 
  "instructions": [
    "Cut grapefruit in half; using a small knife, cut along membranes to release segments. Dividing evenly, sprinkle grapefruit halves with sugar, red pepper flakes, and rosemary."
  ], 
  "keywords": [
    "Breakfast", 
    "Brunch", 
    "grapefruit challenge recipes", 
    "Grapefruit Recipes", 
    "Hot Pepper Recipes", 
    "Rosemary Recipes"
  ], 
  "name": "Grapefruit with Chile and Rosemary", 
  "proteinContent": "", 
  "saturatedFatContent": "", 
  "servings": "Servings: 2", 
  "sodiumContent": "", 
  "sugarContent": "", 
  "url": "http://www.bonappetit.com/recipe/grapefruit-with-chile-and-rosemary"
}