{
  "calories": "", 
  "carbohydrateContent": "", 
  "cholesterolContent": "", 
  "description": "The nutty, woodsy mushrooms play up the sweetness of the carrots. Memorize the dressing\u2014it\u2019s great on pretty much everything.", 
  "fatContent": "", 
  "fiberContent": "", 
  "image": "http://www.bonappetit.com/wp-content/uploads/2014/06/grilled-mushrooms-and-carrots-with-sesame-940x600.jpg", 
  "ingredients": {
    "finely grated peeled ginger": {
      "flour": "Safe", 
      "gluten": "no gluten here!", 
      "quantity": "1", 
      "substitute": "no substitute needed", 
      "unit": "teaspoon"
    }, 
    "kosher salt and freshly ground black pepper": {
      "flour": "Safe", 
      "gluten": "no gluten here!", 
      "quantity": "", 
      "substitute": "no substitute needed", 
      "unit": ""
    }, 
    "oz. maitake mushrooms": {
      "flour": "Safe", 
      "gluten": "no gluten here!", 
      "quantity": "12", 
      "substitute": "no substitute needed", 
      "unit": ""
    }, 
    "oz. shiitake mushrooms": {
      "flour": "Safe", 
      "gluten": "no gluten here!", 
      "quantity": "4", 
      "substitute": "no substitute needed", 
      "unit": ""
    }, 
    "oz. small carrots (about 6), scrubbed, halved lengthwise": {
      "flour": "Safe", 
      "gluten": "no gluten here!", 
      "quantity": "8", 
      "substitute": "no substitute needed", 
      "unit": ""
    }, 
    "reduced-sodium soy sauce": {
      "flour": "Safe", 
      "gluten": "gluten here!", 
      "quantity": "2", 
      "substitute": "gluten-free tamari", 
      "unit": "tablespoons"
    }, 
    "scallions, thinly sliced on a diagonal": {
      "flour": "Safe", 
      "gluten": "no gluten here!", 
      "quantity": "4", 
      "substitute": "no substitute needed", 
      "unit": ""
    }, 
    "toasted sesame oil": {
      "flour": "Safe", 
      "gluten": "no gluten here!", 
      "quantity": "1", 
      "substitute": "no substitute needed", 
      "unit": "tablespoon"
    }, 
    "toasted sesame seeds": {
      "flour": "Safe", 
      "gluten": "no gluten here!", 
      "quantity": "2", 
      "substitute": "no substitute needed", 
      "unit": "teaspoons"
    }, 
    "unseasoned rice vinegar": {
      "flour": "Safe", 
      "gluten": "no gluten here!", 
      "quantity": "2", 
      "substitute": "no substitute needed", 
      "unit": "tablespoons"
    }, 
    "vegetable oil, divided": {
      "flour": "Safe", 
      "gluten": "no gluten here!", 
      "quantity": "4", 
      "substitute": "no substitute needed", 
      "unit": "tablespoons"
    }
  }, 
  "instructions": [
    "Prepare grill for medium-high heat. Toss mushrooms and carrots with 3 Tbsp. vegetable oil in a large bowl; season with salt and pepper. Grill, turning mushrooms often and carrots occasionally, until tender and lightly charred in spots, about 4 minutes for mushrooms and 5\u20138 minutes for carrots. Let cool slightly on a cutting board.", 
    "Meanwhile, whisk soy sauce, vinegar, sesame oil, ginger, and remaining 1 Tbsp. vegetable oil in a large bowl.", 
    "Cut carrots into 2&rdquo;-long pieces, tear mushrooms into bite-size pieces. Add to bowl with vinaigrette along with scallions and sesame seeds and toss to coat; season with salt and pepper."
  ], 
  "keywords": [
    "Carrot Recipes", 
    "Ginger Recipes", 
    "grilled vegetable salad recipes", 
    "Grilling Food", 
    "Mushroom Recipes", 
    "Scallion Recipes", 
    "Sesame Recipes", 
    "Side", 
    "Sides", 
    "Soy Sauce Recipes", 
    "Summer Food", 
    "Summer Sides", 
    "Vegan Recipes", 
    "Vegetarian Recipes"
  ], 
  "name": "Grilled Mushrooms and Carrots with Sesame", 
  "proteinContent": "", 
  "saturatedFatContent": "", 
  "servings": "Servings: 4", 
  "sodiumContent": "", 
  "sugarContent": "", 
  "url": "http://www.bonappetit.com/recipe/grilled-mushrooms-and-carrots-with-sesame"
}