{
  "calories": "", 
  "carbohydrateContent": "", 
  "cholesterolContent": "", 
  "fatContent": "", 
  "fiberContent": "", 
  "image": "http://www.bonappetit.com/wp-content/uploads/2012/12/grape-and-watercress-salad-with-caraway-and-granola-646.jpg", 
  "ingredients": {
    "buttermilk": {
      "flour": "Safe", 
      "gluten": "no gluten here!", 
      "quantity": "1/4", 
      "substitute": "no substitute needed", 
      "unit": "cup"
    }, 
    "caraway seeds, toasted, ground": {
      "flour": "Safe", 
      "gluten": "no gluten here!", 
      "quantity": "2", 
      "substitute": "no substitute needed", 
      "unit": "teaspoons"
    }, 
    "extra-virgin olive oil": {
      "flour": "Safe", 
      "gluten": "no gluten here!", 
      "quantity": "", 
      "substitute": "no substitute needed", 
      "unit": ""
    }, 
    "kosher salt, freshly ground pepper": {
      "flour": "Safe", 
      "gluten": "no gluten here!", 
      "quantity": "", 
      "substitute": "no substitute needed", 
      "unit": ""
    }, 
    "large red grapes, halved, seeded if needed": {
      "flour": "Safe", 
      "gluten": "no gluten here!", 
      "quantity": "1", 
      "substitute": "no substitute needed", 
      "unit": "pound"
    }, 
    "pine nuts": {
      "flour": "Safe", 
      "gluten": "no gluten here!", 
      "quantity": "1", 
      "substitute": "no substitute needed", 
      "unit": "tablespoon"
    }, 
    "plain whole-milk greek yogurt": {
      "flour": "Safe", 
      "gluten": "no gluten here!", 
      "quantity": "1", 
      "substitute": "no substitute needed", 
      "unit": "cup"
    }, 
    "slivered almonds": {
      "flour": "Safe", 
      "gluten": "no gluten here!", 
      "quantity": "3", 
      "substitute": "no substitute needed", 
      "unit": "tablespoons"
    }, 
    "steel-cut oats": {
      "flour": "Safe", 
      "gluten": "no gluten here!", 
      "quantity": "3", 
      "substitute": "no substitute needed", 
      "unit": "tablespoons"
    }, 
    "sugar": {
      "flour": "Safe", 
      "gluten": "no gluten here!", 
      "quantity": "1", 
      "substitute": "no substitute needed", 
      "unit": "tablespoon"
    }, 
    "watercress, arugula, or upland cress, tough stems removed": {
      "flour": "Safe", 
      "gluten": "no gluten here!", 
      "quantity": "8", 
      "substitute": "no substitute needed", 
      "unit": "cups"
    }
  }, 
  "instructions": [
    "Whisk yogurt, buttermilk, and caraway seeds in a small bowl to form a thick dressing; season with salt and pepper. DO AHEAD: Dressing can be made 1 day ahead. Cover and chill.", 
    "Preheat oven to 300\u00b0. Stir sugar and 1/4 cup water in a medium microwave-safe bowl. Microwave on high until mixture is simmering and sugar is dissolved, about 30 seconds. (Alternatively, combine sugar and water in a small saucepan over medium heat until sugar is dissolved.) Stir in almonds, oats, and pine nuts. Let stand for 5 minutes (it's okay if not all liquid is absorbed). Spread out mixture on a rimmed baking sheet.", 
    "Bake mixture, stirring occasionally,  until golden brown and crunchy, about  35 minutes. Let cool completely in pan on  a wire rack. Break granola into clusters.  DO AHEAD: Granola can be made 1 day ahead. Store airtight at room temperature.", 
    "Spread 2 Tbsp. dressing in center of each plate. Scatter watercress and grapes around dressing; drizzle salad with oil and season with salt and pepper. Top with granola."
  ], 
  "keywords": [
    "Almond", 
    "Arugula", 
    "Buttermilk", 
    "Caraway", 
    "Granola Recipes", 
    "Grape Recipes", 
    "Healthy Recipes", 
    "Hot 10 Recipes", 
    "Low Cholesterol Recipes", 
    "Low Saturated Fat Recipes", 
    "Low Sodium Recipes", 
    "Low-Calorie Recipes", 
    "Oat Recipes", 
    "Oxheart Houston Recipes", 
    "Pine Nut Recipes", 
    "Salad Recipes", 
    "Vegetarian Recipes", 
    "Watercress Recipes"
  ], 
  "name": "Grape and Watercress Salad with Caraway and Granola", 
  "proteinContent": "", 
  "saturatedFatContent": "", 
  "servings": "Servings: 8", 
  "sodiumContent": "", 
  "sugarContent": "", 
  "url": "http://www.bonappetit.com/recipe/grape-and-watercress-salad-with-caraway-and-granola"
}