{
  "calories": "", 
  "carbohydrateContent": "", 
  "cholesterolContent": "", 
  "description": "Make sure you keep your grill at a steady medium-level heat; if it\u2019s too hot, the chicken will char without cooking through.", 
  "fatContent": "", 
  "fiberContent": "", 
  "image": "http://www.bonappetit.com/wp-content/uploads/2014/07/garlic-and-rosemary-grilled-chicken-with-scallions-940x600.jpg", 
  "ingredients": {
    "3\u00bd\u20134-lb. chicken, backbone removed": {
      "flour": "Safe", 
      "gluten": "no gluten here!", 
      "quantity": "1", 
      "substitute": "no substitute needed", 
      "unit": ""
    }, 
    "bunches red scallions": {
      "flour": "Safe", 
      "gluten": "no gluten here!", 
      "quantity": "2", 
      "substitute": "no substitute needed", 
      "unit": ""
    }, 
    "heads of garlic, halved crosswise": {
      "flour": "Safe", 
      "gluten": "no gluten here!", 
      "quantity": "2", 
      "substitute": "no substitute needed", 
      "unit": ""
    }, 
    "kosher salt and freshly ground black pepper": {
      "flour": "Safe", 
      "gluten": "no gluten here!", 
      "quantity": "", 
      "substitute": "no substitute needed", 
      "unit": ""
    }, 
    "olive oil, divided": {
      "flour": "Safe", 
      "gluten": "no gluten here!", 
      "quantity": "2", 
      "substitute": "no substitute needed", 
      "unit": "tablespoons"
    }, 
    "onion or chive blossoms (optional)": {
      "flour": "Safe", 
      "gluten": "no gluten here!", 
      "quantity": "1", 
      "substitute": "no substitute needed", 
      "unit": "tablespoon"
    }, 
    "sprigs rosemary": {
      "flour": "Safe", 
      "gluten": "no gluten here!", 
      "quantity": "4", 
      "substitute": "no substitute needed", 
      "unit": ""
    }
  }, 
  "instructions": [
    "Prepare grill for medium heat. Season chicken with salt and pepper. Place rosemary, garlic, and 1 bunch of scallions in a layer on grill.", 
    "Place chicken, skin side up, on top of aromatics. Cover grill and cook until chicken is nearly cooked through, 35\u201340 minutes (aromatics will be thoroughly charred).", 
    "Brush chicken with 1 Tbsp. oil and place skin side down, directly onto grates (you can discard aromatics at this point). Grill until chicken is cooked through and skin is crisp, 10\u201315 minutes longer. Transfer to a cutting board and let rest 10 minutes before cutting into pieces.", 
    "Meanwhile, toss remaining bunch of scallions with remaining 1 Tbsp. oil on a rimmed baking sheet and grill until tender and lightly charred, about 5 minutes.", 
    "Serve chicken with grilled scallions alongside, topped with onion blossoms, if desired."
  ], 
  "keywords": [
    "Chicken Recipes", 
    "Chive", 
    "Dinner", 
    "Grilling Food", 
    "Rosemary", 
    "Scallions", 
    "summer casual recipes", 
    "Summer Food"
  ], 
  "name": "Garlic-and-Rosemary Grilled Chicken with Scallions", 
  "proteinContent": "", 
  "saturatedFatContent": "", 
  "servings": "Servings: 4", 
  "sodiumContent": "", 
  "sugarContent": "", 
  "url": "http://www.bonappetit.com/recipe/garlic-and-rosemary-grilled-chicken-with-scallions"
}