{
  "calories": "", 
  "carbohydrateContent": "", 
  "cholesterolContent": "", 
  "fatContent": "", 
  "fiberContent": "", 
  "image": "http://www.bonappetit.com/wp-content/uploads/2008/11/balsamic-briased-cipolline-onions-with-pomegranate-recipe-940x600.jpg", 
  "ingredients": {
    "balsamic vinegar": {
      "flour": "Safe", 
      "gluten": "no gluten here!", 
      "quantity": "1/4", 
      "substitute": "no substitute needed", 
      "unit": "cup"
    }, 
    "cipolline onions or small boiling onions": {
      "flour": "Safe", 
      "gluten": "no gluten here!", 
      "quantity": "2", 
      "substitute": "no substitute needed", 
      "unit": "pounds"
    }, 
    "coarse kosher salt": {
      "flour": "Safe", 
      "gluten": "no gluten here!", 
      "quantity": "", 
      "substitute": "no substitute needed", 
      "unit": ""
    }, 
    "cr\u00e8me fra\u00eeche or heavy whipping cream": {
      "flour": "Safe", 
      "gluten": "no gluten here!", 
      "quantity": "3", 
      "substitute": "no substitute needed", 
      "unit": "tablespoons"
    }, 
    "dry red wine": {
      "flour": "Safe", 
      "gluten": "no gluten here!", 
      "quantity": "1/4", 
      "substitute": "no substitute needed", 
      "unit": "cup"
    }, 
    "extra-virgin olive oil": {
      "flour": "Safe", 
      "gluten": "no gluten here!", 
      "quantity": "2", 
      "substitute": "no substitute needed", 
      "unit": "tablespoons"
    }, 
    "golden brown sugar": {
      "flour": "Safe", 
      "gluten": "no gluten here!", 
      "quantity": "1", 
      "substitute": "no substitute needed", 
      "unit": "teaspoon"
    }, 
    "low-salt chicken broth": {
      "flour": "Safe", 
      "gluten": "no gluten here!", 
      "quantity": "1 1/2", 
      "substitute": "no substitute needed", 
      "unit": "cups"
    }, 
    "pomegranate seeds or dried cranberries (about 3 ounces)": {
      "flour": "Safe", 
      "gluten": "no gluten here!", 
      "quantity": "1/2", 
      "substitute": "no substitute needed", 
      "unit": "cup"
    }
  }, 
  "instructions": [
    "Blanch onions in large saucepan of boiling water 1 minute. Drain; cool briefly. Peel and trim, leaving core intact.", 
    "Heat oil in large skillet over medium-high heat. Add onions. Sprinkle with kosher salt and pepper; saut\u00e9 until brown, 12 minutes. Add next 4; bring to boil. Reduce heat. Cover; simmer 15 minutes. Increase heat; boil until onions are tender and liquid is thickened, stirring often, about 18 minutes. DO AHEAD: Can be made 1 day ahead. Cover and chill.", 
    "Fold cr\u00e8me fra\u00eeche into onions (add cranberries, if using). Simmer until sauce coats onions thickly, 2 minutes. Season with salt and pepper. Transfer to bowl; sprinkle with pomegranate seeds."
  ], 
  "keywords": [
    "Cranberries", 
    "Dinner", 
    "Onions", 
    "Side Dishes", 
    "Sides", 
    "Thanksgiving", 
    "Vegetable Recipes"
  ], 
  "name": "Balsamic-Braised Cipolline Onions with Pomegranate", 
  "proteinContent": "", 
  "saturatedFatContent": "", 
  "servings": "Servings: 8", 
  "sodiumContent": "", 
  "sugarContent": "", 
  "url": "http://www.bonappetit.com/recipe/balsamic-braised-cipolline-onions-with-pomegranate"
}