{
  "calories": "", 
  "carbohydrateContent": "", 
  "cholesterolContent": "", 
  "description": "Can\u2019t find favas? Double up on peas. No pea shoots? Use m\u00e2che or baby spinach instead.", 
  "fatContent": "", 
  "fiberContent": "", 
  "image": "http://www.bonappetit.com/wp-content/uploads/2014/06/fava-bean-and-pea-salad-with-poppy-seed-dressing-940x600.jpg", 
  "ingredients": {
    "(or more) buttermilk or whole milk": {
      "flour": "Safe", 
      "gluten": "no gluten here!", 
      "quantity": "2", 
      "substitute": "no substitute needed", 
      "unit": "tablespoons"
    }, 
    "fresh lemon juice": {
      "flour": "Safe", 
      "gluten": "no gluten here!", 
      "quantity": "1", 
      "substitute": "no substitute needed", 
      "unit": "tablespoon"
    }, 
    "freshly ground black pepper": {
      "flour": "Safe", 
      "gluten": "no gluten here!", 
      "quantity": "", 
      "substitute": "no substitute needed", 
      "unit": ""
    }, 
    "heads of bibb lettuce, leaves separated (about 8 cups)": {
      "flour": "Safe", 
      "gluten": "no gluten here!", 
      "quantity": "2", 
      "substitute": "no substitute needed", 
      "unit": ""
    }, 
    "kosher salt": {
      "flour": "Safe", 
      "gluten": "no gluten here!", 
      "quantity": "", 
      "substitute": "no substitute needed", 
      "unit": ""
    }, 
    "oz. fresh goat cheese, crumbled": {
      "flour": "Safe", 
      "gluten": "no gluten here!", 
      "quantity": "1\u00bd", 
      "substitute": "no substitute needed", 
      "unit": ""
    }, 
    "pea shoots (tendrils)": {
      "flour": "Safe", 
      "gluten": "no gluten here!", 
      "quantity": "4", 
      "substitute": "no substitute needed", 
      "unit": "cups"
    }, 
    "poppy seeds": {
      "flour": "Safe", 
      "gluten": "no gluten here!", 
      "quantity": "1", 
      "substitute": "no substitute needed", 
      "unit": "teaspoon"
    }, 
    "shelled fava beans (from about 2 lb. pods) or frozen fava beans, thawed": {
      "flour": "Safe", 
      "gluten": "no gluten here!", 
      "quantity": "2", 
      "substitute": "no substitute needed", 
      "unit": "cups"
    }, 
    "shelled fresh peas (from about 2 lb. pods) or frozen peas, thawed": {
      "flour": "Safe", 
      "gluten": "no gluten here!", 
      "quantity": "2", 
      "substitute": "no substitute needed", 
      "unit": "cups"
    }, 
    "sour cream": {
      "flour": "Safe", 
      "gluten": "no gluten here!", 
      "quantity": "\u2153", 
      "substitute": "no substitute needed", 
      "unit": "cup"
    }
  }, 
  "instructions": [
    "If using fresh fava beans, cook in a medium saucepan of boiling salted water until tender, about 4 minutes. Using a sieve, transfer to a colander set in a bowl of ice water. Drain well and peel; place in a medium bowl. (If using frozen fava beans, cook 2 minutes; do not peel.)", 
    "Return water in saucepan to a boil; add peas and cook until tender, about 2 minutes. Drain; transfer to colander in ice water. Drain and add to bowl with fava beans. (If using frozen peas, cook 30 seconds.)", 
    "Whisk sour cream, goat cheese, buttermilk, and lemon juice in a medium bowl, thinning with more buttermilk as needed, until pourable; season with salt and pepper. \u2029Arrange lettuce and pea shoots on a platter, top with fava beans and peas, drizzle with dressing, and sprinkle with poppy seeds.", 
    "DO AHEAD:Fava beans and peas can be cooked 1 day ahead. Cover and chill."
  ], 
  "keywords": [
    "Buttermilk", 
    "Fava Bean Recipes", 
    "Lemon Recipes", 
    "Pea Recipes", 
    "Poppy Recipes", 
    "Salad Recipes", 
    "Summer Food", 
    "Summer Sides", 
    "texas forever recipes"
  ], 
  "name": "Fava Bean and Pea Salad with Poppy Seed Dressing", 
  "proteinContent": "", 
  "saturatedFatContent": "", 
  "servings": "Servings: 8", 
  "sodiumContent": "", 
  "sugarContent": "", 
  "url": "http://www.bonappetit.com/recipe/fava-bean-and-pea-salad-with-poppy-seed-dressing"
}