{
  "calories": "", 
  "carbohydrateContent": "", 
  "cholesterolContent": "", 
  "fatContent": "", 
  "fiberContent": "", 
  "image": "http://www.bonappetit.com/wp-content/uploads/2008/08/herb-and-mustard-turkey-with-green-onion-gravy-646.jpg", 
  "ingredients": {
    "(1 1/2 sticks) unsalted butter, room temperature": {
      "flour": "Safe", 
      "gluten": "no gluten here!", 
      "quantity": "3/4", 
      "substitute": "no substitute needed", 
      "unit": "cup"
    }, 
    "(or more) turkey stock": {
      "flour": "Safe", 
      "gluten": "no gluten here!", 
      "quantity": "2", 
      "substitute": "no substitute needed", 
      "unit": "cups"
    }, 
    "14- to 16-pound turkey, rinsed, patted dry inside and out; neck, heart, and gizzard reserved for turkey stock": {
      "flour": "Safe", 
      "gluten": "no gluten here!", 
      "quantity": "1", 
      "substitute": "no substitute needed", 
      "unit": ""
    }, 
    "chopped fresh italian parsley": {
      "flour": "Safe", 
      "gluten": "no gluten here!", 
      "quantity": "1", 
      "substitute": "no substitute needed", 
      "unit": "tablespoon"
    }, 
    "chopped fresh sage": {
      "flour": "Safe", 
      "gluten": "no gluten here!", 
      "quantity": "1", 
      "substitute": "no substitute needed", 
      "unit": "tablespoon"
    }, 
    "chopped fresh thyme": {
      "flour": "Safe", 
      "gluten": "no gluten here!", 
      "quantity": "1", 
      "substitute": "no substitute needed", 
      "unit": "teaspoon"
    }, 
    "coarsely ground black pepper": {
      "flour": "Safe", 
      "gluten": "no gluten here!", 
      "quantity": "1 1/4", 
      "substitute": "no substitute needed", 
      "unit": "teaspoons"
    }, 
    "cornstarch": {
      "flour": "Safe", 
      "gluten": "no gluten here!", 
      "quantity": "4", 
      "substitute": "no substitute needed", 
      "unit": "teaspoons"
    }, 
    "dijon mustard": {
      "flour": "Safe", 
      "gluten": "no gluten here!", 
      "quantity": "1", 
      "substitute": "no substitute needed", 
      "unit": "tablespoon"
    }, 
    "finely chopped fresh italian parsley": {
      "flour": "Safe", 
      "gluten": "no gluten here!", 
      "quantity": "1/3", 
      "substitute": "no substitute needed", 
      "unit": "cup"
    }, 
    "finely chopped green onion tops": {
      "flour": "Safe", 
      "gluten": "no gluten here!", 
      "quantity": "1/3", 
      "substitute": "no substitute needed", 
      "unit": "cup"
    }, 
    "fresh italian parsley sprigs": {
      "flour": "Safe", 
      "gluten": "no gluten here!", 
      "quantity": "10", 
      "substitute": "no substitute needed", 
      "unit": ""
    }, 
    "fresh sage sprigs": {
      "flour": "Safe", 
      "gluten": "no gluten here!", 
      "quantity": "6", 
      "substitute": "no substitute needed", 
      "unit": ""
    }, 
    "fresh thyme sprigs": {
      "flour": "Safe", 
      "gluten": "no gluten here!", 
      "quantity": "6", 
      "substitute": "no substitute needed", 
      "unit": ""
    }, 
    "green onions, white parts and green tops chopped separately": {
      "flour": "Safe", 
      "gluten": "no gluten here!", 
      "quantity": "3", 
      "substitute": "no substitute needed", 
      "unit": ""
    }, 
    "heavy whipping cream": {
      "flour": "Safe", 
      "gluten": "no gluten here!", 
      "quantity": "1/2", 
      "substitute": "no substitute needed", 
      "unit": "cup"
    }, 
    "olive oil": {
      "flour": "Safe", 
      "gluten": "no gluten here!", 
      "quantity": "2", 
      "substitute": "no substitute needed", 
      "unit": "tablespoons"
    }, 
    "salt": {
      "flour": "Safe", 
      "gluten": "no gluten here!", 
      "quantity": "1 1/2", 
      "substitute": "no substitute needed", 
      "unit": "teaspoons"
    }, 
    "turkey stock or water": {
      "flour": "Safe", 
      "gluten": "no gluten here!", 
      "quantity": "2", 
      "substitute": "no substitute needed", 
      "unit": "cups"
    }, 
    "water": {
      "flour": "Safe", 
      "gluten": "no gluten here!", 
      "quantity": "2", 
      "substitute": "no substitute needed", 
      "unit": "tablespoons"
    }
  }, 
  "instructions": [
    "Whisk all ingredients in medium bowl. DO AHEAD Can be made 2 days ahead. Cover and chill. Bring to room temperature before using.", 
    "Set rack at lowest position in oven and preheat to 325\u00b0F. Sprinkle main turkey cavity with salt and pepper and spread with 2 tablespoons herb-mustard butter. Starting at neck end of turkey, carefully slide hand between skin and meat of breast, thighs, and upper drumsticks to loosen skin. Spread herb butter over thigh and drumsticks, then over breast meat under skin. Fill main cavity with parsley, sage, and thyme sprigs. Tie legs together loosely. Tuck wing tips under.", 
    "Place turkey on rack set in large roasting pan. Rub outside of turkey all over with oil; sprinkle with salt and pepper. Pour stock into pan. Roast turkey until thermometer inserted into thickest part of thigh registers 165\u00b0F to 170\u00b0F, about 3 hours. Tilt turkey so juices from main cavity run into pan. Transfer turkey to platter. Tent very loosely with foil; let rest at least 30 minutes (internal temperature will rise 5 to 10 degrees). Reserve pan.", 
    "Scrape juices and browned bits from reserved roasting pan into large glass measuring cup. Spoon off fat, reserving 2 tablespoons. Add enough stock to pan juices to measure 2 cups. Whisk together 2 tablespoons water and cornstarch in small bowl until smooth.", 
    "Heat 2 tablespoons reserved fat in large saucepan over medium heat. Add white parts of green onions. Saut\u00e9 until beginning to color, about 6 minutes. Add degreased pan juices, 2 cups stock, and cream. Whisk in cornstarch mixture. Simmer until reduced to desired consistency, whisking occasionally, about 8 minutes. Stir in herbs and green onion tops. Season with salt and pepper."
  ], 
  "keywords": [
    "Christmas Food", 
    "Dinner", 
    "Gravy", 
    "Herb", 
    "Main Dishes", 
    "Mustard", 
    "Thanksgiving", 
    "Turkey Recipes"
  ], 
  "name": "Herb and Mustard Turkey with Green Onion Gravy", 
  "proteinContent": "", 
  "saturatedFatContent": "", 
  "servings": "Servings: 10 to 12", 
  "sodiumContent": "", 
  "sugarContent": "", 
  "url": "http://www.bonappetit.com/recipe/herb-and-mustard-turkey-with-green-onion-gravy"
}