{
  "calories": "", 
  "carbohydrateContent": "", 
  "cholesterolContent": "", 
  "fatContent": "", 
  "fiberContent": "", 
  "image": "http://www.bonappetit.com/wp-content/uploads/2013/03/grilled-artichokes-with-yogurt-dill-dipping-sauce-940x600.jpg", 
  "ingredients": {
    "chopped fresh dill": {
      "flour": "Safe", 
      "gluten": "no gluten here!", 
      "quantity": "1", 
      "substitute": "no substitute needed", 
      "unit": "teaspoon"
    }, 
    "kosher salt": {
      "flour": "Safe", 
      "gluten": "no gluten here!", 
      "quantity": "", 
      "substitute": "no substitute needed", 
      "unit": ""
    }, 
    "large artichokes": {
      "flour": "Safe", 
      "gluten": "no gluten here!", 
      "quantity": "4", 
      "substitute": "no substitute needed", 
      "unit": ""
    }, 
    "lemon, halved": {
      "flour": "Safe", 
      "gluten": "no gluten here!", 
      "quantity": "1", 
      "substitute": "no substitute needed", 
      "unit": ""
    }, 
    "low-fat greek yogurt": {
      "flour": "Safe", 
      "gluten": "no gluten here!", 
      "quantity": "1/2", 
      "substitute": "no substitute needed", 
      "unit": "cup"
    }, 
    "olive oil": {
      "flour": "Safe", 
      "gluten": "no gluten here!", 
      "quantity": "2", 
      "substitute": "no substitute needed", 
      "unit": "tablespoons"
    }
  }, 
  "instructions": [
    "Bring a large pot of salted water to a boil. Fill a large bowl with water; squeeze in juice from one half of lemon; add lemon half. Working with 1 artichoke at a time, trim off outer leaves, then cut in half lengthwise through stem. Scoop out choke. Add to lemon water to prevent browning while trimming remaining artichokes.", 
    "Drain artichokes. Cook artichokes in same large pot of boiling salted water until almost tender but not falling apart, 10\u201315 minutes. Drain.", 
    "Heat a grill pan or large heavy skillet over medium-high heat. Brush artichokes with oil and season with salt and pepper. Grill cut side down until charred in spots and hearts are tender, about 5 minutes.", 
    "Meanwhile, squeeze enough juice from remaining lemon half to measure 2 Tbsp.; place in a small bowl. Whisk in yogurt and dill; season with salt and pepper. Serve the grilled artichokes with the yogurt sauce."
  ], 
  "keywords": [
    "Appetizers", 
    "Artichoke", 
    "Dill Recipes", 
    "Dip Recipes", 
    "Healthy Recipes", 
    "Lemon Recipes", 
    "Side", 
    "Vegetarian Recipes", 
    "Yogurt Recipes"
  ], 
  "name": "Grilled Artichokes with Yogurt-Dill Dipping Sauce", 
  "proteinContent": "", 
  "saturatedFatContent": "", 
  "servings": "", 
  "sodiumContent": "", 
  "sugarContent": "", 
  "url": "http://www.bonappetit.com/recipe/grilled-artichokes-with-yogurt-dill-dipping-sauce"
}