{
  "calories": "", 
  "carbohydrateContent": "", 
  "cholesterolContent": "", 
  "description": "For this twist on classic risotto, The Kitchen uses farro (hence the name \"farrotto\") instead of rice. No endless stirring required!", 
  "fatContent": "", 
  "fiberContent": "", 
  "image": "http://www.bonappetit.com/wp-content/uploads/2010/08/heirloom-squash-farrotto-940x600.jpg", 
  "ingredients": {
    "1 15-ounce can garbanzo beans (chickpeas), drained": {
      "flour": "Safe", 
      "gluten": "no gluten here!", 
      "quantity": "", 
      "substitute": "no substitute needed", 
      "unit": ""
    }, 
    "1 cup plain whole-milk yogurt": {
      "flour": "Safe", 
      "gluten": "no gluten here!", 
      "quantity": "", 
      "substitute": "no substitute needed", 
      "unit": ""
    }, 
    "1 tablespoon cumin seeds": {
      "flour": "Safe", 
      "gluten": "no gluten here!", 
      "quantity": "", 
      "substitute": "no substitute needed", 
      "unit": ""
    }, 
    "1/2 cup fresh cilantro leaves": {
      "flour": "Safe", 
      "gluten": "no gluten here!", 
      "quantity": "", 
      "substitute": "no substitute needed", 
      "unit": ""
    }, 
    "2 1/2 tablespoons (or more) fresh lemon juice, divided": {
      "flour": "Safe", 
      "gluten": "no gluten here!", 
      "quantity": "", 
      "substitute": "no substitute needed", 
      "unit": ""
    }, 
    "2 cups semi-pearled farro": {
      "flour": "Safe", 
      "gluten": "gluten here!", 
      "quantity": "", 
      "substitute": "quinoa", 
      "unit": ""
    }, 
    "2 tablespoons chopped fresno chile or red jalape\u00f1o chile with seeds, divided": {
      "flour": "Safe", 
      "gluten": "no gluten here!", 
      "quantity": "", 
      "substitute": "no substitute needed", 
      "unit": ""
    }, 
    "3 garlic cloves; 1 minced, 2 thinly sliced": {
      "flour": "Safe", 
      "gluten": "no gluten here!", 
      "quantity": "", 
      "substitute": "no substitute needed", 
      "unit": ""
    }, 
    "3/4 cup 1/2-inch cubes red onion plus 1/4 cup thinly sliced": {
      "flour": "Safe", 
      "gluten": "no gluten here!", 
      "quantity": "", 
      "substitute": "no substitute needed", 
      "unit": ""
    }, 
    "4 cups 1/2-inch cubes peeled butternut squash": {
      "flour": "Safe", 
      "gluten": "no gluten here!", 
      "quantity": "", 
      "substitute": "no substitute needed", 
      "unit": ""
    }, 
    "4 tablespoons olive oil, divided": {
      "flour": "Safe", 
      "gluten": "no gluten here!", 
      "quantity": "", 
      "substitute": "no substitute needed", 
      "unit": ""
    }, 
    "extra-virgin olive oil": {
      "flour": "Safe", 
      "gluten": "no gluten here!", 
      "quantity": "", 
      "substitute": "no substitute needed", 
      "unit": ""
    }, 
    "nonstick vegetable oil spray": {
      "flour": "Safe", 
      "gluten": "no gluten here!", 
      "quantity": "", 
      "substitute": "no substitute needed", 
      "unit": ""
    }
  }, 
  "instructions": [
    "Toast cumin seeds in small skillet over medium heat until fragrant and beginning to smoke, 4 to 5 minutes. Cool; grind in spice grinder. Transfer 1 1/2 teaspoons cumin to small bowl. Mix in yogurt, 1 tablespoon lemon juice, and minced garlic. Season with salt and pepper. Cover and chill.", 
    "Preheat oven to 400\u00b0F. Coat large rimmed baking sheet with nonstick  spray. Place squash in large bowl. Add 2 tablespoons oil; toss to coat. Spread squash out on sheet. Sprinkle with salt and pepper. Roast until tender, about 25 minutes.", 
    "Meanwhile, cook farro in large pot of boiling salted water until tender, 18 to  20 minutes. Drain farro and cool.", 
    "Heat remaining 2 tablespoons oil in heavy large skillet over medium-high heat. Add sliced garlic and 1 tablespoon chile; saut\u00e9 1 minute. Add onion cubes and garbanzo beans; saut\u00e9 1 minute. Add roasted squash and cooked farro and toss to blend. Sprinkle with 1 1/2 teaspoons ground cumin and 1 1/2 tablespoons lemon juice; toss to blend. Season to taste with salt, pepper, and more lemon juice, if desired.", 
    "Mound farro mixture on 4 plates. Spoon yogurt mixture over. Sprinkle with cilantro, sliced onion, and remaining chile. Drizzle with extra-virgin olive oil and serve."
  ], 
  "keywords": [
    "Dinner", 
    "Faro Recipes", 
    "Farro Recipes", 
    "High Fiber", 
    "Low Cholesterol Recipes", 
    "Main Course", 
    "Risotto Recipes", 
    "Squash Recipes", 
    "Vegetable Recipes", 
    "Vegetarian Recipes"
  ], 
  "name": "Heirloom Squash Farrotto", 
  "proteinContent": "", 
  "saturatedFatContent": "", 
  "servings": "Servings: 4 main-course", 
  "sodiumContent": "", 
  "sugarContent": "", 
  "url": "http://www.bonappetit.com/recipe/heirloom-squash-farrotto"
}