{
  "calories": "", 
  "carbohydrateContent": "", 
  "cholesterolContent": "", 
  "description": "Some great things are made with day-old bread: French toast. Croutons. Breadcrumbs. Add this nutty and sugary French pastry fromMauriceto the list.", 
  "fatContent": "", 
  "fiberContent": "", 
  "image": "http://www.bonappetit.com/wp-content/uploads/2014/08/fig-and-walnut-bostock-940x600.jpg", 
  "ingredients": {
    "(\u00bd stick) unsalted butter, melted": {
      "flour": "Safe", 
      "gluten": "no gluten here!", 
      "quantity": "4", 
      "substitute": "no substitute needed", 
      "unit": "tablespoons"
    }, 
    "(\u00bd stick) unsalted butter, room temperature": {
      "flour": "Safe", 
      "gluten": "no gluten here!", 
      "quantity": "4", 
      "substitute": "no substitute needed", 
      "unit": "tablespoons"
    }, 
    "1&rdquo;-thick brioche, preferably day-old (from about 1 medium loaf)": {
      "flour": "Safe", 
      "gluten": "gluten here!", 
      "quantity": "8", 
      "substitute": "gluten-free bread", 
      "unit": "slices"
    }, 
    "all-purpose flour": {
      "flour": {
        "type": {
          "binder": {
            "type": "xanthum gum", 
            "weight": 0.5
          }, 
          "density": {
            "type": "brown rice flour", 
            "weight": 0.142
          }, 
          "fat": {
            "type": "almond flour", 
            "weight": 0.142
          }, 
          "leavener": "", 
          "lightness": {
            "type": "white rice flour", 
            "weight": 0.284
          }, 
          "protein": {
            "type": "sorghum flour", 
            "weight": 0.142
          }, 
          "starch": {
            "type": "potato starch", 
            "weight": 0.284
          }, 
          "stickiness": "", 
          "texture": ""
        }, 
        "weight": 125
      }, 
      "gluten": "gluten here!", 
      "quantity": "\u00bc", 
      "substitute": "flour ratio", 
      "unit": "cup"
    }, 
    "baking powder": {
      "flour": "Safe", 
      "gluten": "no gluten here!", 
      "quantity": "\u00be", 
      "substitute": "no substitute needed", 
      "unit": "teaspoon"
    }, 
    "honey": {
      "flour": "Safe", 
      "gluten": "no gluten here!", 
      "quantity": "2", 
      "substitute": "no substitute needed", 
      "unit": "tablespoons"
    }, 
    "kosher salt": {
      "flour": "Safe", 
      "gluten": "no gluten here!", 
      "quantity": "\u00bc", 
      "substitute": "no substitute needed", 
      "unit": "teaspoon"
    }, 
    "large egg": {
      "flour": "Safe", 
      "gluten": "no gluten here!", 
      "quantity": "1", 
      "substitute": "no substitute needed", 
      "unit": ""
    }, 
    "large eggs, beaten to blend": {
      "flour": "Safe", 
      "gluten": "no gluten here!", 
      "quantity": "2", 
      "substitute": "no substitute needed", 
      "unit": ""
    }, 
    "large fresh figs, quartered": {
      "flour": "Safe", 
      "gluten": "no gluten here!", 
      "quantity": "8", 
      "substitute": "no substitute needed", 
      "unit": ""
    }, 
    "powdered sugar (for serving)": {
      "flour": "Safe", 
      "gluten": "no gluten here!", 
      "quantity": "", 
      "substitute": "no substitute needed", 
      "unit": ""
    }, 
    "walnuts": {
      "flour": "Safe", 
      "gluten": "no gluten here!", 
      "quantity": "1", 
      "substitute": "no substitute needed", 
      "unit": "cup"
    }
  }, 
  "instructions": [
    "Preheat oven to 350\u00b0. Toast walnuts on a rimmed baking sheet, tossing occasionally, until fragrant, 8\u201310 minutes; let cool. Pulse in a food processor until finely ground.", 
    "Using an electric mixer on high speed, beat butter and honey until light and fluffy, about 4 minutes. Mix in egg, then flour, baking powder, salt, and walnuts just to blend.", 
    "DO AHEAD:Walnut cr\u00e8me can be made 1 week ahead. Cover and chill.", 
    "Preheat oven to 350\u00b0. Whisk eggs and 1 tsp. water in a small bowl and brush 1 side of brioche slices with egg wash. Place on a rimmed baking sheet and spread each slice with about 2 Tbsp. walnut cr\u00e8me. Top with figs, cut sides up. Brush figs with butter and drizzle with honey.", 
    "Bake bostock until edges are golden brown and figs look softened and juicy, 20\u201325 minutes. Transfer baking sheet to a wire rack and let bostock cool.", 
    "Dust with powdered sugar just before serving."
  ], 
  "keywords": [
    "Desserts", 
    "Figs", 
    "Honey", 
    "hot ten 2014 recipes", 
    "maurice recipes", 
    "Pastry", 
    "Walnuts"
  ], 
  "name": "Fig and Walnut Bostock", 
  "proteinContent": "", 
  "saturatedFatContent": "", 
  "servings": "Servings: 8", 
  "sodiumContent": "", 
  "sugarContent": "", 
  "url": "http://www.bonappetit.com/recipe/fig-and-walnut-bostock"
}