{
  "calories": "", 
  "carbohydrateContent": "", 
  "cholesterolContent": "", 
  "description": "In case you were wondering, alb\u00f3ndigas is the Spanish word for meatball. These prove that the Italians aren\u2019t the only players in the game.", 
  "fatContent": "", 
  "fiberContent": "", 
  "image": "http://www.bonappetit.com/wp-content/uploads/2013/09/albondigas-in-red-chile-sauce.jpg", 
  "ingredients": {
    "(or more) low-sodium chicken broth": {
      "flour": "Safe", 
      "gluten": "no gluten here!", 
      "quantity": "2", 
      "substitute": "no substitute needed", 
      "unit": "cups"
    }, 
    "(packed) arugula leaves": {
      "flour": "Safe", 
      "gluten": "no gluten here!", 
      "quantity": "\u00bd", 
      "substitute": "no substitute needed", 
      "unit": "cup"
    }, 
    "(packed) fresh cilantro leaves with tender stems": {
      "flour": "Safe", 
      "gluten": "no gluten here!", 
      "quantity": "\u00bd", 
      "substitute": "no substitute needed", 
      "unit": "cup"
    }, 
    "cotija cheese or feta, finely grated (about 1 cup)": {
      "flour": "Safe", 
      "gluten": "no gluten here!", 
      "quantity": "4", 
      "substitute": "no substitute needed", 
      "unit": "ounces"
    }, 
    "crumbled cotija cheese, sliced radishes, toasted shelled pumpkin seeds (pepitas), cilantro sprigs, and lime wedges (for serving)": {
      "flour": "Safe", 
      "gluten": "gluten here!", 
      "quantity": "", 
      "substitute": "gluten-free bread", 
      "unit": ""
    }, 
    "crushed tortilla chips": {
      "flour": "Safe", 
      "gluten": "no gluten here!", 
      "quantity": "\u00bd", 
      "substitute": "no substitute needed", 
      "unit": "cup"
    }, 
    "dried ancho chiles, seeds removed": {
      "flour": "Safe", 
      "gluten": "no gluten here!", 
      "quantity": "4", 
      "substitute": "no substitute needed", 
      "unit": ""
    }, 
    "fresh lime juice": {
      "flour": "Safe", 
      "gluten": "no gluten here!", 
      "quantity": "2", 
      "substitute": "no substitute needed", 
      "unit": "tablespoons"
    }, 
    "garlic cloves": {
      "flour": "Safe", 
      "gluten": "no gluten here!", 
      "quantity": "2", 
      "substitute": "no substitute needed", 
      "unit": ""
    }, 
    "ground beef, preferably chuck": {
      "flour": "Safe", 
      "gluten": "no gluten here!", 
      "quantity": "2", 
      "substitute": "no substitute needed", 
      "unit": "pounds"
    }, 
    "ground cumin": {
      "flour": "Safe", 
      "gluten": "no gluten here!", 
      "quantity": "\u00bd", 
      "substitute": "no substitute needed", 
      "unit": "teaspoon"
    }, 
    "kosher salt and freshly ground black pepper": {
      "flour": "Safe", 
      "gluten": "no gluten here!", 
      "quantity": "", 
      "substitute": "no substitute needed", 
      "unit": ""
    }, 
    "large eggs": {
      "flour": "Safe", 
      "gluten": "no gluten here!", 
      "quantity": "2", 
      "substitute": "no substitute needed", 
      "unit": ""
    }, 
    "olive oil, divided": {
      "flour": "Safe", 
      "gluten": "no gluten here!", 
      "quantity": "2", 
      "substitute": "no substitute needed", 
      "unit": "tablespoons"
    }, 
    "poblano chile": {
      "flour": "Safe", 
      "gluten": "no gluten here!", 
      "quantity": "1", 
      "substitute": "no substitute needed", 
      "unit": ""
    }, 
    "small white onion, chopped": {
      "flour": "Safe", 
      "gluten": "no gluten here!", 
      "quantity": "1", 
      "substitute": "no substitute needed", 
      "unit": ""
    }, 
    "small white onion, coarsely chopped": {
      "flour": "Safe", 
      "gluten": "no gluten here!", 
      "quantity": "1", 
      "substitute": "no substitute needed", 
      "unit": ""
    }, 
    "sour cream": {
      "flour": "Safe", 
      "gluten": "no gluten here!", 
      "quantity": "\u00bd", 
      "substitute": "no substitute needed", 
      "unit": "cup"
    }, 
    "sugar": {
      "flour": "Safe", 
      "gluten": "no gluten here!", 
      "quantity": "1\u20132", 
      "substitute": "no substitute needed", 
      "unit": "tablespoons"
    }, 
    "whole milk": {
      "flour": "Safe", 
      "gluten": "no gluten here!", 
      "quantity": "\u00bc", 
      "substitute": "no substitute needed", 
      "unit": "cup"
    }
  }, 
  "instructions": [
    "Cotija cheese is available at Latin markets and some supermarkets.", 
    "Preheat broiler. Place poblano chile on a broiler-proof rimmed baking sheet and broil, turning occasionally, until charred in spots and blistered all over, 6\u20138 minutes. Transfer to a bowl, cover with plastic wrap, and let steam 10 minutes. Remove skin, stem, and seeds; discard. Pulse poblano, onion, garlic, arugula, and cilantro in a food processor until very finely chopped.", 
    "Combine tortilla chips and milk in a large bowl; let stand until chips soften, about 5 minutes. Mix in poblano mixture, eggs, and cheese; season with salt and pepper. Gently fold in beef. Form mixture into 1\u00bd&rdquo;-diameter balls (2 Tbsp. each; makes about 40) and chill at least 4 hours.", 
    "Place ancho chiles in a small bowl and add boiling water to cover. Let sit until softened, about 15 minutes. Drain chiles. Pur\u00e9e chiles, onion, garlic, cumin, 2 cups broth, 1 Tbsp. oil, and 1 Tbsp. sugar in a blender until smooth, adding more broth by the tablespoonful to thin sauce as needed (should be consistency of whole milk); season chile sauce with salt, pepper, and additional 1 Tbsp. sugar, if sauce is too bitter.", 
    "Heat remaining 1 Tbsp. oil in a large nonstick skillet over medium heat. Working in batches, cook meatballs, turning occasionally, until brown all over, 8\u201310 minutes. Transfer meatballs to a Dutch oven or other large heavy pot and add chile sauce. Bring to a boil, reduce heat, and simmer, turning meatballs halfway through and adding more broth if needed (sauce should come up to about \u00be sides of meatballs), until meatballs are cooked through and sauce is slightly thickened, 15\u201320 minutes.", 
    "Meanwhile, whisk sour cream and lime juice in a small bowl; season with salt.", 
    "Serve meatballs with lime sour cream, Cotija cheese, radishes, pumpkin seeds, cilantro, and lime wedges.", 
    "DO AHEAD:Red chile sauce can be made 3 days ahead. Meatballs can be formed up to 1 day ahead. Cover both separately and chill. Meatballs can be cooked in chile sauce 1 day ahead. Reheat before serving, adding chicken broth or water as needed to thin sauce."
  ], 
  "keywords": [
    "Arugula", 
    "Beef Recipes", 
    "Chile", 
    "Cilantro", 
    "cotija recipes", 
    "Cumin Recipes", 
    "Dinner", 
    "Dinner Party Food", 
    "Fall Food", 
    "Feta Recipes", 
    "Ground Beef", 
    "Latin Food", 
    "Lime Recipes", 
    "make ahead dinners recipes", 
    "Sour Cream Recipes", 
    "Spicy Food", 
    "Winter Food"
  ], 
  "name": "Alb\u00f3ndigas in Red Chile Sauce", 
  "proteinContent": "", 
  "saturatedFatContent": "", 
  "servings": "Servings: 8", 
  "sodiumContent": "", 
  "sugarContent": "", 
  "url": "http://www.bonappetit.com/recipe/albondigas-in-red-chile-sauce"
}