{
  "calories": "", 
  "carbohydrateContent": "", 
  "cholesterolContent": "", 
  "description": "If you like stuffing with smoked oysters, you\u2019ll like it even more with tart lemons on top.", 
  "fatContent": "", 
  "fiberContent": "", 
  "image": "http://www.bonappetit.com/wp-content/uploads/2014/10/baguette-smoked-oyster-and-pancetta-stuffing-940x600.jpg", 
  "ingredients": {
    "(1\u00bd sticks) unsalted butter, cut into pieces, divided, plus more": {
      "flour": "Safe", 
      "gluten": "no gluten here!", 
      "quantity": "\u00be", 
      "substitute": "no substitute needed", 
      "unit": "cup"
    }, 
    "celery stalks, chopped": {
      "flour": "Safe", 
      "gluten": "no gluten here!", 
      "quantity": "4", 
      "substitute": "no substitute needed", 
      "unit": ""
    }, 
    "chicken stock or low-sodium chicken broth, divided": {
      "flour": "Safe", 
      "gluten": "no gluten here!", 
      "quantity": "3", 
      "substitute": "no substitute needed", 
      "unit": "cups"
    }, 
    "chopped fresh thyme": {
      "flour": "Safe", 
      "gluten": "no gluten here!", 
      "quantity": "2", 
      "substitute": "no substitute needed", 
      "unit": "tablespoons"
    }, 
    "coarsely chopped canned smoked oysters": {
      "flour": "Safe", 
      "gluten": "no gluten here!", 
      "quantity": "1", 
      "substitute": "no substitute needed", 
      "unit": "cup"
    }, 
    "coarsely torn baguette, dried out overnight": {
      "flour": "Safe", 
      "gluten": "gluten here!", 
      "quantity": "10", 
      "substitute": "gluten-free bread", 
      "unit": "cups"
    }, 
    "cognac": {
      "flour": "Safe", 
      "gluten": "no gluten here!", 
      "quantity": "\u00bc", 
      "substitute": "no substitute needed", 
      "unit": "cup"
    }, 
    "finely chopped fresh sage": {
      "flour": "Safe", 
      "gluten": "no gluten here!", 
      "quantity": "2", 
      "substitute": "no substitute needed", 
      "unit": "tablespoons"
    }, 
    "finely grated lemon zest": {
      "flour": "Safe", 
      "gluten": "no gluten here!", 
      "quantity": "2", 
      "substitute": "no substitute needed", 
      "unit": "teaspoons"
    }, 
    "kosher salt and freshly ground black pepper": {
      "flour": "Safe", 
      "gluten": "no gluten here!", 
      "quantity": "", 
      "substitute": "no substitute needed", 
      "unit": ""
    }, 
    "large eggs": {
      "flour": "Safe", 
      "gluten": "no gluten here!", 
      "quantity": "2", 
      "substitute": "no substitute needed", 
      "unit": ""
    }, 
    "large leeks, white and pale-green parts only, thinly sliced": {
      "flour": "Safe", 
      "gluten": "no gluten here!", 
      "quantity": "2", 
      "substitute": "no substitute needed", 
      "unit": ""
    }, 
    "lemon, thinly sliced, seeds removed": {
      "flour": "Safe", 
      "gluten": "no gluten here!", 
      "quantity": "\u00bd", 
      "substitute": "no substitute needed", 
      "unit": ""
    }, 
    "olive oil": {
      "flour": "Safe", 
      "gluten": "no gluten here!", 
      "quantity": "3", 
      "substitute": "no substitute needed", 
      "unit": "tablespoons"
    }, 
    "pancetta, cut into \u00bc&rdquo; pieces": {
      "flour": "Safe", 
      "gluten": "no gluten here!", 
      "quantity": "4", 
      "substitute": "no substitute needed", 
      "unit": "ounces"
    }, 
    "pine nuts": {
      "flour": "Safe", 
      "gluten": "no gluten here!", 
      "quantity": "\u00bc", 
      "substitute": "no substitute needed", 
      "unit": "cup"
    }
  }, 
  "instructions": [
    "Preheat oven to 350\u00b0. Butter a shallow 3-qt. baking dish and a sheet of foil. Place bread in a very large bowl.", 
    "Toast nuts on a rimmed baking sheet, tossing once, until golden brown, 6\u20138 minutes. Let cool; add to bowl with bread.", 
    "Meanwhile, heat oil in a large skillet over medium-high. Cook pancetta, stirring often, until browned and crisp, 5\u20138 minutes. Transfer to bowl with a slotted spoon.", 
    "Add leeks and celery to skillet, season with salt and pepper, and cook, stirring often, until leeks are golden brown and soft, 10\u201315 minutes. Transfer to bowl.", 
    "Reduce heat, add Cognac to skillet (take care, as it can ignite), and cook, scraping up any browned bits, until almost all evaporated, about 1 minute. Add \u00bd cup butter; cook, stirring, until melted. Drizzle over bread mixture.", 
    "Whisk eggs and 2 cups stock in a medium bowl; pour over bread mixture. Add oysters, thyme, sage, and lemon zest, season with salt and pepper, and toss, adding more stock \u00bc-cupful at a time as needed (you may not use it all), until combined and bread is hydrated. Transfer to prepared dish and dot with remaining \u00bc cup butter. Top with lemon slices.", 
    "Cover with buttered foil; bake until a paring knife inserted into the center comes out hot, 30\u201335 minutes. Increase oven temperature to 450\u00b0. Uncover and bake until top is golden brown and crisp, 20\u201325 minutes. Let sit 10 minutes before serving.", 
    "DO AHEAD:Stuffing can be assembled 1 day ahead. Cover and chill."
  ], 
  "keywords": [
    "Bacon", 
    "Celery", 
    "Cognac", 
    "Leeks", 
    "Lemon", 
    "Oysters", 
    "Pancetta", 
    "Sage", 
    "Seafood", 
    "Side", 
    "Stuffing", 
    "Thyme"
  ], 
  "name": "Baguette, Smoked Oyster, and Pancetta Stuffing", 
  "proteinContent": "", 
  "saturatedFatContent": "", 
  "servings": "Servings: 8", 
  "sodiumContent": "", 
  "sugarContent": "", 
  "url": "http://www.bonappetit.com/recipe/baguette-smoked-oyster-and-pancetta-stuffing"
}