{
  "calories": "", 
  "carbohydrateContent": "", 
  "cholesterolContent": "", 
  "fatContent": "", 
  "fiberContent": "", 
  "image": "http://www.bonappetit.com/wp-content/uploads/2013/07/grilled_clams_with_herb_butter_646.jpg", 
  "ingredients": {
    "(1 stick) unsalted butter, room temperature": {
      "flour": "Safe", 
      "gluten": "no gluten here!", 
      "quantity": "1/2", 
      "substitute": "no substitute needed", 
      "unit": "cup"
    }, 
    "chopped flat-leaf parsley": {
      "flour": "Safe", 
      "gluten": "no gluten here!", 
      "quantity": "1", 
      "substitute": "no substitute needed", 
      "unit": "tablespoon"
    }, 
    "chopped fresh dill": {
      "flour": "Safe", 
      "gluten": "no gluten here!", 
      "quantity": "1", 
      "substitute": "no substitute needed", 
      "unit": "tablespoon"
    }, 
    "chopped scallion": {
      "flour": "Safe", 
      "gluten": "no gluten here!", 
      "quantity": "1", 
      "substitute": "no substitute needed", 
      "unit": "tablespoon"
    }, 
    "fresh lemon juice": {
      "flour": "Safe", 
      "gluten": "no gluten here!", 
      "quantity": "1", 
      "substitute": "no substitute needed", 
      "unit": "tablespoon"
    }, 
    "kosher salt and freshly ground black pepper": {
      "flour": "Safe", 
      "gluten": "no gluten here!", 
      "quantity": "", 
      "substitute": "no substitute needed", 
      "unit": ""
    }, 
    "lemon wedges": {
      "flour": "Safe", 
      "gluten": "no gluten here!", 
      "quantity": "", 
      "substitute": "no substitute needed", 
      "unit": ""
    }, 
    "littleneck clams, scrubbed": {
      "flour": "Safe", 
      "gluten": "no gluten here!", 
      "quantity": "24", 
      "substitute": "no substitute needed", 
      "unit": ""
    }
  }, 
  "instructions": [
    "Mix first 5 ingredients in a medium bowl until well blended. Season herb butter to taste with salt and pepper.", 
    "Build a medium-hot fire in a charcoal grill, or heat a gas grill to high. Place clams on grill rack and cover grill with lid. Grill until clams just open, 6\u20138 minutes (discard any that do not open). Use tongs to transfer to a platter, being careful to keep as much juice in the shells as possible.", 
    "Dot clams with herb butter; let stand until butter melts. Serve warm with lemon wedges alongside for squeezing over."
  ], 
  "keywords": [
    "Appetizers", 
    "Clams", 
    "Grilled Seafood Recipes", 
    "John Derian Cape Cod Recipes", 
    "Low Sodium Recipes", 
    "Low-Calorie Recipes", 
    "Seafood Recipes"
  ], 
  "name": "Grilled Clams with Herb Butter", 
  "proteinContent": "", 
  "saturatedFatContent": "", 
  "servings": "Servings: 6", 
  "sodiumContent": "", 
  "sugarContent": "", 
  "url": "http://www.bonappetit.com/recipe/grilled-clams-with-herb-butter"
}