{
  "calories": "", 
  "carbohydrateContent": "", 
  "cholesterolContent": "", 
  "fatContent": "", 
  "fiberContent": "", 
  "image": "http://www.bonappetit.com/wp-content/uploads/2009/06/grilled-lemon-oregano-chicken-drumsticks-940x600.jpg", 
  "ingredients": {
    "chicken drumsticks": {
      "flour": "Safe", 
      "gluten": "no gluten here!", 
      "quantity": "8", 
      "substitute": "no substitute needed", 
      "unit": ""
    }, 
    "coarse kosher salt": {
      "flour": "Safe", 
      "gluten": "no gluten here!", 
      "quantity": "1 1/2", 
      "substitute": "no substitute needed", 
      "unit": "teaspoons"
    }, 
    "coarsely chopped fresh oregano": {
      "flour": "Safe", 
      "gluten": "no gluten here!", 
      "quantity": "2", 
      "substitute": "no substitute needed", 
      "unit": "tablespoons"
    }, 
    "extra-virgin olive oil": {
      "flour": "Safe", 
      "gluten": "no gluten here!", 
      "quantity": "1", 
      "substitute": "no substitute needed", 
      "unit": "tablespoon"
    }, 
    "finely grated lemon peel": {
      "flour": "Safe", 
      "gluten": "no gluten here!", 
      "quantity": "1", 
      "substitute": "no substitute needed", 
      "unit": "teaspoon"
    }, 
    "fresh lemon juice": {
      "flour": "Safe", 
      "gluten": "no gluten here!", 
      "quantity": "2", 
      "substitute": "no substitute needed", 
      "unit": "tablespoons"
    }, 
    "garlic cloves, pressed": {
      "flour": "Safe", 
      "gluten": "no gluten here!", 
      "quantity": "2", 
      "substitute": "no substitute needed", 
      "unit": ""
    }
  }, 
  "instructions": [
    "Whisk first 6 ingredients in small bowl. Season to taste with freshly ground black pepper. Pour marinade into 1-gallon resealable plastic bag; add chicken and seal. Turn bag to coat chicken. Marinate at room temperature 30 minutes or in refrigerator up to 2 days, turning occasionally.", 
    "Prepare barbecue (medium-high heat). Place chicken, with some marinade still clinging, on grill rack; grill chicken until cooked through and golden brown on all sides, turning frequently, about 30 minutes. Transfer to plates and serve."
  ], 
  "keywords": [
    "Appetizers", 
    "Barbecue", 
    "Budget", 
    "Budget Recipes", 
    "Camping", 
    "Campire Food", 
    "Chicken Recipes", 
    "Dinner", 
    "Family Reunion", 
    "Family Style", 
    "Fathers Day", 
    "Fourth Of July", 
    "Grilling", 
    "Grilling Food", 
    "Herb", 
    "Hiking Or Camping", 
    "Hors Doeuvre", 
    "Kid-Friendly", 
    "Lemon", 
    "Low Cal", 
    "Lunch", 
    "Main Course", 
    "Main Dishes", 
    "Marinade", 
    "Oregano", 
    "Party", 
    "Picnic", 
    "Poker/Game Night", 
    "Poultry", 
    "Side Dishes", 
    "Summer", 
    "Summer Food", 
    "Tailgating"
  ], 
  "name": "Grilled Lemon-Oregano Chicken Drumsticks", 
  "proteinContent": "", 
  "saturatedFatContent": "", 
  "servings": "Servings: 4 to 6", 
  "sodiumContent": "", 
  "sugarContent": "", 
  "url": "http://www.bonappetit.com/recipe/grilled-lemon-oregano-chicken-drumsticks"
}