{
  "calories": "Calories (kcal) 200", 
  "carbohydrateContent": "Carbohydrates (g) 39", 
  "cholesterolContent": "Cholesterol (mg) 5", 
  "fatContent": "Fat (g) 2", 
  "fiberContent": "Dietary Fiber (g)  3", 
  "image": "http://www.bonappetit.com/wp-content/uploads/2012/06/grilled-flatbread-940.jpg", 
  "ingredients": {
    "active dry yeast": {
      "flour": "Safe", 
      "gluten": "no gluten here!", 
      "quantity": "2 1/2", 
      "substitute": "no substitute needed", 
      "unit": "teaspoons"
    }, 
    "all-purpose flour plus more tfor dusting": {
      "flour": {
        "type": {
          "binder": {
            "type": "xanthum gum", 
            "weight": 0.5
          }, 
          "density": {
            "type": "brown rice flour", 
            "weight": 0.142
          }, 
          "fat": {
            "type": "almond flour", 
            "weight": 0.142
          }, 
          "leavener": "", 
          "lightness": {
            "type": "white rice flour", 
            "weight": 0.284
          }, 
          "protein": {
            "type": "sorghum flour", 
            "weight": 0.142
          }, 
          "starch": {
            "type": "potato starch", 
            "weight": 0.284
          }, 
          "stickiness": "", 
          "texture": ""
        }, 
        "weight": 125
      }, 
      "gluten": "gluten here!", 
      "quantity": "4 3/4", 
      "substitute": "flour ratio", 
      "unit": "cups"
    }, 
    "ancho chile oil, green charmoula, and grated cotija or parmesan cheese": {
      "flour": "Safe", 
      "gluten": "no gluten here!", 
      "quantity": "", 
      "substitute": "no substitute needed", 
      "unit": ""
    }, 
    "kosher salt": {
      "flour": "Safe", 
      "gluten": "no gluten here!", 
      "quantity": "2", 
      "substitute": "no substitute needed", 
      "unit": "tablespoons"
    }, 
    "pur\u00e9ed black beans, sliced avocado, radishes, and pico de gallo": {
      "flour": "Safe", 
      "gluten": "no gluten here!", 
      "quantity": "", 
      "substitute": "no substitute needed", 
      "unit": ""
    }, 
    "sliced plum tomatoes, fresh basil, olive oil, and crema (or sour cream)": {
      "flour": "Safe", 
      "gluten": "no gluten here!", 
      "quantity": "", 
      "substitute": "no substitute needed", 
      "unit": ""
    }, 
    "sour cream": {
      "flour": "Safe", 
      "gluten": "no gluten here!", 
      "quantity": "1/2", 
      "substitute": "no substitute needed", 
      "unit": "cup"
    }, 
    "vegetable oil (for brushing)": {
      "flour": "Safe", 
      "gluten": "no gluten here!", 
      "quantity": "", 
      "substitute": "no substitute needed", 
      "unit": ""
    }, 
    "whole wheat flour": {
      "flour": {
        "type": {
          "binder": {
            "type": "xanthum gum", 
            "weight": 1
          }, 
          "density": {
            "type": "buckwheat flour", 
            "weight": 0.25
          }, 
          "fat": {
            "type": "walnut flour", 
            "weight": 0.125
          }, 
          "leavener": "", 
          "lightness": {
            "type": "oat flour", 
            "weight": 0.125
          }, 
          "protein": {
            "type": "sorghum flour", 
            "weight": 0.25
          }, 
          "starch": {
            "type": "potato starch", 
            "weight": 0.25
          }, 
          "stickiness": "", 
          "texture": ""
        }, 
        "weight": 120
      }, 
      "gluten": "gluten here!", 
      "quantity": "2 1/4", 
      "substitute": "flour ratio", 
      "unit": "cups"
    }
  }, 
  "instructions": [
    "Dissolve yeast in 3 cups warm water in a large bowl. Add all-purpose and whole wheat flours; mix with your fingertips until a shaggy dough forms. Cover bowl with plastic wrap and let rest at room temperature for 20 minutes.", 
    "Sprinkle salt over dough, then add sour cream; knead until well incorporated and dough pulls away from sides of bowl and holds together in a loose, wet ball, about 5 minutes (dough will be very soft and wet; lightly moisten your hands to prevent sticking if needed). Cover bowl with plastic wrap and let dough rise at room temperature for 30 minutes.", 
    "Knead dough an additional 4\u20135 times to deflate. Cover and chill for up to 2 days. (Dough will develop in flavor and continue to rise slowly in refrigerator.) Alternatively, let dough stand at room temperature until doubled in volume, 3\u20134 hours (the warmer and more humid your kitchen is, the faster it will rise). Chill for 1 hour before grilling to make it easier to handle.", 
    "Build a medium-hot fire in a charcoal grill, or heat a gas grill to high. Divide dough into 8 equal portions. Generously flour a work surface. Working with 1 or 2 portions at a time (depending on how many flatbreads will fit on your grill), roll out dough or press with your hands into a 1/4-inch-thick shape. (It doesn't have to be perfectly round.)", 
    "Brush grill rack with oil. Grill flatbreads until lightly charred on one side and no longer sticking to grill, 2\u20133 minutes. Using tongs, turn flatbreads and grill until cooked through, 1\u20132 minutes longer. Add desired toppings and serve warm."
  ], 
  "keywords": [
    "Appetizers", 
    "Bread Recipes", 
    "Grilling Food", 
    "High Fiber", 
    "Low Cholesterol Recipes", 
    "Low Saturated Fat Recipes", 
    "Low-Calorie Recipes", 
    "Salad", 
    "Sides", 
    "Summer Food", 
    "Vegetarian Recipes"
  ], 
  "name": "Grilled Flatbread", 
  "proteinContent": "Protein (g) 6", 
  "saturatedFatContent": "Saturated Fat (g) 1", 
  "servings": "Servings: Makes 8", 
  "sodiumContent": "Sodium (mg) 720", 
  "sugarContent": "Total Sugars (g) 2", 
  "url": "http://www.bonappetit.com/recipe/grilled-flatbread"
}