{
  "calories": "", 
  "carbohydrateContent": "", 
  "cholesterolContent": "", 
  "fatContent": "", 
  "fiberContent": "", 
  "image": "http://www.bonappetit.com/wp-content/uploads/2011/11/honey-bourbon-toddy.jpg", 
  "ingredients": {
    "3x1/2' strips lemon peel": {
      "flour": "Safe", 
      "gluten": "no gluten here!", 
      "quantity": "2", 
      "substitute": "no substitute needed", 
      "unit": ""
    }, 
    "bourbon or apple bourbon (see below for recipe)": {
      "flour": "Safe", 
      "gluten": "no gluten here!", 
      "quantity": "6", 
      "substitute": "no substitute needed", 
      "unit": "tablespoons"
    }, 
    "cinnamon sticks": {
      "flour": "Safe", 
      "gluten": "no gluten here!", 
      "quantity": "2", 
      "substitute": "no substitute needed", 
      "unit": ""
    }, 
    "honey": {
      "flour": "Safe", 
      "gluten": "no gluten here!", 
      "quantity": "2", 
      "substitute": "no substitute needed", 
      "unit": "tablespoons"
    }, 
    "hot water": {
      "flour": "Safe", 
      "gluten": "no gluten here!", 
      "quantity": "1", 
      "substitute": "no substitute needed", 
      "unit": "cup"
    }
  }, 
  "instructions": [
    "Stir honey and water in a 2-cup measuring cup until honey dissolves. Add bourbon (or better yet, Apple Bourbon, in which case you'll use 1 Tbsp. honey). Divide between 2 Toddy glasses. Twist a strip of lemon peel over each drink, then add to glass. Stir each with a cinnamon stick and serve.", 
    "To make Apple Bourbon, combine a 750-ml bottle of bourbon, 4 cored, sliced Fuji apples, and 4 cinnamon sticks in a pitcher. Cover; chill for 3 days. Strain and sip of use in recipe above."
  ], 
  "keywords": [
    "Bourbon", 
    "Cocktails", 
    "December 2011 Recipes", 
    "Drink Recipes Alcoholic", 
    "Hot Toddy Recipes", 
    "Recipes", 
    "Starters", 
    "The Heat Is On", 
    "Winter"
  ], 
  "name": "Honey-Bourbon Toddy", 
  "proteinContent": "", 
  "saturatedFatContent": "", 
  "servings": "Servings: Makes 2", 
  "sodiumContent": "", 
  "sugarContent": "", 
  "url": "http://www.bonappetit.com/recipe/honey-bourbon-toddy"
}