{
  "calories": "", 
  "carbohydrateContent": "", 
  "cholesterolContent": "", 
  "fatContent": "", 
  "fiberContent": "", 
  "image": "http://www.bonappetit.com/wp-content/uploads/2012/09/ginger-miso-glazed-eggplant-646.jpg", 
  "ingredients": {
    "distilled white vinegar": {
      "flour": "Safe", 
      "gluten": "no gluten here!", 
      "quantity": "1", 
      "substitute": "no substitute needed", 
      "unit": "teaspoon"
    }, 
    "finely grated peeled ginger": {
      "flour": "Safe", 
      "gluten": "no gluten here!", 
      "quantity": "4", 
      "substitute": "no substitute needed", 
      "unit": "teaspoons"
    }, 
    "freshly ground black pepper": {
      "flour": "Safe", 
      "gluten": "no gluten here!", 
      "quantity": "1/4", 
      "substitute": "no substitute needed", 
      "unit": "teaspoon"
    }, 
    "grapeseed or vegetable oil": {
      "flour": "Safe", 
      "gluten": "no gluten here!", 
      "quantity": "1", 
      "substitute": "no substitute needed", 
      "unit": "tablespoon"
    }, 
    "japanese eggplants (1 1/2 lb. total), cut on a diagonal into 1-inch-thick slices": {
      "flour": "Safe", 
      "gluten": "no gluten here!", 
      "quantity": "6", 
      "substitute": "no substitute needed", 
      "unit": ""
    }, 
    "reduced-sodium soy sauce": {
      "flour": "Safe", 
      "gluten": "gluten here!", 
      "quantity": "1", 
      "substitute": "gluten-free tamari", 
      "unit": "teaspoon"
    }, 
    "sesame seeds, divided": {
      "flour": "Safe", 
      "gluten": "no gluten here!", 
      "quantity": "3", 
      "substitute": "no substitute needed", 
      "unit": "teaspoons"
    }, 
    "thinly sliced scallions, divided": {
      "flour": "Safe", 
      "gluten": "no gluten here!", 
      "quantity": "3", 
      "substitute": "no substitute needed", 
      "unit": "tablespoons"
    }, 
    "toasted sesame oil": {
      "flour": "Safe", 
      "gluten": "no gluten here!", 
      "quantity": "2", 
      "substitute": "no substitute needed", 
      "unit": "teaspoons"
    }, 
    "white miso (fermented soybean paste)": {
      "flour": "Safe", 
      "gluten": "no gluten here!", 
      "quantity": "1/3", 
      "substitute": "no substitute needed", 
      "unit": "cup"
    }
  }, 
  "instructions": [
    "Preheat oven to 425\u00b0. Brush both sides of eggplant slices with oil and place on a parchment paper-lined baking sheet. Roast eggplant, flipping once, until very tender, about 20 minutes. Remove from oven. Arrange a rack in upper third of oven and heat to broil.", 
    "Meanwhile, whisk white miso and next 5 ingredients with 1 Tbsp. water in a small bowl. Stir in 1 1/2 tsp. sesame seeds and 2 Tbsp. scallions. Smear top of eggplant slices with miso sauce. Broil until golden and charred in places, 4\u20135 minutes. Remove from oven and sprinkle with remaining 1 1/2 tsp. sesame seeds and 1 Tbsp. scallions."
  ], 
  "keywords": [
    "Asian Food", 
    "Eggplant Recipes", 
    "Ginger Recipes", 
    "Ginger-Miso-Glazed Eggplant", 
    "Healthy Newsletter Recipes", 
    "Healthy Recipes", 
    "Quick Recipes", 
    "Vegan Recipes", 
    "Vegetarian Recipes"
  ], 
  "name": "Ginger-Miso-Glazed Eggplant", 
  "proteinContent": "", 
  "saturatedFatContent": "", 
  "servings": "Servings: 6\u20138", 
  "sodiumContent": "", 
  "sugarContent": "", 
  "url": "http://www.bonappetit.com/recipe/ginger-miso-glazed-eggplant"
}