{
  "calories": "", 
  "carbohydrateContent": "", 
  "cholesterolContent": "", 
  "fatContent": "", 
  "fiberContent": "", 
  "image": "http://www.bonappetit.com/wp-content/uploads/2008/04/baked-ziti-with-spicy-pork-and-sausage-ragu-940x600.jpg", 
  "ingredients": {
    "(packed) coarsely grated whole-milk mozzarella cheese (about 8 ounces)": {
      "flour": "Safe", 
      "gluten": "no gluten here!", 
      "quantity": "2", 
      "substitute": "no substitute needed", 
      "unit": "cups"
    }, 
    "28-ounce can plum tomatoes in juice, tomatoes chopped, juice reserved": {
      "flour": "Safe", 
      "gluten": "no gluten here!", 
      "quantity": "1", 
      "substitute": "no substitute needed", 
      "unit": ""
    }, 
    "bay leaves": {
      "flour": "Safe", 
      "gluten": "no gluten here!", 
      "quantity": "2", 
      "substitute": "no substitute needed", 
      "unit": ""
    }, 
    "boston butt (pork shoulder), cut into 1 1/4-inch cubes": {
      "flour": "Safe", 
      "gluten": "no gluten here!", 
      "quantity": "2 pounds", 
      "substitute": "no substitute needed", 
      "unit": ""
    }, 
    "chopped carrots": {
      "flour": "Safe", 
      "gluten": "no gluten here!", 
      "quantity": "3/4", 
      "substitute": "no substitute needed", 
      "unit": "cup"
    }, 
    "chopped celery": {
      "flour": "Safe", 
      "gluten": "no gluten here!", 
      "quantity": "3/4", 
      "substitute": "no substitute needed", 
      "unit": "cup"
    }, 
    "chopped onions": {
      "flour": "Safe", 
      "gluten": "no gluten here!", 
      "quantity": "2", 
      "substitute": "no substitute needed", 
      "unit": "cups"
    }, 
    "dried crushed red pepper": {
      "flour": "Safe", 
      "gluten": "no gluten here!", 
      "quantity": "1/2", 
      "substitute": "no substitute needed", 
      "unit": "teaspoon"
    }, 
    "dry red wine": {
      "flour": "Safe", 
      "gluten": "no gluten here!", 
      "quantity": "2", 
      "substitute": "no substitute needed", 
      "unit": "cups"
    }, 
    "freshly grated parmesan cheese": {
      "flour": "Safe", 
      "gluten": "no gluten here!", 
      "quantity": "1/2", 
      "substitute": "no substitute needed", 
      "unit": "cup"
    }, 
    "italian hot sausages, casings removed": {
      "flour": "Safe", 
      "gluten": "no gluten here!", 
      "quantity": "1 pound", 
      "substitute": "no substitute needed", 
      "unit": ""
    }, 
    "large fresh thyme sprigs": {
      "flour": "Safe", 
      "gluten": "no gluten here!", 
      "quantity": "6", 
      "substitute": "no substitute needed", 
      "unit": ""
    }, 
    "large garlic cloves, chopped": {
      "flour": "Safe", 
      "gluten": "no gluten here!", 
      "quantity": "6", 
      "substitute": "no substitute needed", 
      "unit": ""
    }, 
    "olive oil": {
      "flour": "Safe", 
      "gluten": "no gluten here!", 
      "quantity": "2", 
      "substitute": "no substitute needed", 
      "unit": "tablespoons"
    }, 
    "thinly sliced pancetta, chopped": {
      "flour": "Safe", 
      "gluten": "no gluten here!", 
      "quantity": "4", 
      "substitute": "no substitute needed", 
      "unit": "ounces"
    }, 
    "ziti pasta": {
      "flour": "Safe", 
      "gluten": "gluten here!", 
      "quantity": "1 1/4 pounds", 
      "substitute": "gluten-free pasta", 
      "unit": ""
    }
  }, 
  "instructions": [
    "Heat olive oil in heavy large pot over medium-high heat. Add pancetta and saut\u00e9 until brown and crisp. Using slotted spoon, transfer pancetta to bowl. Sprinkle pork with salt and pepper. Add half of pork to drippings in pot; saut\u00e9 until brown, about 7 minutes. Transfer to bowl with pancetta. Repeat with remaining pork. Add sausage to same pot. Saut\u00e9 until no longer pink, breaking up with back of fork, about 5 minutes. Add onions, carrots, celery, thyme, garlic, bay leaves, and crushed red pepper. Reduce heat to medium-low; saut\u00e9 until vegetables are tender, about 10 minutes. Add wine and bring to boil, scraping up browned bits. Add pancetta and pork with any accumulated juices; boil 2 minutes. Add tomatoes with juice. Cover and cook until pork is very tender, adjusting heat as needed to maintain gentle simmer and stirring occasionally, about 2 hours.", 
    "Uncover pot; tilt to 1 side and spoon off fat from surface of rag\u00f9. Gently press pork pieces with back of fork to break up meat coarsely. Season rag\u00f9 to taste with salt and pepper. (Can be made 2 days ahead. Cool slightly. Refrigerate uncovered until cold, then cover and keep refrigerated. Rewarm over low heat before continuing.)", 
    "Preheat oven to 400\u00b0F. Butter 15x10x2-inch glass baking dish or other 4-quart baking dish. Cook pasta in large pot of boiling salted water until tender but still firm to bite, stirring occasionally. Drain pasta; mix into rag\u00f9. Season mixture to taste with salt and pepper; transfer to prepared dish. Sprinkle both cheeses over. Bake until heated through and golden, about 20 minutes."
  ], 
  "keywords": [
    "Bacon", 
    "Boston Butt", 
    "Carrot", 
    "Casserole", 
    "Cheese", 
    "Dinner", 
    "Dinner Party", 
    "Dried Crushed Red Pepper", 
    "Garlic", 
    "Italian", 
    "Italian Food", 
    "Italian Sausages", 
    "Large Group", 
    "Main Course", 
    "Main Dishes", 
    "Meat", 
    "Meat Recipes", 
    "Mozzarella", 
    "Mozzarella Cheese", 
    "Pancetta", 
    "Parmesan Cheese", 
    "Party Dishes", 
    "Pasta", 
    "Pasta Recipes", 
    "Pork", 
    "Pork Recipes", 
    "Pork Shoulder", 
    "Potluck", 
    "Ragu", 
    "Red Wine", 
    "Sauce Recipes", 
    "Sausage", 
    "Sausages", 
    "Spicy Food", 
    "Spicy Food Italian Sausages", 
    "Superbowl", 
    "Thyme", 
    "Tomato", 
    "Tomato Sauce", 
    "Winter", 
    "Ziti"
  ], 
  "name": "Baked Ziti with Spicy Pork and Sausage Ragu", 
  "proteinContent": "", 
  "saturatedFatContent": "", 
  "servings": "Servings: 8", 
  "sodiumContent": "", 
  "sugarContent": "", 
  "url": "http://www.bonappetit.com/recipe/baked-ziti-with-spicy-pork-and-sausage-ragu"
}