{
  "calories": "", 
  "carbohydrateContent": "", 
  "cholesterolContent": "", 
  "fatContent": "", 
  "fiberContent": "", 
  "image": "http://www.bonappetit.com/wp-content/uploads/2012/02/beer-ss-guinness-mustard-6462.jpg", 
  "ingredients": {
    "coarse-grained dijon mustard": {
      "flour": "Safe", 
      "gluten": "no gluten here!", 
      "quantity": "1/2", 
      "substitute": "no substitute needed", 
      "unit": "cup"
    }, 
    "golden brown sugar": {
      "flour": "Safe", 
      "gluten": "no gluten here!", 
      "quantity": "1", 
      "substitute": "no substitute needed", 
      "unit": "teaspoon"
    }, 
    "guinness stout or other stout or porter": {
      "flour": "Safe", 
      "gluten": "no gluten here!", 
      "quantity": "2", 
      "substitute": "no substitute needed", 
      "unit": "tablespoons"
    }, 
    "minced shallot": {
      "flour": "Safe", 
      "gluten": "no gluten here!", 
      "quantity": "1", 
      "substitute": "no substitute needed", 
      "unit": "tablespoon"
    }, 
    "regular dijon mustard": {
      "flour": "Safe", 
      "gluten": "no gluten here!", 
      "quantity": "2", 
      "substitute": "no substitute needed", 
      "unit": "tablespoons"
    }
  }, 
  "instructions": [
    "Whisk all ingredients in small bowl to blend. Cover and refrigerate at least 2 hours. DO AHEAD: Can be made 2 days ahead. Keep refrigerated."
  ], 
  "keywords": [
    "Beer", 
    "Brown Sugar", 
    "Condiments", 
    "Irish", 
    "Irish Food", 
    "Low Cal", 
    "Low Cholestrol", 
    "Lunch", 
    "Mustard", 
    "Quick &amp; Easy", 
    "Saint Patricks Day Food", 
    "Shallot", 
    "St Patricks Day Food", 
    "St. Patricks Day", 
    "Stout", 
    "Vegetarian"
  ], 
  "name": "Guinness Mustard", 
  "proteinContent": "", 
  "saturatedFatContent": "", 
  "servings": "Servings: 6", 
  "sodiumContent": "", 
  "sugarContent": "", 
  "url": "http://www.bonappetit.com/recipe/guinness-mustard"
}