{
  "calories": "", 
  "carbohydrateContent": "", 
  "cholesterolContent": "", 
  "fatContent": "", 
  "fiberContent": "", 
  "image": "http://www.bonappetit.com/wp-content/uploads/2011/09/ginger-yogurt-mousse-with-pistachio-meringue-940x600.jpg", 
  "ingredients": {
    "2' piece peeled ginger, cut into 1/4' slices": {
      "flour": "Safe", 
      "gluten": "no gluten here!", 
      "quantity": "1", 
      "substitute": "no substitute needed", 
      "unit": ""
    }, 
    "chopped natural pistachios": {
      "flour": "Safe", 
      "gluten": "no gluten here!", 
      "quantity": "1", 
      "substitute": "no substitute needed", 
      "unit": "tablespoon"
    }, 
    "chopped natural pistachios t": {
      "flour": "Safe", 
      "gluten": "no gluten here!", 
      "quantity": "1/4", 
      "substitute": "no substitute needed", 
      "unit": "cup"
    }, 
    "cornstarch": {
      "flour": "Safe", 
      "gluten": "no gluten here!", 
      "quantity": "2", 
      "substitute": "no substitute needed", 
      "unit": "teaspoons"
    }, 
    "cream of tartar": {
      "flour": "Safe", 
      "gluten": "no gluten here!", 
      "quantity": "1/8", 
      "substitute": "no substitute needed", 
      "unit": "teaspoon"
    }, 
    "heavy cream": {
      "flour": "Safe", 
      "gluten": "no gluten here!", 
      "quantity": "1", 
      "substitute": "no substitute needed", 
      "unit": "cup"
    }, 
    "large egg whites, room temperature": {
      "flour": "Safe", 
      "gluten": "no gluten here!", 
      "quantity": "2", 
      "substitute": "no substitute needed", 
      "unit": ""
    }, 
    "low-fat plain yogurt": {
      "flour": "Safe", 
      "gluten": "no gluten here!", 
      "quantity": "1", 
      "substitute": "no substitute needed", 
      "unit": "cup"
    }, 
    "sugar": {
      "flour": "Safe", 
      "gluten": "no gluten here!", 
      "quantity": "1/3", 
      "substitute": "no substitute needed", 
      "unit": "cup"
    }, 
    "vanilla bean, split lengthwise": {
      "flour": "Safe", 
      "gluten": "no gluten here!", 
      "quantity": "1", 
      "substitute": "no substitute needed", 
      "unit": ""
    }, 
    "vanilla extract": {
      "flour": "Safe", 
      "gluten": "no gluten here!", 
      "quantity": "1/2", 
      "substitute": "no substitute needed", 
      "unit": "teaspoon"
    }
  }, 
  "instructions": [
    "Position a rack in center of oven; preheat to 250\u00b0. Line a baking sheet with parchment paper. Using an electric mixer, beat egg whites and cream of tartar in a large bowl until soft peaks form. Beat in vanilla. Gradually beat in cornstarch, then sugar, 1 Tbsp. at a time; continue to beat until stiff peaks form. Fold in pistachios. Spread meringue on parchment paper in a 1/3\" layer (meringue will not completely cover parchment). Bake meringue until crisp, about 55 minutes. Let cool, then break into small pieces. DO AHEAD: Can be made 1 day ahead. Store airtight.", 
    "Combine sugar, ginger, and 1/4 cup water in a small saucepan. Scrape in seeds from vanilla bean; add bean. Bring to a boil over medium heat, stirring until sugar dissolves. Remove saucepan from heat and let infuse for 30 minutes. Discard bean. Strain ginger syrup, then cover and chill.", 
    "In a small bowl, whisk together yogurt, cream, and ginger syrup just to blend. Place mixture in a whipped-cream canister. DO AHEAD: Can be made 4 hours ahead. Chill. Dispense into bowls according to manufacturer's instructions. (Alternatively, double ingredients and whip chilled cream until stiff peaks form, then whip in yogurt and syrup. Spoon the mixture into bowls.) Top with crumbled pistachio meringue. Garnish with pistachios."
  ], 
  "keywords": [
    "Desserts", 
    "Meringue Recipes", 
    "Mousse Recipes"
  ], 
  "name": "Ginger-Yogurt Mousse with Pistachio Meringue", 
  "proteinContent": "", 
  "saturatedFatContent": "", 
  "servings": "Servings: 8", 
  "sodiumContent": "", 
  "sugarContent": "", 
  "url": "http://www.bonappetit.com/recipe/ginger-yogurt-mousse-with-pistachio-meringue"
}