{
  "calories": "", 
  "carbohydrateContent": "", 
  "cholesterolContent": "", 
  "description": "This stew might come together quickly, but it gets plenty of backbone from fennel and white wine.", 
  "fatContent": "", 
  "fiberContent": "", 
  "image": "http://www.bonappetit.com/wp-content/uploads/2014/03/fish-stew-with-fennel-and-baby-potatoes-940x600.jpg", 
  "ingredients": {
    "chopped fresh dill": {
      "flour": "Safe", 
      "gluten": "no gluten here!", 
      "quantity": "2", 
      "substitute": "no substitute needed", 
      "unit": "tablespoons"
    }, 
    "cr\u00e8me fra\u00eeche": {
      "flour": "Safe", 
      "gluten": "no gluten here!", 
      "quantity": "\u00bc", 
      "substitute": "no substitute needed", 
      "unit": "cup"
    }, 
    "dry white wine": {
      "flour": "Safe", 
      "gluten": "no gluten here!", 
      "quantity": "\u00bc", 
      "substitute": "no substitute needed", 
      "unit": "cup"
    }, 
    "garlic cloves, finely chopped": {
      "flour": "Safe", 
      "gluten": "no gluten here!", 
      "quantity": "2", 
      "substitute": "no substitute needed", 
      "unit": ""
    }, 
    "kosher salt and freshly ground black pepper": {
      "flour": "Safe", 
      "gluten": "no gluten here!", 
      "quantity": "", 
      "substitute": "no substitute needed", 
      "unit": ""
    }, 
    "lemon wedges (for serving)": {
      "flour": "Safe", 
      "gluten": "no gluten here!", 
      "quantity": "", 
      "substitute": "no substitute needed", 
      "unit": ""
    }, 
    "medium fennel bulb, finely chopped": {
      "flour": "Safe", 
      "gluten": "no gluten here!", 
      "quantity": "\u00bd", 
      "substitute": "no substitute needed", 
      "unit": ""
    }, 
    "olive oil": {
      "flour": "Safe", 
      "gluten": "no gluten here!", 
      "quantity": "\u00bc", 
      "substitute": "no substitute needed", 
      "unit": "cup"
    }, 
    "oz. small waxy potatoes (such as baby yukon gold), scrubbed, sliced \u00bc&rdquo; thick": {
      "flour": "Safe", 
      "gluten": "no gluten here!", 
      "quantity": "8", 
      "substitute": "no substitute needed", 
      "unit": ""
    }, 
    "skinless flounder or fluke fillet, cut into 2&rdquo; pieces": {
      "flour": "Safe", 
      "gluten": "no gluten here!", 
      "quantity": "1\u00bd", 
      "substitute": "no substitute needed", 
      "unit": "pound"
    }
  }, 
  "instructions": [
    "Heat oil in a large pot over medium-high heat. Cook potatoes, tossing occasionally, until beginning to soften, about 3 minutes. Add fennel and garlic; season with salt and pepper and cook, stirring occasionally, until fennel is soft, about 2 minutes. Add wine, bring to a boil, and cook until almost completely evaporated, about 4 minutes.", 
    "Add 2 cups water to pot and bring to a boil. Reduce heat and simmer until potatoes are tender, 10\u201312 minutes. Stir in cr\u00e8me fra\u00eeche. Add flounder, cover pot, and reduce heat. Simmer until fish is cooked through, about 4 minutes.", 
    "Stir dill into stew; season with salt and pepper. Serve with lemon wedges."
  ], 
  "keywords": [
    "Creme Fraiche Recipes", 
    "Dill Recipes", 
    "Dinner", 
    "Fast Easy Fresh", 
    "Fennel Recipes", 
    "Fish Recipes", 
    "Potato Recipes", 
    "Quick Recipes", 
    "Spring Food", 
    "Stew Recipes", 
    "White Wine Recipes"
  ], 
  "name": "Fish Stew with Fennel and Baby Potatoes", 
  "proteinContent": "", 
  "saturatedFatContent": "", 
  "servings": "Servings: 4", 
  "sodiumContent": "", 
  "sugarContent": "", 
  "url": "http://www.bonappetit.com/recipe/fish-stew-with-fennel-and-baby-potatoes"
}