{
  "calories": "", 
  "carbohydrateContent": "", 
  "cholesterolContent": "", 
  "fatContent": "", 
  "fiberContent": "", 
  "image": "http://www.bonappetit.com/wp-content/uploads/2003/02/escarole-and-orzo-soup-with-turkey-parmesan-meatballs-940x600.jpg", 
  "ingredients": {
    "(or more) low-salt chicken broth": {
      "flour": "Safe", 
      "gluten": "no gluten here!", 
      "quantity": "8", 
      "substitute": "no substitute needed", 
      "unit": "cups"
    }, 
    "chopped fresh italian parsley": {
      "flour": "Safe", 
      "gluten": "no gluten here!", 
      "quantity": "2", 
      "substitute": "no substitute needed", 
      "unit": "tablespoons"
    }, 
    "chopped peeled carrots": {
      "flour": "Safe", 
      "gluten": "no gluten here!", 
      "quantity": "1", 
      "substitute": "no substitute needed", 
      "unit": "cup"
    }, 
    "coarsely chopped escarole (about 1/2 medium head)": {
      "flour": "Safe", 
      "gluten": "no gluten here!", 
      "quantity": "4", 
      "substitute": "no substitute needed", 
      "unit": "cups"
    }, 
    "freshly grated parmesan cheese": {
      "flour": "Safe", 
      "gluten": "no gluten here!", 
      "quantity": "1/4", 
      "substitute": "no substitute needed", 
      "unit": "cup"
    }, 
    "garlic cloves, minced": {
      "flour": "Safe", 
      "gluten": "no gluten here!", 
      "quantity": "2", 
      "substitute": "no substitute needed", 
      "unit": ""
    }, 
    "ground black pepper": {
      "flour": "Safe", 
      "gluten": "no gluten here!", 
      "quantity": "1/4", 
      "substitute": "no substitute needed", 
      "unit": "teaspoon"
    }, 
    "large egg": {
      "flour": "Safe", 
      "gluten": "no gluten here!", 
      "quantity": "1", 
      "substitute": "no substitute needed", 
      "unit": ""
    }, 
    "lean ground turkey": {
      "flour": "Safe", 
      "gluten": "no gluten here!", 
      "quantity": "12", 
      "substitute": "no substitute needed", 
      "unit": "ounces"
    }, 
    "orzo (rice-shaped pasta)": {
      "flour": "Safe", 
      "gluten": "gluten here!", 
      "quantity": "3/4", 
      "substitute": "gluten-free pasta", 
      "unit": "cup"
    }, 
    "plain dried breadcrumbs": {
      "flour": "Safe", 
      "gluten": "gluten here!", 
      "quantity": "1/4", 
      "substitute": "gluten-free breadcrumbs", 
      "unit": "cup"
    }, 
    "salt": {
      "flour": "Safe", 
      "gluten": "no gluten here!", 
      "quantity": "3/4", 
      "substitute": "no substitute needed", 
      "unit": "teaspoon"
    }, 
    "water": {
      "flour": "Safe", 
      "gluten": "no gluten here!", 
      "quantity": "2", 
      "substitute": "no substitute needed", 
      "unit": "tablespoons"
    }
  }, 
  "instructions": [
    "Whisk egg and 2 tablespoons water in medium bowl to blend. Mix in breadcrumbs; let stand 5 minutes. Add turkey, Parmesan cheese, parsley, garlic, salt, and pepper; gently stir to blend. Using wet hands, shape turkey mixture into 1 1/4-inch-diameter meatballs. Place on baking sheet; cover and chill 30 minutes.", 
    "Bring 8 cups chicken broth to boil in large pot. Add carrots and orzo; reduce heat to medium and simmer uncovered 8 minutes. Add turkey meatballs and simmer 10 minutes. Stir in chopped escarole and simmer until turkey meatballs, orzo, and escarole are tender, about 5 minutes longer. Season soup to taste with salt and pepper. DO AHEAD Can be made 2 hours ahead. Rewarm over medium heat, thinning with more broth if desired.", 
    "Ladle soup into bowls and serve."
  ], 
  "keywords": [
    "American", 
    "Appetizers", 
    "Cheese", 
    "Dinner", 
    "Escarole", 
    "Healthy", 
    "Leafy Green", 
    "Low Fat", 
    "Main Course", 
    "Meatball Recipes", 
    "Meatballs", 
    "Orzo", 
    "Parmesan", 
    "Pasta", 
    "Soup", 
    "Soup Recipes", 
    "Turkey", 
    "Turkey Recipes", 
    "Winter"
  ], 
  "name": "Escarole and Orzo Soup with Turkey Parmesan Meatballs", 
  "proteinContent": "", 
  "saturatedFatContent": "", 
  "servings": "Servings: Makes 4 main-course", 
  "sodiumContent": "", 
  "sugarContent": "", 
  "url": "http://www.bonappetit.com/recipe/escarole-and-orzo-soup-with-turkey-parmesan-meatballs"
}