{
  "calories": "", 
  "carbohydrateContent": "", 
  "cholesterolContent": "", 
  "fatContent": "", 
  "fiberContent": "", 
  "image": "http://www.bonappetit.com/wp-content/uploads/2008/04/green-tea-cheesecake-with-raspberries-and-raspberry-mint-tisane-646.jpg", 
  "ingredients": {
    "(generous) ground shortbread cookies (about 6 ounces)": {
      "flour": "Safe", 
      "gluten": "gluten here!", 
      "quantity": "1", 
      "substitute": "gluten-free cookies", 
      "unit": "cup"
    }, 
    "(packed) fromage blanc*": {
      "flour": "Safe", 
      "gluten": "no gluten here!", 
      "quantity": "1/2", 
      "substitute": "no substitute needed", 
      "unit": "cup"
    }, 
    "1/2-pint containers fresh golden raspberries": {
      "flour": "Safe", 
      "gluten": "no gluten here!", 
      "quantity": "2", 
      "substitute": "no substitute needed", 
      "unit": ""
    }, 
    "1/2-pint containers fresh red raspberries": {
      "flour": "Safe", 
      "gluten": "no gluten here!", 
      "quantity": "2", 
      "substitute": "no substitute needed", 
      "unit": ""
    }, 
    "8-ounce packages cream cheese, room temperature (do not use whipped or 'light' products)": {
      "flour": "Safe", 
      "gluten": "no gluten here!", 
      "quantity": "2", 
      "substitute": "no substitute needed", 
      "unit": ""
    }, 
    "boiling water": {
      "flour": "Safe", 
      "gluten": "no gluten here!", 
      "quantity": "", 
      "substitute": "no substitute needed", 
      "unit": ""
    }, 
    "bunch fresh mint": {
      "flour": "Safe", 
      "gluten": "no gluten here!", 
      "quantity": "1", 
      "substitute": "no substitute needed", 
      "unit": ""
    }, 
    "japanese green tea powder** or 2 teaspoons finely ground green tea from about 4 tea bags": {
      "flour": "Safe", 
      "gluten": "no gluten here!", 
      "quantity": "2", 
      "substitute": "no substitute needed", 
      "unit": "teaspoons"
    }, 
    "large eggs": {
      "flour": "Safe", 
      "gluten": "no gluten here!", 
      "quantity": "4", 
      "substitute": "no substitute needed", 
      "unit": ""
    }, 
    "plus 2 tablespoons sugar": {
      "flour": "Safe", 
      "gluten": "no gluten here!", 
      "quantity": "3/4", 
      "substitute": "no substitute needed", 
      "unit": "cup"
    }
  }, 
  "instructions": [
    "Preheat oven to 325\u00b0F. Press cookie crumbs firmly onto bottom (not sides) of 8-inch-diameter springform pan. Wrap outside of pan tightly with 3 layers of heavy-duty foil. Using electric mixer, beat cream cheese, fromage blanc, and sugar in large bowl until smooth. Add eggs 1 at a time, beating until incorporated after each addition. Beat in green tea powder until smooth. Pour batter over prepared crust in pan. Place cakein roasting pan; add enough hot water to roasting pan to come halfway up sides of springform pan.", 
    "Bake cake until set but center moves very slightly when pan is gently shaken, about 1 hour. Remove cake from roasting pan; cool 1 hour at room temperature. Refrigerate uncovered overnight. (Can be prepared 2 days ahead. Cover and keep refrigerated.)", 
    "Place 5 raspberries (mix of red and golden) and 3 mint leaves in each of 8 heatproof glasses. Fill glasses with boiling water; let steep 5 minutes.", 
    "Cut around pan sides to loosen cake; remove sides. Place cake on platter. Garnish cake with some raspberries. Cut cake into wedges. Serve each piece with a few raspberries and a glass of tisane."
  ], 
  "keywords": [
    "American Food", 
    "Asian Food", 
    "Berry Recipes", 
    "Birthday", 
    "Cake", 
    "Cake Recipes", 
    "Cheese Recipes", 
    "Cream Cheese Recipes", 
    "Dessert", 
    "Dinner Party Food", 
    "Fall Food", 
    "Japanese Food", 
    "Kid-Friendly", 
    "Large Groups", 
    "Party Food", 
    "Raspberry Recipes", 
    "Tea Recipes"
  ], 
  "name": "Green Tea Cheesecake with Raspberries and Raspberry-Mint Tisane", 
  "proteinContent": "", 
  "saturatedFatContent": "", 
  "servings": "Servings: 8", 
  "sodiumContent": "", 
  "sugarContent": "", 
  "url": "http://www.bonappetit.com/recipe/green-tea-cheesecake-with-raspberries-and-raspberry-mint-tisane"
}