{
  "calories": "", 
  "carbohydrateContent": "", 
  "cholesterolContent": "", 
  "fatContent": "", 
  "fiberContent": "", 
  "image": "http://www.bonappetit.com/wp-content/uploads/2010/06/grilled-sausages-with-figs-and-mixed-greens-940x600.jpg", 
  "ingredients": {
    "1/4 cup (packed) sliced fresh mint leaves": {
      "flour": "Safe", 
      "gluten": "no gluten here!", 
      "quantity": "", 
      "substitute": "no substitute needed", 
      "unit": ""
    }, 
    "10 tablespoons pomegranate-cumin dressing, divided": {
      "flour": "Safe", 
      "gluten": "no gluten here!", 
      "quantity": "", 
      "substitute": "no substitute needed", 
      "unit": ""
    }, 
    "12 cups mixed greens": {
      "flour": "Safe", 
      "gluten": "no gluten here!", 
      "quantity": "", 
      "substitute": "no substitute needed", 
      "unit": ""
    }, 
    "3/4 cup crumbled soft fresh goat cheese": {
      "flour": "Safe", 
      "gluten": "no gluten here!", 
      "quantity": "", 
      "substitute": "no substitute needed", 
      "unit": ""
    }, 
    "4 1/2-inch-thick red onion slices": {
      "flour": "Safe", 
      "gluten": "no gluten here!", 
      "quantity": "", 
      "substitute": "no substitute needed", 
      "unit": ""
    }, 
    "6 fresh figs, halved": {
      "flour": "Safe", 
      "gluten": "no gluten here!", 
      "quantity": "", 
      "substitute": "no substitute needed", 
      "unit": ""
    }, 
    "6 fresh lamb sausages, spicy italian sausages, or garlic sausages": {
      "flour": "Safe", 
      "gluten": "no gluten here!", 
      "quantity": "", 
      "substitute": "no substitute needed", 
      "unit": ""
    }
  }, 
  "instructions": [
    "Prepare grill (medium-high heat). Brush sausages and onions with 3 tablespoons dressing; grill sausages until cooked, 15 minutes, and onions until charred, 10 minutes. Toss greens with remaining dressing; mound on plates. Slice 4 sausages (reserve 2 for pizza). Top greens with sausages, cheese, figs, and mint."
  ], 
  "keywords": [
    "Dinner", 
    "Fig Recipes", 
    "Grilled Lamb", 
    "Lamb Recipes", 
    "Leftovers", 
    "Main Dishes", 
    "Meat Recipes"
  ], 
  "name": "Grilled Sausages with Figs and Mixed Greens", 
  "proteinContent": "", 
  "saturatedFatContent": "", 
  "servings": "Servings: 4", 
  "sodiumContent": "", 
  "sugarContent": "", 
  "url": "http://www.bonappetit.com/recipe/grilled-sausages-with-figs-and-mixed-greens"
}