{
  "calories": "", 
  "carbohydrateContent": "", 
  "cholesterolContent": "", 
  "fatContent": "", 
  "fiberContent": "", 
  "image": "http://www.bonappetit.com/wp-content/uploads/2013/12/lemongrass-chicken.jpg", 
  "ingredients": {
    "baby bok choy, rinsed, cut into quarters, with core intact": {
      "flour": "Safe", 
      "gluten": "no gluten here!", 
      "quantity": "1", 
      "substitute": "no substitute needed", 
      "unit": "pound"
    }, 
    "garlic cloves, chopped": {
      "flour": "Safe", 
      "gluten": "no gluten here!", 
      "quantity": "2", 
      "substitute": "no substitute needed", 
      "unit": ""
    }, 
    "reduced-sodium soy sauce": {
      "flour": "Safe", 
      "gluten": "gluten here!", 
      "quantity": "1", 
      "substitute": "gluten-free tamari", 
      "unit": "tablespoon"
    }, 
    "shallot, chopped": {
      "flour": "Safe", 
      "gluten": "no gluten here!", 
      "quantity": "1", 
      "substitute": "no substitute needed", 
      "unit": ""
    }, 
    "vegetable oil": {
      "flour": "Safe", 
      "gluten": "no gluten here!", 
      "quantity": "1", 
      "substitute": "no substitute needed", 
      "unit": "tablespoon"
    }
  }, 
  "instructions": [
    "Heat oil in a large skillet or wok over medium-high heat. Add garlic and shallot and cook, stirring, until fragrant, about 30 seconds. Add bok choy, soy sauce, and 2 Tbsp. water and cover immediately. Cook 1 minute. Uncover and toss, then cover and cook until bok choy is tender at the core, about 3 more minutes."
  ], 
  "keywords": [
    "Bok Choy", 
    "Dinner", 
    "Food-Lover's Cleanse 2014", 
    "Garlic Recipes", 
    "Healthy Recipes", 
    "Shallot Recipes", 
    "Soy Sauce Recipes", 
    "Vegetarian Food"
  ], 
  "name": "Garlicky Bok Choy", 
  "proteinContent": "", 
  "saturatedFatContent": "", 
  "servings": "Servings: 4 servings", 
  "sodiumContent": "", 
  "sugarContent": "", 
  "url": "http://www.bonappetit.com/recipe/garlicky-bok-choy"
}