{
  "calories": "Calories (kcal) 90", 
  "carbohydrateContent": "Carbohydrates (g) 10", 
  "cholesterolContent": "Cholesterol (mg) 0", 
  "fatContent": "Fat (g) 5", 
  "fiberContent": "Dietary Fiber (g) 4", 
  "image": "http://www.bonappetit.com/wp-content/uploads/2012/07/grilled-ratatouille-salad.jpg", 
  "ingredients": {
    "balsamic vinegar": {
      "flour": "Safe", 
      "gluten": "no gluten here!", 
      "quantity": "2", 
      "substitute": "no substitute needed", 
      "unit": "tablespoons"
    }, 
    "extra-virgin olive oil, divided": {
      "flour": "Safe", 
      "gluten": "no gluten here!", 
      "quantity": "3", 
      "substitute": "no substitute needed", 
      "unit": "tablespoons"
    }, 
    "freshly ground black pepper": {
      "flour": "Safe", 
      "gluten": "no gluten here!", 
      "quantity": "", 
      "substitute": "no substitute needed", 
      "unit": ""
    }, 
    "kosher salt": {
      "flour": "Safe", 
      "gluten": "no gluten here!", 
      "quantity": "", 
      "substitute": "no substitute needed", 
      "unit": ""
    }, 
    "medium eggplants (about 1 pound), halved lengthwise": {
      "flour": "Safe", 
      "gluten": "no gluten here!", 
      "quantity": "2", 
      "substitute": "no substitute needed", 
      "unit": ""
    }, 
    "mixed summer squash, halved lengthwise": {
      "flour": "Safe", 
      "gluten": "no gluten here!", 
      "quantity": "1", 
      "substitute": "no substitute needed", 
      "unit": "pound"
    }, 
    "red bell pepper": {
      "flour": "Safe", 
      "gluten": "no gluten here!", 
      "quantity": "1", 
      "substitute": "no substitute needed", 
      "unit": ""
    }, 
    "roughly chopped fresh tarragon": {
      "flour": "Safe", 
      "gluten": "no gluten here!", 
      "quantity": "1", 
      "substitute": "no substitute needed", 
      "unit": "tablespoons"
    }, 
    "scallions, trimmed": {
      "flour": "Safe", 
      "gluten": "no gluten here!", 
      "quantity": "8", 
      "substitute": "no substitute needed", 
      "unit": ""
    }, 
    "tomatoes": {
      "flour": "Safe", 
      "gluten": "no gluten here!", 
      "quantity": "1 1/2", 
      "substitute": "no substitute needed", 
      "unit": "pounds"
    }
  }, 
  "instructions": [
    "Build a medium fire in a charcoal grill, or heat a gas grill to medium-high. Lightly sprinkle salt over cut sides of eggplant and let sit for 15 minutes (you will see beads of water form on the surface). Rinse eggplant and pat dry.", 
    "Lay eggplant, tomatoes, squash, bell pepper, and scallions on a baking sheet and drizzle with 1 Tbsp. oil; season with salt and pepper.", 
    "Grill vegetables, turning occasionally, until tender, transferring them to a baking sheet as they are done. The tomatoes, scallions, and eggplant will cook the fastest (2\u20135 minutes); the squash and bell pepper will take about 5 minutes.", 
    "Slice three-quarters of the tomatoes in half and grate the cut side over the coarse holes of a box grater into a medium bowl (discard core and any tomato skin left in your hand). Whisk in vinegar and remaining 2 Tbsp. oil; season to taste with salt and pepper. Set vinaigrette aside.", 
    "Chop remaining tomatoes and transfer to a large bowl. Chop remaining grilled vegetables into 1/2-inch pieces and add to bowl. Drizzle tomato vinaigrette over and toss gently to coat. Transfer vegetables to a serving platter or bowl and garnish with tarragon."
  ], 
  "keywords": [
    "Barbecue", 
    "Bell Pepper Recipes", 
    "Dinner Party Food", 
    "Eggplant Recipes", 
    "French Food", 
    "Grilled Vegetable Recipes", 
    "Grilling Food", 
    "Healthy Newsletter Recipes", 
    "Healthy Recipes", 
    "Picnic Food", 
    "Salad", 
    "Salad Recipes", 
    "Scallion Recipes", 
    "Spring Food", 
    "Squash Recipes", 
    "Summer Food", 
    "Summer Sides", 
    "Tarragon Recipes", 
    "Tomato Recipes"
  ], 
  "name": "Grilled Ratatouille Salad", 
  "proteinContent": "Protein (g) 3", 
  "saturatedFatContent": "Saturated Fat (g) 1", 
  "servings": "", 
  "sodiumContent": "Sodium (mg) 65", 
  "sugarContent": "Total Sugars (g) 5", 
  "url": "http://www.bonappetit.com/recipe/grilled-ratatouille-salad"
}