{
  "calories": "", 
  "carbohydrateContent": "", 
  "cholesterolContent": "", 
  "fatContent": "", 
  "fiberContent": "", 
  "image": "http://www.bonappetit.com/wp-content/uploads/2013/07/french-yogurt-cake-646.jpg", 
  "ingredients": {
    "all-purpose flour, plus more for dusting": {
      "flour": {
        "type": {
          "binder": {
            "type": "xanthum gum", 
            "weight": 0.5
          }, 
          "density": {
            "type": "brown rice flour", 
            "weight": 0.142
          }, 
          "fat": {
            "type": "almond flour", 
            "weight": 0.142
          }, 
          "leavener": "", 
          "lightness": {
            "type": "white rice flour", 
            "weight": 0.284
          }, 
          "protein": {
            "type": "sorghum flour", 
            "weight": 0.142
          }, 
          "starch": {
            "type": "potato starch", 
            "weight": 0.284
          }, 
          "stickiness": "", 
          "texture": ""
        }, 
        "weight": 125
      }, 
      "gluten": "gluten here!", 
      "quantity": "1 1/2", 
      "substitute": "flour ratio", 
      "unit": "cups"
    }, 
    "baking powder": {
      "flour": "Safe", 
      "gluten": "no gluten here!", 
      "quantity": "2", 
      "substitute": "no substitute needed", 
      "unit": "teaspoons"
    }, 
    "finely grated lemon zest": {
      "flour": "Safe", 
      "gluten": "no gluten here!", 
      "quantity": "1", 
      "substitute": "no substitute needed", 
      "unit": "tablespoon"
    }, 
    "kosher salt": {
      "flour": "Safe", 
      "gluten": "no gluten here!", 
      "quantity": "3/4", 
      "substitute": "no substitute needed", 
      "unit": "teaspoon"
    }, 
    "large eggs": {
      "flour": "Safe", 
      "gluten": "no gluten here!", 
      "quantity": "2", 
      "substitute": "no substitute needed", 
      "unit": ""
    }, 
    "nonstick vegetable oil spray": {
      "flour": "Safe", 
      "gluten": "no gluten here!", 
      "quantity": "", 
      "substitute": "no substitute needed", 
      "unit": ""
    }, 
    "sugar": {
      "flour": "Safe", 
      "gluten": "no gluten here!", 
      "quantity": "1", 
      "substitute": "no substitute needed", 
      "unit": "cup"
    }, 
    "vanilla extract": {
      "flour": "Safe", 
      "gluten": "no gluten here!", 
      "quantity": "1/2", 
      "substitute": "no substitute needed", 
      "unit": "teaspoon"
    }, 
    "vegetable oil": {
      "flour": "Safe", 
      "gluten": "no gluten here!", 
      "quantity": "1/2", 
      "substitute": "no substitute needed", 
      "unit": "cup"
    }, 
    "whole-milk greek yogurt": {
      "flour": "Safe", 
      "gluten": "no gluten here!", 
      "quantity": "3/4", 
      "substitute": "no substitute needed", 
      "unit": "cup"
    }
  }, 
  "instructions": [
    "Preheat oven to 350\u00b0. Coat pan with vegetable oil spray. Dust with flour; tap out excess.", 
    "Whisk 1 1/2 cups flour, baking powder, and kosher salt in a medium bowl.", 
    "Using your fingers, rub sugar with lemon zest in a large bowl until sugar is moist. Add yogurt, oil, eggs, and vanilla extract; whisk to blend. Fold in dry ingredients just to blend.", 
    "Pour batter into prepared pan; smooth top. Bake until top of cake is golden brown and a tester inserted into center comes out clean, 50\u201355 minutes.", 
    "Let cake cool in pan on a wire rack for 15 minutes. Invert onto rack; let cool completely. DO AHEAD: Can be made 3 days ahead. Store airtight at room temperature."
  ], 
  "keywords": [
    "Breakfast", 
    "Brunch", 
    "Cake", 
    "Cake Recipes", 
    "Dessert", 
    "French Food", 
    "Labrea20120604", 
    "Sugar Loaf Recipes", 
    "The Ode", 
    "Yogurt Recipes"
  ], 
  "name": "French Yogurt Cake", 
  "proteinContent": "", 
  "saturatedFatContent": "", 
  "servings": "Servings: 8", 
  "sodiumContent": "", 
  "sugarContent": "", 
  "url": "http://www.bonappetit.com/recipe/french-yogurt-cake"
}