{
  "calories": "", 
  "carbohydrateContent": "", 
  "cholesterolContent": "", 
  "fatContent": "", 
  "fiberContent": "", 
  "image": "http://www.bonappetit.com/wp-content/uploads/2008/04/fettuccine_with_walnuts_zucchini_ribbons_and_pecorino_romano_646.jpg", 
  "ingredients": {
    "": {
      "flour": "Safe", 
      "gluten": "no gluten here!", 
      "quantity": "", 
      "substitute": "no substitute needed", 
      "unit": ""
    }, 
    "(packed) chopped fresh mint": {
      "flour": "Safe", 
      "gluten": "no gluten here!", 
      "quantity": "1/4", 
      "substitute": "no substitute needed", 
      "unit": "cup"
    }, 
    "(packed) thinly sliced fresh basil": {
      "flour": "Safe", 
      "gluten": "no gluten here!", 
      "quantity": "1/2", 
      "substitute": "no substitute needed", 
      "unit": "cup"
    }, 
    "(scant) dried crushed red pepper": {
      "flour": "Safe", 
      "gluten": "no gluten here!", 
      "quantity": "1/2", 
      "substitute": "no substitute needed", 
      "unit": "teaspoon"
    }, 
    "anchovy fillets, minced (about 1 tablespoon)": {
      "flour": "Safe", 
      "gluten": "no gluten here!", 
      "quantity": "2", 
      "substitute": "no substitute needed", 
      "unit": ""
    }, 
    "extra-virgin olive oil plus additional for serving": {
      "flour": "Safe", 
      "gluten": "no gluten here!", 
      "quantity": "1/3", 
      "substitute": "no substitute needed", 
      "unit": "cup"
    }, 
    "fettuccine": {
      "flour": "Safe", 
      "gluten": "gluten here!", 
      "quantity": "1", 
      "substitute": "gluten-free pasta", 
      "unit": "pound"
    }, 
    "fleur de sel or coarse kosher salt": {
      "flour": "Safe", 
      "gluten": "no gluten here!", 
      "quantity": "1", 
      "substitute": "no substitute needed", 
      "unit": "teaspoon"
    }, 
    "fresh zucchini flowers, thinly sliced (optional)": {
      "flour": "Safe", 
      "gluten": "no gluten here!", 
      "quantity": "", 
      "substitute": "no substitute needed", 
      "unit": ""
    }, 
    "freshly grated pecorino romano cheese, divided": {
      "flour": "Safe", 
      "gluten": "no gluten here!", 
      "quantity": "1", 
      "substitute": "no substitute needed", 
      "unit": "cup"
    }, 
    "garlic cloves, pressed": {
      "flour": "Safe", 
      "gluten": "no gluten here!", 
      "quantity": "2", 
      "substitute": "no substitute needed", 
      "unit": ""
    }, 
    "small zucchini, untrimmed": {
      "flour": "Safe", 
      "gluten": "no gluten here!", 
      "quantity": "2 1/2", 
      "substitute": "no substitute needed", 
      "unit": "pounds"
    }, 
    "walnuts, toasted, coarsely chopped": {
      "flour": "Safe", 
      "gluten": "no gluten here!", 
      "quantity": "3/4", 
      "substitute": "no substitute needed", 
      "unit": "cup"
    }
  }, 
  "instructions": [
    "Place 1 zucchini on work surface. Using vegetable peeler and firmly holding zucchini by stem end, shave zucchini lengthwise into long ribbons. Discard scraps. Repeat with remaining zucchini. Place ribbons (about 10 cups total) in large colander set over large bowl; sprinkle with 1 teaspoon fleur de sel. Let stand 30 minutes. Rinse zucchini under cold running water; drain well. Spread on 2 large kitchen towels; roll up in towels to absorb excess water. Set aside.", 
    "Combine garlic, anchovy fillets, and crushed red pepper in very large serving bowl. Using pestle or wooden spoon, crush mixture until paste forms.", 
    "Cook pasta in large pot of boiling salted water until just tender but still firm to bite. Drain, reserving 1/2 cup cooking liquid. Transfer pasta to bowl with garlic mixture. Add 1/3 cup oil and 1/4 cup reserved cooking liquid; toss. Add zucchini, walnuts, 1/2 cup cheese, basil, and mint; toss. Season with salt and pepper, adding more pasta cooking liquid if mixture is dry. Drizzle with additional oil. Sprinkle with zucchini flowers, if desired. Serve with remaining cheese."
  ], 
  "keywords": [
    "Cheese Recipes", 
    "Dinner", 
    "Dinner Party Food", 
    "Easy Recipes", 
    "Herb Recipes", 
    "Italian Food", 
    "Nut Recipes", 
    "Parmesan Recipes", 
    "Pasta Recipes", 
    "Summer Food", 
    "Vegetable Recipes", 
    "Walnut Recipes", 
    "Zucchini Recipes"
  ], 
  "name": "Fettuccine with Walnuts, Zucchini Ribbons, and Pecorino Romano", 
  "proteinContent": "", 
  "saturatedFatContent": "", 
  "servings": "Servings: 6", 
  "sodiumContent": "", 
  "sugarContent": "", 
  "url": "http://www.bonappetit.com/recipe/fettuccine-with-walnuts-zucchini-ribbons-and-pecorino-romano"
}