{
  "calories": "", 
  "carbohydrateContent": "", 
  "cholesterolContent": "", 
  "description": "We\u2019re hooked on the juicy and crunchy textures and sweet and spicy flavors in this steak and salad pairing.", 
  "fatContent": "", 
  "fiberContent": "", 
  "image": "http://www.bonappetit.com/wp-content/uploads/2014/03/grilled-hanger-steak-with-cucumber-salad-940x600.jpg", 
  "ingredients": {
    "(packed) light brown sugar": {
      "flour": "Safe", 
      "gluten": "no gluten here!", 
      "quantity": "\u00bc", 
      "substitute": "no substitute needed", 
      "unit": "cup"
    }, 
    "2&rdquo; piece lemongrass, tough outer layers removed, lightly smashed, very thinly sliced": {
      "flour": "Safe", 
      "gluten": "no gluten here!", 
      "quantity": "1", 
      "substitute": "no substitute needed", 
      "unit": ""
    }, 
    "asian sweet chili sauce": {
      "flour": "Safe", 
      "gluten": "no gluten here!", 
      "quantity": "2", 
      "substitute": "no substitute needed", 
      "unit": "tablespoons"
    }, 
    "chopped fresh cilantro": {
      "flour": "Safe", 
      "gluten": "no gluten here!", 
      "quantity": "\u00bd", 
      "substitute": "no substitute needed", 
      "unit": "cup"
    }, 
    "chopped unsalted, dry-roasted peanuts": {
      "flour": "Safe", 
      "gluten": "no gluten here!", 
      "quantity": "\u00bc", 
      "substitute": "no substitute needed", 
      "unit": "cup"
    }, 
    "finely grated lemon zest": {
      "flour": "Safe", 
      "gluten": "no gluten here!", 
      "quantity": "1", 
      "substitute": "no substitute needed", 
      "unit": "teaspoon"
    }, 
    "fish sauce (such as nam pla or nuoc nam)": {
      "flour": "Safe", 
      "gluten": "no gluten here!", 
      "quantity": "3", 
      "substitute": "no substitute needed", 
      "unit": "tablespoons"
    }, 
    "hanger steak, center membrane removed, cut into 4 pieces": {
      "flour": "Safe", 
      "gluten": "no gluten here!", 
      "quantity": "1\u00bd", 
      "substitute": "no substitute needed", 
      "unit": "pounds"
    }, 
    "kosher salt and freshly ground black pepper": {
      "flour": "Safe", 
      "gluten": "no gluten here!", 
      "quantity": "", 
      "substitute": "no substitute needed", 
      "unit": ""
    }, 
    "medium carrot, peeled, julienned": {
      "flour": "Safe", 
      "gluten": "no gluten here!", 
      "quantity": "1", 
      "substitute": "no substitute needed", 
      "unit": ""
    }, 
    "medium cucumber, thinly sliced": {
      "flour": "Safe", 
      "gluten": "no gluten here!", 
      "quantity": "1", 
      "substitute": "no substitute needed", 
      "unit": ""
    }, 
    "small daikon, peeled, julienned": {
      "flour": "Safe", 
      "gluten": "no gluten here!", 
      "quantity": "\u00bd", 
      "substitute": "no substitute needed", 
      "unit": ""
    }, 
    "small red onion, thinly sliced": {
      "flour": "Safe", 
      "gluten": "no gluten here!", 
      "quantity": "\u00bd", 
      "substitute": "no substitute needed", 
      "unit": ""
    }, 
    "unseasoned rice vinegar": {
      "flour": "Safe", 
      "gluten": "no gluten here!", 
      "quantity": "\u00bd", 
      "substitute": "no substitute needed", 
      "unit": "cup"
    }
  }, 
  "instructions": [
    "Combine lemongrass, brown sugar, fish sauce, and sweet chili sauce in a resealable plastic bag. Add steak; seal, turn to coat, and chill at least 3 hours.", 
    "DO AHEAD:Steak can be marinated 12 hours ahead. Keep chilled.", 
    "Whisk vinegar, sweet chili sauce, and lemon zest in a medium bowl. Add cucumber, carrot, daikon, and onion and toss; season with salt and pepper. Cover and chill at least 2 hours.", 
    "Meanwhile, remove steak from marinade and let sit at room temperature 30 minutes.", 
    "Prepare grill for medium-high heat. Season steak with salt and pepper and grill, turning occasionally, 8\u201310 minutes for medium-rare. Let rest 5 minutes before thinly slicing.", 
    "Drain salad. Serve with steak, topped with cilantro and peanuts.", 
    "DO AHEAD:Cucumber salad can be made 4 hours ahead. Keep chilled."
  ], 
  "keywords": [
    "Beef Recipes", 
    "Cucumber Recipes", 
    "Dinner", 
    "Fish Sauce", 
    "Grilled Beef Recipes", 
    "Grilling Food", 
    "Lemongrass Recipes", 
    "Rsvp", 
    "Steak Recipes"
  ], 
  "name": "Grilled Hanger Steak with Cucumber Salad", 
  "proteinContent": "", 
  "saturatedFatContent": "", 
  "servings": "Servings: 4", 
  "sodiumContent": "", 
  "sugarContent": "", 
  "url": "http://www.bonappetit.com/recipe/grilled-hanger-steak-with-cucumber-salad"
}