{
  "calories": "", 
  "carbohydrateContent": "", 
  "cholesterolContent": "", 
  "fatContent": "", 
  "fiberContent": "", 
  "image": "http://www.bonappetit.com/wp-content/uploads/2013/06/herbed-grilled-chicken-wings-recipe.jpg", 
  "ingredients": {
    "chicken wings": {
      "flour": "Safe", 
      "gluten": "no gluten here!", 
      "quantity": "2", 
      "substitute": "no substitute needed", 
      "unit": "pounds"
    }, 
    "chopped fresh oregano t": {
      "flour": "Safe", 
      "gluten": "no gluten here!", 
      "quantity": "1/4", 
      "substitute": "no substitute needed", 
      "unit": "cup"
    }, 
    "chopped fresh rosemary": {
      "flour": "Safe", 
      "gluten": "no gluten here!", 
      "quantity": "1/4", 
      "substitute": "no substitute needed", 
      "unit": "cup"
    }, 
    "garlic cloves, finely chopped": {
      "flour": "Safe", 
      "gluten": "no gluten here!", 
      "quantity": "4", 
      "substitute": "no substitute needed", 
      "unit": ""
    }, 
    "kosher salt, freshly ground pepper": {
      "flour": "Safe", 
      "gluten": "no gluten here!", 
      "quantity": "", 
      "substitute": "no substitute needed", 
      "unit": ""
    }, 
    "olive oil": {
      "flour": "Safe", 
      "gluten": "no gluten here!", 
      "quantity": "1/4", 
      "substitute": "no substitute needed", 
      "unit": "cup"
    }
  }, 
  "instructions": [
    "Combine garlic, oregano, rosemary, and oil in a large resealable plastic bag; season with salt and pepper. Add chicken wings, seal bag, and turn to coat. Chill at least 1 hour or overnight.", 
    "Prepare grill for medium heat. Remove wings from marinade and grill, covered and turning occasionally, until golden brown and crisp, 15\u201320 minutes.", 
    "DO AHEAD: Chicken can be marinated 1 day ahead. Keep chilled."
  ], 
  "keywords": [
    "Appetizers", 
    "Chicken Recipes", 
    "Dinner", 
    "Fathers Day Food", 
    "Fourth Of July", 
    "Grilling Food", 
    "Memorial Day Food", 
    "Oregano Recipes", 
    "Rosemary Recipes", 
    "Summer Food"
  ], 
  "name": "Herbed Grilled Chicken Wings", 
  "proteinContent": "", 
  "saturatedFatContent": "", 
  "servings": "Servings: 4", 
  "sodiumContent": "", 
  "sugarContent": "", 
  "url": "http://www.bonappetit.com/recipe/herbed-grilled-chicken-wings"
}