{
  "calories": "", 
  "carbohydrateContent": "", 
  "cholesterolContent": "", 
  "fatContent": "", 
  "fiberContent": "", 
  "image": "http://www.bonappetit.com/wp-content/uploads/2013/12/BREAKFAST-0109-940x600.jpg", 
  "ingredients": {
    "hot sauce": {
      "flour": "Safe", 
      "gluten": "no gluten here!", 
      "quantity": "", 
      "substitute": "no substitute needed", 
      "unit": ""
    }, 
    "large egg": {
      "flour": "Safe", 
      "gluten": "no gluten here!", 
      "quantity": "1", 
      "substitute": "no substitute needed", 
      "unit": ""
    }, 
    "leftovertomato farroto, warmed": {
      "flour": "Safe", 
      "gluten": "gluten here!", 
      "quantity": "3/4", 
      "substitute": "quinoa", 
      "unit": "cup"
    }, 
    "olive oil": {
      "flour": "Safe", 
      "gluten": "no gluten here!", 
      "quantity": "1", 
      "substitute": "no substitute needed", 
      "unit": "tablespoon"
    }
  }, 
  "instructions": [
    "Heat oil in a small nonstick skillet over medium-high heat. Crack egg into skillet and fry until egg white is set but yolk is still soft and runny, about 3 minutes. Top farroto with egg and hot sauce."
  ], 
  "keywords": [
    "Breakfast", 
    "Egg Recipes", 
    "Farro Recipes", 
    "Food-Lover's Cleanse 2014", 
    "Healthy Recipes", 
    "Risotto Recipes", 
    "Tomato Recipes", 
    "Vegetarian Food"
  ], 
  "name": "Farrotto with Fried Egg", 
  "proteinContent": "", 
  "saturatedFatContent": "", 
  "servings": "Servings: 1 serving", 
  "sodiumContent": "", 
  "sugarContent": "", 
  "url": "http://www.bonappetit.com/recipe/farroto-fried-egg"
}