{
  "calories": "", 
  "carbohydrateContent": "", 
  "cholesterolContent": "", 
  "description": "Making the eggplant spread ahead of time has a double upside: The flavors of the mixture will deepen as it sits, and you get to cross something off the list.", 
  "fatContent": "", 
  "fiberContent": "", 
  "image": "http://www.bonappetit.com/wp-content/uploads/2014/07/grilled-bread-with-eggplant-and-basil-940x600.jpg", 
  "ingredients": {
    "crushed red pepper flakes": {
      "flour": "Safe", 
      "gluten": "no gluten here!", 
      "quantity": "\u00bc", 
      "substitute": "no substitute needed", 
      "unit": "teaspoon"
    }, 
    "fresh lemon juice": {
      "flour": "Safe", 
      "gluten": "no gluten here!", 
      "quantity": "1", 
      "substitute": "no substitute needed", 
      "unit": "tablespoon"
    }, 
    "fresh marjoram or oregano leaves": {
      "flour": "Safe", 
      "gluten": "no gluten here!", 
      "quantity": "1", 
      "substitute": "no substitute needed", 
      "unit": "teaspoon"
    }, 
    "garlic cloves, thinly sliced": {
      "flour": "Safe", 
      "gluten": "no gluten here!", 
      "quantity": "2", 
      "substitute": "no substitute needed", 
      "unit": ""
    }, 
    "kosher salt and freshly ground black pepper": {
      "flour": "Safe", 
      "gluten": "no gluten here!", 
      "quantity": "", 
      "substitute": "no substitute needed", 
      "unit": ""
    }, 
    "large eggplant (about 1 lb.), cut into \u00be&rdquo; pieces": {
      "flour": "Safe", 
      "gluten": "no gluten here!", 
      "quantity": "1", 
      "substitute": "no substitute needed", 
      "unit": ""
    }, 
    "olive oil, divided": {
      "flour": "Safe", 
      "gluten": "no gluten here!", 
      "quantity": "8", 
      "substitute": "no substitute needed", 
      "unit": "tablespoons"
    }, 
    "oz. parmesan, shaved": {
      "flour": "Safe", 
      "gluten": "no gluten here!", 
      "quantity": "1", 
      "substitute": "no substitute needed", 
      "unit": ""
    }, 
    "torn fresh basil leaves": {
      "flour": "Safe", 
      "gluten": "no gluten here!", 
      "quantity": "\u00bd", 
      "substitute": "no substitute needed", 
      "unit": "cup"
    }, 
    "\u00be&rdquo;-thick country-style bread": {
      "flour": "Safe", 
      "gluten": "no gluten here!", 
      "quantity": "8", 
      "substitute": "no substitute needed", 
      "unit": "slices"
    }
  }, 
  "instructions": [
    "Heat 4 Tbsp. oil in a large skillet over medium heat. Add garlic, marjoram, and red pepper flakes and cook, stirring often, until garlic is softened but not browned, about 2 minutes.", 
    "Add eggplant to skillet and cook, tossing occasionally, until just starting to brown, 8\u201310 minutes. Add \u00bd cup water; season with salt and pepper. Cook, tossing occasionally, until eggplant is very soft, 10\u201315 minutes. Let cool slightly; mix in lemon juice. Season with salt, pepper, and more lemon juice, if desired.", 
    "Meanwhile, prepare grill for medium-high heat. Brush both sides of bread with remaining 4 Tbsp. oil and grill until lightly charred, about 2 minutes per side.", 
    "Spoon eggplant mixture on toast and top with basil and Parmesan; cut toast in half.", 
    "DO AHEAD:Eggplant can be cooked 2 days ahead. Let cool; cover and chill."
  ], 
  "keywords": [
    "Appetizers", 
    "Basil", 
    "Eggplant", 
    "Hot Pepper", 
    "hudson new york recipes", 
    "Lemon", 
    "Marjoram", 
    "Oregano", 
    "Parmesan", 
    "Snack", 
    "Summer Food", 
    "Toast"
  ], 
  "name": "Grilled Bread with Eggplant and Basil", 
  "proteinContent": "", 
  "saturatedFatContent": "", 
  "servings": "Servings: 8", 
  "sodiumContent": "", 
  "sugarContent": "", 
  "url": "http://www.bonappetit.com/recipe/grilled-bread-with-eggplant-and-basil"
}