{
  "calories": "", 
  "carbohydrateContent": "", 
  "cholesterolContent": "", 
  "description": "On the sweeter end of the spectrum, this granita is a great foil for the briniest oysters.", 
  "fatContent": "", 
  "fiberContent": "", 
  "image": "http://www.bonappetit.com/wp-content/uploads/2014/02/frozen-pear-and-pink-peppercorn-mignonette-940x600.jpg", 
  "ingredients": {
    "anjou or comice pear, peeled, cored, chopped": {
      "flour": "Safe", 
      "gluten": "no gluten here!", 
      "quantity": "1", 
      "substitute": "no substitute needed", 
      "unit": ""
    }, 
    "champagne or white wine vinegar": {
      "flour": "Safe", 
      "gluten": "no gluten here!", 
      "quantity": "1/4", 
      "substitute": "no substitute needed", 
      "unit": "cup"
    }, 
    "kosher salt": {
      "flour": "Safe", 
      "gluten": "no gluten here!", 
      "quantity": "1/2", 
      "substitute": "no substitute needed", 
      "unit": "teaspoon"
    }, 
    "pink peppercorns": {
      "flour": "Safe", 
      "gluten": "no gluten here!", 
      "quantity": "1", 
      "substitute": "no substitute needed", 
      "unit": "teaspoon"
    }, 
    "sugar": {
      "flour": "Safe", 
      "gluten": "no gluten here!", 
      "quantity": "1/4", 
      "substitute": "no substitute needed", 
      "unit": "cup"
    }
  }, 
  "instructions": [
    "Toast pink peppercorns in a small dry skillet over medium heat until fragrant, about 1 minute. Let cool, then grind in a spice mill or finely chop.", 
    "Bring sugar and 1 cup water to a boil in a small saucepan, stirring to dissolve sugar. Add pear and cook until soft, about 3 minutes; drain pear.", 
    "Pur\u00e9e pear, vinegar, and 1/2 cup water in a blender until smooth. Strain through a fine-mesh sieve into a medium bowl, pressing on solids. Mix in pink peppercorns and salt.", 
    "Transfer mixture to a loaf pan and freeze 1 hour. Scrape mixture with a fork to break up frozen portions. Freeze, scraping and breaking up mixture every 30 minutes, until it resembles fluffy shaved ice, 2\u20134 hours.", 
    "DO AHEAD:Granita can be made 5 days ahead. Cover tightly with plastic wrap and keep frozen. Scrape before serving. (Serve alongside oysters.)"
  ], 
  "keywords": [
    "Condiments", 
    "Oyster Recipes", 
    "oysterland recipes", 
    "Pear Recipes", 
    "Peppercorn Recipes"
  ], 
  "name": "Frozen Pear and Pink Peppercorn Mignonette", 
  "proteinContent": "", 
  "saturatedFatContent": "", 
  "servings": "Servings: Makes about 1 cup", 
  "sodiumContent": "", 
  "sugarContent": "", 
  "url": "http://www.bonappetit.com/recipe/frozen-pear-and-pink-peppercorn-mignonette"
}