{
  "calories": "", 
  "carbohydrateContent": "", 
  "cholesterolContent": "", 
  "description": "Edward Kim, of Mott St in Chicago, grills brisket with no seasoning at all. If using presliced meat, be sure to cook it all the way through.", 
  "fatContent": "", 
  "fiberContent": "", 
  "image": "http://www.bonappetit.com/wp-content/uploads/2014/06/grilled-sliced-brisket-940x600.jpg", 
  "ingredients": {
    "brisket (from point or flat end)": {
      "flour": "Safe", 
      "gluten": "no gluten here!", 
      "quantity": "1\u00bd", 
      "substitute": "no substitute needed", 
      "unit": "pound"
    }, 
    "vegetable oil (for grilling)": {
      "flour": "Safe", 
      "gluten": "no gluten here!", 
      "quantity": "", 
      "substitute": "no substitute needed", 
      "unit": ""
    }
  }, 
  "instructions": [
    "Freeze brisket until frozen solid in the center, at least 8 hours.", 
    "Let brisket stand at room temperature 2 hours. Slice brisket \u215b&rdquo; thick.", 
    "Meanwhile, prepare grill for high heat; oil grate. Grill brisket until lightly charred, about 1 minute per side for medium-rare."
  ], 
  "keywords": [
    "Beef Recipes", 
    "Brisket", 
    "Grilling Food", 
    "Korean Food", 
    "korean grilling recipes"
  ], 
  "name": "Grilled Sliced Brisket", 
  "proteinContent": "", 
  "saturatedFatContent": "", 
  "servings": "Servings: 4", 
  "sodiumContent": "", 
  "sugarContent": "", 
  "url": "http://www.bonappetit.com/recipe/grilled-sliced-brisket"
}