{
  "calories": "", 
  "carbohydrateContent": "", 
  "cholesterolContent": "", 
  "description": "When using preserved lemons, scoop out the insides and only use the peel.", 
  "fatContent": "", 
  "fiberContent": "", 
  "image": "http://www.bonappetit.com/wp-content/uploads/2014/09/herbed-labneh-with-preserved-lemon-940x600.jpg", 
  "ingredients": {
    "coarsely chopped preserved lemon, plus more for serving": {
      "flour": "Safe", 
      "gluten": "no gluten here!", 
      "quantity": "2", 
      "substitute": "no substitute needed", 
      "unit": "tablespoons"
    }, 
    "finely chopped seeded serrano chile, plus sliced chile for serving": {
      "flour": "Safe", 
      "gluten": "no gluten here!", 
      "quantity": "\u00bd", 
      "substitute": "no substitute needed", 
      "unit": ""
    }, 
    "fresh flat-leaf parsley leaves": {
      "flour": "Safe", 
      "gluten": "no gluten here!", 
      "quantity": "1", 
      "substitute": "no substitute needed", 
      "unit": "cup"
    }, 
    "fresh lemon juice": {
      "flour": "Safe", 
      "gluten": "no gluten here!", 
      "quantity": "", 
      "substitute": "no substitute needed", 
      "unit": ""
    }, 
    "fresh mint leaves": {
      "flour": "Safe", 
      "gluten": "no gluten here!", 
      "quantity": "\u00bd", 
      "substitute": "no substitute needed", 
      "unit": "cup"
    }, 
    "ground cumin": {
      "flour": "Safe", 
      "gluten": "no gluten here!", 
      "quantity": "\u00bc", 
      "substitute": "no substitute needed", 
      "unit": "teaspoon"
    }, 
    "head roasted garlic": {
      "flour": "Safe", 
      "gluten": "no gluten here!", 
      "quantity": "1", 
      "substitute": "no substitute needed", 
      "unit": ""
    }, 
    "kosher salt and freshly ground black pepper": {
      "flour": "Safe", 
      "gluten": "no gluten here!", 
      "quantity": "", 
      "substitute": "no substitute needed", 
      "unit": ""
    }, 
    "labneh (lebanese strained yogurt)": {
      "flour": "Safe", 
      "gluten": "no gluten here!", 
      "quantity": "1", 
      "substitute": "no substitute needed", 
      "unit": "cup"
    }, 
    "olive oil": {
      "flour": "Safe", 
      "gluten": "no gluten here!", 
      "quantity": "\u2153", 
      "substitute": "no substitute needed", 
      "unit": "cup"
    }
  }, 
  "instructions": [
    "Season labneh with salt and pepper and add lemon juice to taste. Thin with water until the consistency of sour cream.", 
    "Process garlic, parsley, mint, 2 Tbsp. preserved lemon, chopped chile, cumin, and oil in a food processor until smooth; season with salt and pepper. Stir two-thirds of herb mixture into labneh. Drizzle with remaining herb mixture and top with sliced chile and more preserved lemon."
  ], 
  "keywords": [
    "Chile", 
    "Cocktails", 
    "Cumin", 
    "Dips", 
    "Labneh", 
    "Lemon", 
    "Mint", 
    "Parsley", 
    "Party Food", 
    "Snack", 
    "Spreads", 
    "Yogurt"
  ], 
  "name": "Herbed Labneh with Preserved Lemon", 
  "proteinContent": "", 
  "saturatedFatContent": "", 
  "servings": "Servings: makes about 1\u00bd cups", 
  "sodiumContent": "", 
  "sugarContent": "", 
  "url": "http://www.bonappetit.com/recipe/herbed-labneh-with-preserved-lemon"
}