{
  "calories": "", 
  "carbohydrateContent": "", 
  "cholesterolContent": "", 
  "description": "The subtle flavor of broccolini is a good match for sweet crabmeat.", 
  "fatContent": "", 
  "fiberContent": "", 
  "image": "http://www.bonappetit.com/wp-content/uploads/2014/05/garganelli-with-crab-and-broccolini-940x600.jpg", 
  "ingredients": {
    "chive blossoms (optional)": {
      "flour": "Safe", 
      "gluten": "no gluten here!", 
      "quantity": "", 
      "substitute": "no substitute needed", 
      "unit": ""
    }, 
    "crushed red pepper flakes": {
      "flour": "Safe", 
      "gluten": "no gluten here!", 
      "quantity": "\u00bc", 
      "substitute": "no substitute needed", 
      "unit": "teaspoon"
    }, 
    "flaky sea salt (such as maldon)": {
      "flour": "Safe", 
      "gluten": "no gluten here!", 
      "quantity": "", 
      "substitute": "no substitute needed", 
      "unit": ""
    }, 
    "fresh crabmeat (such as dungeness or blue crab), picked over": {
      "flour": "Safe", 
      "gluten": "no gluten here!", 
      "quantity": "8", 
      "substitute": "no substitute needed", 
      "unit": "ounces"
    }, 
    "garganelli or other short pasta": {
      "flour": "Safe", 
      "gluten": "gluten here!", 
      "quantity": "\u00be", 
      "substitute": "gluten-free pasta", 
      "unit": "pound"
    }, 
    "garlic cloves, thinly sliced": {
      "flour": "Safe", 
      "gluten": "no gluten here!", 
      "quantity": "4", 
      "substitute": "no substitute needed", 
      "unit": ""
    }, 
    "kosher salt and freshly ground black pepper": {
      "flour": "Safe", 
      "gluten": "no gluten here!", 
      "quantity": "", 
      "substitute": "no substitute needed", 
      "unit": ""
    }, 
    "large broccolini or chinese broccoli (about 8 oz.), chopped": {
      "flour": "Safe", 
      "gluten": "no gluten here!", 
      "quantity": "1", 
      "substitute": "no substitute needed", 
      "unit": "bunch"
    }, 
    "lemon, halved": {
      "flour": "Safe", 
      "gluten": "no gluten here!", 
      "quantity": "1", 
      "substitute": "no substitute needed", 
      "unit": ""
    }, 
    "olive oil": {
      "flour": "Safe", 
      "gluten": "no gluten here!", 
      "quantity": "3", 
      "substitute": "no substitute needed", 
      "unit": "tablespoons"
    }
  }, 
  "instructions": [
    "Heat oil in a large skillet over medium heat. Add garlic and red pepper flakes and cook, stirring, until fragrant, about 1 minute. Add broccolini; season with kosher salt and black pepper and cook, tossing occasionally, until broccolini is tender, about 4 minutes.", 
    "Meanwhile, cook pasta in a large pot of boiling salted water, stirring occasionally, until al dente. Drain, reserving 1 cup pasta cooking liquid.", 
    "Add crabmeat, pasta, and \u00bd cup reserved pasta cooking liquid to skillet and toss to coat. Cook, tossing and adding more pasta cooking liquid as needed, until sauce coats pasta. Squeeze lemon over pasta and serve sprinkled with sea salt and topped with chive blossoms, if desired."
  ], 
  "keywords": [
    "Broccoli", 
    "Broccolini", 
    "Crab Recipes", 
    "Hot Pepper Recipes", 
    "Pasta Recipes", 
    "Seafood Recipes", 
    "sqirl recipes", 
    "Summer Food"
  ], 
  "name": "Garganelli with Crab and Broccolini", 
  "proteinContent": "", 
  "saturatedFatContent": "", 
  "servings": "Servings: 4", 
  "sodiumContent": "", 
  "sugarContent": "", 
  "url": "http://www.bonappetit.com/recipe/garganelli-with-crab-and-broccolini"
}