{
  "calories": "", 
  "carbohydrateContent": "", 
  "cholesterolContent": "", 
  "description": "If you have aged provolone, which can be quite salty, reduce the kosher salt in this herby scone recipe to 1 teaspoon.", 
  "fatContent": "", 
  "fiberContent": "", 
  "image": "http://www.bonappetit.com/wp-content/uploads/2013/11/herby-provolone-scones-940x600.jpg", 
  "ingredients": {
    "(2 sticks) chilled unsalted butter, cut into pieces": {
      "flour": "Safe", 
      "gluten": "no gluten here!", 
      "quantity": "1", 
      "substitute": "no substitute needed", 
      "unit": "cup"
    }, 
    "all-purpose flour, plus more": {
      "flour": {
        "type": {
          "binder": {
            "type": "xanthum gum", 
            "weight": 0.5
          }, 
          "density": {
            "type": "brown rice flour", 
            "weight": 0.142
          }, 
          "fat": {
            "type": "almond flour", 
            "weight": 0.142
          }, 
          "leavener": "", 
          "lightness": {
            "type": "white rice flour", 
            "weight": 0.284
          }, 
          "protein": {
            "type": "sorghum flour", 
            "weight": 0.142
          }, 
          "starch": {
            "type": "potato starch", 
            "weight": 0.284
          }, 
          "stickiness": "", 
          "texture": ""
        }, 
        "weight": 125
      }, 
      "gluten": "gluten here!", 
      "quantity": "4", 
      "substitute": "flour ratio", 
      "unit": "cups"
    }, 
    "baking powder": {
      "flour": "Safe", 
      "gluten": "no gluten here!", 
      "quantity": "1", 
      "substitute": "no substitute needed", 
      "unit": "tablespoon"
    }, 
    "finely chopped fresh chives": {
      "flour": "Safe", 
      "gluten": "no gluten here!", 
      "quantity": "2", 
      "substitute": "no substitute needed", 
      "unit": "tablespoons"
    }, 
    "finely chopped fresh rosemary": {
      "flour": "Safe", 
      "gluten": "no gluten here!", 
      "quantity": "1", 
      "substitute": "no substitute needed", 
      "unit": "tablespoon"
    }, 
    "finely chopped fresh thyme": {
      "flour": "Safe", 
      "gluten": "no gluten here!", 
      "quantity": "1", 
      "substitute": "no substitute needed", 
      "unit": "tablespoon"
    }, 
    "heavy cream, plus more": {
      "flour": "Safe", 
      "gluten": "no gluten here!", 
      "quantity": "\u00be", 
      "substitute": "no substitute needed", 
      "unit": "cup"
    }, 
    "kosher salt": {
      "flour": "Safe", 
      "gluten": "no gluten here!", 
      "quantity": "1\u00bd", 
      "substitute": "no substitute needed", 
      "unit": "teaspoon"
    }, 
    "large eggs": {
      "flour": "Safe", 
      "gluten": "no gluten here!", 
      "quantity": "4", 
      "substitute": "no substitute needed", 
      "unit": ""
    }, 
    "oz. provolone cheese, grated": {
      "flour": "Safe", 
      "gluten": "no gluten here!", 
      "quantity": "8", 
      "substitute": "no substitute needed", 
      "unit": ""
    }, 
    "paprika": {
      "flour": "Safe", 
      "gluten": "no gluten here!", 
      "quantity": "\u00bd", 
      "substitute": "no substitute needed", 
      "unit": "teaspoon"
    }
  }, 
  "instructions": [
    "Pulse baking powder, salt, paprika, and 4 cups flour in a food processor until combined; add butter and pulse until the texture of coarse meal with a few pea-size pieces of butter remaining.", 
    "Transfer mixture to a large bowl and mix in provolone, chives, rosemary, and thyme. Make a well in the center; add eggs and \u00be cup cream. Using a fork, blend eggs and cream, then slowly incorporate dry ingredients until a shaggy dough forms, being careful to not overwork dough.", 
    "Turn out dough onto a lightly floured surface and press into an 8&rdquo; square about 1&rdquo; thick. Using a floured chef\u2019s knife, cut into 16 squares and divide between 2 parchment-lined baking sheets. Wrap with plastic and chill 2 hours.", 
    "Preheat oven to 400\u00b0. Brush tops of scones with cream and bake, rotating baking sheets halfway through, until golden brown on tops and bottoms, 20\u201325 minutes.", 
    "DO AHEAD:Dough can be made 1 month ahead. Place chilled scones in resealable plastic bags and freeze."
  ], 
  "keywords": [
    "Breakfast", 
    "Brunch", 
    "Chive", 
    "Heavy Cream Recipes", 
    "Paprika Recipes", 
    "Provolone Recipes", 
    "Rosemary Recipes", 
    "Rsvp", 
    "Scone Recipes", 
    "Side", 
    "Sides", 
    "Thyme Recipes", 
    "Vegetarian Recipes"
  ], 
  "name": "Herby Provolone Scones", 
  "proteinContent": "", 
  "saturatedFatContent": "", 
  "servings": "Servings: Makes 16 scones", 
  "sodiumContent": "", 
  "sugarContent": "", 
  "url": "http://www.bonappetit.com/recipe/herby-provolone-scones"
}