{
  "calories": "", 
  "carbohydrateContent": "", 
  "cholesterolContent": "", 
  "description": "Semi-pearled farro has had some of its outer kernel removed, which allows the starch to release and create a creamy sauce while cooking.", 
  "fatContent": "", 
  "fiberContent": "", 
  "image": "http://www.bonappetit.com/wp-content/uploads/2014/02/bacon-and-scallion-farroto.jpg", 
  "ingredients": {
    "bunches scallions, green and white parts separated, thinly sliced": {
      "flour": "Safe", 
      "gluten": "no gluten here!", 
      "quantity": "2", 
      "substitute": "no substitute needed", 
      "unit": ""
    }, 
    "dry white wine": {
      "flour": "Safe", 
      "gluten": "no gluten here!", 
      "quantity": "\u00bd", 
      "substitute": "no substitute needed", 
      "unit": "cup"
    }, 
    "fresh lemon juice": {
      "flour": "Safe", 
      "gluten": "no gluten here!", 
      "quantity": "2", 
      "substitute": "no substitute needed", 
      "unit": "teaspoons"
    }, 
    "grated parmesan, plus shaved for serving": {
      "flour": "Safe", 
      "gluten": "no gluten here!", 
      "quantity": "\u00bd", 
      "substitute": "no substitute needed", 
      "unit": "cup"
    }, 
    "kosher salt and freshly ground black pepper": {
      "flour": "Safe", 
      "gluten": "no gluten here!", 
      "quantity": "", 
      "substitute": "no substitute needed", 
      "unit": ""
    }, 
    "low-sodium chicken broth": {
      "flour": "Safe", 
      "gluten": "no gluten here!", 
      "quantity": "4", 
      "substitute": "no substitute needed", 
      "unit": "cups"
    }, 
    "olive oil": {
      "flour": "Safe", 
      "gluten": "no gluten here!", 
      "quantity": "1", 
      "substitute": "no substitute needed", 
      "unit": "tablespoon"
    }, 
    "oz. bacon (about 6 slices), cut into \u00bc&rdquo; pieces": {
      "flour": "Safe", 
      "gluten": "no gluten here!", 
      "quantity": "4", 
      "substitute": "no substitute needed", 
      "unit": ""
    }, 
    "semi-pearled farro": {
      "flour": "Safe", 
      "gluten": "gluten here!", 
      "quantity": "2", 
      "substitute": "quinoa", 
      "unit": "cups"
    }
  }, 
  "instructions": [
    "Bring broth and 4 cups water to a boil in a medium saucepan; reduce heat to low and keep warm.", 
    "Meanwhile, heat oil in a large saucepan over medium heat. Add bacon and cook, stirring often, until crisp, 5\u20138 minutes; using a slotted spoon, transfer to a paper towel\u2013lined plate.", 
    "Pour off all but 1 Tbsp. fat from pan. Add scallion whites to pan and cook, stirring often, until soft, about 2 minutes. Add farro and cook, stirring often, until toasted, about 3 minutes. Add wine and cook, stirring, until almost completely evaporated, about 1 minute.", 
    "Add 1 cup warm broth mixture to farro and cook, stirring often, until broth is absorbed, about 4 minutes. Continue adding broth mixture by cupfuls, stirring often and letting broth mixture absorb before adding more, until farro is tender but still firm to the bite, 35\u201340 minutes. Stir in lemon juice, half of scallion greens, and \u00bd cup grated Parmesan; season with salt and pepper.", 
    "Serve farroto topped with bacon, shaved Parmesan, and remaining scallion greens."
  ], 
  "keywords": [
    "Bacon Recipes", 
    "Dinner", 
    "Farro Recipes", 
    "Fast Easy Fresh", 
    "Quick Recipes", 
    "Scallion Recipes", 
    "White Wine Recipes"
  ], 
  "name": "Bacon and Scallion Farrotto", 
  "proteinContent": "", 
  "saturatedFatContent": "", 
  "servings": "Servings: 4", 
  "sodiumContent": "", 
  "sugarContent": "", 
  "url": "http://www.bonappetit.com/recipe/bacon-and-scallion-farroto"
}