{
  "calories": "", 
  "carbohydrateContent": "", 
  "cholesterolContent": "", 
  "fatContent": "", 
  "fiberContent": "", 
  "image": "http://www.bonappetit.com/wp-content/uploads/2002/07/grilled-spareribs-with-cherry-cola-glaze-646.jpg", 
  "ingredients": {
    "": {
      "flour": "Safe", 
      "gluten": "no gluten here!", 
      "quantity": "", 
      "substitute": "no substitute needed", 
      "unit": ""
    }, 
    "1 tablespoon hot pepper sauce": {
      "flour": "Safe", 
      "gluten": "no gluten here!", 
      "quantity": "", 
      "substitute": "no substitute needed", 
      "unit": ""
    }, 
    "2 cups cherry jam or preserves": {
      "flour": "Safe", 
      "gluten": "no gluten here!", 
      "quantity": "", 
      "substitute": "no substitute needed", 
      "unit": ""
    }, 
    "2 tablespoons malt vinegar or apple cider vinegar": {
      "flour": "Safe", 
      "gluten": "gluten here!", 
      "quantity": "", 
      "substitute": "sorry, we don't have a substitution recommendation at this time.", 
      "unit": ""
    }, 
    "2/3 cup dijon mustard with horseradish": {
      "flour": "Safe", 
      "gluten": "no gluten here!", 
      "quantity": "", 
      "substitute": "no substitute needed", 
      "unit": ""
    }, 
    "3 tablespoons soy sauce": {
      "flour": "Safe", 
      "gluten": "gluten here!", 
      "quantity": "", 
      "substitute": "gluten-free tamari", 
      "unit": ""
    }, 
    "4 12-ounce cans cherry cola (flat)": {
      "flour": "Safe", 
      "gluten": "no gluten here!", 
      "quantity": "", 
      "substitute": "no substitute needed", 
      "unit": ""
    }, 
    "7 1/4 to 7 1/2 pounds well-trimmed pork spareribs": {
      "flour": "Safe", 
      "gluten": "no gluten here!", 
      "quantity": "", 
      "substitute": "no substitute needed", 
      "unit": ""
    }
  }, 
  "instructions": [
    "Boil cherry cola in heavy large saucepan over medium-high heat until reduced to 1 1/2 cups, about 45 minutes. Stir in next 5 ingredients. Reduce heat to medium and simmer until mixture is reduced to 2 1/2 cups, stirring occasionally, about 35 minutes. Transfer glaze to large bowl. DO AHEAD Can be made 1 week ahead. Cover; chill. Bring to room temperature before using.", 
    "Position racks in top and bottom thirds of oven and preheat to 325\u00b0F. Sprinkle ribs with salt and pepper. Wrap each rib rack tightly in foil, enclosing completely. Divide foil packets between 2 rimmed baking sheets. Bake until ribs are very tender, switching positions of baking sheets halfway through baking, about 2 hours total. Cool ribs slightly in foil. Pour off any fat from foil packets. DO AHEAD Can be prepared 1 day ahead. Keep covered in foil packets and refrigerate. Let stand at room temperature 1 hour before continuing.", 
    "Prepare barbecue (medium-low heat). Cut each rib rack between bones into individual ribs. Set aside 1 cup glaze. Add ribs to bowl with remaining glaze and toss to coat. Grill ribs until brown and glazed, turning to prevent burning, about 5 minutes total. Serve, passing reserved glaze separately."
  ], 
  "keywords": [
    "4th Of July Food", 
    "American", 
    "American Food", 
    "Barbecue", 
    "Cherry Coke", 
    "Cherry Cola", 
    "Coke", 
    "Dinner", 
    "Fourth Of July", 
    "Grilled Pork", 
    "Grilling", 
    "Grilling Food", 
    "July Fourth Food", 
    "Main Course", 
    "Main Dishes", 
    "Meat Recipes", 
    "Pork", 
    "Pork Recipes", 
    "Ribs", 
    "Summer", 
    "Summer Food"
  ], 
  "name": "Grilled Spareribs with Cherry Cola Glaze", 
  "proteinContent": "", 
  "saturatedFatContent": "", 
  "servings": "Servings: 6", 
  "sodiumContent": "", 
  "sugarContent": "", 
  "url": "http://www.bonappetit.com/recipe/grilled-spareribs-with-cherry-cola-glaze"
}