{
  "calories": "", 
  "carbohydrateContent": "", 
  "cholesterolContent": "", 
  "description": "This slow-roasted pork shoulder comes out of the oven before it collapses into a shreddable texture; it will be succulent and tender but easy to slice.", 
  "fatContent": "", 
  "fiberContent": "", 
  "image": "http://www.bonappetit.com/wp-content/uploads/2014/09/aleppo-pepper-roasted-pork-with-shallot-vinaigrette-940x600.jpg", 
  "ingredients": {
    "(packed) light brown sugar": {
      "flour": "Safe", 
      "gluten": "no gluten here!", 
      "quantity": "\u00bc", 
      "substitute": "no substitute needed", 
      "unit": "cup"
    }, 
    "8\u201310-lb. bone-in pork shoulder (boston butt)": {
      "flour": "Safe", 
      "gluten": "no gluten here!", 
      "quantity": "1", 
      "substitute": "no substitute needed", 
      "unit": ""
    }, 
    "aleppo pepper or 2 tbsp. crushed red pepper flakes": {
      "flour": "Safe", 
      "gluten": "no gluten here!", 
      "quantity": "\u00bc", 
      "substitute": "no substitute needed", 
      "unit": "cup"
    }, 
    "aleppo pepper or 2 tsp. crushed red pepper flakes": {
      "flour": "Safe", 
      "gluten": "no gluten here!", 
      "quantity": "2", 
      "substitute": "no substitute needed", 
      "unit": "tablespoons"
    }, 
    "chopped fresh marjoram or oregano": {
      "flour": "Safe", 
      "gluten": "no gluten here!", 
      "quantity": "2", 
      "substitute": "no substitute needed", 
      "unit": "tablespoons"
    }, 
    "coarsely chopped fresh flat-leaf parsley": {
      "flour": "Safe", 
      "gluten": "no gluten here!", 
      "quantity": "\u00bc", 
      "substitute": "no substitute needed", 
      "unit": "cup"
    }, 
    "kosher salt": {
      "flour": "Safe", 
      "gluten": "no gluten here!", 
      "quantity": "\u00bc", 
      "substitute": "no substitute needed", 
      "unit": "cup"
    }, 
    "kosher salt and freshly ground black pepper": {
      "flour": "Safe", 
      "gluten": "no gluten here!", 
      "quantity": "", 
      "substitute": "no substitute needed", 
      "unit": ""
    }, 
    "large garlic cloves, finely grated": {
      "flour": "Safe", 
      "gluten": "no gluten here!", 
      "quantity": "4", 
      "substitute": "no substitute needed", 
      "unit": ""
    }, 
    "large shallots, finely chopped": {
      "flour": "Safe", 
      "gluten": "no gluten here!", 
      "quantity": "2", 
      "substitute": "no substitute needed", 
      "unit": ""
    }, 
    "olive oil": {
      "flour": "Safe", 
      "gluten": "no gluten here!", 
      "quantity": "2", 
      "substitute": "no substitute needed", 
      "unit": "tablespoons"
    }, 
    "red wine vinegar": {
      "flour": "Safe", 
      "gluten": "no gluten here!", 
      "quantity": "\u2153", 
      "substitute": "no substitute needed", 
      "unit": "cup"
    }, 
    "sugar": {
      "flour": "Safe", 
      "gluten": "no gluten here!", 
      "quantity": "\u00be", 
      "substitute": "no substitute needed", 
      "unit": "teaspoon"
    }
  }, 
  "instructions": [
    "Mix garlic, Aleppo, salt, and sugar in a small bowl; rub over pork. Place in a large roasting pan. Cover and chill 12\u201324 hours.", 
    "Preheat oven to 300\u00b0. Uncover pork and roast, basting with drippings every hour or so and covering with foil if browning too quickly, until an instant-read thermometer inserted into the thickest part of pork registers 145\u00b0 (meat will be very tender but not quite falling off the bone), 6\u20137 hours. Transfer to a cutting board and let rest at least 30 minutes before slicing.", 
    "DO AHEAD:Pork can be roasted 1 day ahead. Let cool; cover and chill. Reheat in a 225\u00b0 oven (about 1 hour).", 
    "Whisk shallots, vinegar, parsley, marjoram, Aleppo pepper, oil, sugar, and 2 Tbsp. water in a medium bowl. Season with salt and black pepper; serve with pork.", 
    "DO AHEAD:Vinaigrette can be made 6 hours ahead. Cover and chill."
  ], 
  "keywords": [
    "Aleppo Pepper", 
    "Dinner", 
    "Dinner Party Food", 
    "Marjoram", 
    "Oregano", 
    "Parsley", 
    "Pork", 
    "Shallots", 
    "stand up dinner party recipes"
  ], 
  "name": "Aleppo Pepper\u2013Roasted Pork with Shallot Vinaigrette", 
  "proteinContent": "", 
  "saturatedFatContent": "", 
  "servings": "Servings: 12", 
  "sodiumContent": "", 
  "sugarContent": "", 
  "url": "http://www.bonappetit.com/recipe/aleppo-pepper-roasted-pork-with-shallot-vinaigrette"
}