{
  "calories": "", 
  "carbohydrateContent": "", 
  "cholesterolContent": "", 
  "fatContent": "", 
  "fiberContent": "", 
  "image": "http://www.bonappetit.com/wp-content/uploads/2007/01/Hoppin-John-Salad-with-Molasses-Dressing.jpg", 
  "ingredients": {
    "": {
      "flour": "Safe", 
      "gluten": "no gluten here!", 
      "quantity": "", 
      "substitute": "no substitute needed", 
      "unit": ""
    }, 
    "1-pound bag frozen black-eyed peas": {
      "flour": "Safe", 
      "gluten": "no gluten here!", 
      "quantity": "1", 
      "substitute": "no substitute needed", 
      "unit": ""
    }, 
    "1/2-inch cubes andouille sausage (about 12 ounces)": {
      "flour": "Safe", 
      "gluten": "no gluten here!", 
      "quantity": "2", 
      "substitute": "no substitute needed", 
      "unit": "cups"
    }, 
    "1/2-inch cubes peeled yam (red-skinned sweet potato)": {
      "flour": "Safe", 
      "gluten": "no gluten here!", 
      "quantity": "1 1/2", 
      "substitute": "no substitute needed", 
      "unit": "cups"
    }, 
    "apple cider vinegar": {
      "flour": "Safe", 
      "gluten": "no gluten here!", 
      "quantity": "1/4", 
      "substitute": "no substitute needed", 
      "unit": "cup"
    }, 
    "cayenne pepper": {
      "flour": "Safe", 
      "gluten": "no gluten here!", 
      "quantity": "1/4", 
      "substitute": "no substitute needed", 
      "unit": "teaspoon"
    }, 
    "chopped red onion": {
      "flour": "Safe", 
      "gluten": "no gluten here!", 
      "quantity": "1", 
      "substitute": "no substitute needed", 
      "unit": "cup"
    }, 
    "frozen sliced okra, thawed, patted dry": {
      "flour": "Safe", 
      "gluten": "no gluten here!", 
      "quantity": "1 1/2", 
      "substitute": "no substitute needed", 
      "unit": "cup"
    }, 
    "mild-flavored (light) molasses": {
      "flour": "Safe", 
      "gluten": "no gluten here!", 
      "quantity": "1/4", 
      "substitute": "no substitute needed", 
      "unit": "cup"
    }, 
    "olive oil": {
      "flour": "Safe", 
      "gluten": "no gluten here!", 
      "quantity": "1/4", 
      "substitute": "no substitute needed", 
      "unit": "cup"
    }
  }, 
  "instructions": [
    "Whisk first 4 ingredients in small bowl to blend; season with salt and pepper.", 
    "Cook black-eyed peas and yam in large saucepan of boiling salted water until tender, about 8 minutes. Drain; cool. Place in large bowl. Add andouille, okra, and onion. Add enough dressing to coat and toss."
  ], 
  "keywords": [
    "Easy Recipes", 
    "High Fiber", 
    "Large Groups", 
    "Meat Recipes", 
    "Molasses Recipes", 
    "New Years Food", 
    "Pea Recipes", 
    "Salad", 
    "Salad Recipes", 
    "Sausage Recipes", 
    "Side", 
    "Southern Food", 
    "Sweet Potato Recipes", 
    "Winter Food", 
    "Yam Recipes"
  ], 
  "name": "Hoppin' John Salad with Molasses Dressing", 
  "proteinContent": "", 
  "saturatedFatContent": "", 
  "servings": "Servings: Makes 6  to 8", 
  "sodiumContent": "", 
  "sugarContent": "", 
  "url": "http://www.bonappetit.com/recipe/hoppin-john-salad-with-molasses-dressing"
}