{
  "calories": "", 
  "carbohydrateContent": "", 
  "cholesterolContent": "", 
  "fatContent": "", 
  "fiberContent": "", 
  "image": "http://www.bonappetit.com/wp-content/uploads/2012/09/farfalle_with_golden_beets_beet_greens_and_pine_nuts_646.jpg", 
  "ingredients": {
    "bunches 2-inch-diameter golden beets with fresh healthy greens; beets peeled, each cut into 8 wedges, greens cut into 1-inch-wide strips": {
      "flour": "Safe", 
      "gluten": "no gluten here!", 
      "quantity": "2", 
      "substitute": "no substitute needed", 
      "unit": ""
    }, 
    "extra-virgin olive oil, divided": {
      "flour": "Safe", 
      "gluten": "no gluten here!", 
      "quantity": "4", 
      "substitute": "no substitute needed", 
      "unit": "tablespoons"
    }, 
    "farfalle (bow-tie pasta)": {
      "flour": "Safe", 
      "gluten": "gluten here!", 
      "quantity": "12", 
      "substitute": "gluten-free pasta", 
      "unit": "ounces"
    }, 
    "garlic cloves, minced": {
      "flour": "Safe", 
      "gluten": "no gluten here!", 
      "quantity": "3", 
      "substitute": "no substitute needed", 
      "unit": ""
    }, 
    "grated parmesan cheese plus additional for serving": {
      "flour": "Safe", 
      "gluten": "no gluten here!", 
      "quantity": "1/3", 
      "substitute": "no substitute needed", 
      "unit": "cup"
    }, 
    "large onions, quartered lengthwise through root end, sliced crosswise (about 4 cups)": {
      "flour": "Safe", 
      "gluten": "no gluten here!", 
      "quantity": "2", 
      "substitute": "no substitute needed", 
      "unit": ""
    }, 
    "pine nuts": {
      "flour": "Safe", 
      "gluten": "no gluten here!", 
      "quantity": "1/3", 
      "substitute": "no substitute needed", 
      "unit": "cup"
    }
  }, 
  "instructions": [
    "Heat heavy large skillet over medium heat. Add pine nuts and stir until lightly toasted, about 3 minutes. Transfer to small bowl. Add 2 tablespoons oil and onions to same skillet and saut\u00e9 until beginning to soften and turn golden, about 10 minutes. Reduce heat to medium-low and continue to saut\u00e9 until onions are tender and browned, about 30 minutes longer. Add garlic and stir 2 minutes. Scatter beet greens over onions. Drizzle remaining 2 tablespoons oil over; cover and cook until beet greens are tender, about 5 minutes.", 
    "Meanwhile, cook beets in large pot of boiling salted water until tender, about 10 minutes. Using slotted spoon, transfer beets to medium bowl. Return water to boil. Add pasta to beet cooking liquid and cook until tender but still firm to bite, stirring occasionally. Drain, reserving 1 cup pasta cooking liquid. Return pasta to pot.", 
    "Stir onion-greens mixture and beets into pasta. Add pasta cooking liquid by 1/4 cupfuls to moisten. Season with salt and coarsely ground black pepper. Stir in 1/3 cup Parmesan cheese. Divide pasta among shallow bowls. Sprinkle with pine nuts. Serve, passing additional cheese."
  ], 
  "keywords": [
    "American", 
    "Appetizers", 
    "Beet Recipes", 
    "Beets", 
    "Buffet", 
    "Dinner", 
    "Dinner Party Food", 
    "First Course", 
    "Golden Beets", 
    "Healthy", 
    "High Fiber", 
    "Italian", 
    "Italian American", 
    "Italian Food", 
    "Low Cal", 
    "Main Course", 
    "Pasta", 
    "Pasta Recipes", 
    "Pine Nut", 
    "Potluck", 
    "Red Beets", 
    "Side Dishes", 
    "Vegetarian"
  ], 
  "name": "Farfalle with Golden Beets, Beet Greens, and Pine Nuts", 
  "proteinContent": "", 
  "saturatedFatContent": "", 
  "servings": "Servings: 4 to 6", 
  "sodiumContent": "", 
  "sugarContent": "", 
  "url": "http://www.bonappetit.com/recipe/farfalle-with-golden-beets-beet-greens-and-pine-nuts"
}