{
  "calories": "", 
  "carbohydrateContent": "", 
  "cholesterolContent": "", 
  "description": "Fresh turmeric lends a unique and earthy note plus incredible color to the finished dish.", 
  "fatContent": "", 
  "fiberContent": "", 
  "image": "http://www.bonappetit.com/wp-content/uploads/2014/04/grilled-snapper-with-fresh-turmeric-marinade-940x600.jpg", 
  "ingredients": {
    "4-oz. skin-on snapper, seabass, grouper, or mahi-mahi fillets": {
      "flour": "Safe", 
      "gluten": "no gluten here!", 
      "quantity": "6", 
      "substitute": "no substitute needed", 
      "unit": ""
    }, 
    "coarsely chopped peeled fresh turmeric or 1\u00bd tsp. ground turmeric": {
      "flour": "Safe", 
      "gluten": "no gluten here!", 
      "quantity": "2", 
      "substitute": "no substitute needed", 
      "unit": "tablespoons"
    }, 
    "cooked rice and lime wedges (for serving)": {
      "flour": "Safe", 
      "gluten": "no gluten here!", 
      "quantity": "", 
      "substitute": "no substitute needed", 
      "unit": ""
    }, 
    "finely chopped lemongrass": {
      "flour": "Safe", 
      "gluten": "no gluten here!", 
      "quantity": "1", 
      "substitute": "no substitute needed", 
      "unit": "tablespoon"
    }, 
    "fish sauce (such as nam pla or nuoc nam)": {
      "flour": "Safe", 
      "gluten": "no gluten here!", 
      "quantity": "1", 
      "substitute": "no substitute needed", 
      "unit": "tablespoon"
    }, 
    "fresh lime juice": {
      "flour": "Safe", 
      "gluten": "no gluten here!", 
      "quantity": "\u00bc", 
      "substitute": "no substitute needed", 
      "unit": "cup"
    }, 
    "fresno chile, with seeds, finely chopped": {
      "flour": "Safe", 
      "gluten": "no gluten here!", 
      "quantity": "1", 
      "substitute": "no substitute needed", 
      "unit": ""
    }, 
    "garlic cloves, sliced": {
      "flour": "Safe", 
      "gluten": "no gluten here!", 
      "quantity": "4", 
      "substitute": "no substitute needed", 
      "unit": ""
    }, 
    "jalape\u00f1o, seeds removed, finely chopped": {
      "flour": "Safe", 
      "gluten": "no gluten here!", 
      "quantity": "1", 
      "substitute": "no substitute needed", 
      "unit": ""
    }, 
    "kosher salt, plus more": {
      "flour": "Safe", 
      "gluten": "no gluten here!", 
      "quantity": "\u00bd", 
      "substitute": "no substitute needed", 
      "unit": "teaspoon"
    }, 
    "medium shallot, finely chopped": {
      "flour": "Safe", 
      "gluten": "no gluten here!", 
      "quantity": "1", 
      "substitute": "no substitute needed", 
      "unit": ""
    }, 
    "scallions, coarsely chopped": {
      "flour": "Safe", 
      "gluten": "no gluten here!", 
      "quantity": "4", 
      "substitute": "no substitute needed", 
      "unit": ""
    }, 
    "sugar": {
      "flour": "Safe", 
      "gluten": "no gluten here!", 
      "quantity": "3", 
      "substitute": "no substitute needed", 
      "unit": "tablespoons"
    }, 
    "ti, banana, or turmeric leaves, plus more for serving (optional)": {
      "flour": "Safe", 
      "gluten": "no gluten here!", 
      "quantity": "12", 
      "substitute": "no substitute needed", 
      "unit": ""
    }
  }, 
  "instructions": [
    "Pound garlic, turmeric, and \u00bd tsp. salt in a mortar and pestle to a coarse paste (alternatively, pulse in a food processor). Transfer to a large bowl and mix in shallot, scallions, chiles, lemongrass, sugar, lime juice, fish sauce, and 2 Tbsp. water. Season fish with salt and toss to coat in marinade. Let sit at room temperature 1 hour, or cover and chill up to 4 hours.", 
    "Prepare grill for medium-high heat. Keeping marinade on fish, place each fillet between 2 ti leaves or 2 sheets of foil and grill until cooked through, about 5 minutes per side (thicker fillets will take longer).", 
    "Transfer fish to a platter lined with more ti leaves, if using. Serve with rice and lime wedges."
  ], 
  "keywords": [
    "Chile", 
    "david tanis", 
    "Fish Recipes", 
    "Fish Sauce", 
    "grouper recipes", 
    "Jalapeno Recipes", 
    "Lemongrass Recipes", 
    "Lime Recipes", 
    "Scallion Recipes", 
    "Snapper Recipes", 
    "Spicy Food", 
    "vietnam diaries recipes", 
    "Vietnamese Food"
  ], 
  "name": "Grilled Snapper with Fresh Turmeric Marinade", 
  "proteinContent": "", 
  "saturatedFatContent": "", 
  "servings": "Servings: 6", 
  "sodiumContent": "", 
  "sugarContent": "", 
  "url": "http://www.bonappetit.com/recipe/grilled-snapper-with-fresh-turmeric-marinade"
}