{
  "calories": "", 
  "carbohydrateContent": "", 
  "cholesterolContent": "", 
  "description": "Fried chicken on a hot buttered biscuit\u2014what\u2019s not to like?", 
  "fatContent": "", 
  "fiberContent": "", 
  "image": "http://www.bonappetit.com/wp-content/uploads/2014/01/fried-chicken-biscuits-940x600.jpg", 
  "ingredients": {
    "(1 stick) unsalted butter, room temperature": {
      "flour": "Safe", 
      "gluten": "no gluten here!", 
      "quantity": "\u00bd", 
      "substitute": "no substitute needed", 
      "unit": "cup"
    }, 
    "buttermilk": {
      "flour": "Safe", 
      "gluten": "no gluten here!", 
      "quantity": "1", 
      "substitute": "no substitute needed", 
      "unit": "cup"
    }, 
    "cayenne pepper": {
      "flour": "Safe", 
      "gluten": "no gluten here!", 
      "quantity": "\u00bc", 
      "substitute": "no substitute needed", 
      "unit": "teaspoon"
    }, 
    "freshly ground black pepper": {
      "flour": "Safe", 
      "gluten": "no gluten here!", 
      "quantity": "", 
      "substitute": "no substitute needed", 
      "unit": ""
    }, 
    "honey": {
      "flour": "Safe", 
      "gluten": "no gluten here!", 
      "quantity": "\u00bc", 
      "substitute": "no substitute needed", 
      "unit": "cup"
    }, 
    "hot sauce": {
      "flour": "Safe", 
      "gluten": "no gluten here!", 
      "quantity": "1", 
      "substitute": "no substitute needed", 
      "unit": "tablespoon"
    }, 
    "hot sauce (for serving)": {
      "flour": "Safe", 
      "gluten": "no gluten here!", 
      "quantity": "", 
      "substitute": "no substitute needed", 
      "unit": ""
    }, 
    "kosher salt": {
      "flour": "Safe", 
      "gluten": "no gluten here!", 
      "quantity": "\u00bd", 
      "substitute": "no substitute needed", 
      "unit": "teaspoon"
    }, 
    "kosher salt, plus more": {
      "flour": "Safe", 
      "gluten": "no gluten here!", 
      "quantity": "\u00bd", 
      "substitute": "no substitute needed", 
      "unit": "teaspoon"
    }, 
    "panko (japanese breadcrumbs)": {
      "flour": "Safe", 
      "gluten": "gluten here!", 
      "quantity": "2", 
      "substitute": "gluten-free panko", 
      "unit": "cups"
    }, 
    "pies-n-thighs biscuits(click for recipe)": {
      "flour": "Safe", 
      "gluten": "gluten here!", 
      "quantity": "4", 
      "substitute": "gluten-free bread", 
      "unit": ""
    }, 
    "skinless, boneless chicken cutlets (about 1\u00bd lb. total), pounded to \u00bc&rdquo; thickness": {
      "flour": "Safe", 
      "gluten": "no gluten here!", 
      "quantity": "4", 
      "substitute": "no substitute needed", 
      "unit": ""
    }, 
    "vegetable oil (for frying; about 2\u00bd cups)": {
      "flour": "Safe", 
      "gluten": "no gluten here!", 
      "quantity": "", 
      "substitute": "no substitute needed", 
      "unit": ""
    }
  }, 
  "instructions": [
    "Combine buttermilk, hot sauce, salt, black pepper, and cayenne in a resealable plastic bag; add chicken. Seal bag, turn to coat, and chill at least 3 hours.", 
    "DO AHEAD:Chicken can be marinated 8 hours ahead. Keep chilled.", 
    "Mix butter, honey, and \u00bd tsp. salt in a small bowl until smooth; set honey butter aside.", 
    "Pour oil into a large skillet, preferably cast iron, to a depth of \u00bd&rdquo; and heat over medium-high heat until oil bubbles immediately when a little panko is added.", 
    "Meanwhile, place panko in a shallow bowl. Remove chicken from marinade; season with salt and pepper. Dredge chicken in panko, shaking off excess. Working in 2 batches and maintaining oil temperature, fry chicken until golden brown, crisp, and cooked through, about 3 minutes per side. Transfer chicken to a paper towel\u2013lined baking sheet to drain.", 
    "Split biscuits and spread each side with 1 Tbsp. reserved honey butter. Build sandwiches with biscuits, chicken, and hot sauce."
  ], 
  "keywords": [
    "Breadcrumbs", 
    "Brunch", 
    "Chicken Recipes", 
    "Honey Recipes", 
    "Hot Sauce Recipes", 
    "Sandwich Recipes", 
    "Southern Food", 
    "trail_09222014"
  ], 
  "name": "Fried Chicken Biscuits", 
  "proteinContent": "", 
  "saturatedFatContent": "", 
  "servings": "Servings: 4", 
  "sodiumContent": "", 
  "sugarContent": "", 
  "url": "http://www.bonappetit.com/recipe/fried-chicken-biscuits"
}