{
  "calories": "", 
  "carbohydrateContent": "", 
  "cholesterolContent": "", 
  "description": "If you can\u2019t find burrata, fresh mozzarella makes a fine substitute.", 
  "fatContent": "", 
  "fiberContent": "", 
  "image": "http://www.bonappetit.com/wp-content/uploads/2014/05/WE14-BA-DS4_0100-lpr-940x600.jpg", 
  "ingredients": {
    "8 oz. balls burrata, torn into 1\" pieces": {
      "flour": "Safe", 
      "gluten": "no gluten here!", 
      "quantity": "2", 
      "substitute": "no substitute needed", 
      "unit": ""
    }, 
    "finely grated lemon zest": {
      "flour": "Safe", 
      "gluten": "no gluten here!", 
      "quantity": "\u00bd", 
      "substitute": "no substitute needed", 
      "unit": "teaspoon"
    }, 
    "fresh rosemary leaves": {
      "flour": "Safe", 
      "gluten": "no gluten here!", 
      "quantity": "1", 
      "substitute": "no substitute needed", 
      "unit": "tablespoon"
    }, 
    "green olives (such as \t\t\tcastelveltrano), pitted, very coarsely chopped": {
      "flour": "Safe", 
      "gluten": "no gluten here!", 
      "quantity": "\u00be", 
      "substitute": "no substitute needed", 
      "unit": "cup"
    }, 
    "kosher salt, freshly ground pepper": {
      "flour": "Safe", 
      "gluten": "no gluten here!", 
      "quantity": "", 
      "substitute": "no substitute needed", 
      "unit": ""
    }, 
    "large artichokes": {
      "flour": "Safe", 
      "gluten": "no gluten here!", 
      "quantity": "2", 
      "substitute": "no substitute needed", 
      "unit": ""
    }, 
    "lemon, halved": {
      "flour": "Safe", 
      "gluten": "no gluten here!", 
      "quantity": "1", 
      "substitute": "no substitute needed", 
      "unit": ""
    }, 
    "olive oil, plus more for baking sheet": {
      "flour": "Safe", 
      "gluten": "no gluten here!", 
      "quantity": "5", 
      "substitute": "no substitute needed", 
      "unit": "tablespoons"
    }, 
    "prepared pizza dough, room temperature, divided into 4 pieces": {
      "flour": "Safe", 
      "gluten": "gluten here!", 
      "quantity": "1", 
      "substitute": "gluten-free dough", 
      "unit": "pound"
    }
  }, 
  "instructions": [
    "Heat oven to 450\u00b0. Squeeze juice from lemon halves into a bowl of water. Using a serrated knife, remove outer leaves from artichokes to expose heart. Trim 3\" from top. Trim stems and remove tough outer layer with a vegetable peeler. Halve artichokes lengthwise and remove choke with a spoon. Dip in lemon water to prevent artichokes from browning. Thinly slice and place in a small bowl. Drizzle with 1 Tbsp. oil and toss to coat; season with salt and pepper.", 
    "Gently stretch each piece of dough into a 9\" round and transfer to 2 lightly rimmed oiled baking sheets. (If dough springs back, cover and let rest 10 minutes, then stretch again, resting as needed).", 
    "Brush with remaining 4 Tbsp. oil; season with salt and pepper. Top with burrata, olives, artichokes, and rosemary. Bake pizza, rotating baking sheet halfway through, until cheese is melted and bubbly and crust is golden brown, 12\u201315 minutes. Top with lemon zest and season with more pepper."
  ], 
  "keywords": [
    "Artichoke", 
    "Burrata", 
    "Italian Food", 
    "Olives", 
    "Pizza Recipes", 
    "Rosemary Recipes", 
    "Spring Food", 
    "Vegetarian Recipes"
  ], 
  "name": "Fresh Artichoke, Olive, and Burrata Pizza", 
  "proteinContent": "", 
  "saturatedFatContent": "", 
  "servings": "Servings: 4", 
  "sodiumContent": "", 
  "sugarContent": "", 
  "url": "http://www.bonappetit.com/recipe/artichoke-olive-burrata-pizza"
}