{
  "calories": "Calories (kcal) 140", 
  "carbohydrateContent": "Carbohydrates (g) 2", 
  "cholesterolContent": "Cholesterol (mg) 130", 
  "description": "The cool flavors of basil and cilantro balance the spiciness of the harissa.", 
  "fatContent": "Fat (g) 6", 
  "fiberContent": "Dietary Fiber (g) 0", 
  "image": "http://www.bonappetit.com/wp-content/uploads/2013/08/grilled-harissa-shrimp.jpg", 
  "ingredients": {
    "cup fresh basil leaves": {
      "flour": "Safe", 
      "gluten": "no gluten here!", 
      "quantity": "1/2", 
      "substitute": "no substitute needed", 
      "unit": ""
    }, 
    "cup fresh cilantro leaves": {
      "flour": "Safe", 
      "gluten": "no gluten here!", 
      "quantity": "1/2", 
      "substitute": "no substitute needed", 
      "unit": ""
    }, 
    "freshly ground black pepper": {
      "flour": "Safe", 
      "gluten": "no gluten here!", 
      "quantity": "", 
      "substitute": "no substitute needed", 
      "unit": ""
    }, 
    "kosher salt": {
      "flour": "Safe", 
      "gluten": "no gluten here!", 
      "quantity": "", 
      "substitute": "no substitute needed", 
      "unit": ""
    }, 
    "pounds large shrimp, peeled, tails intact, deveined": {
      "flour": "Safe", 
      "gluten": "no gluten here!", 
      "quantity": "1 1/2", 
      "substitute": "no substitute needed", 
      "unit": ""
    }, 
    "radishes, trimmed, thinly sliced": {
      "flour": "Safe", 
      "gluten": "no gluten here!", 
      "quantity": "4", 
      "substitute": "no substitute needed", 
      "unit": ""
    }, 
    "tbsp. harissa paste": {
      "flour": "Safe", 
      "gluten": "no gluten here!", 
      "quantity": "2\u20133", 
      "substitute": "no substitute needed", 
      "unit": ""
    }, 
    "tbsp. olive oil": {
      "flour": "Safe", 
      "gluten": "no gluten here!", 
      "quantity": "2", 
      "substitute": "no substitute needed", 
      "unit": ""
    }
  }, 
  "instructions": [
    "Harissa paste, a spicy North African chile paste, is available at Middle Eastern markets and some specialty foods stores, and from online sources.", 
    "Prepare grill for medium-high heat. Combine shrimp, harissa, and oil in a medium bowl; season with salt and toss to coat.", 
    "Grill shrimp until cooked through, about 2 minutes per side. Transfer to a plate and let cool.", 
    "Toss shrimp, radishes, basil, and cilantro in another medium bowl; season with salt and pepper.", 
    "DO AHEAD:Shrimp can be grilled 2 hours ahead. Cover and chill."
  ], 
  "keywords": [
    "Amagansett Beach Party Recipes", 
    "Basil Recipes", 
    "Cilantro", 
    "Grilled Seafood Recipes", 
    "Grilling Food", 
    "Harissa Recipes", 
    "Radish Recipes", 
    "Seafood Recipes", 
    "Shrimp Recipes", 
    "Summer Food"
  ], 
  "name": "Grilled Harissa Shrimp", 
  "proteinContent": "Protein (g) 18", 
  "saturatedFatContent": "Saturated Fat (g) 1", 
  "servings": "Servings: 8", 
  "sodiumContent": "Sodium (mg) 190", 
  "sugarContent": "Total Sugars (g) 0", 
  "url": "http://www.bonappetit.com/recipe/grilled-harissa-shrimp"
}