{
  "calories": "", 
  "carbohydrateContent": "", 
  "cholesterolContent": "", 
  "description": "This is a good option for cold-weather Thanksgivings eaten under threatening skies, since the combination of herbs and citrus provides a house-filling aroma that speaks to sunniness. Garnish with some remaining sprigs of sage and thyme, but be careful with the rosemary, as a little goes a long way.", 
  "fatContent": "", 
  "fiberContent": "", 
  "image": "http://www.bonappetit.com/wp-content/uploads/2013/10/carved-herb-roasted-turkey-e1381413998870-940x600.jpg", 
  "ingredients": {
    "(3/4 stick) unslated butter, room temperature": {
      "flour": "Safe", 
      "gluten": "no gluten here!", 
      "quantity": "6", 
      "substitute": "no substitute needed", 
      "unit": "tablespoons"
    }, 
    "12\u201314-lb. turkey, giblets and neck removed, at room temperature for 1 hour": {
      "flour": "Safe", 
      "gluten": "no gluten here!", 
      "quantity": "1", 
      "substitute": "no substitute needed", 
      "unit": ""
    }, 
    "finely grated lemon zest": {
      "flour": "Safe", 
      "gluten": "no gluten here!", 
      "quantity": "1", 
      "substitute": "no substitute needed", 
      "unit": "tablespoon"
    }, 
    "freshly ground black pepper": {
      "flour": "Safe", 
      "gluten": "no gluten here!", 
      "quantity": "1 1/12", 
      "substitute": "no substitute needed", 
      "unit": "tablespoons"
    }, 
    "kosher salt": {
      "flour": "Safe", 
      "gluten": "no gluten here!", 
      "quantity": "3", 
      "substitute": "no substitute needed", 
      "unit": "tablespoon"
    }, 
    "lemon, quartered": {
      "flour": "Safe", 
      "gluten": "no gluten here!", 
      "quantity": "1", 
      "substitute": "no substitute needed", 
      "unit": ""
    }, 
    "medium onion, quartered": {
      "flour": "Safe", 
      "gluten": "no gluten here!", 
      "quantity": "1", 
      "substitute": "no substitute needed", 
      "unit": ""
    }, 
    "minced fresh rosemary": {
      "flour": "Safe", 
      "gluten": "no gluten here!", 
      "quantity": "1", 
      "substitute": "no substitute needed", 
      "unit": "tablespoon"
    }, 
    "minced fresh sage leaves": {
      "flour": "Safe", 
      "gluten": "no gluten here!", 
      "quantity": "1", 
      "substitute": "no substitute needed", 
      "unit": "tablespoon"
    }, 
    "minced fresh thyme leaves": {
      "flour": "Safe", 
      "gluten": "no gluten here!", 
      "quantity": "1", 
      "substitute": "no substitute needed", 
      "unit": "tablespoon"
    }, 
    "orange, quartered": {
      "flour": "Safe", 
      "gluten": "no gluten here!", 
      "quantity": "1", 
      "substitute": "no substitute needed", 
      "unit": ""
    }
  }, 
  "instructions": [
    "Preheat oven to 450\u00b0. Set a rack inside a large roasting pan. Pat turkey dry with paper towels. Rub bird inside and out with salt and pepper. Place turkey on the rack in the pan. Using a fork, mix butter, lemon zest, rosemary, sage, and thyme in a small bowl. Rub herb butter over top of turkey and inside cavity.", 
    "Place onion, orange, and lemon inside turkey cavity. Tuck tips of wings under bird (this prevents them from burning during the long roasting time). Pour 4 cups water into pan. Roast turkey, uncovered, for 30 minutes. Reduce oven temperature to 325\u00b0. Baste turkey with pan juices; add more water if needed to maintain at least 1/4\" liquid in the bottom of roasting pan. Continue roasting turkey, basting every 30 minutes and tenting with foil if skin is turning too dark, until an instant-read thermometer inserted into thickest part of the thigh without touching bone registers 165\u00b0 (juices should run clear when thermometer is removed), about 2 3\u20444 hours total.", 
    "Transfer turkey to a platter. Tent with foil and let rest for 1 hour before carving"
  ], 
  "keywords": [
    "Dinner", 
    "Fall Food", 
    "Lemon Recipes", 
    "Orange Recipes", 
    "Poultry Recipes", 
    "Rosemary Recipes", 
    "Sage Recipes", 
    "Sam Sifton", 
    "Thanksgiving", 
    "Thanksgiving Users Manual", 
    "Thyme Recipes", 
    "Turkey Recipes", 
    "Winter Food"
  ], 
  "name": "Herb-Roasted Turkey", 
  "proteinContent": "", 
  "saturatedFatContent": "", 
  "servings": "Servings: 8-10", 
  "sodiumContent": "", 
  "sugarContent": "", 
  "url": "http://www.bonappetit.com/recipe/herb-roasted-turkey"
}