{
  "calories": "", 
  "carbohydrateContent": "", 
  "cholesterolContent": "", 
  "fatContent": "", 
  "fiberContent": "", 
  "image": "", 
  "ingredients": {
    "chopped fresh chives or green onion tops": {
      "flour": "Safe", 
      "gluten": "no gluten here!", 
      "quantity": "1", 
      "substitute": "no substitute needed", 
      "unit": "tablespoon"
    }, 
    "finely chopped dill pickle": {
      "flour": "Safe", 
      "gluten": "no gluten here!", 
      "quantity": "1", 
      "substitute": "no substitute needed", 
      "unit": "tablespoon"
    }, 
    "prepared white horseradish (about 4 ounces)": {
      "flour": "Safe", 
      "gluten": "no gluten here!", 
      "quantity": "6", 
      "substitute": "no substitute needed", 
      "unit": "tablespoons"
    }, 
    "sour cream": {
      "flour": "Safe", 
      "gluten": "no gluten here!", 
      "quantity": "1", 
      "substitute": "no substitute needed", 
      "unit": "cup"
    }
  }, 
  "instructions": [
    "Whisk all ingredients in small bowl to blend. Cover and refrigerate at least 2 hours. DO AHEAD: Can be made 2 days ahead. Keep refrigerated."
  ], 
  "keywords": [
    "Chive", 
    "Condiments", 
    "Dill", 
    "Do Ahead", 
    "Easy Recipes", 
    "Green Onion/Scallion", 
    "Horseradish", 
    "Low Cal", 
    "Milk/Cream", 
    "No-Cook", 
    "Quick &amp; Easy", 
    "Sauce", 
    "Sauce Recipes", 
    "Sour Cream", 
    "Vegetarian"
  ], 
  "name": "Horseradish Cream", 
  "proteinContent": "", 
  "saturatedFatContent": "", 
  "servings": "Servings: Makes about 1 1/2 cups", 
  "sodiumContent": "", 
  "sugarContent": "", 
  "url": "http://www.bonappetit.com/recipe/horseradish-cream"
}