{
  "calories": "", 
  "carbohydrateContent": "", 
  "cholesterolContent": "", 
  "description": "To check if your meringue is stiff, lift the beaters out of the bowl and upend them: The peaks should stick straight up.", 
  "fatContent": "", 
  "fiberContent": "", 
  "image": "http://www.bonappetit.com/wp-content/uploads/2014/05/banana-meringue-pudding-940x600.jpg", 
  "ingredients": {
    "11-oz. box vanilla wafer cookies": {
      "flour": "Safe", 
      "gluten": "gluten here!", 
      "quantity": "1", 
      "substitute": "gluten-free cookies", 
      "unit": ""
    }, 
    "cornstarch": {
      "flour": "Safe", 
      "gluten": "no gluten here!", 
      "quantity": "\u00bc", 
      "substitute": "no substitute needed", 
      "unit": "cup"
    }, 
    "large egg whites": {
      "flour": "Safe", 
      "gluten": "no gluten here!", 
      "quantity": "4", 
      "substitute": "no substitute needed", 
      "unit": ""
    }, 
    "large eggs": {
      "flour": "Safe", 
      "gluten": "no gluten here!", 
      "quantity": "4", 
      "substitute": "no substitute needed", 
      "unit": ""
    }, 
    "of kosher salt": {
      "flour": "Safe", 
      "gluten": "no gluten here!", 
      "quantity": "Pinch", 
      "substitute": "no substitute needed", 
      "unit": ""
    }, 
    "ripe bananas, thinly sliced": {
      "flour": "Safe", 
      "gluten": "no gluten here!", 
      "quantity": "3", 
      "substitute": "no substitute needed", 
      "unit": ""
    }, 
    "sugar": {
      "flour": "Safe", 
      "gluten": "no gluten here!", 
      "quantity": "\u00bd", 
      "substitute": "no substitute needed", 
      "unit": "cup"
    }, 
    "unsalted butter": {
      "flour": "Safe", 
      "gluten": "no gluten here!", 
      "quantity": "2", 
      "substitute": "no substitute needed", 
      "unit": "tablespoons"
    }, 
    "vanilla extract": {
      "flour": "Safe", 
      "gluten": "no gluten here!", 
      "quantity": "2", 
      "substitute": "no substitute needed", 
      "unit": "teaspoons"
    }, 
    "whole milk": {
      "flour": "Safe", 
      "gluten": "no gluten here!", 
      "quantity": "4", 
      "substitute": "no substitute needed", 
      "unit": "cups"
    }
  }, 
  "instructions": [
    "Lightly whisk eggs in a large bowl just to blend. Whisk sugar and cornstarch in a medium saucepan. Gradually whisk milk into sugar mixture and heat over medium heat, whisking often, until very warm to the touch. Gradually whisk half of hot milk mixture into eggs, then whisk egg mixture back into milk mixture in saucepan.", 
    "Cook, whisking constantly, until thickened and whisk leaves a trail in pudding (it should be the consistency of mayonnaise), about 4 minutes. Remove from heat, add butter, vanilla, and salt and whisk until butter is melted and mixture is smooth.", 
    "Strain pudding through a fine-mesh sieve into another large bowl. Cover pudding with plastic wrap, pressing directly onto the surface. Chill until cool, about 2 hours.", 
    "Spread one-third of pudding evenly in a 2-qt. baking dish. Top with half of cookies and half of bananas. Repeat layers one more time and top with remaining third of pudding. Cover and chill at least 4 hours.", 
    "Just before serving, heat broiler. Using an electric mixer on medium speed, beat egg whites until foamy. With motor running, gradually add sugar. Increase speed to medium-high and beat until stiff peaks form.", 
    "Spoon meringue over pudding and swirl decoratively. Broil until meringue is dark brown in spots, about 1 minute.", 
    "DO AHEAD:Pudding (without meringue) can be assembled 2 days ahead. Keep chilled."
  ], 
  "keywords": [
    "Banana", 
    "Desserts", 
    "Fourth Of July", 
    "Memorial Day Food", 
    "Meringue Recipes", 
    "Party Food", 
    "Pudding Recipes", 
    "Southern Food", 
    "Summer Desserts", 
    "Summer Food", 
    "Vanilla Recipes"
  ], 
  "name": "Banana Meringue Pudding", 
  "proteinContent": "", 
  "saturatedFatContent": "", 
  "servings": "Servings: 8", 
  "sodiumContent": "", 
  "sugarContent": "", 
  "url": "http://www.bonappetit.com/recipe/banana-meringue-pudding"
}