{
  "calories": "", 
  "carbohydrateContent": "", 
  "cholesterolContent": "", 
  "fatContent": "", 
  "fiberContent": "", 
  "image": "http://www.bonappetit.com/wp-content/uploads/2013/03/gingery-rhubarb-compote-646.jpg", 
  "ingredients": {
    "(packed) light brown sugar": {
      "flour": "Safe", 
      "gluten": "no gluten here!", 
      "quantity": "1", 
      "substitute": "no substitute needed", 
      "unit": "cup"
    }, 
    "drained capers": {
      "flour": "Safe", 
      "gluten": "no gluten here!", 
      "quantity": "1", 
      "substitute": "no substitute needed", 
      "unit": "tablespoon"
    }, 
    "finely chopped crystallized ginger": {
      "flour": "Safe", 
      "gluten": "no gluten here!", 
      "quantity": "1/4", 
      "substitute": "no substitute needed", 
      "unit": "cup"
    }, 
    "golden raisins": {
      "flour": "Safe", 
      "gluten": "no gluten here!", 
      "quantity": "1/2", 
      "substitute": "no substitute needed", 
      "unit": "cup"
    }, 
    "of crushed red pepper flakes": {
      "flour": "Safe", 
      "gluten": "no gluten here!", 
      "quantity": "", 
      "substitute": "no substitute needed", 
      "unit": ""
    }, 
    "of freshly ground black pepper": {
      "flour": "Safe", 
      "gluten": "no gluten here!", 
      "quantity": "", 
      "substitute": "no substitute needed", 
      "unit": ""
    }, 
    "red wine vinegar": {
      "flour": "Safe", 
      "gluten": "no gluten here!", 
      "quantity": "1/2", 
      "substitute": "no substitute needed", 
      "unit": "cup"
    }, 
    "rhubarb, trimmed, sliced 1/2-inch thick": {
      "flour": "Safe", 
      "gluten": "no gluten here!", 
      "quantity": "1", 
      "substitute": "no substitute needed", 
      "unit": "pound"
    }
  }, 
  "instructions": [
    "Combine brown sugar, raisins, vinegar, ginger, capers, red pepper flakes, and black pepper in a medium skillet. Cook over medium heat, stirring often, until liquid is reduced by half, about 5 minutes.", 
    "Add rhubarb to skillet and stir to coat. Cook, swirling pan occasionally, until rhubarb is tender and liquid is syrupy, about 15 minutes. Serve compote warm  or at room temperature.", 
    "DO AHEAD: Compote can be made 5 days ahead. Let cool; cover and chill. Reheat slightly, if desired, before serving."
  ], 
  "keywords": [
    "Capers", 
    "Condiments", 
    "Ginger Recipes", 
    "Raisin Recipes", 
    "Rhubarb Recipes", 
    "Sauce Recipes", 
    "Spring Food"
  ], 
  "name": "Gingery Rhubarb Compote", 
  "proteinContent": "", 
  "saturatedFatContent": "", 
  "servings": "Servings: 6", 
  "sodiumContent": "", 
  "sugarContent": "", 
  "url": "http://www.bonappetit.com/recipe/gingery-rhubarb-compote"
}