{
  "calories": "", 
  "carbohydrateContent": "", 
  "cholesterolContent": "", 
  "fatContent": "", 
  "fiberContent": "", 
  "image": "http://www.bonappetit.com/wp-content/uploads/2013/03/bacon_and_cashew_caramel_corn_646.jpg", 
  "ingredients": {
    "1 1/2 cups sugar": {
      "flour": "Safe", 
      "gluten": "no gluten here!", 
      "quantity": "", 
      "substitute": "no substitute needed", 
      "unit": ""
    }, 
    "1 oolong tea bag": {
      "flour": "Safe", 
      "gluten": "no gluten here!", 
      "quantity": "", 
      "substitute": "no substitute needed", 
      "unit": ""
    }, 
    "1 teaspoon coarse kosher salt or coarse sea salt": {
      "flour": "Safe", 
      "gluten": "no gluten here!", 
      "quantity": "", 
      "substitute": "no substitute needed", 
      "unit": ""
    }, 
    "1/2 cup popcorn kernels": {
      "flour": "Safe", 
      "gluten": "no gluten here!", 
      "quantity": "", 
      "substitute": "no substitute needed", 
      "unit": ""
    }, 
    "1/2 cup unsalted raw cashews (one 2.5-ounce package)": {
      "flour": "Safe", 
      "gluten": "no gluten here!", 
      "quantity": "", 
      "substitute": "no substitute needed", 
      "unit": ""
    }, 
    "1/4 cup heavy whipping cream": {
      "flour": "Safe", 
      "gluten": "no gluten here!", 
      "quantity": "", 
      "substitute": "no substitute needed", 
      "unit": ""
    }, 
    "1/4 cup water": {
      "flour": "Safe", 
      "gluten": "no gluten here!", 
      "quantity": "", 
      "substitute": "no substitute needed", 
      "unit": ""
    }, 
    "1/4 teaspoon cayenne pepper": {
      "flour": "Safe", 
      "gluten": "no gluten here!", 
      "quantity": "", 
      "substitute": "no substitute needed", 
      "unit": ""
    }, 
    "2 tablespoons light corn syrup": {
      "flour": "Safe", 
      "gluten": "no gluten here!", 
      "quantity": "", 
      "substitute": "no substitute needed", 
      "unit": ""
    }, 
    "2 tablespoons vegetable oil": {
      "flour": "Safe", 
      "gluten": "no gluten here!", 
      "quantity": "", 
      "substitute": "no substitute needed", 
      "unit": ""
    }, 
    "6 ounces bacon, chopped": {
      "flour": "Safe", 
      "gluten": "no gluten here!", 
      "quantity": "", 
      "substitute": "no substitute needed", 
      "unit": ""
    }, 
    "nonstick vegetable oil spray": {
      "flour": "Safe", 
      "gluten": "no gluten here!", 
      "quantity": "", 
      "substitute": "no substitute needed", 
      "unit": ""
    }
  }, 
  "instructions": [
    "Preheat oven to 300\u00b0F. Heat popcorn and oil in covered heavy large pot over medium-high heat until kernels begin to pop. Using oven mitts, hold lid on pot and shake pot until popping stops. Pour popcorn into very large bowl. Cook bacon in heavy large skillet over medium heat until almost crisp. Using slotted spoon, transfer to paper towels to drain; cool. Add bacon and cashews to bowl with popcorn. Sprinkle with coarse salt and cayenne; toss to coat.", 
    "Bring cream and tea bag just to boil over medium heat. Remove from heat; let steep 15 minutes, occasionally pressing on tea bag with back of spoon to release flavor. Discard tea bag.", 
    "Line rimmed baking sheet with foil; coat with nonstick spray. Coat 2 wooden spoons or heat-resistant spatulas with nonstick spray; set aside. Stir sugar, 1/4 cup water, and corn syrup in large saucepan over medium-low heat until sugar dissolves. Increase heat to high; boil without stirring until syrup turns deep amber, occasionally swirling pan and brushing down sides with wet pastry brush, about 13 minutes. Remove from heat and immediately add cream (mixture will bubble up). Stir until blended. Immediately drizzle caramel over popcorn mixture; toss with sprayed spoons until evenly coated. Transfer to sheet.", 
    "Place caramel corn in oven and bake until caramel is shiny and coats popcorn, tossing mixture occasionally, about 20 minutes. Cool completely on sheet on rack, tossing occasionally to break up large clumps. DO AHEAD Can be made 2 days ahead. Store airtight in refrigerator."
  ], 
  "keywords": [
    "Bacon Recipes", 
    "Bar Food", 
    "Caramel", 
    "Cocktail Party", 
    "Low Cal Recipes", 
    "Popcorn Recipes", 
    "Snack"
  ], 
  "name": "Bacon and Cashew Caramel Corn", 
  "proteinContent": "", 
  "saturatedFatContent": "", 
  "servings": "Servings: Makes about 15 cups", 
  "sodiumContent": "", 
  "sugarContent": "", 
  "url": "http://www.bonappetit.com/recipe/bacon-and-cashew-caramel-corn"
}