{
  "calories": "", 
  "carbohydrateContent": "", 
  "cholesterolContent": "", 
  "description": "Hot-smoked salmon, unlike cured, is fully cooked.", 
  "fatContent": "", 
  "fiberContent": "", 
  "image": "http://www.bonappetit.com/wp-content/uploads/2013/09/hot-smoked-salmon-with-caper-cream-cheese.jpg", 
  "ingredients": {
    "cream cheese, room temperature": {
      "flour": "Safe", 
      "gluten": "no gluten here!", 
      "quantity": "12", 
      "substitute": "no substitute needed", 
      "unit": "ounces"
    }, 
    "drained capers plus more for serving": {
      "flour": "Safe", 
      "gluten": "no gluten here!", 
      "quantity": "2", 
      "substitute": "no substitute needed", 
      "unit": "tablespoons"
    }, 
    "fresh lemon juice": {
      "flour": "Safe", 
      "gluten": "no gluten here!", 
      "quantity": "1", 
      "substitute": "no substitute needed", 
      "unit": "tablespoon"
    }, 
    "hot-smoked salmon or trout": {
      "flour": "Safe", 
      "gluten": "no gluten here!", 
      "quantity": "4", 
      "substitute": "no substitute needed", 
      "unit": "ounces"
    }, 
    "kosher salt and freshly ground black pepper": {
      "flour": "Safe", 
      "gluten": "no gluten here!", 
      "quantity": "", 
      "substitute": "no substitute needed", 
      "unit": ""
    }, 
    "plain whole greek yogurt": {
      "flour": "Safe", 
      "gluten": "no gluten here!", 
      "quantity": "\u2153", 
      "substitute": "no substitute needed", 
      "unit": "cup"
    }, 
    "small red onion, finely chopped, plus more for serving": {
      "flour": "Safe", 
      "gluten": "no gluten here!", 
      "quantity": "\u00bc", 
      "substitute": "no substitute needed", 
      "unit": ""
    }, 
    "toasted spelt bread, dill sprigs, and lemon wedges (for serving)": {
      "flour": "Safe", 
      "gluten": "gluten here!", 
      "quantity": "", 
      "substitute": "gluten-free bread", 
      "unit": ""
    }
  }, 
  "instructions": [
    "Mix cream cheese, yogurt, lemon juice, \u00bc onion, and 2 Tbsp. capers in a medium bowl; season with salt and pepper.", 
    "Serve caper cream cheese with salmon, bread, dill sprigs, lemon wedges, and more capers and onion.", 
    "DO AHEAD:Caper cream cheese can be made 1 day ahead. Cover and chill."
  ], 
  "keywords": [
    "Breakfast", 
    "Brunch", 
    "Capers", 
    "Cream Cheese Recipes", 
    "Salmon Recipes", 
    "Trout Recipes", 
    "wake up and smell the coffee recipes", 
    "Yogurt Recipes"
  ], 
  "name": "Hot-Smoked Salmon with Caper Cream Cheese", 
  "proteinContent": "", 
  "saturatedFatContent": "", 
  "servings": "Servings: 8", 
  "sodiumContent": "", 
  "sugarContent": "", 
  "url": "http://www.bonappetit.com/recipe/hot-smoked-salmon-with-caper-cream-cheese"
}