{
  "calories": "Calories (kcal) 300.9", 
  "carbohydrateContent": "Carbohydrates (g) 15.0", 
  "cholesterolContent": "Cholesterol (mg) 111.0", 
  "fatContent": "Fat (g) 21.8", 
  "fiberContent": "Dietary Fiber (g) 0.3", 
  "image": "http://www.bonappetit.com/wp-content/uploads/2012/02/ham-and-cheese-waffles-940x600.jpg", 
  "ingredients": {
    "(2 sticks) melted butter": {
      "flour": "Safe", 
      "gluten": "no gluten here!", 
      "quantity": "1", 
      "substitute": "no substitute needed", 
      "unit": "cup"
    }, 
    "baking powder": {
      "flour": "Safe", 
      "gluten": "no gluten here!", 
      "quantity": "2", 
      "substitute": "no substitute needed", 
      "unit": "teaspoons"
    }, 
    "baking soda": {
      "flour": "Safe", 
      "gluten": "no gluten here!", 
      "quantity": "1", 
      "substitute": "no substitute needed", 
      "unit": "teaspoon"
    }, 
    "buttermilk": {
      "flour": "Safe", 
      "gluten": "no gluten here!", 
      "quantity": "1", 
      "substitute": "no substitute needed", 
      "unit": "cup"
    }, 
    "flour": {
      "flour": "Safe", 
      "gluten": "no gluten here!", 
      "quantity": "1 3/4", 
      "substitute": "no substitute needed", 
      "unit": "cups"
    }, 
    "kosher salt": {
      "flour": "Safe", 
      "gluten": "no gluten here!", 
      "quantity": "1", 
      "substitute": "no substitute needed", 
      "unit": "teaspoon"
    }, 
    "large egg whites": {
      "flour": "Safe", 
      "gluten": "no gluten here!", 
      "quantity": "3", 
      "substitute": "no substitute needed", 
      "unit": ""
    }, 
    "large egg yolks": {
      "flour": "Safe", 
      "gluten": "no gluten here!", 
      "quantity": "3", 
      "substitute": "no substitute needed", 
      "unit": ""
    }, 
    "maple syrup": {
      "flour": "Safe", 
      "gluten": "no gluten here!", 
      "quantity": "", 
      "substitute": "no substitute needed", 
      "unit": ""
    }, 
    "non-stick vegetable oil spray": {
      "flour": "Safe", 
      "gluten": "no gluten here!", 
      "quantity": "", 
      "substitute": "no substitute needed", 
      "unit": ""
    }, 
    "shredded sharp white cheddar": {
      "flour": "Safe", 
      "gluten": "no gluten here!", 
      "quantity": "3/4", 
      "substitute": "no substitute needed", 
      "unit": "cup"
    }, 
    "soda water": {
      "flour": "Safe", 
      "gluten": "no gluten here!", 
      "quantity": "3/4", 
      "substitute": "no substitute needed", 
      "unit": "cup"
    }, 
    "sugar": {
      "flour": "Safe", 
      "gluten": "no gluten here!", 
      "quantity": "1", 
      "substitute": "no substitute needed", 
      "unit": "tablespoon"
    }, 
    "thinly-cut strips of ham": {
      "flour": "Safe", 
      "gluten": "no gluten here!", 
      "quantity": "1", 
      "substitute": "no substitute needed", 
      "unit": "cup"
    }
  }, 
  "instructions": [
    "Preheat oven to 300\u00b0. Heat waffle iron until very hot. Whisk flour, sugar, baking powder, baking soda, and kosher salt in a large bowl. Using an electric mixer, beat  egg whites in a medium bowl until medium-soft peaks form. Whisk egg yolks, melted butter, buttermilk, and soda water in a medium bowl; gradually whisk into dry ingredients. Fold in egg whites.", 
    "Coat waffle iron with non-stick vegetable oil spray. Pour batter onto iron, spreading it into corners (amount of batter needed will vary according to machine). Scatter 1 rounded Tbsp. ham and  1 Tbsp. white cheddar over each waffle. Cook until golden brown and cooked through. Transfer to a baking sheet; keep waffles warm in oven between batches. Serve with butter and warm maple syrup."
  ], 
  "keywords": [
    "Breakfast", 
    "Lunch", 
    "Sandwich Recipes", 
    "Snack", 
    "Waffle Recipes"
  ], 
  "name": "Ham-and-Cheese Waffles", 
  "proteinContent": "Protein (g) 10.1", 
  "saturatedFatContent": "Saturated Fat (g) 12.9", 
  "servings": "Servings: Makes 12", 
  "sodiumContent": "Sodium (mg) 451.8", 
  "sugarContent": "Total Sugars (g) 2.7", 
  "url": "http://www.bonappetit.com/recipe/ham-and-cheese-waffles"
}