{
  "calories": "", 
  "carbohydrateContent": "", 
  "cholesterolContent": "", 
  "description": "This recipe calls for fairly small racks of lamb, about a pound each. If your lamb is larger, the cooking time will increase, but you can get away with serving single, not double, chops.", 
  "fatContent": "", 
  "fiberContent": "", 
  "image": "http://www.bonappetit.com/wp-content/uploads/2014/03/herb-crusted-rack-of-lamb-with-new-potatoes-940x600.jpg", 
  "ingredients": {
    "chopped fresh dill": {
      "flour": "Safe", 
      "gluten": "no gluten here!", 
      "quantity": "\u00bc", 
      "substitute": "no substitute needed", 
      "unit": "cup"
    }, 
    "chopped fresh flat-leaf parsley": {
      "flour": "Safe", 
      "gluten": "no gluten here!", 
      "quantity": "\u00bd", 
      "substitute": "no substitute needed", 
      "unit": "cup"
    }, 
    "cumin seeds, crushed": {
      "flour": "Safe", 
      "gluten": "no gluten here!", 
      "quantity": "2", 
      "substitute": "no substitute needed", 
      "unit": "teaspoons"
    }, 
    "dijon mustard": {
      "flour": "Safe", 
      "gluten": "no gluten here!", 
      "quantity": "1", 
      "substitute": "no substitute needed", 
      "unit": "tablespoon"
    }, 
    "freshly ground black pepper": {
      "flour": "Safe", 
      "gluten": "no gluten here!", 
      "quantity": "", 
      "substitute": "no substitute needed", 
      "unit": ""
    }, 
    "garlic cloves, chopped": {
      "flour": "Safe", 
      "gluten": "no gluten here!", 
      "quantity": "2", 
      "substitute": "no substitute needed", 
      "unit": ""
    }, 
    "kosher salt": {
      "flour": "Safe", 
      "gluten": "no gluten here!", 
      "quantity": "", 
      "substitute": "no substitute needed", 
      "unit": ""
    }, 
    "olive oil, divided": {
      "flour": "Safe", 
      "gluten": "no gluten here!", 
      "quantity": "4", 
      "substitute": "no substitute needed", 
      "unit": "tablespoons"
    }, 
    "racks of lamb (about 2 lb. total)": {
      "flour": "Safe", 
      "gluten": "no gluten here!", 
      "quantity": "2", 
      "substitute": "no substitute needed", 
      "unit": ""
    }, 
    "sherry vinegar": {
      "flour": "Safe", 
      "gluten": "no gluten here!", 
      "quantity": "2", 
      "substitute": "no substitute needed", 
      "unit": "teaspoons"
    }, 
    "small new or yukon gold potatoes, scrubbed": {
      "flour": "Safe", 
      "gluten": "no gluten here!", 
      "quantity": "1\u00bd", 
      "substitute": "no substitute needed", 
      "unit": "pound"
    }, 
    "watercress leaves with tender stems": {
      "flour": "Safe", 
      "gluten": "no gluten here!", 
      "quantity": "6", 
      "substitute": "no substitute needed", 
      "unit": "cups"
    }
  }, 
  "instructions": [
    "Place potatoes in a large saucepan and cover with 1&rdquo; cold water; season with salt. Bring to a boil, reduce heat, and simmer until tender, 10\u201315 minutes. Drain.", 
    "Meanwhile, preheat oven to 400\u00b0. Season lamb with salt and pepper. Heat 2 Tbsp. oil in a large skillet over medium-high heat. Cook lamb, turning occasionally, until golden brown all over, 6\u20138 minutes; transfer to a foil-lined baking sheet, placing fat side up.", 
    "Mix garlic, parsley, dill, mustard, cumin, and 1 Tbsp. oil in a small bowl; season with salt and pepper.", 
    "Spread herb mixture over lamb and roast until an instant-read thermometer inserted into thickest part of meat registers 130\u00b0 for medium-rare, 18\u201322 minutes. Transfer to a cutting board and let lamb rest 5 minutes before cutting into double chops.", 
    "While lamb is resting, heat remaining 1 Tbsp. oil in a medium skillet over medium heat. Add potatoes and watercress and cook, tossing, until watercress is just wilted, about 1 minute. Mix in vinegar and season with salt and pepper. Serve lamb with watercress and potatoes."
  ], 
  "keywords": [
    "Dill Recipes", 
    "Dinner", 
    "green power recipes", 
    "Lamb Recipes", 
    "Mustard Recipes", 
    "Potato Recipes", 
    "Spring Food", 
    "Watercress Recipes"
  ], 
  "name": "Herb-Crusted Rack of Lamb with New Potatoes", 
  "proteinContent": "", 
  "saturatedFatContent": "", 
  "servings": "Servings: 4", 
  "sodiumContent": "", 
  "sugarContent": "", 
  "url": "http://www.bonappetit.com/recipe/herb-crusted-rack-of-lamb-with-new-potatoes"
}