{
  "calories": "", 
  "carbohydrateContent": "", 
  "cholesterolContent": "", 
  "fatContent": "", 
  "fiberContent": "", 
  "image": "http://www.bonappetit.com/wp-content/uploads/2011/09/french-75-940x600.jpg", 
  "ingredients": {
    "champagne": {
      "flour": "Safe", 
      "gluten": "no gluten here!", 
      "quantity": "", 
      "substitute": "no substitute needed", 
      "unit": ""
    }, 
    "fresh lemon juice": {
      "flour": "Safe", 
      "gluten": "no gluten here!", 
      "quantity": "1/2", 
      "substitute": "no substitute needed", 
      "unit": "cup"
    }, 
    "gin": {
      "flour": "Safe", 
      "gluten": "no gluten here!", 
      "quantity": "1", 
      "substitute": "no substitute needed", 
      "unit": "cup"
    }, 
    "lemon twists (for garnish)": {
      "flour": "Safe", 
      "gluten": "no gluten here!", 
      "quantity": "", 
      "substitute": "no substitute needed", 
      "unit": ""
    }, 
    "no-cook simple syrup (see below)": {
      "flour": "Safe", 
      "gluten": "no gluten here!", 
      "quantity": "1/2", 
      "substitute": "no substitute needed", 
      "unit": "cup"
    }
  }, 
  "instructions": [
    "To make our No-Cook Simple Syrup, combine 2 cups each superfine sugar and water in an airtight container. Cover and shake until sugar dissolves. Makes 3 cups.", 
    "Stir gin, No-Cook Simple Syrup, and fresh lemon juice with ice in a medium pitcher for 10 seconds. Strain into Champagne flutes or coupe glasses.", 
    "Top with chilled Champagne (Prosecco or other sparkling wine works in a pinch). Garnish with lemon twists."
  ], 
  "keywords": [
    "Classic Cocktails", 
    "Cocktails", 
    "Drink Recipes Alcoholic"
  ], 
  "name": "French 75", 
  "proteinContent": "", 
  "saturatedFatContent": "", 
  "servings": "Servings: 8", 
  "sodiumContent": "", 
  "sugarContent": "", 
  "url": "http://www.bonappetit.com/recipe/french-75-2"
}