{
  "calories": "", 
  "carbohydrateContent": "", 
  "cholesterolContent": "", 
  "description": "Typically steamed or saut\u00e9ed, fresh mustard greens are also great raw and simply dressed. \u201cI like the strength they give to salads,\u201d says chef Frederik de Pue, of Table, Washington, D.C.", 
  "fatContent": "", 
  "fiberContent": "", 
  "image": "http://www.bonappetit.com/wp-content/uploads/2013/08/fennel-and-orange-salad-with-lemon-ginger-vinaigrette.jpg", 
  "ingredients": {
    "baguette, very thinly sliced": {
      "flour": "Safe", 
      "gluten": "gluten here!", 
      "quantity": "1/4", 
      "substitute": "gluten-free bread", 
      "unit": ""
    }, 
    "fennel bulb, trimmed, very thinly sliced, plus \u00bc cup fennel fronds": {
      "flour": "Safe", 
      "gluten": "no gluten here!", 
      "quantity": "1", 
      "substitute": "no substitute needed", 
      "unit": ""
    }, 
    "kosher salt": {
      "flour": "Safe", 
      "gluten": "no gluten here!", 
      "quantity": "", 
      "substitute": "no substitute needed", 
      "unit": ""
    }, 
    "navel oranges": {
      "flour": "Safe", 
      "gluten": "no gluten here!", 
      "quantity": "2", 
      "substitute": "no substitute needed", 
      "unit": ""
    }, 
    "oz. mustard greens, center ribs and stems removed, leaves torn into bite-size pieces (about 4 cups)": {
      "flour": "Safe", 
      "gluten": "no gluten here!", 
      "quantity": "4", 
      "substitute": "no substitute needed", 
      "unit": ""
    }, 
    "tbsp. extra-virgin olive oil": {
      "flour": "Safe", 
      "gluten": "no gluten here!", 
      "quantity": "3", 
      "substitute": "no substitute needed", 
      "unit": ""
    }, 
    "tbsp. white wine vinegar": {
      "flour": "Safe", 
      "gluten": "no gluten here!", 
      "quantity": "2", 
      "substitute": "no substitute needed", 
      "unit": ""
    }, 
    "tsp. coarsely ground black pepper": {
      "flour": "Safe", 
      "gluten": "no gluten here!", 
      "quantity": "1/2", 
      "substitute": "no substitute needed", 
      "unit": ""
    }, 
    "tsp. finely grated lemon zest": {
      "flour": "Safe", 
      "gluten": "no gluten here!", 
      "quantity": "1", 
      "substitute": "no substitute needed", 
      "unit": ""
    }, 
    "tsp. finely grated orange zest": {
      "flour": "Safe", 
      "gluten": "no gluten here!", 
      "quantity": "1", 
      "substitute": "no substitute needed", 
      "unit": ""
    }, 
    "tsp. finely grated peeled ginger": {
      "flour": "Safe", 
      "gluten": "no gluten here!", 
      "quantity": "1", 
      "substitute": "no substitute needed", 
      "unit": ""
    }
  }, 
  "instructions": [
    "Preheat oven to 375\u00b0. Place baguette slices on a rimmed baking sheet and toast, 8\u201310 minutes. Let cool and break into pieces.", 
    "Meanwhile, whisk vinegar, lemon and orange zests, ginger, and pepper in a large bowl; season with salt and whisk in oil.", 
    "Using a sharp knife, cut all peel and white pith from oranges; discard. Working over bowl with dressing, cut between membranes to release segments into bowl; discard membranes. Add fennel, fennel fronds, mustard greens, and croutons to bowl; toss to combine."
  ], 
  "keywords": [
    "Fast Easy Fresh", 
    "Fennel Recipes", 
    "Ginger Recipes", 
    "High Fiber", 
    "Lemon Recipes", 
    "Low Saturated Fat Recipes", 
    "Mustard Greens Recipes", 
    "Orange Recipes", 
    "Quick Recipes", 
    "Salad Recipes", 
    "Vegetarian Recipes"
  ], 
  "name": "Fennel and Orange Salad with Lemon-Ginger Vinaigrette", 
  "proteinContent": "", 
  "saturatedFatContent": "", 
  "servings": "Servings: 4", 
  "sodiumContent": "", 
  "sugarContent": "", 
  "url": "http://www.bonappetit.com/recipe/fennel-and-orange-salad-with-lemon-ginger-vinaigrette"
}