{
  "calories": "", 
  "carbohydrateContent": "", 
  "cholesterolContent": "", 
  "description": "Crunchy, salty, and utterly addictive, fried zucchini blossoms make for a delicious starter.", 
  "fatContent": "", 
  "fiberContent": "", 
  "image": "http://www.bonappetit.com/wp-content/uploads/2010/06/crispy-fried-zucchini-blossoms-940x600.jpg", 
  "ingredients": {
    "all-purpose flour": {
      "flour": {
        "type": {
          "binder": {
            "type": "xanthum gum", 
            "weight": 0.5
          }, 
          "density": {
            "type": "brown rice flour", 
            "weight": 0.142
          }, 
          "fat": {
            "type": "almond flour", 
            "weight": 0.142
          }, 
          "leavener": "", 
          "lightness": {
            "type": "white rice flour", 
            "weight": 0.284
          }, 
          "protein": {
            "type": "sorghum flour", 
            "weight": 0.142
          }, 
          "starch": {
            "type": "potato starch", 
            "weight": 0.284
          }, 
          "stickiness": "", 
          "texture": ""
        }, 
        "weight": 125
      }, 
      "gluten": "gluten here!", 
      "quantity": "1 1/4", 
      "substitute": "flour ratio", 
      "unit": "cups"
    }, 
    "chilled pilsner, lager-style beer, or club soda": {
      "flour": "Safe", 
      "gluten": "gluten here!", 
      "quantity": "12", 
      "substitute": "gluten-free beer", 
      "unit": "ounces"
    }, 
    "kosher salt": {
      "flour": "Safe", 
      "gluten": "no gluten here!", 
      "quantity": "1", 
      "substitute": "no substitute needed", 
      "unit": "teaspoon"
    }, 
    "sea salt": {
      "flour": "Safe", 
      "gluten": "no gluten here!", 
      "quantity": "", 
      "substitute": "no substitute needed", 
      "unit": ""
    }, 
    "vegetable oil (for frying)": {
      "flour": "Safe", 
      "gluten": "no gluten here!", 
      "quantity": "", 
      "substitute": "no substitute needed", 
      "unit": ""
    }, 
    "zucchini blossoms (stamens removed; about 2 dozen)": {
      "flour": "Safe", 
      "gluten": "no gluten here!", 
      "quantity": "", 
      "substitute": "no substitute needed", 
      "unit": ""
    }
  }, 
  "instructions": [
    "In a large pot, heat about 2\" oil over medium heat until a deep-fry thermometer reads 350\u00b0. Combine flour and salt in a medium bowl, then whisk in beer until almost smooth (some small lumps are welcome\u2014don't overwhisk or you'll deflate the batter). One by one, dredge the blossoms in batter, shaking off the excess; gently lay them in the oil, without crowding the pan. Cook, flipping once with a slotted spoon, until golden brown, 2-3 minutes total. Transfer to paper towels to drain. Sprinkle with sea salt and devour while hot.", 
    "For an even lighter, crispier crust, tryCrispy-Fried Zucchini Blossoms.", 
    "Stuffed blossoms are a favorite in Italy. See ourStuffed Zucchini Blossomsrecipe."
  ], 
  "keywords": [
    "Appetizers", 
    "Batter", 
    "Dinner", 
    "Dinner Party Food", 
    "Italian Food", 
    "Party Food", 
    "Summer Food", 
    "Zucchini Blossoms"
  ], 
  "name": "Fried Zucchini Blossoms", 
  "proteinContent": "", 
  "saturatedFatContent": "", 
  "servings": "", 
  "sodiumContent": "", 
  "sugarContent": "", 
  "url": "http://www.bonappetit.com/recipe/fried-zucchini-blossoms"
}