{
  "calories": "", 
  "carbohydrateContent": "", 
  "cholesterolContent": "", 
  "fatContent": "", 
  "fiberContent": "", 
  "image": "http://www.bonappetit.com/wp-content/uploads/2012/06/grilled-flatiron-steaks-with-tomatoes-and-tapenade-940x600.jpg", 
  "ingredients": {
    "(loosely packed) flat-leaf parsley leaves": {
      "flour": "Safe", 
      "gluten": "no gluten here!", 
      "quantity": "1/4", 
      "substitute": "no substitute needed", 
      "unit": "cup"
    }, 
    "(or more) olive oil": {
      "flour": "Safe", 
      "gluten": "no gluten here!", 
      "quantity": "1/3", 
      "substitute": "no substitute needed", 
      "unit": "cup"
    }, 
    "anchovy fillet packed in oil, drained, minced (optional)": {
      "flour": "Safe", 
      "gluten": "no gluten here!", 
      "quantity": "1", 
      "substitute": "no substitute needed", 
      "unit": ""
    }, 
    "bunch watercress, tough stems removed (about 4 cups)": {
      "flour": "Safe", 
      "gluten": "no gluten here!", 
      "quantity": "1", 
      "substitute": "no substitute needed", 
      "unit": ""
    }, 
    "chopped fresh oregano": {
      "flour": "Safe", 
      "gluten": "no gluten here!", 
      "quantity": "2", 
      "substitute": "no substitute needed", 
      "unit": "tablespoons"
    }, 
    "crushed red pepper flakes": {
      "flour": "Safe", 
      "gluten": "no gluten here!", 
      "quantity": "1", 
      "substitute": "no substitute needed", 
      "unit": "tablespoon"
    }, 
    "flaky sea salt and freshly ground black pepper": {
      "flour": "Safe", 
      "gluten": "no gluten here!", 
      "quantity": "", 
      "substitute": "no substitute needed", 
      "unit": ""
    }, 
    "flatiron, flank, hanger, or skirt steak": {
      "flour": "Safe", 
      "gluten": "no gluten here!", 
      "quantity": "2", 
      "substitute": "no substitute needed", 
      "unit": "pounds"
    }, 
    "fresh lemon juice": {
      "flour": "Safe", 
      "gluten": "no gluten here!", 
      "quantity": "1", 
      "substitute": "no substitute needed", 
      "unit": "tablespoon"
    }, 
    "garlic clove, minced": {
      "flour": "Safe", 
      "gluten": "no gluten here!", 
      "quantity": "1", 
      "substitute": "no substitute needed", 
      "unit": ""
    }, 
    "kosher salt": {
      "flour": "Safe", 
      "gluten": "no gluten here!", 
      "quantity": "", 
      "substitute": "no substitute needed", 
      "unit": ""
    }, 
    "large tomatoes (about 3 pounds), sliced 1/4-inch thick": {
      "flour": "Safe", 
      "gluten": "no gluten here!", 
      "quantity": "4", 
      "substitute": "no substitute needed", 
      "unit": ""
    }, 
    "minced capers": {
      "flour": "Safe", 
      "gluten": "no gluten here!", 
      "quantity": "1", 
      "substitute": "no substitute needed", 
      "unit": "tablespoon"
    }, 
    "minced garlic": {
      "flour": "Safe", 
      "gluten": "no gluten here!", 
      "quantity": "2", 
      "substitute": "no substitute needed", 
      "unit": "tablespoons"
    }, 
    "olive oil plus more for drizzling": {
      "flour": "Safe", 
      "gluten": "no gluten here!", 
      "quantity": "1", 
      "substitute": "no substitute needed", 
      "unit": "tablespoon"
    }, 
    "pitted olives (such as ni\u00e7oise or kalamata), chopped": {
      "flour": "Safe", 
      "gluten": "no gluten here!", 
      "quantity": "1", 
      "substitute": "no substitute needed", 
      "unit": "cup"
    }, 
    "shallot, thinly sliced into rings": {
      "flour": "Safe", 
      "gluten": "no gluten here!", 
      "quantity": "1", 
      "substitute": "no substitute needed", 
      "unit": ""
    }, 
    "smoked paprika": {
      "flour": "Safe", 
      "gluten": "no gluten here!", 
      "quantity": "2", 
      "substitute": "no substitute needed", 
      "unit": "tablespoons"
    }, 
    "thinly sliced shallots": {
      "flour": "Safe", 
      "gluten": "no gluten here!", 
      "quantity": "1/4", 
      "substitute": "no substitute needed", 
      "unit": "cup"
    }, 
    "vegetable oil": {
      "flour": "Safe", 
      "gluten": "no gluten here!", 
      "quantity": "2", 
      "substitute": "no substitute needed", 
      "unit": "tablespoons"
    }, 
    "zest and juice of 1 orange": {
      "flour": "Safe", 
      "gluten": "no gluten here!", 
      "quantity": "", 
      "substitute": "no substitute needed", 
      "unit": ""
    }
  }, 
  "instructions": [
    "Stir 1/3 cup olive oil, next  4 ingredients, and anchovy, if using, in a small bowl. Add more olive oil for a thinner tapenade, if desired. (For a smoother  sauce, pur\u00e9e tapenade in a food processor or blender.) Set aside.", 
    "Place steak in a large baking dish and season generously with salt. Stir orange zest and juice and remaining 6 ingredients in a small bowl to combine. Spread mixture evenly over both sides of steak and let marinate at room temperature for 1 hour.", 
    "Build a medium-hot fire in a charcoal grill, or heat a gas grill to high. Grill steak, turning once, until nicely charred, about 5 minutes on each side for medium-rare. Transfer to a carving board and let rest for 5\u201310 minutes.", 
    "Arrange tomatoes on a serving platter. Scatter shallot and parsley over; drizzle with oil and season with salt and pepper. In a medium bowl, toss watercress with 1 Tbsp. each oil and lemon juice. Season watercress to taste with salt.", 
    "Mound watercress on platter. Slice steak against the grain; transfer to platter with tomatoes and watercress. Spoon tapenade on steak and serve alongside."
  ], 
  "keywords": [
    "Beef Recipes", 
    "Entrees", 
    "Farmers Market Summer Dinners", 
    "Fourth Of July", 
    "Grilling Food", 
    "High Fiber", 
    "Meat Recipes", 
    "Sauce Recipes", 
    "Steak", 
    "Steak Recipes", 
    "Tapenade Recipes", 
    "Tomato Recipes"
  ], 
  "name": "Grilled Flatiron Steaks with Tomatoes and Tapenade", 
  "proteinContent": "", 
  "saturatedFatContent": "", 
  "servings": "Servings: 4\u20136", 
  "sodiumContent": "", 
  "sugarContent": "", 
  "url": "http://www.bonappetit.com/recipe/grilled-flatiron-steaks-with-tomatoes-and-tapenade"
}