{
  "calories": "", 
  "carbohydrateContent": "", 
  "cholesterolContent": "", 
  "fatContent": "", 
  "fiberContent": "", 
  "image": "http://www.bonappetit.com/wp-content/uploads/2011/09/bacon-bourbon-butter.jpg", 
  "ingredients": {
    "(1 stick) unsalted butter, room temperature": {
      "flour": "Safe", 
      "gluten": "no gluten here!", 
      "quantity": "1/2", 
      "substitute": "no substitute needed", 
      "unit": "cup"
    }, 
    "bourbon": {
      "flour": "Safe", 
      "gluten": "no gluten here!", 
      "quantity": "1", 
      "substitute": "no substitute needed", 
      "unit": "tablespoon"
    }, 
    "brown sugar": {
      "flour": "Safe", 
      "gluten": "no gluten here!", 
      "quantity": "1", 
      "substitute": "no substitute needed", 
      "unit": "teaspoon"
    }, 
    "kosher salt": {
      "flour": "Safe", 
      "gluten": "no gluten here!", 
      "quantity": "", 
      "substitute": "no substitute needed", 
      "unit": ""
    }, 
    "pure maple syrup": {
      "flour": "Safe", 
      "gluten": "no gluten here!", 
      "quantity": "1", 
      "substitute": "no substitute needed", 
      "unit": "tablespoon"
    }, 
    "slice smoked bacon, finely chopped": {
      "flour": "Safe", 
      "gluten": "no gluten here!", 
      "quantity": "1", 
      "substitute": "no substitute needed", 
      "unit": ""
    }
  }, 
  "instructions": [
    "Cook bacon in a small skillet over medium heat, stirring occasionally, until fat is rendered and bacon is crisp, about 6 minutes. Using a slotted spoon, transfer bacon to paper towels to drain. Reserve 1 tsp. bacon drippings. Put reserved bacon and drippings in a small bowl, along with butter, bourbon, maple syrup, and sugar. Season with salt. Using a fork, vigorously whisk until well combined. Transfer butter mixture to a sheet of parchment paper, wax paper, or plastic wrap, placing on edge closest to you. Fold paper over and roll into a cylinder, twisting the ends; wrap airtight in foil. Chill until solid. Butter will keep refrigerated for up to 2 weeks or frozen for up to 3 months."
  ], 
  "keywords": [
    "Bacon Recipes", 
    "Butter", 
    "Compound Butter", 
    "Condiments", 
    "Spread Recipes"
  ], 
  "name": "Bacon-Bourbon Butter", 
  "proteinContent": "", 
  "saturatedFatContent": "", 
  "servings": "Servings: Makes 1/2 cup", 
  "sodiumContent": "", 
  "sugarContent": "", 
  "url": "http://www.bonappetit.com/recipe/bacon-bourbon-butter"
}