{
  "calories": "Calories (kcal) 110", 
  "carbohydrateContent": "Carbohydrates (g) 12", 
  "cholesterolContent": "Cholesterol (mg) 0", 
  "fatContent": "Fat (g) 0", 
  "fiberContent": "Dietary Fiber (g) 0", 
  "image": "http://www.bonappetit.com/wp-content/uploads/2013/10/fall-classic-940x600.jpg", 
  "ingredients": {
    "apple brandy (such as calvados or laird's)": {
      "flour": "Safe", 
      "gluten": "no gluten here!", 
      "quantity": "2", 
      "substitute": "no substitute needed", 
      "unit": "tablespoons"
    }, 
    "bourbon": {
      "flour": "Safe", 
      "gluten": "no gluten here!", 
      "quantity": "2", 
      "substitute": "no substitute needed", 
      "unit": "tablespoons"
    }, 
    "dried or fresh apple slice (optional)": {
      "flour": "Safe", 
      "gluten": "no gluten here!", 
      "quantity": "", 
      "substitute": "no substitute needed", 
      "unit": ""
    }, 
    "fresh apple cider": {
      "flour": "Safe", 
      "gluten": "no gluten here!", 
      "quantity": "2", 
      "substitute": "no substitute needed", 
      "unit": "tablespoons"
    }, 
    "fresh lemon juice": {
      "flour": "Safe", 
      "gluten": "no gluten here!", 
      "quantity": "1", 
      "substitute": "no substitute needed", 
      "unit": "tablespoon"
    }, 
    "of angostura bitters": {
      "flour": "Safe", 
      "gluten": "no gluten here!", 
      "quantity": "1", 
      "substitute": "no substitute needed", 
      "unit": "dash"
    }, 
    "sprigs thyme": {
      "flour": "Safe", 
      "gluten": "no gluten here!", 
      "quantity": "15", 
      "substitute": "no substitute needed", 
      "unit": ""
    }, 
    "sugar": {
      "flour": "Safe", 
      "gluten": "no gluten here!", 
      "quantity": "1/2", 
      "substitute": "no substitute needed", 
      "unit": "cup"
    }
  }, 
  "instructions": [
    "Bring sugar and 1/2 cup water to a boil  in a small saucepan over medium heat, stirring to dissolve sugar. Remove pan  from heat; add thyme sprigs and let syrup cool completely (a clear thyme flavor  should come through). Discard thyme sprigs. (Leftover thyme simple syrup will keep indefinitely in the refrigerator.)", 
    "Fill a cocktail shaker with ice. Add 1 tablespoon thyme simple syrup, apple brandy, and next 4 ingredients. Shake cocktail vigorously 10-15 times and strain into a chilled Martini glass. Garnish with apple slice, if desired."
  ], 
  "keywords": [
    "Apple", 
    "Bourbon", 
    "Brandy", 
    "Cocktails", 
    "Drink Recipes", 
    "Drinks", 
    "Fall Drinks Recipes", 
    "Rsvp", 
    "Thyme Recipes"
  ], 
  "name": "Fall Classic", 
  "proteinContent": "Protein (g) 0", 
  "saturatedFatContent": "Saturated Fat (g) 0", 
  "servings": "Servings: 1", 
  "sodiumContent": "Sodium (mg) 0", 
  "sugarContent": "Total Sugars (g) 8", 
  "url": "http://www.bonappetit.com/recipe/fall-classic"
}