{
  "calories": "Calories (kcal) 860", 
  "carbohydrateContent": "Carbohydrates (g) 41", 
  "cholesterolContent": "Cholesterol (mg) 105", 
  "description": "A little white wine and lots of fresh herbs put a refined spin on this classic that tastes just as good the next day.", 
  "fatContent": "Fat (g) 51", 
  "fiberContent": "Dietary Fiber (g) 9", 
  "image": "http://www.bonappetit.com/wp-content/uploads/2013/08/franks-and-beans.jpg", 
  "ingredients": {
    "15-oz. cans cannellini (white kidney) beans, rinsed": {
      "flour": "Safe", 
      "gluten": "no gluten here!", 
      "quantity": "2", 
      "substitute": "no substitute needed", 
      "unit": ""
    }, 
    "bay leaves": {
      "flour": "Safe", 
      "gluten": "no gluten here!", 
      "quantity": "2", 
      "substitute": "no substitute needed", 
      "unit": ""
    }, 
    "chopped fresh herbs (such as oregano, flat-leaf parsley, and tarragon), divided": {
      "flour": "Safe", 
      "gluten": "no gluten here!", 
      "quantity": "3", 
      "substitute": "no substitute needed", 
      "unit": "tablespoon"
    }, 
    "dry white wine": {
      "flour": "Safe", 
      "gluten": "no gluten here!", 
      "quantity": "1", 
      "substitute": "no substitute needed", 
      "unit": "cup"
    }, 
    "flat-leaf parsley stems": {
      "flour": "Safe", 
      "gluten": "no gluten here!", 
      "quantity": "10", 
      "substitute": "no substitute needed", 
      "unit": ""
    }, 
    "garlic cloves, smashed": {
      "flour": "Safe", 
      "gluten": "no gluten here!", 
      "quantity": "6", 
      "substitute": "no substitute needed", 
      "unit": "cloves"
    }, 
    "kosher salt and freshly ground black pepper": {
      "flour": "Safe", 
      "gluten": "no gluten here!", 
      "quantity": "", 
      "substitute": "no substitute needed", 
      "unit": ""
    }, 
    "low-sodium chicken broth": {
      "flour": "Safe", 
      "gluten": "no gluten here!", 
      "quantity": "2", 
      "substitute": "no substitute needed", 
      "unit": "cups"
    }, 
    "medium onion, chopped": {
      "flour": "Safe", 
      "gluten": "no gluten here!", 
      "quantity": "1", 
      "substitute": "no substitute needed", 
      "unit": ""
    }, 
    "olive oil, divided": {
      "flour": "Safe", 
      "gluten": "no gluten here!", 
      "quantity": "3", 
      "substitute": "no substitute needed", 
      "unit": "tablespoon"
    }, 
    "sprigs thyme": {
      "flour": "Safe", 
      "gluten": "no gluten here!", 
      "quantity": "10", 
      "substitute": "no substitute needed", 
      "unit": ""
    }, 
    "sweet italian sausage links (about 6), divided": {
      "flour": "Safe", 
      "gluten": "no gluten here!", 
      "quantity": "1\u00bd", 
      "substitute": "no substitute needed", 
      "unit": "lb"
    }, 
    "unsalted butter": {
      "flour": "Safe", 
      "gluten": "no gluten here!", 
      "quantity": "1", 
      "substitute": "no substitute needed", 
      "unit": "tablespoon"
    }
  }, 
  "instructions": [
    "Heat 2 Tbsp. oil in a large heavy pot over medium heat. Add onion and garlic; cook, stirring occasionally, until softened, 5\u20138 minutes. Remove and discard casings from 2 sausages; add sausages to pot. Cook, breaking up with a spoon, until sausages and onions are lightly browned, about 5 minutes.", 
    "Add beans and wine to pot and cook until wine is reduced by half, 8\u201310 minutes. Using kitchen twine, tie parsley and thyme into a bundle; add to pot along with bay leaves and broth. Cook on medium-low heat, partially covered and stirring often, until liquid thickens, 40\u201350 minutes. Discard bundle and bay leaves. Mix in butter and 2 Tbsp. chopped herbs. Season with salt and pepper.", 
    "Meanwhile, after beans have been cooking for about 25 minutes, heat remaining 1 Tbsp. oil in a large skillet over medium heat. Cook remaining sausages, turning occasionally, until browned and cooked through, 15\u201320 minutes. Slice.", 
    "Divide bean mixture among bowls. Top with sausage slices and remaining 1 Tbsp. chopped herbs."
  ], 
  "keywords": [
    "Cannellini Beans", 
    "Comfort Food", 
    "Dinner", 
    "High Fiber", 
    "Oregano Recipes", 
    "Parsley Recipes", 
    "Rsvp", 
    "Sausage Recipes", 
    "Tarragon Recipes", 
    "Thyme Recipes", 
    "White Bean Recipes", 
    "White Wine Recipes"
  ], 
  "name": "Franks and Beans", 
  "proteinContent": "Protein (g) 27", 
  "saturatedFatContent": "Saturated Fat (g) 16", 
  "servings": "Servings: 4", 
  "sodiumContent": "Sodium (mg) 2130", 
  "sugarContent": "Total Sugars (g) 3", 
  "url": "http://www.bonappetit.com/recipe/franks-and-beans"
}