{
  "calories": "", 
  "carbohydrateContent": "", 
  "cholesterolContent": "", 
  "fatContent": "", 
  "fiberContent": "", 
  "image": "http://www.bonappetit.com/wp-content/uploads/2010/09/halloween-peanut-butter-toffee-bark1.jpg", 
  "ingredients": {
    "1 pound bittersweet chocolate chips": {
      "flour": "Safe", 
      "gluten": "no gluten here!", 
      "quantity": "", 
      "substitute": "no substitute needed", 
      "unit": ""
    }, 
    "1/4 cup honey-roasted peanuts": {
      "flour": "Safe", 
      "gluten": "no gluten here!", 
      "quantity": "", 
      "substitute": "no substitute needed", 
      "unit": ""
    }, 
    "3 1.4-ounce skor or heath toffee candy bars, cut into irregular 3/4-inch pieces": {
      "flour": "Safe", 
      "gluten": "no gluten here!", 
      "quantity": "", 
      "substitute": "no substitute needed", 
      "unit": ""
    }, 
    "3 2.1-ounce butterfinger candy bars, cut into irregular 1-inch pieces": {
      "flour": "Safe", 
      "gluten": "no gluten here!", 
      "quantity": "", 
      "substitute": "no substitute needed", 
      "unit": ""
    }, 
    "3 ounces high-quality white chocolate (such as lindt or perugina), chopped": {
      "flour": "Safe", 
      "gluten": "no gluten here!", 
      "quantity": "", 
      "substitute": "no substitute needed", 
      "unit": ""
    }, 
    "8 0.55-ounce peanut butter cups, each cut into 8 wedges": {
      "flour": "Safe", 
      "gluten": "no gluten here!", 
      "quantity": "", 
      "substitute": "no substitute needed", 
      "unit": ""
    }, 
    "reese's pieces and/or yellow and orange peanut m&m;'s": {
      "flour": "Safe", 
      "gluten": "no gluten here!", 
      "quantity": "", 
      "substitute": "no substitute needed", 
      "unit": ""
    }
  }, 
  "instructions": [
    "Line baking sheet with foil. Stir chocolate chips in heavy medium saucepan over low heat until melted and warm (not hot) to touch. Pour chocolate onto foil; spread to 1/4-inch thickness (about 12x10-inch rectangle). Sprinkle with Butterfinger candy, toffee, peanut butter cups, and nuts, making sure all pieces touch melted chocolate to adhere.", 
    "Put white chocolate in heavy small saucepan. Stir constantly over very low heat until chocolate is melted and warm (not hot) to touch. Remove from heat. Dip spoon into chocolate; wave from side to side over bark, creating zigzag lines. Scatter Reese's Pieces and M&M;'s over, making sure candy touches melted chocolate.", 
    "Chill bark until firm, 30 minutes. Slide foil with candy onto work surface; peel off foil. Cut bark into irregular pieces."
  ], 
  "keywords": [
    "Candy Recipes", 
    "Dessert", 
    "Do Ahead", 
    "Easy Recipes", 
    "Halloween", 
    "Peanut Buter Recipes", 
    "Toffee Recipes"
  ], 
  "name": "Halloween Peanut Butter and Toffee Candy Bark", 
  "proteinContent": "", 
  "saturatedFatContent": "", 
  "servings": "Servings: Makes about 2 pounds or 30 two-inch pieces", 
  "sodiumContent": "", 
  "sugarContent": "", 
  "url": "http://www.bonappetit.com/recipe/halloween-peanut-butter-and-toffee-candy-bark"
}