{
  "calories": "", 
  "carbohydrateContent": "", 
  "cholesterolContent": "", 
  "description": "A less expensive, equally delicious option for anyone who loves a crab cake. Could you put it on a bun? Why not?", 
  "fatContent": "", 
  "fiberContent": "", 
  "image": "http://www.bonappetit.com/wp-content/uploads/2014/07/fish-and-corn-cakes-with-tartar-sauce-940x600.jpg", 
  "ingredients": {
    "(or more) vegetable oil": {
      "flour": "Safe", 
      "gluten": "no gluten here!", 
      "quantity": "\u00bc", 
      "substitute": "no substitute needed", 
      "unit": "cup"
    }, 
    "chopped fresh chives": {
      "flour": "Safe", 
      "gluten": "no gluten here!", 
      "quantity": "2", 
      "substitute": "no substitute needed", 
      "unit": "tablespoons"
    }, 
    "finely chopped cornichons or dill pickle": {
      "flour": "Safe", 
      "gluten": "no gluten here!", 
      "quantity": "3", 
      "substitute": "no substitute needed", 
      "unit": "tablespoons"
    }, 
    "finely grated lemon zest": {
      "flour": "Safe", 
      "gluten": "no gluten here!", 
      "quantity": "1", 
      "substitute": "no substitute needed", 
      "unit": "teaspoon"
    }, 
    "fresh (or frozen, thawed) corn kernels": {
      "flour": "Safe", 
      "gluten": "no gluten here!", 
      "quantity": "\u00bd", 
      "substitute": "no substitute needed", 
      "unit": "cup"
    }, 
    "fresh lemon juice": {
      "flour": "Safe", 
      "gluten": "no gluten here!", 
      "quantity": "2", 
      "substitute": "no substitute needed", 
      "unit": "teaspoons"
    }, 
    "kosher salt and freshly ground black pepper": {
      "flour": "Safe", 
      "gluten": "no gluten here!", 
      "quantity": "", 
      "substitute": "no substitute needed", 
      "unit": ""
    }, 
    "large egg": {
      "flour": "Safe", 
      "gluten": "no gluten here!", 
      "quantity": "1", 
      "substitute": "no substitute needed", 
      "unit": ""
    }, 
    "lemon wedges (for serving)": {
      "flour": "Safe", 
      "gluten": "no gluten here!", 
      "quantity": "", 
      "substitute": "no substitute needed", 
      "unit": ""
    }, 
    "mayonnaise": {
      "flour": "Safe", 
      "gluten": "no gluten here!", 
      "quantity": "\u00bc", 
      "substitute": "no substitute needed", 
      "unit": "cup"
    }, 
    "olive oil": {
      "flour": "Safe", 
      "gluten": "no gluten here!", 
      "quantity": "2", 
      "substitute": "no substitute needed", 
      "unit": "tablespoons"
    }, 
    "panko (japanese breadcrumbs), divided": {
      "flour": "Safe", 
      "gluten": "gluten here!", 
      "quantity": "2", 
      "substitute": "gluten-free panko", 
      "unit": "cups"
    }, 
    "skinless firm white fish fillets (such as cod, haddock, or grouper)": {
      "flour": "Safe", 
      "gluten": "no gluten here!", 
      "quantity": "1\u00bd", 
      "substitute": "no substitute needed", 
      "unit": "pound"
    }, 
    "sugar": {
      "flour": "Safe", 
      "gluten": "no gluten here!", 
      "quantity": "\u00bd", 
      "substitute": "no substitute needed", 
      "unit": "teaspoon"
    }, 
    "whole grain mustard": {
      "flour": "Safe", 
      "gluten": "no gluten here!", 
      "quantity": "1", 
      "substitute": "no substitute needed", 
      "unit": "tablespoon"
    }
  }, 
  "instructions": [
    "Mix mayonnaise, cornichons, mustard, lemon juice, and sugar in a small bowl; season with salt and pepper.", 
    "DO AHEAD:Tartar sauce can be made 2 days ahead; cover and chill.", 
    "Preheat oven to 400\u00b0. Place fish on a rimmed baking sheet and rub with oil; season generously with salt and pepper. Roast until fish flakes easily, 8\u201310 minutes; let cool. Using a fork, break fish into large pieces; set aside.", 
    "Whisk egg, mayonnaise, and lemon zest in a large bowl. Add fish, corn, chives, and \u00bd cup panko; season with salt and pepper and mix gently to combine. Gently form \u00bc-cupfuls of mixture into \u00be&rdquo;-thick patties (you should have 12). Chill on a parchment-lined baking sheet until firm, 30\u201335 minutes.", 
    "Place remaining 1\u00bd cups panko in a shallow bowl; season with salt and pepper. Coat patties in seasoned panko, pressing gently to adhere. Heat vegetable oil in a large skillet over medium-high heat. Working in batches, cook patties until golden brown, about 4 minutes per side. (If panko begins to burn between batches, wipe out skillet and start with new oil.) Transfer patties to a wire rack and season with salt.", 
    "Serve with tartar sauce and lemon wedges for squeezing over.", 
    "DO AHEAD:Patties can be formed (but not coated in panko or cooked) 12 hours ahead. Cover and chill."
  ], 
  "keywords": [
    "Breadcrumbs", 
    "Cod", 
    "Corn", 
    "Fish", 
    "haddock", 
    "Kid-Friendly Recipes", 
    "Lemon", 
    "Mayonnaise"
  ], 
  "name": "Fish and Corn Cakes with Tartar Sauce", 
  "proteinContent": "", 
  "saturatedFatContent": "", 
  "servings": "Servings: 4", 
  "sodiumContent": "", 
  "sugarContent": "", 
  "url": "http://www.bonappetit.com/recipe/fish-and-corn-cakes-with-tartar-sauce"
}