{
  "calories": "", 
  "carbohydrateContent": "", 
  "cholesterolContent": "", 
  "description": "Smoky, sweet, crusty, and beefy, with charred bones to gnaw on: If this isn\u2019t a perfect steak, we don\u2019t know what is.", 
  "fatContent": "", 
  "fiberContent": "", 
  "image": "http://www.bonappetit.com/wp-content/uploads/2014/06/grilled-rib-eye-with-paprika-vinaigrette-940x600.jpg", 
  "ingredients": {
    "32-oz. bone-in beef rib eyes (about 2&rdquo; thick)": {
      "flour": "Safe", 
      "gluten": "no gluten here!", 
      "quantity": "2", 
      "substitute": "no substitute needed", 
      "unit": ""
    }, 
    "cheesecloth": {
      "flour": "Safe", 
      "gluten": "no gluten here!", 
      "quantity": "", 
      "substitute": "no substitute needed", 
      "unit": ""
    }, 
    "chopped fresh flat-leaf parsley": {
      "flour": "Safe", 
      "gluten": "no gluten here!", 
      "quantity": "\u00bc", 
      "substitute": "no substitute needed", 
      "unit": "cup"
    }, 
    "coarsely chopped capers": {
      "flour": "Safe", 
      "gluten": "no gluten here!", 
      "quantity": "\u2153", 
      "substitute": "no substitute needed", 
      "unit": "cup"
    }, 
    "crushed red pepper flakes": {
      "flour": "Safe", 
      "gluten": "no gluten here!", 
      "quantity": "1", 
      "substitute": "no substitute needed", 
      "unit": "tablespoon"
    }, 
    "kosher salt": {
      "flour": "Safe", 
      "gluten": "no gluten here!", 
      "quantity": "", 
      "substitute": "no substitute needed", 
      "unit": ""
    }, 
    "kosher salt and freshly ground black pepper": {
      "flour": "Safe", 
      "gluten": "no gluten here!", 
      "quantity": "", 
      "substitute": "no substitute needed", 
      "unit": ""
    }, 
    "large shallot, finely chopped": {
      "flour": "Safe", 
      "gluten": "no gluten here!", 
      "quantity": "1", 
      "substitute": "no substitute needed", 
      "unit": ""
    }, 
    "light brown sugar": {
      "flour": "Safe", 
      "gluten": "no gluten here!", 
      "quantity": "2", 
      "substitute": "no substitute needed", 
      "unit": "tablespoons"
    }, 
    "paprika": {
      "flour": "Safe", 
      "gluten": "no gluten here!", 
      "quantity": "2", 
      "substitute": "no substitute needed", 
      "unit": "tablespoons"
    }, 
    "piment d\u2019espelette or hot paprika": {
      "flour": "Safe", 
      "gluten": "no gluten here!", 
      "quantity": "2", 
      "substitute": "no substitute needed", 
      "unit": "tablespoons"
    }, 
    "red wine vinegar": {
      "flour": "Safe", 
      "gluten": "no gluten here!", 
      "quantity": "2", 
      "substitute": "no substitute needed", 
      "unit": "tablespoons"
    }, 
    "vegetable oil": {
      "flour": "Safe", 
      "gluten": "no gluten here!", 
      "quantity": "2", 
      "substitute": "no substitute needed", 
      "unit": "tablespoons"
    }
  }, 
  "instructions": [
    "Heat oil and paprika in a small saucepan over medium heat, swirling pan occasionally, until warm, about 5 minutes. Remove from heat and let stand until oil is cool and turns dark red, 1\u20131\u00bd hours.", 
    "Strain paprika oil through a fine-mesh sieve lined with cheesecloth into a small bowl. Mix in shallot, capers, parsley, vinegar, and red pepper flakes; season with salt.", 
    "DO AHEAD:Vinaigrette (without parsley) can be made 2 days ahead. Cover and chill. Add parsley just before serving.", 
    "Let steaks stand at room temperature 1 hour before grilling.", 
    "Prepare grill for 2-zone heat (for a charcoal grill, bank coals on 1 side of grill; for a gas grill, leave 1 or 2 burners off).", 
    "Rub steaks with oil and season with salt and pepper. Cook steaks over direct heat, moving to a cooler area if flare-up occurs, until charred, about 4 minutes per side. Using tongs, hold steaks vertically to sear edges (bone side and fat-cap side) and render some fat, about 2 minutes per side. Grill steaks over indirect heat, turning occasionally, until an instant-read thermometer inserted into the center registers 125\u00b0 for medium-rare. Transfer steaks to a cutting board and let rest 10\u201315 minutes. (Keep charcoal grill hot.)", 
    "Mix brown sugar and piment d\u2019Espelette in a small bowl. Sprinkle over steaks and grill over direct heat until sugar is caramelized, about 1 minute per side. Transfer to a cutting board and slice. Serve with vinaigrette."
  ], 
  "keywords": [
    "Beef Recipes", 
    "Grilling Food", 
    "Hot Pepper Recipes", 
    "Paprika Recipes", 
    "Parsley Recipes", 
    "Shallot Recipes", 
    "Spicy Food", 
    "Steak Recipes", 
    "texas forever recipes"
  ], 
  "name": "Grilled Rib Eye with Paprika Vinaigrette", 
  "proteinContent": "", 
  "saturatedFatContent": "", 
  "servings": "Servings: 8", 
  "sodiumContent": "", 
  "sugarContent": "", 
  "url": "http://www.bonappetit.com/recipe/grilled-rib-eye-with-paprika-vinaigrette"
}