{
  "calories": "", 
  "carbohydrateContent": "", 
  "cholesterolContent": "", 
  "description": "Vibrant greens, handfuls of fresh herbs, nuts for crunch, and horseradish for bite. Ingredients are suggestions; feel free to mix it up.", 
  "fatContent": "", 
  "fiberContent": "", 
  "image": "http://www.bonappetit.com/wp-content/uploads/2014/10/herb-salad-with-pistachios-fennel-and-horseradish-940x600.jpg", 
  "ingredients": {
    "chopped fresh chives": {
      "flour": "Safe", 
      "gluten": "no gluten here!", 
      "quantity": "2", 
      "substitute": "no substitute needed", 
      "unit": "tablespoons"
    }, 
    "coarsely chopped pistachios": {
      "flour": "Safe", 
      "gluten": "no gluten here!", 
      "quantity": "2", 
      "substitute": "no substitute needed", 
      "unit": "tablespoons"
    }, 
    "fennel seeds": {
      "flour": "Safe", 
      "gluten": "no gluten here!", 
      "quantity": "1", 
      "substitute": "no substitute needed", 
      "unit": "tablespoon"
    }, 
    "finely grated lemon zest": {
      "flour": "Safe", 
      "gluten": "no gluten here!", 
      "quantity": "1", 
      "substitute": "no substitute needed", 
      "unit": "tablespoon"
    }, 
    "fresh lemon juice": {
      "flour": "Safe", 
      "gluten": "no gluten here!", 
      "quantity": "2", 
      "substitute": "no substitute needed", 
      "unit": "tablespoons"
    }, 
    "fresh parsley leaves with tender stems": {
      "flour": "Safe", 
      "gluten": "no gluten here!", 
      "quantity": "1\u00bd", 
      "substitute": "no substitute needed", 
      "unit": "cups"
    }, 
    "fresh tarragon leaves, torn if large": {
      "flour": "Safe", 
      "gluten": "no gluten here!", 
      "quantity": "\u00bd", 
      "substitute": "no substitute needed", 
      "unit": "cup"
    }, 
    "freshly ground black pepper": {
      "flour": "Safe", 
      "gluten": "no gluten here!", 
      "quantity": "", 
      "substitute": "no substitute needed", 
      "unit": ""
    }, 
    "grated peeled horseradish or 2 tbsp. prepared horseradish": {
      "flour": "Safe", 
      "gluten": "no gluten here!", 
      "quantity": "1", 
      "substitute": "no substitute needed", 
      "unit": "tablespoon"
    }, 
    "kosher salt": {
      "flour": "Safe", 
      "gluten": "no gluten here!", 
      "quantity": "", 
      "substitute": "no substitute needed", 
      "unit": ""
    }, 
    "plus \u00bc cup olive oil": {
      "flour": "Safe", 
      "gluten": "no gluten here!", 
      "quantity": "1", 
      "substitute": "no substitute needed", 
      "unit": "tablespoon"
    }, 
    "small fennel bulb, thinly sliced lengthwise": {
      "flour": "Safe", 
      "gluten": "no gluten here!", 
      "quantity": "1", 
      "substitute": "no substitute needed", 
      "unit": ""
    }, 
    "torn butter lettuce, romaine hearts, or little gem": {
      "flour": "Safe", 
      "gluten": "no gluten here!", 
      "quantity": "4", 
      "substitute": "no substitute needed", 
      "unit": "cups"
    }
  }, 
  "instructions": [
    "Toss pistachios, fennel seeds, and 1 Tbsp. oil in a small skillet over medium heat and cook, stirring occasionally, until fragrant, about 3 minutes. Season with salt. Transfer to a small bowl; let cool.", 
    "Toss fennel, lettuce, parsley, tarragon, chives, lemon zest, and horseradish in a large bowl. Add lemon juice; season with salt and pepper and toss to coat.", 
    "Add remaining \u00bc cup oil and toss to coat, then add half of pistachio mixture and toss just to combine. Season with salt, pepper, and more lemon juice, if desired.", 
    "Serve salad topped with remaining pistachio mixture.", 
    "DO AHEAD:Pistachio mixture can be made 2 days ahead; store tightly wrapped at room temperature."
  ], 
  "keywords": [
    "chives", 
    "Fennel", 
    "Healthy Recipes", 
    "Herbs", 
    "Horseradish", 
    "Lemon", 
    "Parsley", 
    "Pistachio", 
    "Salad", 
    "side salad", 
    "Tarragon", 
    "Vegetarian Recipes"
  ], 
  "name": "Herb Salad with Pistachios, Fennel, and Horseradish", 
  "proteinContent": "", 
  "saturatedFatContent": "", 
  "servings": "Servings: 8", 
  "sodiumContent": "", 
  "sugarContent": "", 
  "url": "http://www.bonappetit.com/recipe/herb-salad-with-pistachios-fennel-and-horseradish"
}