{
  "calories": "", 
  "carbohydrateContent": "", 
  "cholesterolContent": "", 
  "description": "Sorghum is a favorite ingredient of Blackberry Farm chef Joseph Lenn, who thinks of the grain when he thinks of fall flavors.", 
  "fatContent": "", 
  "fiberContent": "", 
  "image": "http://www.bonappetit.com/wp-content/uploads/2013/10/green-beans-with-benne-and-sorghum1.jpg", 
  "ingredients": {
    "benne seeds or sesame seeds": {
      "flour": "Safe", 
      "gluten": "no gluten here!", 
      "quantity": "2", 
      "substitute": "no substitute needed", 
      "unit": "teaspoons"
    }, 
    "freshly ground black pepper": {
      "flour": "Safe", 
      "gluten": "no gluten here!", 
      "quantity": "", 
      "substitute": "no substitute needed", 
      "unit": ""
    }, 
    "green beans, trimmed": {
      "flour": "Safe", 
      "gluten": "no gluten here!", 
      "quantity": "2", 
      "substitute": "no substitute needed", 
      "unit": "pounds"
    }, 
    "ground cumin": {
      "flour": "Safe", 
      "gluten": "no gluten here!", 
      "quantity": "\u00bc", 
      "substitute": "no substitute needed", 
      "unit": "teaspoon"
    }, 
    "kosher salt": {
      "flour": "Safe", 
      "gluten": "no gluten here!", 
      "quantity": "", 
      "substitute": "no substitute needed", 
      "unit": ""
    }, 
    "olive oil": {
      "flour": "Safe", 
      "gluten": "no gluten here!", 
      "quantity": "2", 
      "substitute": "no substitute needed", 
      "unit": "tablespoons"
    }, 
    "reduced-sodium soy sauce": {
      "flour": "Safe", 
      "gluten": "gluten here!", 
      "quantity": "2", 
      "substitute": "gluten-free tamari", 
      "unit": "tablespoons"
    }, 
    "sorghum syrup or 1 honey": {
      "flour": "Safe", 
      "gluten": "no gluten here!", 
      "quantity": "2", 
      "substitute": "no substitute needed", 
      "unit": "tablespoons"
    }
  }, 
  "instructions": [
    "Preheat oven to 450\u00b0. Cook beans in a large pot of boiling salted water until crisp-tender, about 2 minutes. Drain, transfer to a bowl of ice water, and let cool. Drain and pat dry.", 
    "Toss beans and oil on a rimmed baking sheet; season with salt and pepper. Roast, tossing occasionally, until tender and lightly charred in spots, 10\u201315 minutes.", 
    "Meanwhile, whisk soy sauce, sorghum, benne seeds, and cumin in a large bowl; season with salt and pepper. Add warm beans and toss to coat.", 
    "DO AHEAD:Dressing can be made 5 days ahead. Cover and chill."
  ], 
  "keywords": [
    "Bean Recipes", 
    "Cumin Recipes", 
    "Fall Food", 
    "Fall Sides", 
    "Green Bean Recipes", 
    "Sesame Recipes", 
    "Side", 
    "Sides", 
    "Southern Food", 
    "southern state of mind recipes", 
    "Soy Sauce Recipes", 
    "Thanksgiving"
  ], 
  "name": "Green Beans with Benne and Sorghum", 
  "proteinContent": "", 
  "saturatedFatContent": "", 
  "servings": "Servings: 8", 
  "sodiumContent": "", 
  "sugarContent": "", 
  "url": "http://www.bonappetit.com/recipe/green-beans-with-benne-and-sorghum"
}