{
  "calories": "", 
  "carbohydrateContent": "", 
  "cholesterolContent": "", 
  "fatContent": "", 
  "fiberContent": "", 
  "image": "http://www.bonappetit.com/wp-content/uploads/2013/06/grilled-beets-with-burrata-and-poppy-seed-vinaigrette-646.jpg", 
  "ingredients": {
    "bunch scallions, root ends trimmed": {
      "flour": "Safe", 
      "gluten": "no gluten here!", 
      "quantity": "1", 
      "substitute": "no substitute needed", 
      "unit": ""
    }, 
    "burrata or fresh mozzarella, cut into 8 wedges": {
      "flour": "Safe", 
      "gluten": "no gluten here!", 
      "quantity": "1", 
      "substitute": "no substitute needed", 
      "unit": "pound"
    }, 
    "dijon mustard": {
      "flour": "Safe", 
      "gluten": "no gluten here!", 
      "quantity": "1", 
      "substitute": "no substitute needed", 
      "unit": "teaspoon"
    }, 
    "extra-virgin olive oil, divided": {
      "flour": "Safe", 
      "gluten": "no gluten here!", 
      "quantity": "5", 
      "substitute": "no substitute needed", 
      "unit": "tablespoons"
    }, 
    "finely grated orange zest": {
      "flour": "Safe", 
      "gluten": "no gluten here!", 
      "quantity": "1", 
      "substitute": "no substitute needed", 
      "unit": "teaspoon"
    }, 
    "kosher salt, freshly ground pepper": {
      "flour": "Safe", 
      "gluten": "no gluten here!", 
      "quantity": "", 
      "substitute": "no substitute needed", 
      "unit": ""
    }, 
    "mixed baby beets (any color), trimmed, divided": {
      "flour": "Safe", 
      "gluten": "no gluten here!", 
      "quantity": "1 1/2", 
      "substitute": "no substitute needed", 
      "unit": "pounds"
    }, 
    "poppy seeds": {
      "flour": "Safe", 
      "gluten": "no gluten here!", 
      "quantity": "2", 
      "substitute": "no substitute needed", 
      "unit": "teaspoons"
    }, 
    "sherry vinegar": {
      "flour": "Safe", 
      "gluten": "no gluten here!", 
      "quantity": "2", 
      "substitute": "no substitute needed", 
      "unit": "tablespoons"
    }, 
    "small shallot, finely chopped": {
      "flour": "Safe", 
      "gluten": "no gluten here!", 
      "quantity": "1", 
      "substitute": "no substitute needed", 
      "unit": ""
    }, 
    "vegetable oil": {
      "flour": "Safe", 
      "gluten": "no gluten here!", 
      "quantity": "1/4", 
      "substitute": "no substitute needed", 
      "unit": "cup"
    }
  }, 
  "instructions": [
    "Whisk shallot, vinegar, poppy seeds, mustard, and orange zest in a medium bowl. Whisk in vegetable oil, then 2 tablespoons olive oil; season with salt and pepper. Set vinaigrette aside.", 
    "Peel and thinly slice 1 beet; set aside.", 
    "Prepare a grill for medium heat. Toss remaining beets with 2 tablespoons olive oil in a medium bowl; season with salt and pepper. Grill beets, covered, turning occasionally, until tender, 30\u201335 minutes. Transfer beets to a plate and let cool.", 
    "Meanwhile, toss scallions with remaining 1 tablespoon olive oil; season with salt and pepper. Grill scallions, turning occasionally, until charred, about 2 minutes.", 
    "Using a paper towel, rub skins from beets and cut into bite-size pieces. Toss beets and reserved dressing in a medium bowl. Place cheese on plates or a platter and top with scallions, dressed beets, and reserved beet slices.", 
    "DO AHEAD: Vinaigrette can be made 1 day ahead. Cover and chill. Beets can be grilled and peeled 1 day ahead. Cover and chill. Bring to room temperature before serving."
  ], 
  "keywords": [
    "Beet Recipes", 
    "Grilled Vegetable Recipes", 
    "Grilling Food", 
    "Island Time Recipes", 
    "Mozzarella Recipes", 
    "Mustard Recipes", 
    "Poppy Recipes", 
    "Scallion Recipes", 
    "Shallot Recipes", 
    "Summer Food", 
    "Vegetarian Recipes"
  ], 
  "name": "Grilled Beets with Burrata and Poppy Seed Vinaigrette", 
  "proteinContent": "", 
  "saturatedFatContent": "", 
  "servings": "Servings: 8", 
  "sodiumContent": "", 
  "sugarContent": "", 
  "url": "http://www.bonappetit.com/recipe/grilled-beets-with-burrata-and-poppy-seed-vinaigrette"
}