{
  "calories": "", 
  "carbohydrateContent": "", 
  "cholesterolContent": "", 
  "fatContent": "", 
  "fiberContent": "", 
  "image": "http://www.bonappetit.com/wp-content/uploads/2013/12/greek-yogurt-with-spiced-pepeita-and-cashew-crunch.jpg", 
  "ingredients": {
    "chopped mango": {
      "flour": "Safe", 
      "gluten": "no gluten here!", 
      "quantity": "1/2", 
      "substitute": "no substitute needed", 
      "unit": "cup"
    }, 
    "plain low-fat greek yogurt": {
      "flour": "Safe", 
      "gluten": "no gluten here!", 
      "quantity": "1/2", 
      "substitute": "no substitute needed", 
      "unit": "cup"
    }, 
    "spiced pepita and cashew crunch": {
      "flour": "Safe", 
      "gluten": "gluten here!", 
      "quantity": "1", 
      "substitute": "gluten-free bread", 
      "unit": "tablespoon"
    }
  }, 
  "instructions": [
    "Top yogurt with mango and Spiced Pepita and Cashew Crunch."
  ], 
  "keywords": [
    "Breakfast", 
    "Food-Lover's Cleanse 2014", 
    "Healthy Recipes", 
    "Mango Recipes", 
    "Pepita Recipes", 
    "Vegetable Recipes", 
    "Yogurt Recipes"
  ], 
  "name": "Greek Yogurt with Spiced Pepita and Cashew Crunch and Mango", 
  "proteinContent": "", 
  "saturatedFatContent": "", 
  "servings": "Servings: 1 serving", 
  "sodiumContent": "", 
  "sugarContent": "", 
  "url": "http://www.bonappetit.com/recipe/greek-yogurt-spiced-pepita-cashew-crunch-mango"
}