{
  "calories": "Calories (kcal) 250", 
  "carbohydrateContent": "Carbohydrates (g) 19", 
  "cholesterolContent": "Cholesterol (mg) 65", 
  "fatContent": "Fat (g) 7", 
  "fiberContent": "Dietary Fiber (g)  5", 
  "image": "http://www.bonappetit.com/wp-content/uploads/2012/09/green-chile-and-chicken-stew.jpg", 
  "ingredients": {
    "apple cider vinegar": {
      "flour": "Safe", 
      "gluten": "no gluten here!", 
      "quantity": "2", 
      "substitute": "no substitute needed", 
      "unit": "tablespoons"
    }, 
    "black peppercorns": {
      "flour": "Safe", 
      "gluten": "no gluten here!", 
      "quantity": "1", 
      "substitute": "no substitute needed", 
      "unit": "teaspoon"
    }, 
    "boneless, skinless chicken breasts and thighs": {
      "flour": "Safe", 
      "gluten": "no gluten here!", 
      "quantity": "2", 
      "substitute": "no substitute needed", 
      "unit": "pounds"
    }, 
    "cumin seeds": {
      "flour": "Safe", 
      "gluten": "no gluten here!", 
      "quantity": "1", 
      "substitute": "no substitute needed", 
      "unit": "tablespoon"
    }, 
    "head of garlic, halved crosswise": {
      "flour": "Safe", 
      "gluten": "no gluten here!", 
      "quantity": "1", 
      "substitute": "no substitute needed", 
      "unit": ""
    }, 
    "honey": {
      "flour": "Safe", 
      "gluten": "no gluten here!", 
      "quantity": "1", 
      "substitute": "no substitute needed", 
      "unit": "tablespoon"
    }, 
    "italian frying peppers": {
      "flour": "Safe", 
      "gluten": "no gluten here!", 
      "quantity": "4", 
      "substitute": "no substitute needed", 
      "unit": ""
    }, 
    "jalape\u00f1o peppers": {
      "flour": "Safe", 
      "gluten": "no gluten here!", 
      "quantity": "3", 
      "substitute": "no substitute needed", 
      "unit": ""
    }, 
    "kosher salt": {
      "flour": "Safe", 
      "gluten": "no gluten here!", 
      "quantity": "2", 
      "substitute": "no substitute needed", 
      "unit": "teaspoons"
    }, 
    "large onions, chopped, divided": {
      "flour": "Safe", 
      "gluten": "no gluten here!", 
      "quantity": "2", 
      "substitute": "no substitute needed", 
      "unit": ""
    }, 
    "olive oil": {
      "flour": "Safe", 
      "gluten": "no gluten here!", 
      "quantity": "2", 
      "substitute": "no substitute needed", 
      "unit": "tablespoons"
    }, 
    "poblano or hatch chiles": {
      "flour": "Safe", 
      "gluten": "no gluten here!", 
      "quantity": "4", 
      "substitute": "no substitute needed", 
      "unit": ""
    }, 
    "small bunch cilantro, trimmed, stems and leaves separated": {
      "flour": "Safe", 
      "gluten": "no gluten here!", 
      "quantity": "1", 
      "substitute": "no substitute needed", 
      "unit": ""
    }, 
    "steamed rice": {
      "flour": "Safe", 
      "gluten": "no gluten here!", 
      "quantity": "", 
      "substitute": "no substitute needed", 
      "unit": ""
    }, 
    "tomatillos, husked": {
      "flour": "Safe", 
      "gluten": "no gluten here!", 
      "quantity": "1", 
      "substitute": "no substitute needed", 
      "unit": "pound"
    }
  }, 
  "instructions": [
    "Preheat oven to 450\u00b0. Combine chicken, cilantro stems, 1 onion, and next 6 ingredients in a large pot. Add water to cover and bring to a simmer over medium heat. Cover, reduce heat to low, and simmer very gently until chicken is just cooked through, about 25 minutes. Remove chicken from pot and let cool slightly; shred into bite-size pieces. Strain broth through a fine-mesh sieve into a large bowl; set aside.", 
    "Meanwhile, arrange tomatillos, peppers, and chiles in a single layer on a rimmed baking sheet and roast, stirring occasionally, until charred, 12\u201315 minutes. Transfer peppers and chiles to a bowl and cover tightly with plastic; let steam for 15 minutes, then peel and seed. Combine peppers, chiles, and tomatillos in a food processor and pur\u00e9e, adding reserved broth as necessary, until a coarse pur\u00e9e forms.", 
    "Heat oil in a large heavy pot over medium heat. Add remaining 1 onion and cook, stirring occasionally, until soft and caramelized in spots, about 15 minutes. Stir in tomatillo pur\u00e9e and remaining reserved broth; bring to a simmer. Remove from heat and add chicken. Serve stew over rice and garnish with cilantro leaves."
  ], 
  "keywords": [
    "Bell Pepper Recipes", 
    "Chicken Recipes", 
    "Chile", 
    "Cilantro", 
    "Cumin Recipes", 
    "Dinner", 
    "Fall Food", 
    "Healthy Dinner Recipes", 
    "Healthy Newsletter Recipes", 
    "Healthy Recipes", 
    "Honey Recipes", 
    "Hot Pepper Recipes", 
    "Jalapeno Recipes", 
    "Poblano Recipes", 
    "Rice Recipes", 
    "Stew Recipes", 
    "Tomatillo Recipes", 
    "Winter Food"
  ], 
  "name": "Green Chile and Chicken Stew", 
  "proteinContent": "Protein (g) 30", 
  "saturatedFatContent": "Saturated Fat (g) 1", 
  "servings": "Servings: 8", 
  "sodiumContent": "Sodium (mg) 600", 
  "sugarContent": "Total Sugars (g) 8", 
  "url": "http://www.bonappetit.com/recipe/green-chile-and-chicken-stew"
}