{
  "calories": "", 
  "carbohydrateContent": "", 
  "cholesterolContent": "", 
  "description": "This versatile cake, with a distinct vanilla flavor, is a crowd-pleaser and sure to become a go-to for any festive occasion.", 
  "fatContent": "", 
  "fiberContent": "", 
  "image": "http://www.bonappetit.com/wp-content/uploads/2014/10/gluten-free-vanilla-cake-940x600.jpg", 
  "ingredients": {
    "(2 sticks) unsalted butter, room temperature": {
      "flour": "Safe", 
      "gluten": "no gluten here!", 
      "quantity": "1", 
      "substitute": "no substitute needed", 
      "unit": "cup"
    }, 
    "(3 sticks) unsalted butter, room temperature, plus more for pans": {
      "flour": "Safe", 
      "gluten": "no gluten here!", 
      "quantity": "1\u00bd", 
      "substitute": "no substitute needed", 
      "unit": "cups"
    }, 
    "baking powder": {
      "flour": "Safe", 
      "gluten": "no gluten here!", 
      "quantity": "1", 
      "substitute": "no substitute needed", 
      "unit": "teaspoon"
    }, 
    "baking soda": {
      "flour": "Safe", 
      "gluten": "no gluten here!", 
      "quantity": "\u00bd", 
      "substitute": "no substitute needed", 
      "unit": "teaspoon"
    }, 
    "buttermilk": {
      "flour": "Safe", 
      "gluten": "no gluten here!", 
      "quantity": "1", 
      "substitute": "no substitute needed", 
      "unit": "cup"
    }, 
    "coconut flour": {
      "flour": "Safe", 
      "gluten": "no gluten here!", 
      "quantity": "\u00bd", 
      "substitute": "no substitute needed", 
      "unit": "cup"
    }, 
    "coconut flour and xanthan gum are available at natural food stores and some supermarkets, or online.": {
      "flour": "Safe", 
      "gluten": "no gluten here!", 
      "quantity": "", 
      "substitute": "no substitute needed", 
      "unit": ""
    }, 
    "king arthur flour gluten free multi-purpose flour, plus more for pans": {
      "flour": "Safe", 
      "gluten": "no gluten here!", 
      "quantity": "2", 
      "substitute": "no substitute needed", 
      "unit": "cups"
    }, 
    "kosher salt": {
      "flour": "Safe", 
      "gluten": "no gluten here!", 
      "quantity": "\u00bc", 
      "substitute": "no substitute needed", 
      "unit": "teaspoon"
    }, 
    "large eggs, room temperature": {
      "flour": "Safe", 
      "gluten": "no gluten here!", 
      "quantity": "5", 
      "substitute": "no substitute needed", 
      "unit": ""
    }, 
    "powdered sugar, sifted": {
      "flour": "Safe", 
      "gluten": "no gluten here!", 
      "quantity": "4\u00bd", 
      "substitute": "no substitute needed", 
      "unit": "cups"
    }, 
    "sugar": {
      "flour": "Safe", 
      "gluten": "no gluten here!", 
      "quantity": "1\u00bd", 
      "substitute": "no substitute needed", 
      "unit": "cups"
    }, 
    "vanilla bean, split lengthwise": {
      "flour": "Safe", 
      "gluten": "no gluten here!", 
      "quantity": "1", 
      "substitute": "no substitute needed", 
      "unit": ""
    }, 
    "vanilla extract": {
      "flour": "Safe", 
      "gluten": "no gluten here!", 
      "quantity": "2", 
      "substitute": "no substitute needed", 
      "unit": "teaspoons"
    }, 
    "whole milk": {
      "flour": "Safe", 
      "gluten": "no gluten here!", 
      "quantity": "2", 
      "substitute": "no substitute needed", 
      "unit": "tablespoons"
    }, 
    "xanthan gum": {
      "flour": "Safe", 
      "gluten": "no gluten here!", 
      "quantity": "1", 
      "substitute": "no substitute needed", 
      "unit": "teaspoon"
    }
  }, 
  "instructions": [
    "Preheat oven to 325\u00b0. Lightly butter two 8\"-diameter cake pans and line with parchment rounds; butter and flour parchment. Whisk coconut flour, xanthan gum, baking powder, baking soda, salt, and 2 cups multi-purpose flour in a medium bowl.", 
    "Using an electric mixer on high speed, beat sugar and 1 1/2 cups butter in a large bowl until light and fluffy, about 5 minutes. Reduce speed to low and add eggs, one at a time, beating to blend between additions. Scrape in vanilla seeds (save pod for another use), add vanilla extract, and mix just to combine. Add dry ingredients in 3 additions, alternating with buttermilk in 2 additions, beginning and ending with dry ingredients. Mix just to combine (batter will be thick), then increase speed to medium-high and beat until smooth, about 1 minute.", 
    "Divide batter between prepared pans, smooth tops, and bake until golden and a tester inserted into the center comes out clean, 35\u201340 minutes.Transfer to a wire rack and let cake cool in pans 10 minutes. Turn out cake onto rack and let cool completely.", 
    "Using an electric mixer on medium-high speed, beat butter in a medium bowl until creamy, about 4 minutes. Reduce speed to low and add sugar, beating until smooth. Mix in vanilla and salt, then add milk 1 Tbsp. at a time, mixing constantly until frosting is thick but spreadable.", 
    "Using a serrated knife, trim rounded tops of both cakes to make them flat. Place 1 cake layer, trimmed side up, on a platter. Spread frosting over top to coat. Top with second cake layer. Spread remaining frosting evenly over top and sides of cake.", 
    "DO AHEAD:Cake can be assembled 1 day ahead. Store loosely covered at room temperature."
  ], 
  "keywords": [
    "Buttermilk", 
    "Cake", 
    "Coconut", 
    "Desserts", 
    "Gluten Free", 
    "Vanilla"
  ], 
  "name": "Gluten-Free Vanilla Birthday Cake", 
  "proteinContent": "", 
  "saturatedFatContent": "", 
  "servings": "Servings: 8", 
  "sodiumContent": "", 
  "sugarContent": "", 
  "url": "http://www.bonappetit.com/recipe/gluten-free-vanilla-birthday-cake"
}