{
  "calories": "", 
  "carbohydrateContent": "", 
  "cholesterolContent": "", 
  "description": "Sichuan peppercorns are technically not peppercorns but dried berries from the prickly ash shrub, and are essential to Sichuan cuisine. They deliver nuanced heat along with a numbing and tingling sensation.", 
  "fatContent": "", 
  "fiberContent": "", 
  "image": "http://www.bonappetit.com/wp-content/uploads/2013/08/garlic-chile-relish.jpg", 
  "ingredients": {
    "cup duck fat or olive oil": {
      "flour": "Safe", 
      "gluten": "no gluten here!", 
      "quantity": "\u00be", 
      "substitute": "no substitute needed", 
      "unit": ""
    }, 
    "head of garlic, cloves separated, peeled, thinly sliced": {
      "flour": "Safe", 
      "gluten": "no gluten here!", 
      "quantity": "1", 
      "substitute": "no substitute needed", 
      "unit": ""
    }, 
    "kosher salt and freshly ground black pepper": {
      "flour": "Safe", 
      "gluten": "no gluten here!", 
      "quantity": "", 
      "substitute": "no substitute needed", 
      "unit": ""
    }, 
    "scallion, thinly sliced": {
      "flour": "Safe", 
      "gluten": "no gluten here!", 
      "quantity": "1", 
      "substitute": "no substitute needed", 
      "unit": ""
    }, 
    "tbsp. finely chopped fresh cilantro": {
      "flour": "Safe", 
      "gluten": "no gluten here!", 
      "quantity": "2", 
      "substitute": "no substitute needed", 
      "unit": ""
    }, 
    "tbsp. finely chopped fresh mint": {
      "flour": "Safe", 
      "gluten": "no gluten here!", 
      "quantity": "2", 
      "substitute": "no substitute needed", 
      "unit": ""
    }, 
    "tbsp. fresh lime juice": {
      "flour": "Safe", 
      "gluten": "no gluten here!", 
      "quantity": "1", 
      "substitute": "no substitute needed", 
      "unit": ""
    }, 
    "tbsp. gochugaru (coarse korean red pepper powder)": {
      "flour": "Safe", 
      "gluten": "no gluten here!", 
      "quantity": "2", 
      "substitute": "no substitute needed", 
      "unit": ""
    }, 
    "tbsp. unseasoned rice vinegar": {
      "flour": "Safe", 
      "gluten": "no gluten here!", 
      "quantity": "1", 
      "substitute": "no substitute needed", 
      "unit": ""
    }
  }, 
  "instructions": [
    "Sichuan peppercorns, sometimes called wild pepper and sansho peppercorns, are available at Asian markets and some specialty foods stores.", 
    "Toast Sichuan peppercorns in a small dry skillet over medium heat, stirring often, until fragrant, about 2 minutes. Let cool, then coarsely grind in a spice mill or finely chop; set aside.", 
    "Heat duck fat in a small saucepan over medium heat. Add garlic and cook, stirring occasionally, until soft (do not brown), about 5 minutes. Add gochugaru and Sichuan pepper and cook, stirring occasionally, until fragrant, about 3 minutes; let cool.", 
    "Mix in scallion, cilantro, mint, lime juice, and vinegar; season with salt and pepper.", 
    "DO AHEAD:Sauce can be made 2 days ahead. Cover and chill."
  ], 
  "keywords": [
    "Cilantro", 
    "Condiments", 
    "hot 10 recipes 2013", 
    "Hot Pepper Recipes", 
    "Lime Recipes", 
    "Low Cholesterol Recipes", 
    "Low Sodium Recipes", 
    "Mint Recipes", 
    "Sauce Recipes", 
    "Scallion Recipes", 
    "Spicy Food", 
    "the optimist recipes"
  ], 
  "name": "Garlic-Chile Relish", 
  "proteinContent": "", 
  "saturatedFatContent": "", 
  "servings": "Servings: Makes 1 cup", 
  "sodiumContent": "", 
  "sugarContent": "", 
  "url": "http://www.bonappetit.com/recipe/garlic-chile-relish"
}