{
  "calories": "", 
  "carbohydrateContent": "", 
  "cholesterolContent": "", 
  "fatContent": "", 
  "fiberContent": "", 
  "image": "http://www.bonappetit.com/wp-content/uploads/2006/08/grilled-leg-of-lamb-with-curly-endive-and-romaine-940x600.jpg", 
  "ingredients": {
    "": {
      "flour": "Safe", 
      "gluten": "no gluten here!", 
      "quantity": "", 
      "substitute": "no substitute needed", 
      "unit": ""
    }, 
    "6 1/2-pound leg of lamb, butterflied (about 5 pounds butterflied)": {
      "flour": "Safe", 
      "gluten": "no gluten here!", 
      "quantity": "1", 
      "substitute": "no substitute needed", 
      "unit": ""
    }, 
    "balsamic vinegar": {
      "flour": "Safe", 
      "gluten": "no gluten here!", 
      "quantity": "6", 
      "substitute": "no substitute needed", 
      "unit": "tablespoons"
    }, 
    "chopped fresh mint": {
      "flour": "Safe", 
      "gluten": "no gluten here!", 
      "quantity": "6", 
      "substitute": "no substitute needed", 
      "unit": "tablespoons"
    }, 
    "chopped fresh oregano": {
      "flour": "Safe", 
      "gluten": "no gluten here!", 
      "quantity": "1", 
      "substitute": "no substitute needed", 
      "unit": "tablespoon"
    }, 
    "chopped fresh rosemary": {
      "flour": "Safe", 
      "gluten": "no gluten here!", 
      "quantity": "1 1/2", 
      "substitute": "no substitute needed", 
      "unit": "tablespoons"
    }, 
    "dry red wine": {
      "flour": "Safe", 
      "gluten": "no gluten here!", 
      "quantity": "1 1/2", 
      "substitute": "no substitute needed", 
      "unit": "cups"
    }, 
    "ground black pepper": {
      "flour": "Safe", 
      "gluten": "no gluten here!", 
      "quantity": "1", 
      "substitute": "no substitute needed", 
      "unit": "teaspoon"
    }, 
    "heads of curly endive, quartered lengthwise through core with some core left intact": {
      "flour": "Safe", 
      "gluten": "no gluten here!", 
      "quantity": "2", 
      "substitute": "no substitute needed", 
      "unit": ""
    }, 
    "hearts of romaine, halved lengthwise through core with some core left intact": {
      "flour": "Safe", 
      "gluten": "no gluten here!", 
      "quantity": "3", 
      "substitute": "no substitute needed", 
      "unit": ""
    }, 
    "large garlic cloves, pressed": {
      "flour": "Safe", 
      "gluten": "no gluten here!", 
      "quantity": "6", 
      "substitute": "no substitute needed", 
      "unit": ""
    }, 
    "nonstick vegetable oil spray": {
      "flour": "Safe", 
      "gluten": "no gluten here!", 
      "quantity": "", 
      "substitute": "no substitute needed", 
      "unit": ""
    }, 
    "olive oil": {
      "flour": "Safe", 
      "gluten": "no gluten here!", 
      "quantity": "6", 
      "substitute": "no substitute needed", 
      "unit": "tablespoons"
    }, 
    "salt": {
      "flour": "Safe", 
      "gluten": "no gluten here!", 
      "quantity": "1 1/2", 
      "substitute": "no substitute needed", 
      "unit": "teaspoons"
    }
  }, 
  "instructions": [
    "Whisk first 9 ingredients in medium bowl. Place lamb in 15x10x2-inch glass baking dish. Pour 1 1/2 cups marinade over, turning to coat. Cover. Chill 4 to 6 hours, turning occasionally. Reserve remaining marinade for endive and romaine; cover and chill.", 
    "Spray grill with vegetable oil spray. Prepare barbecue (medium heat). Remove lamb from marinade, reserving marinade in dish. Grill until thermometer inserted into thickest part registers 125\u00b0F for medium-rare, basting often with reserved marinade and turning occasionally, about 30 minutes. Let stand 10 minutes.", 
    "Brush endive and romaine with marinade from bowl; sprinkle with salt and pepper. Grill until wilted, 8 minutes. Slice lamb; serve with endive and romaine."
  ], 
  "keywords": [
    "Barbecue", 
    "Barbecue Food", 
    "Dinner", 
    "Dinner Party Food", 
    "Endive Recipes", 
    "Grilled Lamb Recipes", 
    "Grilling Food", 
    "Herb Recipes", 
    "Lamb Recipes", 
    "Leafy Green Recipes", 
    "Lettuce Recipes", 
    "Main Course", 
    "Meat Recipes", 
    "Spring Food", 
    "Summer Food"
  ], 
  "name": "Grilled Leg of Lamb with Curly Endive and Romaine", 
  "proteinContent": "", 
  "saturatedFatContent": "", 
  "servings": "Servings: 6", 
  "sodiumContent": "", 
  "sugarContent": "", 
  "url": "http://www.bonappetit.com/recipe/grilled-leg-of-lamb-with-curly-endive-and-romaine"
}