{
  "calories": "", 
  "carbohydrateContent": "", 
  "cholesterolContent": "", 
  "fatContent": "", 
  "fiberContent": "", 
  "image": "http://www.bonappetit.com/wp-content/uploads/2012/06/honey-lemon-custard-with-fruit.jpg", 
  "ingredients": {
    "2-inch strips lemon peel": {
      "flour": "Safe", 
      "gluten": "no gluten here!", 
      "quantity": "3", 
      "substitute": "no substitute needed", 
      "unit": ""
    }, 
    "berries or sliced mango": {
      "flour": "Safe", 
      "gluten": "no gluten here!", 
      "quantity": "1", 
      "substitute": "no substitute needed", 
      "unit": "cup"
    }, 
    "fresh lemon juice, divided": {
      "flour": "Safe", 
      "gluten": "no gluten here!", 
      "quantity": "6", 
      "substitute": "no substitute needed", 
      "unit": "tablespoons"
    }, 
    "heavy cream": {
      "flour": "Safe", 
      "gluten": "no gluten here!", 
      "quantity": "2", 
      "substitute": "no substitute needed", 
      "unit": "cups"
    }, 
    "honey, divided": {
      "flour": "Safe", 
      "gluten": "no gluten here!", 
      "quantity": "4", 
      "substitute": "no substitute needed", 
      "unit": "tablespoons"
    }, 
    "light rum": {
      "flour": "Safe", 
      "gluten": "no gluten here!", 
      "quantity": "1/4", 
      "substitute": "no substitute needed", 
      "unit": "cup"
    }, 
    "sugar": {
      "flour": "Safe", 
      "gluten": "no gluten here!", 
      "quantity": "3", 
      "substitute": "no substitute needed", 
      "unit": "tablespoons"
    }, 
    "vanilla bean, split lengthwise": {
      "flour": "Safe", 
      "gluten": "no gluten here!", 
      "quantity": "1/2", 
      "substitute": "no substitute needed", 
      "unit": ""
    }
  }, 
  "instructions": [
    "Place ramekins on a rimmed baking sheet. Heat cream, 2 Tbsp. honey, and sugar in a small saucepan over medium heat until just beginning to simmer. Scrape in seeds from vanilla bean; add bean. Add lemon peel; remove from heat. Let steep for 5 minutes (cream should register about 160\u00b0 on an instant-read thermometer). Remove vanilla bean and peel. Gently stir in 5 Tbsp. lemon juice.", 
    "Divide custard among ramekins and chill to let set for at least 1 hour or, covered, up to 1 day.", 
    "Whisk remaining 2 Tbsp. honey and 1 Tbsp. lemon juice with rum in a small bowl. Stir in fruit; let sit until juicy, about 1 hour. Serve with custard."
  ], 
  "keywords": [
    "Basil Recipes", 
    "Cornmeal Recipes", 
    "Entrees", 
    "Fast Easy Fresh", 
    "Low Cholesterol Recipes", 
    "Low Saturated Fat Recipes", 
    "Polenta Recipes", 
    "Quick Recipes", 
    "Sauce Recipes", 
    "Tomato Recipes", 
    "Vegetarian Recipes"
  ], 
  "name": "Honey-Lemon Custard with Fruit", 
  "proteinContent": "", 
  "saturatedFatContent": "", 
  "servings": "Servings: 8", 
  "sodiumContent": "", 
  "sugarContent": "", 
  "url": "http://www.bonappetit.com/recipe/honey-lemon-custard-with-fruit"
}