{
  "calories": "", 
  "carbohydrateContent": "", 
  "cholesterolContent": "", 
  "description": "You probably won\u2019t have to salt the sauce itself since the clams are so briny; taste right before serving and serve over fregola.", 
  "fatContent": "", 
  "fiberContent": "", 
  "image": "http://www.bonappetit.com/wp-content/uploads/2013/11/fregola-with-clams-940x600.jpg", 
  "ingredients": {
    "chopped fresh flat-leaf parsley": {
      "flour": "Safe", 
      "gluten": "no gluten here!", 
      "quantity": "2", 
      "substitute": "no substitute needed", 
      "unit": "tablespoons"
    }, 
    "crushed red pepper flakes": {
      "flour": "Safe", 
      "gluten": "no gluten here!", 
      "quantity": "1", 
      "substitute": "no substitute needed", 
      "unit": "teaspoon"
    }, 
    "dry white wine": {
      "flour": "Safe", 
      "gluten": "no gluten here!", 
      "quantity": "\u00bd", 
      "substitute": "no substitute needed", 
      "unit": "cup"
    }, 
    "finely grated lemon zest": {
      "flour": "Safe", 
      "gluten": "no gluten here!", 
      "quantity": "\u00bd", 
      "substitute": "no substitute needed", 
      "unit": "teaspoon"
    }, 
    "fregola (about 10 oz.)": {
      "flour": "Safe", 
      "gluten": "no gluten here!", 
      "quantity": "1\u00bd", 
      "substitute": "no substitute needed", 
      "unit": "cups"
    }, 
    "garlic cloves, finely chopped": {
      "flour": "Safe", 
      "gluten": "no gluten here!", 
      "quantity": "2", 
      "substitute": "no substitute needed", 
      "unit": ""
    }, 
    "kosher salt": {
      "flour": "Safe", 
      "gluten": "no gluten here!", 
      "quantity": "", 
      "substitute": "no substitute needed", 
      "unit": ""
    }, 
    "littleneck clams, scrubbed": {
      "flour": "Safe", 
      "gluten": "no gluten here!", 
      "quantity": "24", 
      "substitute": "no substitute needed", 
      "unit": ""
    }, 
    "olive oil, plus more for drizzling": {
      "flour": "Safe", 
      "gluten": "no gluten here!", 
      "quantity": "\u00bc", 
      "substitute": "no substitute needed", 
      "unit": "cup"
    }
  }, 
  "instructions": [
    "Cook fregola in a large pot of boiling salted water, stirring occasionally, until very al dente, 6\u20138 minutes; drain.", 
    "Meanwhile, heat \u00bc cup oil in a Dutch oven or other large heavy pot over medium-high heat. Add garlic and red pepper flakes and cook, stirring, until fragrant, about 30 seconds. Carefully add wine; bring to a boil, reduce heat, and simmer until reduced by half, about 3 minutes.", 
    "Add clams, cover, and cook, transferring clams to a bowl as they open (discard any that do not open), 6\u20138 minutes. Add fregola to cooking liquid in pot and cook, stirring, until fregola is tender and sauce is slightly thickened (there should still be plenty of liquid), about 2 minutes. Return clams to pot and cook until warmed through.", 
    "Divide fregola and clams among bowls, drizzle with oil, and top with parsley and lemon zest."
  ], 
  "keywords": [
    "ba seal 2013 recipes", 
    "Clams", 
    "Dinner", 
    "Lemon Recipes", 
    "Parsley Recipes", 
    "Pasta Recipes", 
    "White Wine Recipes"
  ], 
  "name": "Fregola with Clams", 
  "proteinContent": "", 
  "saturatedFatContent": "", 
  "servings": "Servings: 4", 
  "sodiumContent": "", 
  "sugarContent": "", 
  "url": "http://www.bonappetit.com/recipe/fregola-with-clams"
}