{
  "calories": "", 
  "carbohydrateContent": "", 
  "cholesterolContent": "", 
  "description": "For this ginger-spiked Prosecco number, you can make the ginger syrup a week ahead; then all you have to do is add the bubbly.", 
  "fatContent": "", 
  "fiberContent": "", 
  "image": "http://www.bonappetit.com/wp-content/uploads/2013/09/ginger-fizz.jpg", 
  "ingredients": {
    "3\"-piece ginger, peeled, thinly sliced": {
      "flour": "Safe", 
      "gluten": "no gluten here!", 
      "quantity": "1", 
      "substitute": "no substitute needed", 
      "unit": ""
    }, 
    "750-ml bottles prosecco, chilled": {
      "flour": "Safe", 
      "gluten": "no gluten here!", 
      "quantity": "2", 
      "substitute": "no substitute needed", 
      "unit": ""
    }, 
    "raw or granulated sugar": {
      "flour": "Safe", 
      "gluten": "no gluten here!", 
      "quantity": "\u00bd", 
      "substitute": "no substitute needed", 
      "unit": "cup"
    }, 
    "thin clementine or orange slices": {
      "flour": "Safe", 
      "gluten": "no gluten here!", 
      "quantity": "8", 
      "substitute": "no substitute needed", 
      "unit": ""
    }
  }, 
  "instructions": [
    "Bring ginger, sugar, and \u00bd cup water to a boil in a small saucepan; reduce heat and simmer 5 minutes. Let cool. Strain syrup through a fine-mesh sieve into a small jar or bowl; discard ginger.", 
    "DO AHEAD:Syrup can be made 1 week ahead. Cover and chill.", 
    "Pour \u00bc oz. ginger syrup in each coupe glass. Dividing evenly, top off with Prosecco (about 5 oz. per glass) and garnish each with a clementine slice."
  ], 
  "keywords": [
    "Cocktails", 
    "friday night recipes", 
    "Ginger Recipes", 
    "Orange Recipes", 
    "prosecco drinks"
  ], 
  "name": "Ginger Fizz", 
  "proteinContent": "", 
  "saturatedFatContent": "", 
  "servings": "Servings: Makes 8", 
  "sodiumContent": "", 
  "sugarContent": "", 
  "url": "http://www.bonappetit.com/recipe/ginger-fizz"
}