{
  "calories": "", 
  "carbohydrateContent": "", 
  "cholesterolContent": "", 
  "description": "The sweetness of nectarines makes for some fascinating bites. (This recipe was developed with IBM's Chef Watson.)", 
  "fatContent": "", 
  "fiberContent": "", 
  "image": "http://www.bonappetit.com/wp-content/uploads/2014/06/watson-corn-salad-940x600.jpg", 
  "ingredients": {
    "chili powder": {
      "flour": "Safe", 
      "gluten": "no gluten here!", 
      "quantity": "\u00be", 
      "substitute": "no substitute needed", 
      "unit": "teaspoon"
    }, 
    "chopped fresh rosemary": {
      "flour": "Safe", 
      "gluten": "no gluten here!", 
      "quantity": "\u00bd", 
      "substitute": "no substitute needed", 
      "unit": "teaspoon"
    }, 
    "coriander seeds": {
      "flour": "Safe", 
      "gluten": "no gluten here!", 
      "quantity": "\u00bd", 
      "substitute": "no substitute needed", 
      "unit": "teaspoon"
    }, 
    "cumin seeds": {
      "flour": "Safe", 
      "gluten": "no gluten here!", 
      "quantity": "\u00bd", 
      "substitute": "no substitute needed", 
      "unit": "teaspoon"
    }, 
    "ears corn, husked": {
      "flour": "Safe", 
      "gluten": "no gluten here!", 
      "quantity": "4", 
      "substitute": "no substitute needed", 
      "unit": ""
    }, 
    "fresh lemon juice": {
      "flour": "Safe", 
      "gluten": "no gluten here!", 
      "quantity": "3", 
      "substitute": "no substitute needed", 
      "unit": "tablespoons"
    }, 
    "freshly ground black pepper": {
      "flour": "Safe", 
      "gluten": "no gluten here!", 
      "quantity": "", 
      "substitute": "no substitute needed", 
      "unit": ""
    }, 
    "kosher salt": {
      "flour": "Safe", 
      "gluten": "no gluten here!", 
      "quantity": "", 
      "substitute": "no substitute needed", 
      "unit": ""
    }, 
    "nectarines or peaches, sliced into \u00bd\"-thick wedges": {
      "flour": "Safe", 
      "gluten": "no gluten here!", 
      "quantity": "2", 
      "substitute": "no substitute needed", 
      "unit": ""
    }, 
    "plus \u00bc cup olive oil": {
      "flour": "Safe", 
      "gluten": "no gluten here!", 
      "quantity": "1", 
      "substitute": "no substitute needed", 
      "unit": "tablespoon"
    }, 
    "queso panela or cotija cheese, crumbled (about \u00bd cup)": {
      "flour": "Safe", 
      "gluten": "no gluten here!", 
      "quantity": "4", 
      "substitute": "no substitute needed", 
      "unit": "ounces"
    }, 
    "several dashes of hot sauce": {
      "flour": "Safe", 
      "gluten": "no gluten here!", 
      "quantity": "", 
      "substitute": "no substitute needed", 
      "unit": ""
    }, 
    "small shallot, thinly sliced": {
      "flour": "Safe", 
      "gluten": "no gluten here!", 
      "quantity": "1", 
      "substitute": "no substitute needed", 
      "unit": ""
    }, 
    "torn fresh basil leaves": {
      "flour": "Safe", 
      "gluten": "no gluten here!", 
      "quantity": "1", 
      "substitute": "no substitute needed", 
      "unit": "cup"
    }
  }, 
  "instructions": [
    "Prepare grill for medium-high heat. Brush corn with a total of 1 Tbsp. oil; season with salt and sprinkle with chili powder. Grill, turning occasionally, until tender and lightly charred in spots, 6\u20138 minutes. Transfer to a cutting board and let cool, then cut kernels from cobs.", 
    "Meanwhile, toast coriander and cumin seeds in a dry small skillet over medium heat, tossing, until fragrant, about 3 minutes. Let cool, then chop with a knife or coarsely grind in a spice mill. Whisk with lemon juice, rosemary, hot sauce, and remaining \u00bc cup oil in a medium bowl; season with salt and pepper. Add corn kernels, nectarines, shallot, basil and cheese and toss to combine."
  ], 
  "keywords": [
    "Basil", 
    "chef watson recipes", 
    "Coriander", 
    "Corn", 
    "Cotija", 
    "Cumin", 
    "Fourth Of July", 
    "Lemon", 
    "Nectarine", 
    "Peach", 
    "Rosemary", 
    "Salad", 
    "Shallot", 
    "Summer Food", 
    "summer salad"
  ], 
  "name": "Grilled Corn and Nectarine Salad with Toasted Spice Vinaigrette", 
  "proteinContent": "", 
  "saturatedFatContent": "", 
  "servings": "Servings: 6", 
  "sodiumContent": "", 
  "sugarContent": "", 
  "url": "http://www.bonappetit.com/recipe/grilled-corn-and-nectarine-salad-with-toasted-spice-vinaigrette"
}