{
  "calories": "", 
  "carbohydrateContent": "", 
  "cholesterolContent": "", 
  "description": "The late Richard Sax, celebrated cookbook author and champion of home cooks the world over, inspired this flourless chocolate cake\u2014a riff on his iconic chocolate cloud cake.", 
  "fatContent": "", 
  "fiberContent": "", 
  "image": "http://www.bonappetit.com/wp-content/uploads/2013/08/fallen-chocolate-cake.jpg", 
  "ingredients": {
    "(1 stick) unsalted butter, cut into 1&rdquo; pieces, plus more, room temperature, for pan": {
      "flour": "Safe", 
      "gluten": "no gluten here!", 
      "quantity": "\u00bd", 
      "substitute": "no substitute needed", 
      "unit": "cup"
    }, 
    "chilled heavy cream": {
      "flour": "Safe", 
      "gluten": "no gluten here!", 
      "quantity": "1", 
      "substitute": "no substitute needed", 
      "unit": "cup"
    }, 
    "kosher salt": {
      "flour": "Safe", 
      "gluten": "no gluten here!", 
      "quantity": "\u00be", 
      "substitute": "no substitute needed", 
      "unit": "teaspoon"
    }, 
    "large eggs": {
      "flour": "Safe", 
      "gluten": "no gluten here!", 
      "quantity": "6", 
      "substitute": "no substitute needed", 
      "unit": ""
    }, 
    "mascarpone": {
      "flour": "Safe", 
      "gluten": "no gluten here!", 
      "quantity": "\u00bd", 
      "substitute": "no substitute needed", 
      "unit": "cup"
    }, 
    "natural unsweetened cocoa powder": {
      "flour": "Safe", 
      "gluten": "no gluten here!", 
      "quantity": "2", 
      "substitute": "no substitute needed", 
      "unit": "tablespoon"
    }, 
    "plus 2 tbsp. sugar, divided, plus more for pan": {
      "flour": "Safe", 
      "gluten": "no gluten here!", 
      "quantity": "\u00be", 
      "substitute": "no substitute needed", 
      "unit": "cup"
    }, 
    "powdered sugar": {
      "flour": "Safe", 
      "gluten": "no gluten here!", 
      "quantity": "3", 
      "substitute": "no substitute needed", 
      "unit": "tablespoon"
    }, 
    "semisweet or bittersweet chocolate (61%\u201372% cacao), coarsely chopped": {
      "flour": "Safe", 
      "gluten": "no gluten here!", 
      "quantity": "10", 
      "substitute": "no substitute needed", 
      "unit": "ounces"
    }, 
    "vanilla extract": {
      "flour": "Safe", 
      "gluten": "no gluten here!", 
      "quantity": "1", 
      "substitute": "no substitute needed", 
      "unit": "teaspoon"
    }, 
    "vegetable oil": {
      "flour": "Safe", 
      "gluten": "no gluten here!", 
      "quantity": "2", 
      "substitute": "no substitute needed", 
      "unit": "tablespoon"
    }
  }, 
  "instructions": [
    "A 9&rdquo;-diameter springform pan", 
    "Preheat oven to 350\u00b0. Lightly butter springform pan and dust with sugar, tapping out any excess.", 
    "Combine chocolate, oil, and \u00bd cup butter in a large heatproof bowl. Set over a saucepan of simmering water and heat, stirring often, until melted. Remove bowl from saucepan.", 
    "Separate 4 eggs, placing whites and yolks in separate medium bowls. Add cocoa powder, vanilla, salt, \u00bc cup sugar, and remaining 2 eggs to bowl with yolks and whisk until mixture is smooth. Gradually whisk yolk mixture into chocolate mixture, blending well.", 
    "Using an electric mixer on high speed, beat egg whites until frothy. With mixer running, gradually beat in \u00bd cup sugar; beat until firm peaks form.", 
    "Gently fold egg whites into chocolate mixture in 2 additions, folding just until incorporated between additions. Scrape batter into prepared pan; smooth top and sprinkle with remaining 2 Tbsp. sugar.", 
    "Bake until top is puffed and starting to crack and cake is pulling away from edge of pan, 35-45 minutes. Transfer to a wire rack and let cake cool completely in pan (cake will collapse in the center and crack further as it cools).", 
    "DO AHEAD:Cake can be made 1 day ahead. Cover in pan and store airtight at room temperature.", 
    "Using an electric mixer on medium-high speed, beat cream, mascarpone, and powdered sugar in a medium bowl until soft peaks form.", 
    "Remove sides of springform pan from cake. Mound whipped cream mixture in center of cake."
  ], 
  "keywords": [
    "Cake Recipes", 
    "Chocolate Recipes", 
    "Desserts", 
    "Mascarpone Recipes", 
    "Passover Food", 
    "Sweet Comforts Recipes", 
    "trail_09102013", 
    "Vanilla Recipes"
  ], 
  "name": "Fallen Chocolate Cake", 
  "proteinContent": "", 
  "saturatedFatContent": "", 
  "servings": "Servings: 8\u201310", 
  "sodiumContent": "", 
  "sugarContent": "", 
  "url": "http://www.bonappetit.com/recipe/fallen-chocolate-cake"
}