{
  "calories": "", 
  "carbohydrateContent": "", 
  "cholesterolContent": "", 
  "fatContent": "", 
  "fiberContent": "", 
  "image": "http://www.bonappetit.com/wp-content/uploads/2013/02/grill-roasted-garlic-and-olive-relish-with-toasts-and-goat-cheese-564x600.jpg", 
  "ingredients": {
    "8-ounce log soft fresh goat cheese": {
      "flour": "Safe", 
      "gluten": "no gluten here!", 
      "quantity": "1", 
      "substitute": "no substitute needed", 
      "unit": ""
    }, 
    "assorted pitted olives (such as kalamata, greek, and ni\u00e7oise)": {
      "flour": "Safe", 
      "gluten": "no gluten here!", 
      "quantity": "3", 
      "substitute": "no substitute needed", 
      "unit": "cups"
    }, 
    "baguette, cut on slight diagonal into 1/3-inch-thick slices": {
      "flour": "Safe", 
      "gluten": "gluten here!", 
      "quantity": "1", 
      "substitute": "gluten-free bread", 
      "unit": ""
    }, 
    "coriander seeds, coarsely crushed in plastic bag": {
      "flour": "Safe", 
      "gluten": "no gluten here!", 
      "quantity": "2", 
      "substitute": "no substitute needed", 
      "unit": "tablespoons"
    }, 
    "dried crushed red pepper": {
      "flour": "Safe", 
      "gluten": "no gluten here!", 
      "quantity": "1 1/2", 
      "substitute": "no substitute needed", 
      "unit": "teaspoons"
    }, 
    "fresh rosemary sprigs (for garnish)": {
      "flour": "Safe", 
      "gluten": "no gluten here!", 
      "quantity": "", 
      "substitute": "no substitute needed", 
      "unit": ""
    }, 
    "large heads of garlic": {
      "flour": "Safe", 
      "gluten": "no gluten here!", 
      "quantity": "4", 
      "substitute": "no substitute needed", 
      "unit": ""
    }, 
    "olive oil": {
      "flour": "Safe", 
      "gluten": "no gluten here!", 
      "quantity": "6", 
      "substitute": "no substitute needed", 
      "unit": "tablespoons"
    }
  }, 
  "instructions": [
    "Prepare barbecue (medium-high heat). Line each of 2 shallow soup bowls with large sheet of heavy-duty foil (18-inch-wide size), leaving overhang on all sides. Cut top 3/4 inch off each head of garlic, revealing cloves. Place 2 heads of garlic in each foil-lined bowl. Spoon 11/2 cups olives around garlic in each bowl. Sprinkle half of coriander and half of crushed red pepper over each. Drizzle each with 3 tablespoons oil. Fold foil overhang to center; seal packets tightly. Transfer packets from bowls to edge of grill. Cook until garlic is tender, opening packets to test garlic every 45 minutes, about 2 hours total. Open packets; cool 15 minutes.", 
    "Place 1 head of garlic in center of large shallow bowl. Working with 1 at a time, hold remaining garlic heads upside down and squeeze softened cloves into olive mixture in packets, dividing equally; stir to blend. Spoon olive-garlic relish from both packets around head of garlic in bowl.", 
    "Grill bread until crisp on 1 side, 3 to  4 minutes. Arrange toasts, cheese, and bowl of relish on platter; garnish with rosemary."
  ], 
  "keywords": [
    "Appetizers", 
    "Apres Ski Recipes", 
    "Bread Recipes", 
    "Cheese Recipes", 
    "Coriander", 
    "Crostini", 
    "Dinner", 
    "Dinner Party Food", 
    "Garlic Recipes", 
    "Goat Cheese Recipes", 
    "Herb Recipes", 
    "Large Groups", 
    "Mediterranean Food", 
    "Olives", 
    "Oscars Food", 
    "Party Food", 
    "Red Pepper Recipes", 
    "Rosemary Recipes", 
    "Shower Food", 
    "Spice Recipes", 
    "Toast Recipes"
  ], 
  "name": "Grill-Roasted Garlic and Olive Relish with Toasts and Goat Cheese", 
  "proteinContent": "", 
  "saturatedFatContent": "", 
  "servings": "Servings: 8", 
  "sodiumContent": "", 
  "sugarContent": "", 
  "url": "http://www.bonappetit.com/recipe/grill-roasted-garlic-and-olive-relish-with-toasts-and-goat-cheese"
}