{
  "calories": "", 
  "carbohydrateContent": "", 
  "cholesterolContent": "", 
  "description": "Use this dressing to punch up sturdy greens such as escarole or radicchio.", 
  "fatContent": "", 
  "fiberContent": "", 
  "image": "http://www.bonappetit.com/wp-content/uploads/2014/03/horseradish-vinagrette.jpg", 
  "ingredients": {
    "(or more) grated fresh or prepared horseradish": {
      "flour": "Safe", 
      "gluten": "no gluten here!", 
      "quantity": "2", 
      "substitute": "no substitute needed", 
      "unit": "tablespoons"
    }, 
    "(or more) unseasoned rice vinegar": {
      "flour": "Safe", 
      "gluten": "no gluten here!", 
      "quantity": "1/4", 
      "substitute": "no substitute needed", 
      "unit": "cup"
    }, 
    "extra-virgin olive oil": {
      "flour": "Safe", 
      "gluten": "no gluten here!", 
      "quantity": "1/2", 
      "substitute": "no substitute needed", 
      "unit": "cup"
    }, 
    "heavy cream": {
      "flour": "Safe", 
      "gluten": "no gluten here!", 
      "quantity": "1/4", 
      "substitute": "no substitute needed", 
      "unit": "cup"
    }, 
    "kosher salt and freshly ground black pepper": {
      "flour": "Safe", 
      "gluten": "no gluten here!", 
      "quantity": "", 
      "substitute": "no substitute needed", 
      "unit": ""
    }, 
    "small garlic clove": {
      "flour": "Safe", 
      "gluten": "no gluten here!", 
      "quantity": "1", 
      "substitute": "no substitute needed", 
      "unit": ""
    }
  }, 
  "instructions": [
    "Pur\u00e9e 1/4 cup vinegar, 2 Tbsp. horseradish, and garlic in a food processor. With motor running, gradually add oil in a slow, steady stream through the feed tube; process until well combined, then add heavy cream. Season dressing with salt, pepper, and  more vinegar and horseradish, if desired.  DO AHEAD: Can be made 3 days ahead. Store chilled in an airtight jar."
  ], 
  "keywords": [
    "Canal House", 
    "Dressing Recipes", 
    "Easter Sunday", 
    "Horseradish Recipes", 
    "Low Cholesterol Recipes", 
    "Low Sodium Recipes", 
    "Vegetarian Food"
  ], 
  "name": "Horseradish Vinaigrette", 
  "proteinContent": "", 
  "saturatedFatContent": "", 
  "servings": "Servings: Makes 1 cup", 
  "sodiumContent": "", 
  "sugarContent": "", 
  "url": "http://www.bonappetit.com/recipe/horseradish-vinaigrette"
}