{
  "calories": "", 
  "carbohydrateContent": "", 
  "cholesterolContent": "", 
  "description": "We like to use Cabot Seriously Sharp Cheddar\u2014another BA Seal winner\u2014to make these party snacks.", 
  "fatContent": "", 
  "fiberContent": "", 
  "image": "http://www.bonappetit.com/wp-content/uploads/2013/11/fig-toasties-940x600.jpg", 
  "ingredients": {
    "crushed red pepper flakes": {
      "flour": "Safe", 
      "gluten": "no gluten here!", 
      "quantity": "1", 
      "substitute": "no substitute needed", 
      "unit": "tablespoon"
    }, 
    "fig jam": {
      "flour": "Safe", 
      "gluten": "no gluten here!", 
      "quantity": "\u00bd", 
      "substitute": "no substitute needed", 
      "unit": "cup"
    }, 
    "kosher salt": {
      "flour": "Safe", 
      "gluten": "no gluten here!", 
      "quantity": "", 
      "substitute": "no substitute needed", 
      "unit": ""
    }, 
    "oz. sharp white cheddar, grated": {
      "flour": "Safe", 
      "gluten": "no gluten here!", 
      "quantity": "8", 
      "substitute": "no substitute needed", 
      "unit": ""
    }, 
    "red wine vinegar": {
      "flour": "Safe", 
      "gluten": "no gluten here!", 
      "quantity": "1", 
      "substitute": "no substitute needed", 
      "unit": "tablespoon"
    }, 
    "unsalted butter, room temperature": {
      "flour": "Safe", 
      "gluten": "no gluten here!", 
      "quantity": "3", 
      "substitute": "no substitute needed", 
      "unit": "tablespoons"
    }, 
    "white sandwich bread": {
      "flour": "Safe", 
      "gluten": "no gluten here!", 
      "quantity": "12", 
      "substitute": "no substitute needed", 
      "unit": "slices"
    }
  }, 
  "instructions": [
    "Preheat oven to 250\u00b0. Mix jam, red pepper flakes, and vinegar in a small bowl; season with salt. Set half of spicy fig jam aside.", 
    "Spread 6 slices of bread with remaining spicy fig jam and top with cheddar and remaining 6 slices of bread. Spread outside of sandwiches with butter. Heat a large skillet over medium heat. Working in 2 batches, cook sandwiches, pressing down firmly, until golden brown and cheese is melted, about 1 minute per side. Transfer to a wire rack set inside a baking sheet and keep warm in oven until ready to serve.", 
    "Cut each sandwich into 4 triangles and serve with reserved spicy fig jam for dipping."
  ], 
  "keywords": [
    "Appetizers", 
    "ba seal 2013 recipes", 
    "Cheddar", 
    "Cocktail Party", 
    "Fig Recipes", 
    "Hot Pepper Recipes", 
    "Snack"
  ], 
  "name": "Fig Toasties", 
  "proteinContent": "", 
  "saturatedFatContent": "", 
  "servings": "Servings: 8", 
  "sodiumContent": "", 
  "sugarContent": "", 
  "url": "http://www.bonappetit.com/recipe/fig-toasties"
}