{
  "calories": "", 
  "carbohydrateContent": "", 
  "cholesterolContent": "", 
  "fatContent": "", 
  "fiberContent": "", 
  "image": "http://www.bonappetit.com/wp-content/uploads/2013/01/hot-and-sour-cucumbers-with-seaweed-and-burnt-chili-1-646.jpg", 
  "ingredients": {
    "chopped scallions, dark-green parts only (from about 12 scallions)": {
      "flour": "Safe", 
      "gluten": "no gluten here!", 
      "quantity": "1", 
      "substitute": "no substitute needed", 
      "unit": "cup"
    }, 
    "coarsely crumbled dried wakame": {
      "flour": "Safe", 
      "gluten": "no gluten here!", 
      "quantity": "2", 
      "substitute": "no substitute needed", 
      "unit": "tablespoons"
    }, 
    "dried shrimp": {
      "flour": "Safe", 
      "gluten": "no gluten here!", 
      "quantity": "1", 
      "substitute": "no substitute needed", 
      "unit": "teaspoon"
    }, 
    "fish sauce (such as nam pla or nuoc nam)": {
      "flour": "Safe", 
      "gluten": "no gluten here!", 
      "quantity": "1", 
      "substitute": "no substitute needed", 
      "unit": "teaspoon"
    }, 
    "garlic cloves, lightly crushed": {
      "flour": "Safe", 
      "gluten": "no gluten here!", 
      "quantity": "12", 
      "substitute": "no substitute needed", 
      "unit": ""
    }, 
    "kirby cucumbers": {
      "flour": "Safe", 
      "gluten": "no gluten here!", 
      "quantity": "6", 
      "substitute": "no substitute needed", 
      "unit": ""
    }, 
    "kosher salt": {
      "flour": "Safe", 
      "gluten": "no gluten here!", 
      "quantity": "1", 
      "substitute": "no substitute needed", 
      "unit": "tablespoon"
    }, 
    "red fresno chiles or red jalape\u00f1os": {
      "flour": "Safe", 
      "gluten": "no gluten here!", 
      "quantity": "9", 
      "substitute": "no substitute needed", 
      "unit": ""
    }, 
    "red jalape\u00f1os, thinly sliced": {
      "flour": "Safe", 
      "gluten": "no gluten here!", 
      "quantity": "5", 
      "substitute": "no substitute needed", 
      "unit": ""
    }, 
    "scallions, chopped": {
      "flour": "Safe", 
      "gluten": "no gluten here!", 
      "quantity": "6", 
      "substitute": "no substitute needed", 
      "unit": ""
    }, 
    "sherry vinegar": {
      "flour": "Safe", 
      "gluten": "no gluten here!", 
      "quantity": "1/4", 
      "substitute": "no substitute needed", 
      "unit": "cup"
    }, 
    "sichuan peppercorns": {
      "flour": "Safe", 
      "gluten": "no gluten here!", 
      "quantity": "1", 
      "substitute": "no substitute needed", 
      "unit": "teaspoon"
    }, 
    "sugar": {
      "flour": "Safe", 
      "gluten": "no gluten here!", 
      "quantity": "1", 
      "substitute": "no substitute needed", 
      "unit": "tablespoon"
    }, 
    "tamari soy sauce": {
      "flour": "Safe", 
      "gluten": "gluten here!", 
      "quantity": "1/2", 
      "substitute": "gluten-free tamari", 
      "unit": "cup"
    }, 
    "thai chiles, thinly sliced": {
      "flour": "Safe", 
      "gluten": "no gluten here!", 
      "quantity": "2", 
      "substitute": "no substitute needed", 
      "unit": ""
    }, 
    "toasted sesame oil, divided": {
      "flour": "Safe", 
      "gluten": "no gluten here!", 
      "quantity": "3", 
      "substitute": "no substitute needed", 
      "unit": "teaspoons"
    }
  }, 
  "instructions": [
    "Place wakame in a small bowl. Cover with 1 cup boiling water; let sit until reconstituted, 5\u20136 minutes. Drain wakame, reserving 1/2 cup soaking liquid. Tear wakame into bite-size pieces, if needed. Cover and chill wakame.", 
    "Char chiles over a gas flame or in a broiler, turning occasionally, until blackened all over. Do not peel. Remove seeds; chop chiles (you should have 1 cup).", 
    "Process chiles, scallion tops, sugar, tamari, and 1/2 cup reserved wakame soaking liquid in a blender until a coarse pur\u00e9e forms. DO AHEAD: Can be made 1 day ahead. Cover and chill.", 
    "Place shrimp in a small bowl. Cover with 1/4 cup boiling water; let sit until reconstituted, 5\u20136 minutes. Drain shrimp; discard soaking liquid. Chop shrimp; set aside.", 
    "Meanwhile, heat 1 tsp. oil in a small skillet. Add peppercorns and stir until fragrant, about 2 minutes. Transfer to a paper towel-lined plate and let cool.", 
    "Cut cucumbers in half lengthwise. Cut each half into 4 wedges. Cut wedges in half crosswise. Toss cucumbers and salt in a large bowl to coat; let stand for 20 minutes. Drain cucumbers.", 
    "Combine cucumbers, reserved wakame, chopped shrimp, vinegar, remaining 6 ingredients, and remaining 2 tsp. sesame oil in a large bowl. Let stand, tossing occasionally, for 15 minutes before serving. Spoon burnt chili soy over to taste."
  ], 
  "keywords": [
    "Chinese Food", 
    "Cucumber Recipes", 
    "Danny Bowien", 
    "Mission Sichuan Recipes", 
    "Sichuan Food", 
    "Sides", 
    "Spicy Food"
  ], 
  "name": "Hot and Sour Cucumbers with Seaweed and Burnt Chili", 
  "proteinContent": "", 
  "saturatedFatContent": "", 
  "servings": "Servings: 8", 
  "sodiumContent": "", 
  "sugarContent": "", 
  "url": "http://www.bonappetit.com/recipe/hot-and-sour-cucumbers-with-seaweed-and-burnt-chili"
}