{
  "calories": "", 
  "carbohydrateContent": "", 
  "cholesterolContent": "", 
  "fatContent": "", 
  "fiberContent": "", 
  "image": "", 
  "ingredients": {
    "(packed) fresh mint leaves": {
      "flour": "Safe", 
      "gluten": "no gluten here!", 
      "quantity": "1/3", 
      "substitute": "no substitute needed", 
      "unit": "cup"
    }, 
    "(packed) fresh spinach leaves": {
      "flour": "Safe", 
      "gluten": "no gluten here!", 
      "quantity": "1 1/3", 
      "substitute": "no substitute needed", 
      "unit": "cups"
    }, 
    "(scant) champagne vinegar": {
      "flour": "Safe", 
      "gluten": "no gluten here!", 
      "quantity": "1", 
      "substitute": "no substitute needed", 
      "unit": "tablespoon"
    }, 
    "(scant) honeytt": {
      "flour": "Safe", 
      "gluten": "no gluten here!", 
      "quantity": "3/4", 
      "substitute": "no substitute needed", 
      "unit": "teaspoon"
    }, 
    "6-ounce halibut fillets": {
      "flour": "Safe", 
      "gluten": "no gluten here!", 
      "quantity": "4", 
      "substitute": "no substitute needed", 
      "unit": ""
    }, 
    "extra-virgin olive oil plus more for brushing": {
      "flour": "Safe", 
      "gluten": "no gluten here!", 
      "quantity": "1/3", 
      "substitute": "no substitute needed", 
      "unit": "cup"
    }, 
    "finely chopped shallot": {
      "flour": "Safe", 
      "gluten": "no gluten here!", 
      "quantity": "4", 
      "substitute": "no substitute needed", 
      "unit": "teaspoons"
    }, 
    "fresh pea tendrils or pea sprouts": {
      "flour": "Safe", 
      "gluten": "no gluten here!", 
      "quantity": "2", 
      "substitute": "no substitute needed", 
      "unit": "cups"
    }, 
    "fresh shelled peas (from 2 lb. peas in pod) or frozen peas, thawed": {
      "flour": "Safe", 
      "gluten": "no gluten here!", 
      "quantity": "2", 
      "substitute": "no substitute needed", 
      "unit": "cups"
    }, 
    "fresh shelled peas or frozen peas, thawed": {
      "flour": "Safe", 
      "gluten": "no gluten here!", 
      "quantity": "2/3", 
      "substitute": "no substitute needed", 
      "unit": "cup"
    }, 
    "fresh thyme leaves": {
      "flour": "Safe", 
      "gluten": "no gluten here!", 
      "quantity": "2", 
      "substitute": "no substitute needed", 
      "unit": "teaspoons"
    }, 
    "freshly ground black pepper": {
      "flour": "Safe", 
      "gluten": "no gluten here!", 
      "quantity": "", 
      "substitute": "no substitute needed", 
      "unit": ""
    }, 
    "kosher saltt": {
      "flour": "Safe", 
      "gluten": "no gluten here!", 
      "quantity": "", 
      "substitute": "no substitute needed", 
      "unit": ""
    }, 
    "meyer lemon or regular lemon zest": {
      "flour": "Safe", 
      "gluten": "no gluten here!", 
      "quantity": "1", 
      "substitute": "no substitute needed", 
      "unit": "teaspoon"
    }, 
    "pinch (generous) of sugar": {
      "flour": "Safe", 
      "gluten": "no gluten here!", 
      "quantity": "", 
      "substitute": "no substitute needed", 
      "unit": ""
    }, 
    "pinch of kosher salt plus more for seasoning": {
      "flour": "Safe", 
      "gluten": "no gluten here!", 
      "quantity": "", 
      "substitute": "no substitute needed", 
      "unit": ""
    }, 
    "preserved lemon, fresh meyer lemon, or regular lemon": {
      "flour": "Safe", 
      "gluten": "no gluten here!", 
      "quantity": "1", 
      "substitute": "no substitute needed", 
      "unit": ""
    }, 
    "thinly sliced fresh flat-leaf parsley": {
      "flour": "Safe", 
      "gluten": "no gluten here!", 
      "quantity": "4", 
      "substitute": "no substitute needed", 
      "unit": "teaspoons"
    }, 
    "vegetable oil": {
      "flour": "Safe", 
      "gluten": "no gluten here!", 
      "quantity": "4", 
      "substitute": "no substitute needed", 
      "unit": "teaspoons"
    }
  }, 
  "instructions": [
    "Sprinkle fish with parsley, thyme, and zest. Cover and chill at least 4 hours or overnight.", 
    "Cook peas in a large pot of boiling salted water for 1 minute. Using a slotted spoon, transfer to a large bowl of ice water. Boil spinach and mint in same pot until wilted, 5-10 seconds. Transfer to bowl with peas. Reserve 1/2 cup ice water. Drain pea mixture well. Pur\u00e9e in a blender, adding reserved ice water by tablespoonfuls if mixture is too thick. Add oil and sugar; pur\u00e9e. Season to taste with salt and pepper; set aside.", 
    "Prepare a grill to medium-high heat. Cut flesh from peel of preserved lemon (if using fresh lemon, use a vegetable peeler to remove yellow part of peel). Thinly slice peel. Put shallot, vinegar, and pinch of salt in a small bowl; let stand 5 minutes. Add peel, 1/3 cup oil, parsley, and honey; whisk to blend. Season lemon salsa with salt and pepper.", 
    "Season fish with salt and pepper. Brush grill rack with oil. Grill fish until just opaque in center, about 3 minutes per side.", 
    "Rewarm pea pur\u00e9e over medium heat. Stir in peas; cook until tender, about 5 minutes. Add pea tendrils; stir until wilted, about 1 minute. Divide pea mixture among plates. Top with fish and spoon lemon salsa over."
  ], 
  "keywords": [
    "American Food", 
    "Citrus Recipes", 
    "Condiments", 
    "Dinner", 
    "Dinner Party Food", 
    "Fish", 
    "Fish Recipes", 
    "Grilling Food", 
    "Halibut Recipes", 
    "Herb Recipes", 
    "Honey Recipes", 
    "Leafy Greens Recipes", 
    "Lemon Recipes", 
    "Main Course", 
    "Mediterranean Food", 
    "Mint Recipes", 
    "Parsley Recipes", 
    "Pea Recipes", 
    "Pea Sprout Recipes", 
    "Pea Tendril Recipes", 
    "Rsvp", 
    "Shallot Recipes", 
    "Side", 
    "Spinach Recipes", 
    "Spring Food", 
    "Summer Food", 
    "Suzanne Goin", 
    "Thyme Recipes", 
    "Vinegar Recipes"
  ], 
  "name": "Grilled Halibut with Pea Pur\u00e9e and Preserved Lemon", 
  "proteinContent": "", 
  "saturatedFatContent": "", 
  "servings": "Servings: 4 main-course", 
  "sodiumContent": "", 
  "sugarContent": "", 
  "url": "http://www.bonappetit.com/recipe/grilled-halibut-with-pea-pur-e-and-preserved-lemon"
}