{
  "calories": "", 
  "carbohydrateContent": "", 
  "cholesterolContent": "", 
  "description": "These delicate cheese puffs always impress. Once you get the hang of the dough, you\u2019ll serve them at every opportunity.", 
  "fatContent": "", 
  "fiberContent": "", 
  "image": "http://www.bonappetit.com/wp-content/uploads/2013/09/gougeres.jpg", 
  "ingredients": {
    "(1\u00bd cups) grated comt\u00e9 cheese or gruy\u00e8re": {
      "flour": "Safe", 
      "gluten": "no gluten here!", 
      "quantity": "6", 
      "substitute": "no substitute needed", 
      "unit": "ounces"
    }, 
    "(\u00be stick) unsalted butter, cut into pieces": {
      "flour": "Safe", 
      "gluten": "no gluten here!", 
      "quantity": "6", 
      "substitute": "no substitute needed", 
      "unit": "tablespoons"
    }, 
    "all-purpose flour": {
      "flour": {
        "type": {
          "binder": {
            "type": "xanthum gum", 
            "weight": 0.5
          }, 
          "density": {
            "type": "brown rice flour", 
            "weight": 0.142
          }, 
          "fat": {
            "type": "almond flour", 
            "weight": 0.142
          }, 
          "leavener": "", 
          "lightness": {
            "type": "white rice flour", 
            "weight": 0.284
          }, 
          "protein": {
            "type": "sorghum flour", 
            "weight": 0.142
          }, 
          "starch": {
            "type": "potato starch", 
            "weight": 0.284
          }, 
          "stickiness": "", 
          "texture": ""
        }, 
        "weight": 125
      }, 
      "gluten": "gluten here!", 
      "quantity": "1\u00bc", 
      "substitute": "flour ratio", 
      "unit": "cups"
    }, 
    "freshly ground black pepper": {
      "flour": "Safe", 
      "gluten": "no gluten here!", 
      "quantity": "\u00bd", 
      "substitute": "no substitute needed", 
      "unit": "teaspoon"
    }, 
    "kosher salt": {
      "flour": "Safe", 
      "gluten": "no gluten here!", 
      "quantity": "\u00be", 
      "substitute": "no substitute needed", 
      "unit": "teaspoon"
    }, 
    "large egg yolk": {
      "flour": "Safe", 
      "gluten": "no gluten here!", 
      "quantity": "1", 
      "substitute": "no substitute needed", 
      "unit": ""
    }, 
    "large eggs": {
      "flour": "Safe", 
      "gluten": "no gluten here!", 
      "quantity": "4", 
      "substitute": "no substitute needed", 
      "unit": ""
    }, 
    "of nutmeg": {
      "flour": "Safe", 
      "gluten": "no gluten here!", 
      "quantity": "", 
      "substitute": "no substitute needed", 
      "unit": "pinch"
    }
  }, 
  "instructions": [
    "Preheat oven to 400\u00b0. Bring butter, salt, nutmeg, and 1 cup water to a boil in a medium saucepan, stirring until butter is melted. Remove from heat, add flour, and stir to combine.", 
    "Cook mixture over medium heat, stirring vigorously with a wooden spoon, until mixture pulls away from sides of pan and forms a ball, about 2 minutes. Continue to cook, stirring vigorously, until a dry film forms on bottom and sides of pan and dough is no longer sticky, about 2 minutes longer. Remove pan from heat and let dough cool slightly, about 2 minutes. Mix in whole eggs one at a time, incorporating fully between additions. Mix in cheese and pepper.", 
    "Scrape dough into a piping bag fitted with a \u00bd&rdquo; round tip (alternatively, use a plastic bag with a \u00bd&rdquo; opening cut diagonally from 1 corner). Pipe 1&rdquo; rounds about 2&rdquo; apart onto 2 parchment-lined baking sheets. Whisk egg yolk and 1 tsp. water in a small bowl; brush rounds with egg wash.", 
    "Bake goug\u00e8res until puffed and golden and dry in the center (they should sound hollow when tapped), 20\u201325 minutes.", 
    "DO AHEAD:Dough can be made 4 hours ahead. Cover and chill. Goug\u00e8res can be baked 2 hours ahead; reheat before serving."
  ], 
  "keywords": [
    "Appetizers", 
    "French Food", 
    "Gruyere Recipes", 
    "mimi thorisson dinner recipes", 
    "Nutmeg Recipes", 
    "Snack", 
    "trail_07212014"
  ], 
  "name": "Goug\u00e8res", 
  "proteinContent": "", 
  "saturatedFatContent": "", 
  "servings": "Servings: Makes about 50", 
  "sodiumContent": "", 
  "sugarContent": "", 
  "url": "http://www.bonappetit.com/recipe/gougeres"
}