{
  "calories": "", 
  "carbohydrateContent": "", 
  "cholesterolContent": "", 
  "description": "Chicken breasts aren't the only cut sold skinless and boneless. Thighs are, too. They're fattier than breasts, which means they're more flavorful; plus, they're less expensive. Put them to work in any fast weeknight preparation, starting with these spiced tacos.", 
  "fatContent": "", 
  "fiberContent": "", 
  "image": "http://www.bonappetit.com/wp-content/uploads/2013/06/grilled-chicken-tacos-recipe-940x600.jpg", 
  "ingredients": {
    "avocados, sliced (for serving)": {
      "flour": "Safe", 
      "gluten": "no gluten here!", 
      "quantity": "2", 
      "substitute": "no substitute needed", 
      "unit": ""
    }, 
    "charred tomatillo salsa verde (click for recipe; for serving)": {
      "flour": "Safe", 
      "gluten": "no gluten here!", 
      "quantity": "", 
      "substitute": "no substitute needed", 
      "unit": ""
    }, 
    "cilantro sprigs, sliced radishes, and lime wedges (for serving)": {
      "flour": "Safe", 
      "gluten": "no gluten here!", 
      "quantity": "", 
      "substitute": "no substitute needed", 
      "unit": ""
    }, 
    "corn tortillas, warmed (for serving)": {
      "flour": "Safe", 
      "gluten": "no gluten here!", 
      "quantity": "8", 
      "substitute": "no substitute needed", 
      "unit": ""
    }, 
    "cumin seeds, coarsely crushed": {
      "flour": "Safe", 
      "gluten": "no gluten here!", 
      "quantity": "1", 
      "substitute": "no substitute needed", 
      "unit": "tablespoon"
    }, 
    "freshly ground black pepper": {
      "flour": "Safe", 
      "gluten": "no gluten here!", 
      "quantity": "1/2", 
      "substitute": "no substitute needed", 
      "unit": "teaspoon"
    }, 
    "garlic cloves, finely chopped": {
      "flour": "Safe", 
      "gluten": "no gluten here!", 
      "quantity": "2", 
      "substitute": "no substitute needed", 
      "unit": ""
    }, 
    "kosher salt": {
      "flour": "Safe", 
      "gluten": "no gluten here!", 
      "quantity": "1", 
      "substitute": "no substitute needed", 
      "unit": "teaspoon"
    }, 
    "medium onion, cut into wedges, keeping root intact": {
      "flour": "Safe", 
      "gluten": "no gluten here!", 
      "quantity": "1", 
      "substitute": "no substitute needed", 
      "unit": ""
    }, 
    "skinless, boneless chicken thighs": {
      "flour": "Safe", 
      "gluten": "no gluten here!", 
      "quantity": "1", 
      "substitute": "no substitute needed", 
      "unit": "pound"
    }, 
    "vegetable oil": {
      "flour": "Safe", 
      "gluten": "no gluten here!", 
      "quantity": "1", 
      "substitute": "no substitute needed", 
      "unit": "tablespoon"
    }
  }, 
  "instructions": [
    "Prepare grill for medium-high heat. Toss onion, garlic, chicken, cumin, oil, salt, and pepper in a medium bowl. Grill onion and chicken until cooked through and lightly charred, about 4 minutes per side.", 
    "Let chicken rest 5 minutes before slicing. Serve with tortillas, avocados, Charred Tomatillo Salsa Verde, cilantro, radishes, and lime wedges."
  ], 
  "keywords": [
    "Chicken Recipes", 
    "Cilantro", 
    "Cinco De Mayo Food", 
    "Cumin Recipes", 
    "Dinner", 
    "Fathers Day Food", 
    "Fourth Of July", 
    "Grilling Food", 
    "Lime Recipes", 
    "Memorial Day Food", 
    "Mexican Food", 
    "Summer Food"
  ], 
  "name": "Grilled Chicken Tacos", 
  "proteinContent": "", 
  "saturatedFatContent": "", 
  "servings": "Servings: 4", 
  "sodiumContent": "", 
  "sugarContent": "", 
  "url": "http://www.bonappetit.com/recipe/grilled-chicken-tacos"
}