{
  "calories": "", 
  "carbohydrateContent": "", 
  "cholesterolContent": "", 
  "description": "This dish calls for a fish with a fairly firm structure: Line-caught albacore, lingcod, and mahi-mahi are all good options. Or paint a wild salmon fillet with the marinade and proceed. If you have not made The Greenest Tahini Sauce, you could use a spoonful of straight tahini mixed with olive oil as a marinade; try incorporating a bit of lemon zest as well.", 
  "fatContent": "", 
  "fiberContent": "", 
  "image": "http://www.bonappetit.com/wp-content/uploads/2013/12/albacore-brochettes.jpg", 
  "ingredients": {
    "chopped fresh parsley, mint, or dill (for serving; optional)": {
      "flour": "Safe", 
      "gluten": "no gluten here!", 
      "quantity": "", 
      "substitute": "no substitute needed", 
      "unit": ""
    }, 
    "fresh albacore tuna, mahi-mahi, or ono, cut into 1\u00bd\" chunks": {
      "flour": "Safe", 
      "gluten": "no gluten here!", 
      "quantity": "1 1/2", 
      "substitute": "no substitute needed", 
      "unit": "pounds"
    }, 
    "fresh lemon juice": {
      "flour": "Safe", 
      "gluten": "no gluten here!", 
      "quantity": "1", 
      "substitute": "no substitute needed", 
      "unit": "tablespoon"
    }, 
    "kosher salt, freshly ground black pepper": {
      "flour": "Safe", 
      "gluten": "no gluten here!", 
      "quantity": "", 
      "substitute": "no substitute needed", 
      "unit": ""
    }, 
    "lemon wedges (for serving)": {
      "flour": "Safe", 
      "gluten": "no gluten here!", 
      "quantity": "", 
      "substitute": "no substitute needed", 
      "unit": ""
    }, 
    "mustard greens, torn into bite-size pieces": {
      "flour": "Safe", 
      "gluten": "no gluten here!", 
      "quantity": "2", 
      "substitute": "no substitute needed", 
      "unit": "cups"
    }, 
    "olive oil, divided, plus more for pan": {
      "flour": "Safe", 
      "gluten": "no gluten here!", 
      "quantity": "2", 
      "substitute": "no substitute needed", 
      "unit": "teaspoons"
    }, 
    "sesame seeds": {
      "flour": "Safe", 
      "gluten": "no gluten here!", 
      "quantity": "1", 
      "substitute": "no substitute needed", 
      "unit": "tablespoon"
    }, 
    "the greenest tahini sauce": {
      "flour": "Safe", 
      "gluten": "no gluten here!", 
      "quantity": "2", 
      "substitute": "no substitute needed", 
      "unit": "tablespoons"
    }
  }, 
  "instructions": [
    "Special Equipment:Presoaked bamboo skewers", 
    "Heat broiler to high. Lightly oil a rimmed baking sheet.", 
    "Gently toss fish with tahini sauce, sesame seeds, and 1 tsp. oil; season with salt and pepper. Thread onto skewers. Set skewers on baking sheet and broil, turning once, until fish is just barely pink in the center, 6\u20138 minutes (longer for well-done tuna).", 
    "Toss mustard greens with lemon juice and remaining 1 tsp. olive oil; season with salt and pepper. Serve tuna skewers on mustard greens, topped with herbs, if using. Serve with lemon wedges."
  ], 
  "keywords": [
    "Dinner", 
    "Food-Lover's Cleanse 2014", 
    "Healthy Recipes", 
    "Seafood Recipes", 
    "Tuna Recipes"
  ], 
  "name": "Albacore Brochettes", 
  "proteinContent": "", 
  "saturatedFatContent": "", 
  "servings": "Servings: 4 Servings", 
  "sodiumContent": "", 
  "sugarContent": "", 
  "url": "http://www.bonappetit.com/recipe/albacore-brochettes"
}