{
  "calories": "", 
  "carbohydrateContent": "", 
  "cholesterolContent": "", 
  "fatContent": "", 
  "fiberContent": "", 
  "image": "http://www.bonappetit.com/wp-content/uploads/2013/12/escarole-salad-steak-chimichurri-sweet-potatoes.jpg", 
  "ingredients": {
    "chopped fresh flat-leaf parsley leaves": {
      "flour": "Safe", 
      "gluten": "no gluten here!", 
      "quantity": "1/2", 
      "substitute": "no substitute needed", 
      "unit": "cup"
    }, 
    "dried oregano": {
      "flour": "Safe", 
      "gluten": "no gluten here!", 
      "quantity": "1", 
      "substitute": "no substitute needed", 
      "unit": "teaspoon"
    }, 
    "extra-virgin olive oil, plus 2 tsp. olive oil, divided": {
      "flour": "Safe", 
      "gluten": "no gluten here!", 
      "quantity": "1/4", 
      "substitute": "no substitute needed", 
      "unit": "cup"
    }, 
    "finely grated orange zest": {
      "flour": "Safe", 
      "gluten": "no gluten here!", 
      "quantity": "1", 
      "substitute": "no substitute needed", 
      "unit": "teaspoon"
    }, 
    "fresh orange juice": {
      "flour": "Safe", 
      "gluten": "no gluten here!", 
      "quantity": "1", 
      "substitute": "no substitute needed", 
      "unit": "tablespoon"
    }, 
    "hanger steak, center membrane removed, cut into 4 pieces": {
      "flour": "Safe", 
      "gluten": "no gluten here!", 
      "quantity": "1 1/2", 
      "substitute": "no substitute needed", 
      "unit": "pound"
    }, 
    "kosher salt, freshly ground black pepper": {
      "flour": "Safe", 
      "gluten": "no gluten here!", 
      "quantity": "", 
      "substitute": "no substitute needed", 
      "unit": ""
    }, 
    "small garlic clove, grated": {
      "flour": "Safe", 
      "gluten": "no gluten here!", 
      "quantity": "1", 
      "substitute": "no substitute needed", 
      "unit": ""
    }, 
    "vinegar (red wine, cider, or white wine)": {
      "flour": "Safe", 
      "gluten": "no gluten here!", 
      "quantity": "2", 
      "substitute": "no substitute needed", 
      "unit": "teaspoon"
    }
  }, 
  "instructions": [
    "Remove steaks from the refrigerator 30 minutes before cooking.", 
    "Combine garlic, oregano, and orange zest in a medium bowl; using the back of a spoon, crush with \u00be tsp. salt until fragrant. Mix in parsley, orange juice, and vinegar. Slowly whisk in \u00bc cup extra-virgin olive oil until emulsified; season chimichurri with salt and pepper.", 
    "Season steaks all over with salt and pepper. Heat remaining 2 tsp. olive oil in a large skillet over medium-high heat. Add steaks and cook, turning once, until browned and medium-rare, 4\u20136 minutes per side. Let rest at least 10 minutes before slicing against the grain. Reserve 4 oz. steak forSteak and Arugula Salad.", 
    "Serve steaks with chimichurri."
  ], 
  "keywords": [
    "Chimichurri", 
    "Dinner", 
    "Food-Lover's Cleanse 2014", 
    "Healthy Recipes", 
    "Steak Recipes"
  ], 
  "name": "Hanger Steak with Orange-Oregano Chimichurri", 
  "proteinContent": "", 
  "saturatedFatContent": "", 
  "servings": "Servings: 4 servings", 
  "sodiumContent": "", 
  "sugarContent": "", 
  "url": "http://www.bonappetit.com/recipe/hanger-steak-orange-oregano-chimichurri"
}