{
  "calories": "", 
  "carbohydrateContent": "", 
  "cholesterolContent": "", 
  "fatContent": "", 
  "fiberContent": "", 
  "image": "http://www.bonappetit.com/wp-content/uploads/2011/06/grilled-halloumi-with-watermelon-and-basil-mint-oil1.jpg", 
  "ingredients": {
    "8-9-ounce package halloumi cheese, cut crosswise into 8 slices": {
      "flour": "Safe", 
      "gluten": "no gluten here!", 
      "quantity": "1", 
      "substitute": "no substitute needed", 
      "unit": ""
    }, 
    "cherry tomatoes on the vine": {
      "flour": "Safe", 
      "gluten": "no gluten here!", 
      "quantity": "3/4", 
      "substitute": "no substitute needed", 
      "unit": "pound"
    }, 
    "coarsely chopped fresh basil": {
      "flour": "Safe", 
      "gluten": "no gluten here!", 
      "quantity": "1/2", 
      "substitute": "no substitute needed", 
      "unit": "cup"
    }, 
    "coarsely chopped fresh mint plus thinly sliced mint for garnish": {
      "flour": "Safe", 
      "gluten": "no gluten here!", 
      "quantity": "3", 
      "substitute": "no substitute needed", 
      "unit": "tablespoons"
    }, 
    "extra-virgin olive oil plus more for brushing": {
      "flour": "Safe", 
      "gluten": "no gluten here!", 
      "quantity": "1/2", 
      "substitute": "no substitute needed", 
      "unit": "cup"
    }, 
    "garlic clove, coarsely chopped": {
      "flour": "Safe", 
      "gluten": "no gluten here!", 
      "quantity": "1", 
      "substitute": "no substitute needed", 
      "unit": ""
    }, 
    "kosher salt and freshly ground black pepper": {
      "flour": "Safe", 
      "gluten": "no gluten here!", 
      "quantity": "", 
      "substitute": "no substitute needed", 
      "unit": ""
    }, 
    "small triangles thinly sliced watermelon, rind removed": {
      "flour": "Safe", 
      "gluten": "no gluten here!", 
      "quantity": "6", 
      "substitute": "no substitute needed", 
      "unit": ""
    }
  }, 
  "instructions": [
    "Build a medium-hot fire in a charcoal grill, or heat a gas grill to high. Pur\u00e9e basil, 3 tablespoons mint, and garlic in a blender. With machine running, add 1/2 cup oil. Set a strainer over a small bowl; strain, pressing on solids. Season with salt and pepper.", 
    "Brush grill rack with oil. Drizzle 2 tablespoons basil-mint oil over tomatoes and cheese; season with salt and pepper. Grill tomatoes, turning occasionally, until charred and bursting, about 4 minutes. Grill cheese until nicely charred in spots and beginning to melt, about 45 seconds per side.", 
    "Arrange melon on a platter. Top with cheese and tomatoes. Drizzle remaining herb oil over; garnish with sliced mint."
  ], 
  "keywords": [
    "Appetizers", 
    "Basil Recipes", 
    "Cheese Recipes", 
    "Dinner", 
    "Easy Recipes", 
    "Fast Easy Fresh", 
    "Fruit Recipes", 
    "Garlic Recipes", 
    "Halloumi Recipes", 
    "Herb Recipes", 
    "Mediterranean Food", 
    "Mint Recipes", 
    "Tomato Recipes", 
    "Vegetable Recipes", 
    "Watermelon Recipes"
  ], 
  "name": "Grilled Halloumi with Watermelon and Basil-Mint Oil", 
  "proteinContent": "", 
  "saturatedFatContent": "", 
  "servings": "Servings: 4", 
  "sodiumContent": "", 
  "sugarContent": "", 
  "url": "http://www.bonappetit.com/recipe/grilled-halloumi-with-watermelon-and-basil-mint-oil"
}