{
  "calories": "", 
  "carbohydrateContent": "", 
  "cholesterolContent": "", 
  "description": "This cocktail from Ava Gene's, Portland, Oregon, uses fino Sherry, which tends to be light, yeasty, and dry.", 
  "fatContent": "", 
  "fiberContent": "", 
  "image": "http://www.bonappetit.com/wp-content/uploads/2013/08/hey-hey-my-my.jpg", 
  "ingredients": {
    "oz. aperol": {
      "flour": "Safe", 
      "gluten": "no gluten here!", 
      "quantity": "1\u00bd", 
      "substitute": "no substitute needed", 
      "unit": ""
    }, 
    "oz. fino sherry": {
      "flour": "Safe", 
      "gluten": "no gluten here!", 
      "quantity": "\u00be", 
      "substitute": "no substitute needed", 
      "unit": ""
    }, 
    "oz. fresh grapefruit juice": {
      "flour": "Safe", 
      "gluten": "no gluten here!", 
      "quantity": "1", 
      "substitute": "no substitute needed", 
      "unit": ""
    }, 
    "oz. fresh lemon juice": {
      "flour": "Safe", 
      "gluten": "no gluten here!", 
      "quantity": "\u00bd", 
      "substitute": "no substitute needed", 
      "unit": ""
    }, 
    "oz. honey simple syrup": {
      "flour": "Safe", 
      "gluten": "no gluten here!", 
      "quantity": "\u00bc", 
      "substitute": "no substitute needed", 
      "unit": ""
    }
  }, 
  "instructions": [
    "Combine Aperol, Sherry, grapefruit juice, lemon juice, and honey simple syrup (shake 3 Tbsp. honey with 1 Tbsp. hot water; chill) in a cocktail shaker. Fill with ice, cover, and shake until outside of shaker is frosty, about 30 seconds. Strain into a coupe glass."
  ], 
  "keywords": [
    "Aperol", 
    "Ava Gene's", 
    "Cocktails", 
    "Drink Recipes", 
    "Drinks", 
    "Grapefruit Recipes", 
    "Honey Recipes", 
    "Lemon Recipes", 
    "Sherry Drinks"
  ], 
  "name": "Hey Hey, My My", 
  "proteinContent": "", 
  "saturatedFatContent": "", 
  "servings": "Servings: Makes 1", 
  "sodiumContent": "", 
  "sugarContent": "", 
  "url": "http://www.bonappetit.com/recipe/hey-hey-my-my"
}