{
  "calories": "", 
  "carbohydrateContent": "", 
  "cholesterolContent": "", 
  "fatContent": "", 
  "fiberContent": "", 
  "image": "http://www.bonappetit.com/wp-content/uploads/2008/05/grilled_shrimp_satay_with_peaches_and_bok_choy_h.jpg", 
  "ingredients": {
    "(packed) dark brown sugar": {
      "flour": "Safe", 
      "gluten": "no gluten here!", 
      "quantity": "1/3", 
      "substitute": "no substitute needed", 
      "unit": "cup"
    }, 
    "heads of baby bok choy, halved lengthwise": {
      "flour": "Safe", 
      "gluten": "no gluten here!", 
      "quantity": "6", 
      "substitute": "no substitute needed", 
      "unit": ""
    }, 
    "hot chili paste (such as sambal oelek)*": {
      "flour": "Safe", 
      "gluten": "no gluten here!", 
      "quantity": "2 to 3", 
      "substitute": "no substitute needed", 
      "unit": "teaspoons"
    }, 
    "peach nectar, divided": {
      "flour": "Safe", 
      "gluten": "no gluten here!", 
      "quantity": "9", 
      "substitute": "no substitute needed", 
      "unit": "tablespoons"
    }, 
    "peaches or nectarines, each cut into 6 wedges": {
      "flour": "Safe", 
      "gluten": "no gluten here!", 
      "quantity": "3", 
      "substitute": "no substitute needed", 
      "unit": ""
    }, 
    "seasoned rice vinegar": {
      "flour": "Safe", 
      "gluten": "no gluten here!", 
      "quantity": "3", 
      "substitute": "no substitute needed", 
      "unit": "tablespoons"
    }, 
    "smooth natural peanut butter, stirred to combine": {
      "flour": "Safe", 
      "gluten": "no gluten here!", 
      "quantity": "6", 
      "substitute": "no substitute needed", 
      "unit": "tablespoons"
    }, 
    "soy sauce": {
      "flour": "Safe", 
      "gluten": "gluten here!", 
      "quantity": "2", 
      "substitute": "gluten-free tamari", 
      "unit": "tablespoons"
    }, 
    "uncooked large shrimp, peeled, deveined": {
      "flour": "Safe", 
      "gluten": "no gluten here!", 
      "quantity": "16", 
      "substitute": "no substitute needed", 
      "unit": ""
    }
  }, 
  "instructions": [
    "Prepare barbecue (medium-high heat). Whisk first 5 ingredients and 5 tablespoons nectar until smooth; season sauce with pepper.", 
    "Arrange peaches, shrimp, and bok choy on grill. Brush with 4 tablespoons nectar; brush lightly with 1/4 cup sauce. Sprinkle with salt and pepper. Grill until peaches are slightly charred, shrimp are just opaque in center, and bok choy halves are just tender, about 2 minutes per side for peaches and 3 minutes per side for shrimp and bok choy.", 
    "Mound shrimp, bok choy, and peaches on platter. Drizzle with some sauce. Serve with remaining sauce.", 
    "*Available in the Asian foods section of many supermarkets and at Asian markets."
  ], 
  "keywords": [
    "Appetizers", 
    "Asian Food", 
    "Barbecue", 
    "Dinner", 
    "Grilled Seafood Recipes", 
    "Grilling Food", 
    "Indonesian Food", 
    "Peach Recipes", 
    "Sauce Recipes", 
    "Seafood Recipes", 
    "Shrimp", 
    "Skewer And Kebab Recipes", 
    "Spicy", 
    "Summer Food", 
    "Thai Food"
  ], 
  "name": "Grilled Shrimp Satay with Peaches and Bok Choy", 
  "proteinContent": "", 
  "saturatedFatContent": "", 
  "servings": "Servings: Makes 4", 
  "sodiumContent": "", 
  "sugarContent": "", 
  "url": "http://www.bonappetit.com/recipe/grilled-shrimp-satay-with-peaches-and-bok-choy"
}