{
  "calories": "", 
  "carbohydrateContent": "", 
  "cholesterolContent": "", 
  "description": "For this dish from Jiyeon Lee (of Sobban and Heirloom Market BBQ in Atlanta), make sure to buy whole squid; precut rings will slip through your grill grate.", 
  "fatContent": "", 
  "fiberContent": "", 
  "image": "http://www.bonappetit.com/wp-content/uploads/2014/06/grilled-sesame-squid-940x600.jpg", 
  "ingredients": {
    "cleaned squid": {
      "flour": "Safe", 
      "gluten": "no gluten here!", 
      "quantity": "1\u00bd", 
      "substitute": "no substitute needed", 
      "unit": "pound"
    }, 
    "kosher salt and freshly ground black pepper": {
      "flour": "Safe", 
      "gluten": "no gluten here!", 
      "quantity": "", 
      "substitute": "no substitute needed", 
      "unit": ""
    }, 
    "toasted sesame oil": {
      "flour": "Safe", 
      "gluten": "no gluten here!", 
      "quantity": "2", 
      "substitute": "no substitute needed", 
      "unit": "tablespoons"
    }, 
    "vegetable oil (for grilling)": {
      "flour": "Safe", 
      "gluten": "no gluten here!", 
      "quantity": "", 
      "substitute": "no substitute needed", 
      "unit": ""
    }
  }, 
  "instructions": [
    "Prepare grill for high heat; oil grate with vegetable oil. Toss squid with sesame oil in a large bowl; season with salt and pepper.", 
    "Grill squid, turning occasionally, until lightly charred and cooked through, about 3 minutes. Cut bodies crosswise into thin rings for serving, if desired."
  ], 
  "keywords": [
    "Grilling Food", 
    "Korean Food", 
    "korean grilling recipes", 
    "Sesame Recipes", 
    "Squid Recipes"
  ], 
  "name": "Grilled Sesame Squid", 
  "proteinContent": "", 
  "saturatedFatContent": "", 
  "servings": "Servings: 4", 
  "sodiumContent": "", 
  "sugarContent": "", 
  "url": "http://www.bonappetit.com/recipe/grilled-sesame-squid"
}