{
  "calories": "", 
  "carbohydrateContent": "", 
  "cholesterolContent": "", 
  "fatContent": "", 
  "fiberContent": "", 
  "image": "http://www.bonappetit.com/wp-content/uploads/2008/04/gingerbread-truffles-646.jpg", 
  "ingredients": {
    "": {
      "flour": "Safe", 
      "gluten": "no gluten here!", 
      "quantity": "", 
      "substitute": "no substitute needed", 
      "unit": ""
    }, 
    "chopped crystallized ginger plus aditional for garnish": {
      "flour": "Safe", 
      "gluten": "no gluten here!", 
      "quantity": "1/2", 
      "substitute": "no substitute needed", 
      "unit": "cup"
    }, 
    "grated peeled fresh ginger": {
      "flour": "Safe", 
      "gluten": "no gluten here!", 
      "quantity": "1 1/2", 
      "substitute": "no substitute needed", 
      "unit": "teaspoons"
    }, 
    "ground cinnamon": {
      "flour": "Safe", 
      "gluten": "no gluten here!", 
      "quantity": "1/2", 
      "substitute": "no substitute needed", 
      "unit": "teaspoon"
    }, 
    "mild-flavored (light) molasses": {
      "flour": "Safe", 
      "gluten": "no gluten here!", 
      "quantity": "1", 
      "substitute": "no substitute needed", 
      "unit": "tablespoon"
    }, 
    "pinch of salt": {
      "flour": "Safe", 
      "gluten": "no gluten here!", 
      "quantity": "", 
      "substitute": "no substitute needed", 
      "unit": ""
    }, 
    "plus 12 ounces bittersweet (not unsweetened) or semisweet chocolate, chopped": {
      "flour": "Safe", 
      "gluten": "no gluten here!", 
      "quantity": "7", 
      "substitute": "no substitute needed", 
      "unit": "ounces"
    }, 
    "plus 12 ounces high-quality white chocolate (such as lindt or perugina), chopped": {
      "flour": "Safe", 
      "gluten": "no gluten here!", 
      "quantity": "7", 
      "substitute": "no substitute needed", 
      "unit": "ounces"
    }, 
    "whipping cream": {
      "flour": "Safe", 
      "gluten": "no gluten here!", 
      "quantity": "3/4", 
      "substitute": "no substitute needed", 
      "unit": "cup"
    }, 
    "whole allspice": {
      "flour": "Safe", 
      "gluten": "no gluten here!", 
      "quantity": "10", 
      "substitute": "no substitute needed", 
      "unit": ""
    }, 
    "whole cloves": {
      "flour": "Safe", 
      "gluten": "no gluten here!", 
      "quantity": "10", 
      "substitute": "no substitute needed", 
      "unit": ""
    }
  }, 
  "instructions": [
    "Bring first 7 ingredients just to boil in heavy medium saucepan; remove from heat and let steep 1 hour.", 
    "Combine 7 ounces bittersweet chocolate and 7 ounces white chocolate in large metal bowl set over saucepan of simmering water; stir until chocolate is melted and smooth. Remove bowl from over water. Strain cream mixture into chocolate; stir to blend. Stir in 1/2 cup chopped crystallized ginger. Chill filling until firm, at least 3 hours.", 
    "Line baking sheet with parchment. Using 1-inch melon baller, scoop filling and roll between palms to form balls. Place on parchment. Chill truffles at least 2 hours.", 
    "Line another sheet with parchment. Place 12 ounces bittersweet chocolate in medium metal bowl set over saucepan of simmering water; stir until chocolate is melted and smooth. Remove bowl from over water. Cool until thermometer inserted into chocolate registers 115\u00b0F. Quickly submerge 1 truffle in chocolate. Using fork, lift out truffle and tap fork against side of bowl so excess coating drips off. Using knife, slide truffle off fork and onto prepared sheet. Repeat with remaining truffles. Chill until set.", 
    "Line another baking sheet with parchment. Place 12 ounces white chocolate in another medium metal bowl set over saucepan of simmering water; stir until melted and smooth. Remove bowl from over water. Cool until thermometer inserted into chocolate registers 100\u00b0F. Hold 1 truffle between thumb and index finger; dip halfway into white chocolate. Place on prepared sheet. Repeat with remaining truffles. If desired, press small pieces of crystallized ginger atop truffles. Chill until firm, about 30 minutes. DO AHEAD Can be made 1 week ahead. Cover; keep chilled."
  ], 
  "keywords": [
    "Allspice", 
    "Chocolate Recipes", 
    "Christmas Food", 
    "Cinnamon Recipes", 
    "Clove", 
    "Dessert", 
    "Desserts", 
    "Engagement Food", 
    "Fall Food", 
    "French Food", 
    "Ginger Recipes", 
    "Gingerbread", 
    "Molasses Recipes", 
    "Party Food", 
    "Shower Food", 
    "Spice Recipes", 
    "Wedding Food", 
    "Weddings", 
    "Winter Food"
  ], 
  "name": "Gingerbread Truffles", 
  "proteinContent": "", 
  "saturatedFatContent": "", 
  "servings": "Servings: Makes about 2 dozen", 
  "sodiumContent": "", 
  "sugarContent": "", 
  "url": "http://www.bonappetit.com/recipe/gingerbread-truffles"
}