{
  "calories": "", 
  "carbohydrateContent": "", 
  "cholesterolContent": "", 
  "fatContent": "", 
  "fiberContent": "", 
  "image": "http://www.bonappetit.com/wp-content/uploads/2003/12/herbed-chicken-chutney-salad-on-lettuce-leaves-940x600.jpg", 
  "ingredients": {
    "1/4-inch dice skinless cooked chicken": {
      "flour": "Safe", 
      "gluten": "no gluten here!", 
      "quantity": "2", 
      "substitute": "no substitute needed", 
      "unit": "cups"
    }, 
    "3 1/2-inch-long pieces hearts of romaine lettuce": {
      "flour": "Safe", 
      "gluten": "no gluten here!", 
      "quantity": "24", 
      "substitute": "no substitute needed", 
      "unit": ""
    }, 
    "chopped fresh cilantro": {
      "flour": "Safe", 
      "gluten": "no gluten here!", 
      "quantity": "5", 
      "substitute": "no substitute needed", 
      "unit": "tablespoons"
    }, 
    "chopped walnuts": {
      "flour": "Safe", 
      "gluten": "no gluten here!", 
      "quantity": "6", 
      "substitute": "no substitute needed", 
      "unit": "tablespoons"
    }, 
    "finely chopped celery": {
      "flour": "Safe", 
      "gluten": "no gluten here!", 
      "quantity": "1/4", 
      "substitute": "no substitute needed", 
      "unit": "cup"
    }, 
    "finely chopped red bell pepper": {
      "flour": "Safe", 
      "gluten": "no gluten here!", 
      "quantity": "1/4", 
      "substitute": "no substitute needed", 
      "unit": "cup"
    }, 
    "fresh lime juice": {
      "flour": "Safe", 
      "gluten": "no gluten here!", 
      "quantity": "2", 
      "substitute": "no substitute needed", 
      "unit": "tablespoons"
    }, 
    "lime wedges": {
      "flour": "Safe", 
      "gluten": "no gluten here!", 
      "quantity": "", 
      "substitute": "no substitute needed", 
      "unit": ""
    }, 
    "mango chutney, large pieces chopped": {
      "flour": "Safe", 
      "gluten": "no gluten here!", 
      "quantity": "1/4", 
      "substitute": "no substitute needed", 
      "unit": "cup"
    }, 
    "mayonnaise": {
      "flour": "Safe", 
      "gluten": "no gluten here!", 
      "quantity": "1/2", 
      "substitute": "no substitute needed", 
      "unit": "cup"
    }
  }, 
  "instructions": [
    "Whisk mayonnaise, chutney, and lime juice in large bowl. Mix in chicken, walnuts, 2 tablespoons cilantro, celery, and red bell pepper. DO AHEAD Chicken salad can be made 4 hours ahead. Cover and refrigerate.", 
    "Place lettuce leaves on platter. Spoon 1 heaping tablespoonful chicken salad in center of each leaf. Sprinkle remaining 3 tablespoons cilantro over and serve with lime wedges alongside.", 
    "If using purchased roast chicken, avoid spicy or highly seasoned varieties."
  ], 
  "keywords": [
    "Appetizers", 
    "Bell Pepper Recipes", 
    "Celery", 
    "Chicken Recipes", 
    "Christmas Food", 
    "Cilantro", 
    "Citrus Recipes", 
    "Cocktail Party", 
    "Condiments", 
    "Dinner", 
    "Dinner Party Food", 
    "Lime Juice Recipes", 
    "Lunch", 
    "Mayonnaise Recipes", 
    "Walnut Recipes"
  ], 
  "name": "Herbed Chicken-Chutney Salad on Lettuce Leaves", 
  "proteinContent": "", 
  "saturatedFatContent": "", 
  "servings": "Servings: Makes 24", 
  "sodiumContent": "", 
  "sugarContent": "", 
  "url": "http://www.bonappetit.com/recipe/herbed-chicken-chutney-salad-on-lettuce-leaves"
}