{
  "calories": "", 
  "carbohydrateContent": "", 
  "cholesterolContent": "", 
  "fatContent": "", 
  "fiberContent": "", 
  "image": "http://www.bonappetit.com/wp-content/uploads/2013/01/feta-dip-with-radishes-646.jpg", 
  "ingredients": {
    "chopped fresh dill": {
      "flour": "Safe", 
      "gluten": "no gluten here!", 
      "quantity": "3", 
      "substitute": "no substitute needed", 
      "unit": "tablespoons"
    }, 
    "crumbled feta (about 7 oz.)": {
      "flour": "Safe", 
      "gluten": "no gluten here!", 
      "quantity": "1 1/2", 
      "substitute": "no substitute needed", 
      "unit": "cups"
    }, 
    "extra-virgin olive oil": {
      "flour": "Safe", 
      "gluten": "no gluten here!", 
      "quantity": "2", 
      "substitute": "no substitute needed", 
      "unit": "tablespoons"
    }, 
    "freshly grated lemon zest": {
      "flour": "Safe", 
      "gluten": "no gluten here!", 
      "quantity": "1/2", 
      "substitute": "no substitute needed", 
      "unit": "teaspoon"
    }, 
    "garlic cloves, minced": {
      "flour": "Safe", 
      "gluten": "no gluten here!", 
      "quantity": "2", 
      "substitute": "no substitute needed", 
      "unit": ""
    }, 
    "pine nuts": {
      "flour": "Safe", 
      "gluten": "no gluten here!", 
      "quantity": "3", 
      "substitute": "no substitute needed", 
      "unit": "tablespoons"
    }, 
    "sour cream": {
      "flour": "Safe", 
      "gluten": "no gluten here!", 
      "quantity": "1/4", 
      "substitute": "no substitute needed", 
      "unit": "cup"
    }, 
    "thinly sliced watermelon radishes": {
      "flour": "Safe", 
      "gluten": "no gluten here!", 
      "quantity": "", 
      "substitute": "no substitute needed", 
      "unit": ""
    }, 
    "whole milk": {
      "flour": "Safe", 
      "gluten": "no gluten here!", 
      "quantity": "1/4", 
      "substitute": "no substitute needed", 
      "unit": "cup"
    }
  }, 
  "instructions": [
    "Heat oil in a small skillet over medium-high heat. Add pine nuts and stir until nuts are golden, 2\u20133 minutes. Let cool completely.", 
    "Pur\u00e9e feta, milk, sour cream, dill, garlic, and lemon zest in a food processor until smooth. Scrape dip into a bowl. Scatter pine nuts over, drizzling with any oil from skillet. Serve with watermelon radishes for dipping."
  ], 
  "keywords": [
    "Appetizers", 
    "Cheese Recipes", 
    "Dip Recipes", 
    "Feta Recipes", 
    "Radish Recipes"
  ], 
  "name": "Feta Dip with Watermelon Radishes", 
  "proteinContent": "", 
  "saturatedFatContent": "", 
  "servings": "Servings: Makes about 1 1/2 cups", 
  "sodiumContent": "", 
  "sugarContent": "", 
  "url": "http://www.bonappetit.com/recipe/feta-dip-with-watermelon-radishes"
}