{
  "calories": "Calories (kcal) 360", 
  "carbohydrateContent": "Carbohydrates (g) 39", 
  "cholesterolContent": "Cholesterol (mg) 60", 
  "description": "The Giant Bean Succotash is the ideal way to use up summer\u2019s bounty.", 
  "fatContent": "Fat (g) 19", 
  "fiberContent": "Dietary Fiber (g) 9", 
  "image": "http://www.bonappetit.com/wp-content/uploads/2013/08/giant-bean-succotash-md-940.jpg", 
  "ingredients": {
    "celery stalk, chopped": {
      "flour": "Safe", 
      "gluten": "no gluten here!", 
      "quantity": "1", 
      "substitute": "no substitute needed", 
      "unit": ""
    }, 
    "corn kernels (from about 6 ears)": {
      "flour": "Safe", 
      "gluten": "no gluten here!", 
      "quantity": "6", 
      "substitute": "no substitute needed", 
      "unit": "cups"
    }, 
    "dried gigante, corona, or large lima beans, soaked overnight, drained, or two 15-ounce cans butter beans, drained": {
      "flour": "Safe", 
      "gluten": "no gluten here!", 
      "quantity": "1", 
      "substitute": "no substitute needed", 
      "unit": "cup"
    }, 
    "fresh thyme leaves (for serving)": {
      "flour": "Safe", 
      "gluten": "no gluten here!", 
      "quantity": "", 
      "substitute": "no substitute needed", 
      "unit": ""
    }, 
    "freshly ground black pepper": {
      "flour": "Safe", 
      "gluten": "no gluten here!", 
      "quantity": "", 
      "substitute": "no substitute needed", 
      "unit": ""
    }, 
    "garlic cloves, thinly sliced": {
      "flour": "Safe", 
      "gluten": "no gluten here!", 
      "quantity": "2", 
      "substitute": "no substitute needed", 
      "unit": ""
    }, 
    "heavy cream": {
      "flour": "Safe", 
      "gluten": "no gluten here!", 
      "quantity": "1", 
      "substitute": "no substitute needed", 
      "unit": "cup"
    }, 
    "kosher salt": {
      "flour": "Safe", 
      "gluten": "no gluten here!", 
      "quantity": "", 
      "substitute": "no substitute needed", 
      "unit": ""
    }, 
    "medium onion, chopped": {
      "flour": "Safe", 
      "gluten": "no gluten here!", 
      "quantity": "1", 
      "substitute": "no substitute needed", 
      "unit": ""
    }, 
    "slices bacon, cut into \u00bc&rdquo; pieces": {
      "flour": "Safe", 
      "gluten": "no gluten here!", 
      "quantity": "4", 
      "substitute": "no substitute needed", 
      "unit": ""
    }, 
    "vegetable oil": {
      "flour": "Safe", 
      "gluten": "no gluten here!", 
      "quantity": "2", 
      "substitute": "no substitute needed", 
      "unit": "teaspoon"
    }
  }, 
  "instructions": [
    "If using dried beans, place in a large pot and add water to cover by 2&rdquo;. Bring to a boil, reduce heat, and simmer, stirring occasionally and adding more water as needed, until beans are tender, 1\u00bd\u20132 hours; season with salt. Let cool; drain.", 
    "Heat oil in a large skillet over medium heat; add bacon and cook, stirring often, until brown and crisp, 8\u201310 minutes. Add onion and garlic and cook, stirring often, until soft, 5\u20138 minutes. Add celery and corn and cook, stirring often, until soft, about 4 minutes.", 
    "Add cream and bring to a boil; reduce heat and simmer, stirring often, until reduced by half, about 3 minutes. Add beans and cook until warmed through, about 2 minutes; season with salt and pepper. Top with thyme."
  ], 
  "keywords": [
    "Bacon Recipes", 
    "Bean Recipes", 
    "Celery", 
    "Corn Recipes", 
    "Lima Bean Recipes", 
    "Rsvp", 
    "Summer Food", 
    "Thyme Recipes"
  ], 
  "name": "Giant Bean Succotash", 
  "proteinContent": "Protein (g) 12", 
  "saturatedFatContent": "Saturated Fat (g) 10", 
  "servings": "Servings: 6", 
  "sodiumContent": "Sodium (mg) 220", 
  "sugarContent": "Total Sugars (g) 4", 
  "url": "http://www.bonappetit.com/recipe/giant-bean-succotash"
}