{
  "calories": "Calories (kcal) 90.5", 
  "carbohydrateContent": "Carbohydrates (g) 23.9", 
  "cholesterolContent": "Cholesterol (mg) 0", 
  "fatContent": "Fat (g) 0.0", 
  "fiberContent": "Dietary Fiber (g) 1.2", 
  "image": "http://www.bonappetit.com/wp-content/uploads/2011/12/grapefruit-brulee-940x600.jpg", 
  "ingredients": {
    "grapefruits, halved crosswise": {
      "flour": "Safe", 
      "gluten": "no gluten here!", 
      "quantity": "2", 
      "substitute": "no substitute needed", 
      "unit": ""
    }, 
    "raw sugar": {
      "flour": "Safe", 
      "gluten": "no gluten here!", 
      "quantity": "4", 
      "substitute": "no substitute needed", 
      "unit": "tablespoons"
    }
  }, 
  "instructions": [
    "Trim 1/4\u20131/2\" of peel from bottom of each grapefruit half to stabilize the fruit and prevent it from rocking back and forth. Place grapefruit, cut side down, on paper towels to dry for 5 minutes. Invert grapefruit and sprinkle 1 Tbsp. sugar evenly over exposed flesh of each grapefruit half. Using a kitchen torch, heat sugar until melted and beginning to turn dark amber.", 
    "Alternatively, preheat broiler. Transfer grapefruit, cut side up, to a rimmed baking sheet lined with foil. Broil grapefruit, watching closely to prevent burning, until the sugar is melted and beginning to turn dark amber, about 8 minutes. Let grapefruit cool before serving."
  ], 
  "keywords": [
    "Brulee", 
    "Citrus", 
    "Citrus Supreme Recipes", 
    "Dessert", 
    "Grapefruit Recipes"
  ], 
  "name": "Grapefruit Br\u00fbl\u00e9e", 
  "proteinContent": "Protein (g) 0.6", 
  "saturatedFatContent": "Saturated Fat (g) 0.0", 
  "servings": "Servings: 4", 
  "sodiumContent": "Sodium (mg) 1.2", 
  "sugarContent": "Total Sugars (g) 12.0", 
  "url": "http://www.bonappetit.com/recipe/grapefruit-brulee"
}