{
  "calories": "", 
  "carbohydrateContent": "", 
  "cholesterolContent": "", 
  "fatContent": "", 
  "fiberContent": "", 
  "image": "http://www.bonappetit.com/wp-content/uploads/2004/04/flourless-chocolate-orange-almond-cake1-940x600.jpg", 
  "ingredients": {
    "bittersweet (not unsweetened) or semisweet chocolate, coarsely chopped": {
      "flour": "Safe", 
      "gluten": "no gluten here!", 
      "quantity": "6", 
      "substitute": "no substitute needed", 
      "unit": "ounces"
    }, 
    "chocolate-orange sorbet": {
      "flour": "Safe", 
      "gluten": "no gluten here!", 
      "quantity": "", 
      "substitute": "no substitute needed", 
      "unit": ""
    }, 
    "grated orange peel": {
      "flour": "Safe", 
      "gluten": "no gluten here!", 
      "quantity": "2", 
      "substitute": "no substitute needed", 
      "unit": "teaspoons"
    }, 
    "large eggs, separated": {
      "flour": "Safe", 
      "gluten": "no gluten here!", 
      "quantity": "6", 
      "substitute": "no substitute needed", 
      "unit": ""
    }, 
    "orange juice": {
      "flour": "Safe", 
      "gluten": "no gluten here!", 
      "quantity": "1/2", 
      "substitute": "no substitute needed", 
      "unit": "cup"
    }, 
    "pareve kosher-for-passover margarine, melted": {
      "flour": "Safe", 
      "gluten": "no gluten here!", 
      "quantity": "", 
      "substitute": "no substitute needed", 
      "unit": ""
    }, 
    "salt": {
      "flour": "Safe", 
      "gluten": "no gluten here!", 
      "quantity": "1/4", 
      "substitute": "no substitute needed", 
      "unit": "teaspoon"
    }, 
    "sugar, divided": {
      "flour": "Safe", 
      "gluten": "no gluten here!", 
      "quantity": "1", 
      "substitute": "no substitute needed", 
      "unit": "cup"
    }, 
    "unsweetened cocoa powder": {
      "flour": "Safe", 
      "gluten": "no gluten here!", 
      "quantity": "1/2", 
      "substitute": "no substitute needed", 
      "unit": "cup"
    }, 
    "vanilla bean, split lengthwise": {
      "flour": "Safe", 
      "gluten": "no gluten here!", 
      "quantity": "1", 
      "substitute": "no substitute needed", 
      "unit": ""
    }, 
    "whole almonds (6 to 7 ounces)": {
      "flour": "Safe", 
      "gluten": "no gluten here!", 
      "quantity": "1 1/4", 
      "substitute": "no substitute needed", 
      "unit": "cups"
    }
  }, 
  "instructions": [
    "Preheat oven to 350\u00b0F. Brush bottom of 10-inch-diameter springform pan generously with margarine. Blend almonds and 1/4 cup sugar in processor until almonds are finely ground. Add chocolate; blend until chocolate is finely ground, scraping sides and bottom of bowl occasionally.", 
    "Whisk cocoa, orange juice, and orange peel in small bowl until smooth. Combine egg yolks and 1/2 cup plus 2 tablespoons sugar in large bowl. Scrape in seeds from vanilla bean. Using electric mixer, beat until yolk mixture is very thick, about 4 minutes. Beat in cocoa mixture. Fold in ground-almond mixture. Using clean dry beaters, beat egg whites and salt in another large bowl until soft peaks form. Gradually add 2 tablespoons sugar, beating until whites are stiff but not dry. Fold whites into chocolate batter in 3 additions. Transfer to prepared pan.", 
    "Bake cake until tester inserted into center comes out clean, about 40 minutes. Cool cake completely in pan on rack. DO AHEAD Can be made 1 day ahead. Cover with foil; store at room temperature.", 
    "Cut around cake in pan; release sides. Cut cake into wedges. Transfer to plates. Place scoop of sorbet alongside."
  ], 
  "keywords": [
    "Almond", 
    "Almonds", 
    "Cake", 
    "Cake Recipes", 
    "Chocolate", 
    "Chocolate Recipes", 
    "Dessert", 
    "Desserts", 
    "Dinner", 
    "Egg", 
    "Jewish", 
    "Jewish Food", 
    "Kosher", 
    "Large Group", 
    "Nut", 
    "Nuts", 
    "Orange", 
    "Passover", 
    "Passover Food", 
    "Seder Food", 
    "Sorbet", 
    "Vanilla"
  ], 
  "name": "Flourless Chocolate-Orange Almond Cake", 
  "proteinContent": "", 
  "saturatedFatContent": "", 
  "servings": "Servings: Makes 8 to 10", 
  "sodiumContent": "", 
  "sugarContent": "", 
  "url": "http://www.bonappetit.com/recipe/flourless-chocolate-orange-almond-cake"
}