{
  "calories": "", 
  "carbohydrateContent": "", 
  "cholesterolContent": "", 
  "fatContent": "", 
  "fiberContent": "", 
  "image": "http://www.bonappetit.com/wp-content/uploads/2012/10/grill-roasted-turkey1-940x600.jpg", 
  "ingredients": {
    "12-14-lb. turkey, giblets and neck removed, brined (click for recipe), at room temperature for 1 hour": {
      "flour": "Safe", 
      "gluten": "no gluten here!", 
      "quantity": "1", 
      "substitute": "no substitute needed", 
      "unit": ""
    }, 
    "a charcoal chimney; 2 cups wood chips, soaked in water for at least 2 hours (optional)": {
      "flour": "Safe", 
      "gluten": "no gluten here!", 
      "quantity": "", 
      "substitute": "no substitute needed", 
      "unit": ""
    }, 
    "apple, cored, quartered": {
      "flour": "Safe", 
      "gluten": "no gluten here!", 
      "quantity": "1", 
      "substitute": "no substitute needed", 
      "unit": ""
    }, 
    "kosher salt and freshly ground black pepper": {
      "flour": "Safe", 
      "gluten": "no gluten here!", 
      "quantity": "", 
      "substitute": "no substitute needed", 
      "unit": ""
    }, 
    "orange, quartered": {
      "flour": "Safe", 
      "gluten": "no gluten here!", 
      "quantity": "1", 
      "substitute": "no substitute needed", 
      "unit": ""
    }, 
    "red onion, peeled, quartered": {
      "flour": "Safe", 
      "gluten": "no gluten here!", 
      "quantity": "1", 
      "substitute": "no substitute needed", 
      "unit": ""
    }, 
    "unsalted butter, room temperature": {
      "flour": "Safe", 
      "gluten": "no gluten here!", 
      "quantity": "2", 
      "substitute": "no substitute needed", 
      "unit": "tablespoons"
    }
  }, 
  "instructions": [
    "Place a large disposable aluminum pan in the bottom of a charcoal grill; add 2 cups water to pan. Fill a charcoal chimney with charcoal; light.", 
    "Pat turkey dry with paper towels. Place apple, orange, and onion in cavity. Tie legs with  kitchen twine. Rub bird inside and out with butter. Season skin lightly with salt and pepper.", 
    "When coals are covered with ash, spread half on either side of disposable pan. Set top grate on grill. Place turkey on grate over pan (do not allow any part of turkey to sit over coals). Cover grill. Insert stem of an instant-read thermometer into hole in hood. Maintain temperature as close as possible to 350\u00b0 by opening vents to increase temperature and closing vents to reduce it, lifting grate with turkey to replenish coals as needed using charcoal chimney. If using wood chips, scatter a handful of drained chips over charcoal every 30 minutes.", 
    "Cook turkey, rotating every hour for even browning (lift the grate with the turkey on it; rotate grate 180 degrees), until an instant-read thermometer inserted into thickest part of the thigh without touching bone registers 165\u00b0 (juices should run clear when thermometer is removed), about 2 3/4 hours.", 
    "Transfer turkey to a platter. Tent with foil and let rest for 1 hour before carving.", 
    ""
  ], 
  "keywords": [
    "Apple", 
    "Dinner", 
    "Dinner Party Food", 
    "Orange Recipes", 
    "Poultry Recipes", 
    "Thanksgiving", 
    "Thanksgiving Users Manual", 
    "Turkey Recipes"
  ], 
  "name": "Grill-Roasted Turkey", 
  "proteinContent": "", 
  "saturatedFatContent": "", 
  "servings": "Servings: 8-10", 
  "sodiumContent": "", 
  "sugarContent": "", 
  "url": "http://www.bonappetit.com/recipe/grill-roasted-turkey"
}