{
  "calories": "", 
  "carbohydrateContent": "", 
  "cholesterolContent": "", 
  "fatContent": "", 
  "fiberContent": "", 
  "image": "http://www.bonappetit.com/wp-content/uploads/2010/06/fruit-smoothie.jpg", 
  "ingredients": {
    "agave syrup (nectar)": {
      "flour": "Safe", 
      "gluten": "no gluten here!", 
      "quantity": "1", 
      "substitute": "no substitute needed", 
      "unit": "tablespoon"
    }, 
    "grapefruit, peeled, quartered": {
      "flour": "Safe", 
      "gluten": "no gluten here!", 
      "quantity": "1", 
      "substitute": "no substitute needed", 
      "unit": ""
    }, 
    "orange, peeled, halved": {
      "flour": "Safe", 
      "gluten": "no gluten here!", 
      "quantity": "1", 
      "substitute": "no substitute needed", 
      "unit": ""
    }, 
    "peaches, peeled, halved, pitted": {
      "flour": "Safe", 
      "gluten": "no gluten here!", 
      "quantity": "2", 
      "substitute": "no substitute needed", 
      "unit": ""
    }, 
    "plain whole-milk yogurt": {
      "flour": "Safe", 
      "gluten": "no gluten here!", 
      "quantity": "1/2", 
      "substitute": "no substitute needed", 
      "unit": "cup"
    }, 
    "strawberries, hulled": {
      "flour": "Safe", 
      "gluten": "no gluten here!", 
      "quantity": "8", 
      "substitute": "no substitute needed", 
      "unit": ""
    }, 
    "very ripe frozen banana, peeled, chopped": {
      "flour": "Safe", 
      "gluten": "no gluten here!", 
      "quantity": "1", 
      "substitute": "no substitute needed", 
      "unit": ""
    }
  }, 
  "instructions": [
    "Combine all ingredients in a blender and process until very smooth, about 45 seconds. Divide among glasses."
  ], 
  "keywords": [
    "Agave", 
    "Banana", 
    "Berry Recipes", 
    "Breakfast", 
    "Citrus Recipes", 
    "Dairy Recipes", 
    "Drink Recipes Non-Alcoholic", 
    "Fruit Recipes", 
    "Good Health", 
    "Grapefruit Recipes", 
    "Healthy Recipes", 
    "High Fiber", 
    "Low Cal Recipes", 
    "Low Fat Recipes", 
    "Orange Recipes", 
    "Peach Recipes", 
    "Smoothie Recipes", 
    "Snack", 
    "Stone Fruit Recipes", 
    "Strawberries Recipes", 
    "Yogurt Recipes"
  ], 
  "name": "Fruit Smoothie", 
  "proteinContent": "", 
  "saturatedFatContent": "", 
  "servings": "", 
  "sodiumContent": "", 
  "sugarContent": "", 
  "url": "http://www.bonappetit.com/recipe/fruit-smoothie"
}