{
  "calories": "", 
  "carbohydrateContent": "", 
  "cholesterolContent": "", 
  "fatContent": "", 
  "fiberContent": "", 
  "image": "http://www.bonappetit.com/wp-content/uploads/2011/08/honey-rye.jpg", 
  "ingredients": {
    "ginger ale": {
      "flour": "Safe", 
      "gluten": "no gluten here!", 
      "quantity": "", 
      "substitute": "no substitute needed", 
      "unit": ""
    }, 
    "honey liqueur (such as b\u00e4renj\u00e4ger)": {
      "flour": "Safe", 
      "gluten": "no gluten here!", 
      "quantity": "3", 
      "substitute": "no substitute needed", 
      "unit": "tablespoons"
    }, 
    "orange bitters": {
      "flour": "Safe", 
      "gluten": "no gluten here!", 
      "quantity": "1/4", 
      "substitute": "no substitute needed", 
      "unit": "teaspoon"
    }, 
    "orange twists": {
      "flour": "Safe", 
      "gluten": "no gluten here!", 
      "quantity": "2", 
      "substitute": "no substitute needed", 
      "unit": ""
    }, 
    "rye whiskey": {
      "flour": "Safe", 
      "gluten": "no gluten here!", 
      "quantity": "5", 
      "substitute": "no substitute needed", 
      "unit": "tablespoons"
    }
  }, 
  "instructions": [
    "Fill 2 Old Fashioned glasses with ice. Divide rye, honey liqueur, and bitters between glasses. Stir for 5 seconds. Top with a splash of ginger ale. Garnish with orange twists."
  ], 
  "keywords": [
    "Drink Recipes Alcoholic", 
    "Drinks", 
    "Rsvp", 
    "Whiskey Recipes"
  ], 
  "name": "Honey Rye", 
  "proteinContent": "", 
  "saturatedFatContent": "", 
  "servings": "Servings: Makes 2", 
  "sodiumContent": "", 
  "sugarContent": "", 
  "url": "http://www.bonappetit.com/recipe/honey-rye"
}