{
  "calories": "Calories (kcal) 1060", 
  "carbohydrateContent": "Carbohydrates (g) 56", 
  "cholesterolContent": "Cholesterol (mg) 185", 
  "fatContent": "Fat (g) 75", 
  "fiberContent": "Dietary Fiber (g) 4", 
  "image": "http://www.bonappetit.com/wp-content/uploads/2013/09/gruyere-grilled-cheese-with-apple-salad-940.jpg", 
  "ingredients": {
    "1/2-inch-thick slices country-style white bread": {
      "flour": "Safe", 
      "gluten": "gluten here!", 
      "quantity": "4", 
      "substitute": "gluten-free bread", 
      "unit": ""
    }, 
    "1/4-inch-thick sliced shallots": {
      "flour": "Safe", 
      "gluten": "no gluten here!", 
      "quantity": "3/4", 
      "substitute": "no substitute needed", 
      "unit": "cup"
    }, 
    "apple (such as pink lady or fuji), cut into 1/4-inch slices": {
      "flour": "Safe", 
      "gluten": "no gluten here!", 
      "quantity": "1/2", 
      "substitute": "no substitute needed", 
      "unit": ""
    }, 
    "arugula": {
      "flour": "Safe", 
      "gluten": "no gluten here!", 
      "quantity": "2", 
      "substitute": "no substitute needed", 
      "unit": "cups"
    }, 
    "extra-virgin olive oil": {
      "flour": "Safe", 
      "gluten": "no gluten here!", 
      "quantity": "2", 
      "substitute": "no substitute needed", 
      "unit": "tablespoons"
    }, 
    "fresh lemon juice": {
      "flour": "Safe", 
      "gluten": "no gluten here!", 
      "quantity": "2", 
      "substitute": "no substitute needed", 
      "unit": "tablespoons"
    }, 
    "fresh thyme leaves": {
      "flour": "Safe", 
      "gluten": "no gluten here!", 
      "quantity": "1", 
      "substitute": "no substitute needed", 
      "unit": "teaspoon"
    }, 
    "gruy\u00e8re, sliced 1/8-inch thick": {
      "flour": "Safe", 
      "gluten": "no gluten here!", 
      "quantity": "8", 
      "substitute": "no substitute needed", 
      "unit": "ounces"
    }, 
    "kosher salt and freshly ground black pepper": {
      "flour": "Safe", 
      "gluten": "no gluten here!", 
      "quantity": "", 
      "substitute": "no substitute needed", 
      "unit": ""
    }, 
    "unsalted butter, divided": {
      "flour": "Safe", 
      "gluten": "no gluten here!", 
      "quantity": "4", 
      "substitute": "no substitute needed", 
      "unit": "tablespoons"
    }
  }, 
  "instructions": [
    "Preheat oven to 400\u00b0. Heat 2 Tbsp. butter in a small saucepan over high heat. When butter begins to foam, add shallots and thyme; season with salt and pepper. Cook, stirring continuously with a wooden spoon or spatula, until shallots begin to soften and caramelize, 4\u20135 minutes; remove from heat and set aside.", 
    "Heat a large heavy-bottomed skillet over medium heat. Working in 2 batches, add  1 Tbsp. butter and swirl in pan to melt butter and coat bottom of pan. Add 2 slices of bread to pan and cook until golden brown and crisp on the bottom, 2\u20133 minutes. Transfer bread, toasted side down,  to a rimmed baking sheet. Repeat with remaining butter and bread slices. Divide cheese evenly among bread slices; top cheese with reserved shallots.", 
    "Place baking sheet in oven and bake  until cheese is melted, 7\u20138 minutes.", 
    "Combine arugula, apple slices, lemon juice, and oil in a large bowl; toss to coat and evenly distribute. Season salad to  taste with salt and pepper.", 
    "Press 2 pieces of bread together, melted cheese sides in; halve sandwich on a diagonal and place on a plate. Repeat with remaining bread slices. Divide salad between plates."
  ], 
  "keywords": [
    "Apple", 
    "Arugula", 
    "Comfort Food", 
    "Dinner", 
    "Fall Food", 
    "Grilled Cheese Recipes", 
    "Rsvp", 
    "Sandwich Recipes", 
    "Shallot Recipes", 
    "Thyme Recipes", 
    "Trail_11122012", 
    "Vegetarian Recipes"
  ], 
  "name": "Gruyere Grilled Cheese with Apple Salad", 
  "proteinContent": "Protein (g) 42", 
  "saturatedFatContent": "Saturated Fat (g) 37", 
  "servings": "Servings: Makes 2", 
  "sodiumContent": "Sodium (mg) 1110", 
  "sugarContent": "Total Sugars (g) 10", 
  "url": "http://www.bonappetit.com/recipe/gruyere-grilled-cheese-with-apple-salad"
}