{
  "calories": "", 
  "carbohydrateContent": "", 
  "cholesterolContent": "", 
  "fatContent": "", 
  "fiberContent": "", 
  "image": "http://www.bonappetit.com/wp-content/uploads/2010/05/honeydew-lime-pops-940x600.jpg", 
  "ingredients": {
    "1' cubes peeled honeydew melon": {
      "flour": "Safe", 
      "gluten": "no gluten here!", 
      "quantity": "4", 
      "substitute": "no substitute needed", 
      "unit": "cups"
    }, 
    "fresh lime juice": {
      "flour": "Safe", 
      "gluten": "no gluten here!", 
      "quantity": "1/3", 
      "substitute": "no substitute needed", 
      "unit": "cup"
    }, 
    "mild honey": {
      "flour": "Safe", 
      "gluten": "no gluten here!", 
      "quantity": "1/4", 
      "substitute": "no substitute needed", 
      "unit": "cup"
    }, 
    "sugar": {
      "flour": "Safe", 
      "gluten": "no gluten here!", 
      "quantity": "1/4", 
      "substitute": "no substitute needed", 
      "unit": "cup"
    }
  }, 
  "instructions": [
    "Pur\u00e9e all ingredients and 1/4 cup water in a food processor until smooth. Set a fine-mesh strainer over a medium pitcher; strain, pressing on solids to extract pur\u00e9e. Divide among molds. Cover; insert ice-pop sticks. Freeze until firm. Dip bottoms of molds into hot water for 20-30 seconds to loosen pops. Remove pops from molds and serve."
  ], 
  "keywords": [
    "American Food", 
    "Frozen Dessert Recipes", 
    "Fruit Recipes", 
    "Honey Recipes", 
    "Honeydew", 
    "Honeydew Recipes", 
    "Ice Pop Recipes", 
    "Large Groups", 
    "Lime Juice Recipes", 
    "Low Cal Recipes", 
    "Low Fat Recipes", 
    "Melon Recipes", 
    "Popsicle Recipes", 
    "Summer Food", 
    "Trail_081312"
  ], 
  "name": "Honeydew-Lime Pops", 
  "proteinContent": "", 
  "saturatedFatContent": "", 
  "servings": "Servings: Makes 8-10", 
  "sodiumContent": "", 
  "sugarContent": "", 
  "url": "http://www.bonappetit.com/recipe/honeydew-lime-pops"
}