{
  "calories": "", 
  "carbohydrateContent": "", 
  "cholesterolContent": "", 
  "fatContent": "", 
  "fiberContent": "", 
  "image": "http://www.bonappetit.com/wp-content/uploads/2013/09/german-style-chicken-schnitzel.jpg", 
  "ingredients": {
    "4-oz. skinless, boneless chicken breasts, pounded to 1/4\" thickness": {
      "flour": "Safe", 
      "gluten": "no gluten here!", 
      "quantity": "4", 
      "substitute": "no substitute needed", 
      "unit": ""
    }, 
    "a deep-fry thermometer": {
      "flour": "Safe", 
      "gluten": "no gluten here!", 
      "quantity": "", 
      "substitute": "no substitute needed", 
      "unit": ""
    }, 
    "all-purpose flour": {
      "flour": {
        "type": {
          "binder": {
            "type": "xanthum gum", 
            "weight": 0.5
          }, 
          "density": {
            "type": "brown rice flour", 
            "weight": 0.142
          }, 
          "fat": {
            "type": "almond flour", 
            "weight": 0.142
          }, 
          "leavener": "", 
          "lightness": {
            "type": "white rice flour", 
            "weight": 0.284
          }, 
          "protein": {
            "type": "sorghum flour", 
            "weight": 0.142
          }, 
          "starch": {
            "type": "potato starch", 
            "weight": 0.284
          }, 
          "stickiness": "", 
          "texture": ""
        }, 
        "weight": 125
      }, 
      "gluten": "gluten here!", 
      "quantity": "1", 
      "substitute": "flour ratio", 
      "unit": "cup"
    }, 
    "chopped fresh flat-leaf parsley": {
      "flour": "Safe", 
      "gluten": "no gluten here!", 
      "quantity": "1", 
      "substitute": "no substitute needed", 
      "unit": "tablespoon"
    }, 
    "kosher salt, freshly ground pepper": {
      "flour": "Safe", 
      "gluten": "no gluten here!", 
      "quantity": "", 
      "substitute": "no substitute needed", 
      "unit": ""
    }, 
    "large eggs, beaten to blend": {
      "flour": "Safe", 
      "gluten": "no gluten here!", 
      "quantity": "3", 
      "substitute": "no substitute needed", 
      "unit": ""
    }, 
    "lemon wedges (for serving)": {
      "flour": "Safe", 
      "gluten": "no gluten here!", 
      "quantity": "", 
      "substitute": "no substitute needed", 
      "unit": ""
    }, 
    "panko (japanese breadcrumbs)": {
      "flour": "Safe", 
      "gluten": "gluten here!", 
      "quantity": "2 1/2", 
      "substitute": "gluten-free panko", 
      "unit": "cups"
    }, 
    "vegetable oil (for frying)": {
      "flour": "Safe", 
      "gluten": "no gluten here!", 
      "quantity": "", 
      "substitute": "no substitute needed", 
      "unit": ""
    }, 
    "whole grain mustard": {
      "flour": "Safe", 
      "gluten": "no gluten here!", 
      "quantity": "2", 
      "substitute": "no substitute needed", 
      "unit": "tablespoons"
    }
  }, 
  "instructions": [
    "Season chicken breasts with salt and pepper.", 
    "Fit a large cast-iron skillet or other heavy straight-sided skillet (not nonstick) with deep-fry thermometer; pour in oil to measure 1/2\" and heat over medium-high heat until thermometer registers 315\u00b0 (you want a moderate heat here because chicken breasts are so thin, they will cook quite quickly).", 
    "Meanwhile, place flour in a shallow bowl. Whisk eggs and mustard in another shallow bowl. Place panko in a third shallow bowl.  Working with 1 chicken breast at a time, dredge in flour, shaking off excess, dip into egg mixture, turning to coat evenly, then carefully coat with panko, pressing to adhere. Working in 2 batches, fry chicken until golden brown and crisp, about 2 minutes per side. Transfer chicken to a wire rack set inside a baking sheet and season with salt.", 
    "Top chicken with parsley and serve with lemon wedges alongside for squeezing over. Serve withLemony Mint Tabbouleh.", 
    "Chicken and turkey schnitzel are ubiquitous in restaurants throughout Israel. Seasonings vary, depending on the cook (paprika, cumin, garlic, cumin, or cardamom), and matzo meal sometimes replaces the breadcrumbs.", 
    "Serve this variation with lemon wedges, tahini sauce (1/2 cup tahini combined with \u00bc cup lemon juice, \u00bc cup water, and a dash of hot sauce), and tabbouleh."
  ], 
  "keywords": [
    "Breadcrumbs", 
    "Chicken Recipes", 
    "German Food", 
    "Mustard Recipes"
  ], 
  "name": "German-Style Chicken Schnitzel", 
  "proteinContent": "", 
  "saturatedFatContent": "", 
  "servings": "Servings: 4", 
  "sodiumContent": "", 
  "sugarContent": "", 
  "url": "http://www.bonappetit.com/recipe/german-style-chicken-schnitzel"
}