{
  "calories": "", 
  "carbohydrateContent": "", 
  "cholesterolContent": "", 
  "description": "We like the texture of the leeks and zucchini when left al dente\u2014if grilled too long, they\u2019ll both go floppy.", 
  "fatContent": "", 
  "fiberContent": "", 
  "image": "http://www.bonappetit.com/wp-content/uploads/2014/06/grilled-zucchini-and-leeks-with-walnuts-and-herbs-940x600.jpg", 
  "ingredients": {
    "(lightly packed) fresh flat-leaf parsley leaves with tender stems": {
      "flour": "Safe", 
      "gluten": "no gluten here!", 
      "quantity": "\u00bd", 
      "substitute": "no substitute needed", 
      "unit": "cup"
    }, 
    "fresh lemon juice": {
      "flour": "Safe", 
      "gluten": "no gluten here!", 
      "quantity": "2", 
      "substitute": "no substitute needed", 
      "unit": "tablespoons"
    }, 
    "garlic clove, finely grated": {
      "flour": "Safe", 
      "gluten": "no gluten here!", 
      "quantity": "1", 
      "substitute": "no substitute needed", 
      "unit": ""
    }, 
    "kosher salt and freshly ground black pepper": {
      "flour": "Safe", 
      "gluten": "no gluten here!", 
      "quantity": "", 
      "substitute": "no substitute needed", 
      "unit": ""
    }, 
    "large leeks, white and pale-green parts only, halved lengthwise with some root attached": {
      "flour": "Safe", 
      "gluten": "no gluten here!", 
      "quantity": "2", 
      "substitute": "no substitute needed", 
      "unit": ""
    }, 
    "large zucchini (about 1 lb.), halved  lengthwise": {
      "flour": "Safe", 
      "gluten": "no gluten here!", 
      "quantity": "2", 
      "substitute": "no substitute needed", 
      "unit": ""
    }, 
    "olive oil, divided": {
      "flour": "Safe", 
      "gluten": "no gluten here!", 
      "quantity": "5", 
      "substitute": "no substitute needed", 
      "unit": "tablespoons"
    }, 
    "walnuts": {
      "flour": "Safe", 
      "gluten": "no gluten here!", 
      "quantity": "\u2153", 
      "substitute": "no substitute needed", 
      "unit": "cup"
    }
  }, 
  "instructions": [
    "Prepare grill for medium-high heat. Toast walnuts in a dry small skillet over medium heat, tossing often, until fragrant, about 5 minutes. Chop very coarsely. Toss warm walnuts with garlic, lemon juice, and 3 Tbsp. oil in a large bowl; season with salt and pepper.", 
    "Brush leeks and zucchini with remaining 2 Tbsp. oil; season with salt and pepper. Grill vegetables, turning often, until tender and charred in spots, 5\u20138 minutes for leeks, 8\u201310 minutes for zucchini.", 
    "Transfer vegetables to a cutting board. Trim roots from leeks and cut leeks and zucchini into bite-size pieces. Add vegetables and parsley to bowl with walnuts and toss to combine; season vegetables with salt, pepper, and more lemon juice, if desired."
  ], 
  "keywords": [
    "grilled vegetable salad recipes", 
    "Grilling Food", 
    "Healthy Recipes", 
    "Leek Recipes", 
    "Lemon Recipes", 
    "Parsley Recipes", 
    "Salad Recipes", 
    "Summer Food", 
    "Summer Sides", 
    "Vegetarian Recipes", 
    "Walnut Recipes", 
    "Zucchini Recipes"
  ], 
  "name": "Grilled Zucchini and Leeks with Walnuts and Herbs", 
  "proteinContent": "", 
  "saturatedFatContent": "", 
  "servings": "Servings: 4", 
  "sodiumContent": "", 
  "sugarContent": "", 
  "url": "http://www.bonappetit.com/recipe/grilled-zucchini-and-leeks-with-walnuts-and-herbs"
}