{
  "calories": "", 
  "carbohydrateContent": "", 
  "cholesterolContent": "", 
  "description": "Lentils and rice pair together beautifully, and this hearty version gets subtlety from a bit of saffron and cinnamon.", 
  "fatContent": "", 
  "fiberContent": "", 
  "image": "http://www.bonappetit.com/wp-content/uploads/2013/12/roasted-butternut-squash.jpg", 
  "ingredients": {
    "aleppo pepper or hot paprika, plus more to taste": {
      "flour": "Safe", 
      "gluten": "no gluten here!", 
      "quantity": "1", 
      "substitute": "no substitute needed", 
      "unit": "teaspoon"
    }, 
    "brown basmati rice": {
      "flour": "Safe", 
      "gluten": "no gluten here!", 
      "quantity": "1", 
      "substitute": "no substitute needed", 
      "unit": "cup"
    }, 
    "chopped cilantro (for serving)": {
      "flour": "Safe", 
      "gluten": "no gluten here!", 
      "quantity": "1/4", 
      "substitute": "no substitute needed", 
      "unit": "cup"
    }, 
    "garlic cloves, sliced": {
      "flour": "Safe", 
      "gluten": "no gluten here!", 
      "quantity": "4", 
      "substitute": "no substitute needed", 
      "unit": ""
    }, 
    "green lentils": {
      "flour": "Safe", 
      "gluten": "no gluten here!", 
      "quantity": "1", 
      "substitute": "no substitute needed", 
      "unit": "cup"
    }, 
    "ground cinnamon": {
      "flour": "Safe", 
      "gluten": "no gluten here!", 
      "quantity": "1/4", 
      "substitute": "no substitute needed", 
      "unit": "tsp"
    }, 
    "ground cumin": {
      "flour": "Safe", 
      "gluten": "no gluten here!", 
      "quantity": "1/2", 
      "substitute": "no substitute needed", 
      "unit": "tsp"
    }, 
    "kosher salt, plus more to taste": {
      "flour": "Safe", 
      "gluten": "no gluten here!", 
      "quantity": "1 1/2", 
      "substitute": "no substitute needed", 
      "unit": "teaspoons"
    }, 
    "olive oil": {
      "flour": "Safe", 
      "gluten": "no gluten here!", 
      "quantity": "2", 
      "substitute": "no substitute needed", 
      "unit": "tablespoons"
    }, 
    "red wine vinegar": {
      "flour": "Safe", 
      "gluten": "no gluten here!", 
      "quantity": "2", 
      "substitute": "no substitute needed", 
      "unit": "teaspoons"
    }, 
    "small onion, finely chopped": {
      "flour": "Safe", 
      "gluten": "no gluten here!", 
      "quantity": "1", 
      "substitute": "no substitute needed", 
      "unit": ""
    }
  }, 
  "instructions": [
    "Ingredient Info:Aleppo pepper, a slightly sweet Syrian pepper with a moderate heat level, is available at some specialty foods stores andwholespice.com.", 
    "Heat oil in a large saucepan over medium-high heat. Add garlic, onion, Aleppo pepper, cumin, and cinnamon and cook, stirring, until vegetables begin to soften, about 3 minutes. Stir in rice and 1\u00bd tsp. salt and cook until rice begins to turn opaque, about 2 minutes. Stir in lentils and 4\u00bd cups water. Bring to a boil, cover, and reduce heat to low. Cook until lentils and rice are tender and water is absorbed, 35\u201340 minutes. Remove pan from heat and let sit, covered, 5 minutes. Add vinegar and fluff pilaf with a fork. Reserve \u00bd cup pilaf forSquash and Mustard Greens Salad.", 
    "Serve pilaf topped with cilantro."
  ], 
  "keywords": [
    "Brown Rice", 
    "Dinner", 
    "Food-Lover's Cleanse 2014", 
    "Healthy Recipes", 
    "Lentil Recipes", 
    "Pilaf Recipes", 
    "Vegetable Recipes", 
    "Vegetarian Food"
  ], 
  "name": "Green Lentil and Brown Basmati Rice Pilaf", 
  "proteinContent": "", 
  "saturatedFatContent": "", 
  "servings": "Servings: 4 servings", 
  "sodiumContent": "", 
  "sugarContent": "", 
  "url": "http://www.bonappetit.com/recipe/green-lentil-brown-basmati-rice-pilaf"
}