{
  "calories": "Calories (kcal)  180", 
  "carbohydrateContent": "Carbohydrates (g)  22", 
  "cholesterolContent": "Cholesterol (mg)  60", 
  "fatContent": "Fat (g)  10", 
  "fiberContent": "Dietary Fiber (g)  0", 
  "image": "http://www.bonappetit.com/wp-content/uploads/2012/04/glazed-madeleines-940x600.jpg", 
  "ingredients": {
    "(1 1/4 sticks) unsalted butter, melted, plus more for pan, softened": {
      "flour": "Safe", 
      "gluten": "no gluten here!", 
      "quantity": "10", 
      "substitute": "no substitute needed", 
      "unit": "tablespoons"
    }, 
    "all-purpose flour plus more for pan": {
      "flour": {
        "type": {
          "binder": {
            "type": "xanthum gum", 
            "weight": 0.5
          }, 
          "density": {
            "type": "brown rice flour", 
            "weight": 0.142
          }, 
          "fat": {
            "type": "almond flour", 
            "weight": 0.142
          }, 
          "leavener": "", 
          "lightness": {
            "type": "white rice flour", 
            "weight": 0.284
          }, 
          "protein": {
            "type": "sorghum flour", 
            "weight": 0.142
          }, 
          "starch": {
            "type": "potato starch", 
            "weight": 0.284
          }, 
          "stickiness": "", 
          "texture": ""
        }, 
        "weight": 125
      }, 
      "gluten": "gluten here!", 
      "quantity": "1", 
      "substitute": "flour ratio", 
      "unit": "cup"
    }, 
    "baking powder": {
      "flour": "Safe", 
      "gluten": "no gluten here!", 
      "quantity": "1 1/4", 
      "substitute": "no substitute needed", 
      "unit": "teaspoons"
    }, 
    "finely grated orange zest": {
      "flour": "Safe", 
      "gluten": "no gluten here!", 
      "quantity": "1/2", 
      "substitute": "no substitute needed", 
      "unit": "teaspoon"
    }, 
    "fresh orange juice": {
      "flour": "Safe", 
      "gluten": "no gluten here!", 
      "quantity": "2", 
      "substitute": "no substitute needed", 
      "unit": "tablespoons"
    }, 
    "large eggs": {
      "flour": "Safe", 
      "gluten": "no gluten here!", 
      "quantity": "2", 
      "substitute": "no substitute needed", 
      "unit": ""
    }, 
    "powdered sugar": {
      "flour": "Safe", 
      "gluten": "no gluten here!", 
      "quantity": "3/4", 
      "substitute": "no substitute needed", 
      "unit": "cup"
    }, 
    "sugar": {
      "flour": "Safe", 
      "gluten": "no gluten here!", 
      "quantity": "1/2", 
      "substitute": "no substitute needed", 
      "unit": "cup"
    }, 
    "whole milk": {
      "flour": "Safe", 
      "gluten": "no gluten here!", 
      "quantity": "3", 
      "substitute": "no substitute needed", 
      "unit": "tablespoons"
    }
  }, 
  "instructions": [
    "Whisk 1 cup flour and baking powder in a small bowl. Whisk eggs, sugar, and orange zest in a medium bowl; add milk and whisk until smooth. Whisk in flour mixture to fully blend. Add melted butter; whisk until batter is thick and shiny. Cover and chill batter overnight. (Batter will appear to have risen and will have air bubbles.)", 
    "Preheat oven to 450\u00b0. Brush madeleine molds with softened butter. Dust with flour; tap out excess. Divide batter among molds, filling each to the top. Bake until madeleines rise, are deep golden brown around the edges, and spring back when gently pressed in the middle, 8\u20139 minutes.", 
    "Meanwhile, whisk powdered sugar and juice in a medium bowl. Set a wire rack inside a rimmed baking sheet.", 
    "Unmold madeleines immediately onto prepared rack. Let cool for 5 minutes. Dip top (not shell side) of madeleines into glaze; return to rack, glaze side up, and let sit at room temperature until glaze has set, 5\u201310 minutes."
  ], 
  "keywords": [
    "Cookie Recipes", 
    "Desserts", 
    "French Food", 
    "Madeleine Recipes", 
    "The Insiders Guide To Paris Recipes"
  ], 
  "name": "Glazed Madeleines", 
  "proteinContent": "Protein (g)  2", 
  "saturatedFatContent": "Saturated Fat (g)  6", 
  "servings": "Servings: Makes 12", 
  "sodiumContent": "Sodium (mg)  70", 
  "sugarContent": "Total Sugars (g)  14", 
  "url": "http://www.bonappetit.com/recipe/glazed-madeleines"
}