{
  "calories": "", 
  "carbohydrateContent": "", 
  "cholesterolContent": "", 
  "fatContent": "", 
  "fiberContent": "", 
  "image": "http://www.bonappetit.com/wp-content/uploads/2014/03/green-food-dye.jpg", 
  "ingredients": {
    "red cabbage dye": {
      "flour": "Safe", 
      "gluten": "no gluten here!", 
      "quantity": "2", 
      "substitute": "no substitute needed", 
      "unit": "cups"
    }, 
    "turmeric or saffron dye": {
      "flour": "Safe", 
      "gluten": "no gluten here!", 
      "quantity": "1/4", 
      "substitute": "no substitute needed", 
      "unit": "cup"
    }
  }, 
  "instructions": [
    "Combine the two dyes. Let eggs steep in solution for at least 30 minutes and up to 3 hours."
  ], 
  "keywords": [
    "Dye Recipes", 
    "Easter", 
    "Prep School"
  ], 
  "name": "Green Natural Food Dye", 
  "proteinContent": "", 
  "saturatedFatContent": "", 
  "servings": "", 
  "sodiumContent": "", 
  "sugarContent": "", 
  "url": "http://www.bonappetit.com/recipe/green-natural-food-dye"
}