{
  "calories": "", 
  "carbohydrateContent": "", 
  "cholesterolContent": "", 
  "fatContent": "", 
  "fiberContent": "", 
  "image": "http://www.bonappetit.com/wp-content/uploads/2008/12/di_ham_with_bourbon_molasses_and_pecan_lgaze_234.jpg", 
  "ingredients": {
    "(packed) dark brown sugar": {
      "flour": "Safe", 
      "gluten": "no gluten here!", 
      "quantity": "1 3/4", 
      "substitute": "no substitute needed", 
      "unit": "cups"
    }, 
    "apple juice (preferably fresh unfiltered)": {
      "flour": "Safe", 
      "gluten": "no gluten here!", 
      "quantity": "1/2", 
      "substitute": "no substitute needed", 
      "unit": "cup"
    }, 
    "bourbon": {
      "flour": "Safe", 
      "gluten": "no gluten here!", 
      "quantity": "1/4", 
      "substitute": "no substitute needed", 
      "unit": "cup"
    }, 
    "buttermilk spoon bread": {
      "flour": "Safe", 
      "gluten": "no gluten here!", 
      "quantity": "", 
      "substitute": "no substitute needed", 
      "unit": ""
    }, 
    "dry mustard": {
      "flour": "Safe", 
      "gluten": "no gluten here!", 
      "quantity": "3", 
      "substitute": "no substitute needed", 
      "unit": "tablespoons"
    }, 
    "mild-flavored (light) molasses": {
      "flour": "Safe", 
      "gluten": "no gluten here!", 
      "quantity": "1/4", 
      "substitute": "no substitute needed", 
      "unit": "cup"
    }, 
    "pecans, toasted, cooled, finely ground": {
      "flour": "Safe", 
      "gluten": "no gluten here!", 
      "quantity": "1", 
      "substitute": "no substitute needed", 
      "unit": "cup"
    }, 
    "tangerine chutney": {
      "flour": "Safe", 
      "gluten": "no gluten here!", 
      "quantity": "", 
      "substitute": "no substitute needed", 
      "unit": ""
    }, 
    "whole bone-in 16- to 18-pound ham": {
      "flour": "Safe", 
      "gluten": "no gluten here!", 
      "quantity": "1", 
      "substitute": "no substitute needed", 
      "unit": ""
    }
  }, 
  "instructions": [
    "Boil juice and bourbon in small saucepan until reduced to scant 1/3 cup, about 6 minutes. Combine sugar, pecans, molasses, and mustard in bowl. Add bourbon mixture; stir to form thick paste. (Can be made 2 days ahead. Cover; chill. Bring to room temperature before using.)", 
    "Position rack in bottom third of oven and preheat to 325\u00b0F. Line large roasting pan with heavy-duty foil, leaving overhang on all sides. Trim off skin and all but 1/4 inch fat from ham. Place ham, fat side up, in prepared pan. Roast ham until thermometer inserted into thickest part registers 130\u00b0F to 135\u00b0F, about 10 minutes per pound or 2 hours 40 minutes for 16-pound ham.", 
    "Remove ham from oven; increase oven temperature to 425\u00b0F. Lightly score fat on ham in diamond pattern. Rub glaze thickly over top and sides of ham. Return ham to oven and roast until glaze is deep brown and bubbling, about 25 minutes. Let ham stand at least 20 minutes and up to 45 minutes. Serve with chutney and spoon bread.", 
    "Choose a bone-in ham or a boneless ham that has the natural shape of a leg. Don't use a pre-formed ham (known as deli ham), which is best sliced cold for sandwiches."
  ], 
  "keywords": [], 
  "name": "Ham with Bourbon, Molasses, and Pecan Glaze", 
  "proteinContent": "", 
  "saturatedFatContent": "", 
  "servings": "Servings: Makes 12", 
  "sodiumContent": "", 
  "sugarContent": "", 
  "url": "http://www.bonappetit.com/recipe/ham-with-bourbon-molasses-and-pecan-glaze"
}