{
  "calories": "", 
  "carbohydrateContent": "", 
  "cholesterolContent": "", 
  "description": "\u201cA vegan green smoothie with some depth: I love the subtle savory quality the kale adds to the classic PB\u2013banana combo.\u201d \u2014Dawn Perry, senior food editor", 
  "fatContent": "", 
  "fiberContent": "", 
  "image": "http://www.bonappetit.com/wp-content/uploads/2014/01/green-peanut-butter-smoothie-940x600.jpg", 
  "ingredients": {
    "banana": {
      "flour": "Safe", 
      "gluten": "no gluten here!", 
      "quantity": "1", 
      "substitute": "no substitute needed", 
      "unit": ""
    }, 
    "ground cinnamon": {
      "flour": "Safe", 
      "gluten": "no gluten here!", 
      "quantity": "\u00bc", 
      "substitute": "no substitute needed", 
      "unit": "teaspoon"
    }, 
    "nut milk": {
      "flour": "Safe", 
      "gluten": "no gluten here!", 
      "quantity": "1", 
      "substitute": "no substitute needed", 
      "unit": "cup"
    }, 
    "peanut butter": {
      "flour": "Safe", 
      "gluten": "no gluten here!", 
      "quantity": "2", 
      "substitute": "no substitute needed", 
      "unit": "tablespoons"
    }, 
    "torn kale": {
      "flour": "Safe", 
      "gluten": "no gluten here!", 
      "quantity": "1", 
      "substitute": "no substitute needed", 
      "unit": "cup"
    }
  }, 
  "instructions": [
    "Blend 1 banana, 1 cup nut milk, 1 cup torn kale, 2 Tbsp. peanut butter, \u00bc tsp. ground cinnamon, and \u00bd cup ice in a blender until smooth."
  ], 
  "keywords": [
    "Banana", 
    "Cinnamon Recipes", 
    "Drink Recipes", 
    "Drinks", 
    "Healthy Recipes", 
    "Kale Recipes", 
    "Peanut Butter", 
    "Smoothie Recipes", 
    "Vegan Recipes"
  ], 
  "name": "Green Peanut Butter Smoothie", 
  "proteinContent": "", 
  "saturatedFatContent": "", 
  "servings": "Servings: Makes 2", 
  "sodiumContent": "", 
  "sugarContent": "", 
  "url": "http://www.bonappetit.com/recipe/green-peanut-butter-smoothie"
}