{
  "calories": "", 
  "carbohydrateContent": "", 
  "cholesterolContent": "", 
  "fatContent": "", 
  "fiberContent": "", 
  "image": "http://www.bonappetit.com/wp-content/uploads/2012/09/healthy-bangers-and-mash-646.jpg", 
  "ingredients": {
    "3-pound butternut or buttercup squash, peeled, cut into 1-inch dice": {
      "flour": "Safe", 
      "gluten": "no gluten here!", 
      "quantity": "1", 
      "substitute": "no substitute needed", 
      "unit": ""
    }, 
    "4-ounce chicken or turkey sausages": {
      "flour": "Safe", 
      "gluten": "no gluten here!", 
      "quantity": "4-6", 
      "substitute": "no substitute needed", 
      "unit": ""
    }, 
    "dijon mustard": {
      "flour": "Safe", 
      "gluten": "no gluten here!", 
      "quantity": "1", 
      "substitute": "no substitute needed", 
      "unit": "tablespoon"
    }, 
    "kosher salt and freshly ground black pepper": {
      "flour": "Safe", 
      "gluten": "no gluten here!", 
      "quantity": "", 
      "substitute": "no substitute needed", 
      "unit": ""
    }, 
    "low-salt chicken broth": {
      "flour": "Safe", 
      "gluten": "no gluten here!", 
      "quantity": "1", 
      "substitute": "no substitute needed", 
      "unit": "cup"
    }, 
    "medium onion, peeled, cut into wedges with root end still attached": {
      "flour": "Safe", 
      "gluten": "no gluten here!", 
      "quantity": "1", 
      "substitute": "no substitute needed", 
      "unit": ""
    }, 
    "olive oil, divided": {
      "flour": "Safe", 
      "gluten": "no gluten here!", 
      "quantity": "4", 
      "substitute": "no substitute needed", 
      "unit": "tablespoons"
    }
  }, 
  "instructions": [
    "Place a steamer basket in a large pot. Pour in water to a depth of 2\" and bring to a boil over high heat.  Add squash to pot, cover, and steam until completely tender, about 20 minutes. Transfer squash to a large bowl; add 3 Tbsp. oil and, using a potato masher or fork, crush into a chunky pur\u00e9e. Season to taste with salt and pepper. Cover and set aside.", 
    "Meanwhile, heat remaining 1 Tbsp. oil in a large skillet over medium heat. Cook sausages, turning occasionally, until brown and cooked through, about 15 minutes (alternatively, roast them in a 400\u00b0 oven for about 20 minutes). Transfer sausages to a plate. Add onion to skillet and cook, stirring occasionally, until golden and softened, 5\u20138 minutes. Stir in broth and cook until slightly thickened and reduced by half, about 5 minutes. Remove from heat and whisk in Dijon mustard; season to taste with salt and pepper. Serve sausages with pan gravy spooned over and squash pur\u00e9e alongside."
  ], 
  "keywords": [
    "bangers and mash", 
    "British Food", 
    "Entrees", 
    "Healthy Newsletter Recipes", 
    "Healthy Recipes", 
    "Sausage Recipes", 
    "Squash Recipes"
  ], 
  "name": "Healthy Bangers and Mash", 
  "proteinContent": "", 
  "saturatedFatContent": "", 
  "servings": "Servings: 4", 
  "sodiumContent": "", 
  "sugarContent": "", 
  "url": "http://www.bonappetit.com/recipe/healthy-bangers-and-mash"
}