{
  "calories": "", 
  "carbohydrateContent": "", 
  "cholesterolContent": "", 
  "fatContent": "", 
  "fiberContent": "", 
  "image": "http://www.bonappetit.com/wp-content/uploads/2012/10/greek-yogurt-cheesecake-with-pomegranate-syrup-940x600.jpg", 
  "ingredients": {
    "": {
      "flour": "Safe", 
      "gluten": "no gluten here!", 
      "quantity": "", 
      "substitute": "no substitute needed", 
      "unit": ""
    }, 
    "(1 stick) unsalted butter, melted, cooled slightly": {
      "flour": "Safe", 
      "gluten": "no gluten here!", 
      "quantity": "1/2", 
      "substitute": "no substitute needed", 
      "unit": "cup"
    }, 
    "cream cheese, room temperature": {
      "flour": "Safe", 
      "gluten": "no gluten here!", 
      "quantity": "1 1/2", 
      "substitute": "no substitute needed", 
      "unit": "pounds"
    }, 
    "fine graham cracker crumbs  t": {
      "flour": "Safe", 
      "gluten": "gluten here!", 
      "quantity": "1 1/2", 
      "substitute": "gluten-free graham crackers", 
      "unit": "cups"
    }, 
    "flash-pasteurized pomegranate juice": {
      "flour": "Safe", 
      "gluten": "no gluten here!", 
      "quantity": "2", 
      "substitute": "no substitute needed", 
      "unit": "cups"
    }, 
    "fresh lemon juice": {
      "flour": "Safe", 
      "gluten": "no gluten here!", 
      "quantity": "2", 
      "substitute": "no substitute needed", 
      "unit": "teaspoons"
    }, 
    "kosher salt": {
      "flour": "Safe", 
      "gluten": "no gluten here!", 
      "quantity": "1/2", 
      "substitute": "no substitute needed", 
      "unit": "teaspoon"
    }, 
    "light corn syrup": {
      "flour": "Safe", 
      "gluten": "no gluten here!", 
      "quantity": "2", 
      "substitute": "no substitute needed", 
      "unit": "tablespoons"
    }, 
    "nonstick vegetable oil spray": {
      "flour": "Safe", 
      "gluten": "no gluten here!", 
      "quantity": "", 
      "substitute": "no substitute needed", 
      "unit": ""
    }, 
    "plain whole-milk greek yogurt": {
      "flour": "Safe", 
      "gluten": "no gluten here!", 
      "quantity": "1 1/2", 
      "substitute": "no substitute needed", 
      "unit": "cups"
    }, 
    "pomegranate seeds": {
      "flour": "Safe", 
      "gluten": "no gluten here!", 
      "quantity": "", 
      "substitute": "no substitute needed", 
      "unit": ""
    }, 
    "powdered gelatin": {
      "flour": "Safe", 
      "gluten": "no gluten here!", 
      "quantity": "2", 
      "substitute": "no substitute needed", 
      "unit": "teaspoons"
    }, 
    "sugar": {
      "flour": "Safe", 
      "gluten": "no gluten here!", 
      "quantity": "1/2", 
      "substitute": "no substitute needed", 
      "unit": "cup"
    }, 
    "vanilla extract": {
      "flour": "Safe", 
      "gluten": "no gluten here!", 
      "quantity": "1", 
      "substitute": "no substitute needed", 
      "unit": "teaspoon"
    }
  }, 
  "instructions": [
    "Coat bottom and sides of pan with nonstick spray. Line bottom with a parchment-paper round. Using your fingertips, mix remaining ingredients in a medium bowl until mixture holds together when pinched tightly. Pack onto bottom of pan in an even layer (using the bottom of  a flat measuring cup works well). Chill until firm, at least 1 hour or up to 1 day.", 
    "Place gelatin and 1 1/2 tablespoon cold water in a heatproof bowl. Let stand until softened, 5-10 minutes.", 
    "Pulse cream cheese, yogurt, sugar, lemon juice, vanilla, and salt in a food processor, scraping down sides as needed, until completely smooth.", 
    "Pour water to a depth of 1/2-inch into a small skillet over medium heat. Place bowl with gelatin in skillet; stir until gelatin dissolves, about 2 minutes. Remove bowl from skillet.", 
    "With processor running, drizzle gelatin into cream cheese mixture; mix until well blended. Pour into prepared crust. Tap pan firmly on the counter to break up any big air bubbles. Smooth top. Cover tightly with plastic wrap and chill for at least 6 hours before serving. DO AHEAD Cheesecake can be made 2 days ahead. Keep chilled.", 
    "Bring first 3 ingredients to a simmer in a medium saucepan over medium-low heat; simmer, whisking occasionally, until syrup is thickened, shiny, and measures a generous 1/2 cup, 35-40 minutes. Let cool. DO AHEAD Pomegranate syrup can be made 5 days ahead. Cover; chill. Rewarm slightly before serving.", 
    "Cut cheesecake into slices, dipping knife into a large glass of warm water and wiping dry between slices, and place on plates. Drizzle pomegranate syrup over and scatter pomegranate seeds around."
  ], 
  "keywords": [
    "Cranberry Recipes", 
    "Desserts", 
    "Fall Desserts", 
    "Orange Recipes", 
    "Pie Recipes", 
    "Tapioca Recipes", 
    "Thanksgiving", 
    "Thanksgiving Users Manual", 
    "Vanilla Recipes"
  ], 
  "name": "Greek Yogurt Cheesecake with Pomegranate Syrup", 
  "proteinContent": "", 
  "saturatedFatContent": "", 
  "servings": "Servings: 8-10", 
  "sodiumContent": "", 
  "sugarContent": "", 
  "url": "http://www.bonappetit.com/recipe/greek-yogurt-cheesecake-with-pomegranate-syrup"
}