{
  "calories": "", 
  "carbohydrateContent": "", 
  "cholesterolContent": "", 
  "fatContent": "", 
  "fiberContent": "", 
  "image": "http://www.bonappetit.com/wp-content/uploads/2008/11/french-lentil-soup-940x600.jpg", 
  "ingredients": {
    "(or more) vegetable broth": {
      "flour": "Safe", 
      "gluten": "no gluten here!", 
      "quantity": "4", 
      "substitute": "no substitute needed", 
      "unit": "cups"
    }, 
    "14 1/2-ounce can diced tomatoes in juice": {
      "flour": "Safe", 
      "gluten": "no gluten here!", 
      "quantity": "1", 
      "substitute": "no substitute needed", 
      "unit": ""
    }, 
    "balsamic vinegar (optional)": {
      "flour": "Safe", 
      "gluten": "no gluten here!", 
      "quantity": "", 
      "substitute": "no substitute needed", 
      "unit": ""
    }, 
    "chopped carrots": {
      "flour": "Safe", 
      "gluten": "no gluten here!", 
      "quantity": "1", 
      "substitute": "no substitute needed", 
      "unit": "cup"
    }, 
    "chopped celery stalks plus chopped celery leaves for garnish": {
      "flour": "Safe", 
      "gluten": "no gluten here!", 
      "quantity": "1", 
      "substitute": "no substitute needed", 
      "unit": "cup"
    }, 
    "chopped onions": {
      "flour": "Safe", 
      "gluten": "no gluten here!", 
      "quantity": "2", 
      "substitute": "no substitute needed", 
      "unit": "cup"
    }, 
    "extra-virgin olive oil": {
      "flour": "Safe", 
      "gluten": "no gluten here!", 
      "quantity": "3", 
      "substitute": "no substitute needed", 
      "unit": "tablespoons"
    }, 
    "garlic cloves, chopped": {
      "flour": "Safe", 
      "gluten": "no gluten here!", 
      "quantity": "2", 
      "substitute": "no substitute needed", 
      "unit": ""
    }, 
    "lentils, rinsed, drained": {
      "flour": "Safe", 
      "gluten": "no gluten here!", 
      "quantity": "1 1/4", 
      "substitute": "no substitute needed", 
      "unit": "cups"
    }
  }, 
  "instructions": [
    "Heat oil in heavy large saucepan over medium-high heat. Add onions, celery, carrots, and garlic; saut\u00e9 until vegetables begin to brown, about 15 minutes. Add 4 cups broth, lentils, and tomatoes with juice and bring to boil. Reduce heat to medium-low, cover, and simmer until lentils are tender, about 35 minutes.", 
    "Transfer 2 cups soup (mostly solids) to blender and puree until smooth. Return puree to soup in pan; thin soup with more broth by 1/4 cupfuls, if too thick. Season with salt, pepper, and a splash of vinegar, if desired. Ladle soup into bowls. Garnish with celery leaves."
  ], 
  "keywords": [
    "Appetizers", 
    "Bean", 
    "Dinner", 
    "First Course", 
    "French", 
    "French Food", 
    "Lentil", 
    "Lentils", 
    "Main Course", 
    "Onion", 
    "Quick &amp; Easy", 
    "Rainy Recipes", 
    "Soup", 
    "Soup Recipes", 
    "Tomato", 
    "Vegetable"
  ], 
  "name": "French Lentil Soup", 
  "proteinContent": "", 
  "saturatedFatContent": "", 
  "servings": "Servings: Makes 6", 
  "sodiumContent": "", 
  "sugarContent": "", 
  "url": "http://www.bonappetit.com/recipe/french-lentil-soup"
}