{
  "calories": "", 
  "carbohydrateContent": "", 
  "cholesterolContent": "", 
  "description": "If you can\u2019t find freekeh, use another whole grain, like spelt or rye berries.", 
  "fatContent": "", 
  "fiberContent": "", 
  "image": "http://www.bonappetit.com/wp-content/uploads/2014/02/freekeh-salad-with-chicken-and-kale.jpg", 
  "ingredients": {
    "finely grated parmesan": {
      "flour": "Safe", 
      "gluten": "no gluten here!", 
      "quantity": "2", 
      "substitute": "no substitute needed", 
      "unit": "tablespoons"
    }, 
    "freekeh": {
      "flour": "Safe", 
      "gluten": "no gluten here!", 
      "quantity": "1", 
      "substitute": "no substitute needed", 
      "unit": "cup"
    }, 
    "fresh lemon juice": {
      "flour": "Safe", 
      "gluten": "no gluten here!", 
      "quantity": "1", 
      "substitute": "no substitute needed", 
      "unit": "tablespoon"
    }, 
    "freshly ground black pepper": {
      "flour": "Safe", 
      "gluten": "no gluten here!", 
      "quantity": "", 
      "substitute": "no substitute needed", 
      "unit": ""
    }, 
    "heavy cream": {
      "flour": "Safe", 
      "gluten": "no gluten here!", 
      "quantity": "\u00bc", 
      "substitute": "no substitute needed", 
      "unit": "cup"
    }, 
    "kosher salt": {
      "flour": "Safe", 
      "gluten": "no gluten here!", 
      "quantity": "", 
      "substitute": "no substitute needed", 
      "unit": ""
    }, 
    "kosher salt and freshly ground black pepper": {
      "flour": "Safe", 
      "gluten": "no gluten here!", 
      "quantity": "", 
      "substitute": "no substitute needed", 
      "unit": ""
    }, 
    "medium kohlrabi, peeled, cut into matchsticks": {
      "flour": "Safe", 
      "gluten": "no gluten here!", 
      "quantity": "1", 
      "substitute": "no substitute needed", 
      "unit": ""
    }, 
    "olive oil, divided": {
      "flour": "Safe", 
      "gluten": "no gluten here!", 
      "quantity": "2", 
      "substitute": "no substitute needed", 
      "unit": "tablespoons"
    }, 
    "radishes, thinly sliced": {
      "flour": "Safe", 
      "gluten": "no gluten here!", 
      "quantity": "4", 
      "substitute": "no substitute needed", 
      "unit": ""
    }, 
    "shaved asiago cheese and chopped fresh chives (for serving)": {
      "flour": "Safe", 
      "gluten": "no gluten here!", 
      "quantity": "", 
      "substitute": "no substitute needed", 
      "unit": ""
    }, 
    "skinless, boneless chicken breasts (about 12 oz. total)": {
      "flour": "Safe", 
      "gluten": "no gluten here!", 
      "quantity": "2", 
      "substitute": "no substitute needed", 
      "unit": ""
    }, 
    "small garlic clove, finely grated": {
      "flour": "Safe", 
      "gluten": "no gluten here!", 
      "quantity": "1", 
      "substitute": "no substitute needed", 
      "unit": ""
    }, 
    "tuscan kale, ribs and stems removed, leaves torn": {
      "flour": "Safe", 
      "gluten": "no gluten here!", 
      "quantity": "1", 
      "substitute": "no substitute needed", 
      "unit": "bunch"
    }, 
    "vegetable oil": {
      "flour": "Safe", 
      "gluten": "no gluten here!", 
      "quantity": "2", 
      "substitute": "no substitute needed", 
      "unit": "tablespoons"
    }
  }, 
  "instructions": [
    "Whisk garlic, cheese, and lemon juice in a medium bowl. Gradually whisk in cream and oil; season with salt and pepper.", 
    "DO AHEAD:Dressing can be made 1 day ahead. Cover and chill.", 
    "Cook freekeh in a medium saucepan of boiling salted water until al dente, 20\u201325 minutes; drain, shaking off water. Spread out on a baking sheet; let cool.", 
    "Meanwhile, season chicken with salt and pepper. Heat oil in a skillet over medium-high heat. Cook until browned and cooked through, 6\u20137 minutes per side. Transfer chicken to a plate; let cool slightly, then shred with 2 forks.", 
    "Combine chicken, freekeh, kale, kohlrabi, and radishes in a large bowl. Add dressing and toss to coat; season with salt and pepper. Top salad with cheese and chives."
  ], 
  "keywords": [
    "Chicken Recipes", 
    "Freekeh Recipes", 
    "Heavy Cream Recipes", 
    "Kale Recipes", 
    "kohlrabi", 
    "Parmesan Recipes", 
    "Rsvp", 
    "Salad", 
    "Salad Recipes"
  ], 
  "name": "Freekeh Salad with Chicken and Kale", 
  "proteinContent": "", 
  "saturatedFatContent": "", 
  "servings": "Servings: 4", 
  "sodiumContent": "", 
  "sugarContent": "", 
  "url": "http://www.bonappetit.com/recipe/freekeh-salad-with-chicken-and-kale"
}