{
  "calories": "", 
  "carbohydrateContent": "", 
  "cholesterolContent": "", 
  "description": "A palate-cleansing fennel salad to balance rich pork and hearty sides.", 
  "fatContent": "", 
  "fiberContent": "", 
  "image": "http://www.bonappetit.com/wp-content/uploads/2014/09/fennel-celery-and-pomegranate-salad-940x600.jpg", 
  "ingredients": {
    "celery leaves, very coarsely chopped (optional)": {
      "flour": "Safe", 
      "gluten": "no gluten here!", 
      "quantity": "\u00bc", 
      "substitute": "no substitute needed", 
      "unit": "cup"
    }, 
    "celery stalks, thinly sliced on a diagonal": {
      "flour": "Safe", 
      "gluten": "no gluten here!", 
      "quantity": "6", 
      "substitute": "no substitute needed", 
      "unit": ""
    }, 
    "fresh flat-leaf parsley, very coarsely chopped": {
      "flour": "Safe", 
      "gluten": "no gluten here!", 
      "quantity": "\u00bd", 
      "substitute": "no substitute needed", 
      "unit": "cup"
    }, 
    "fresh lime juice": {
      "flour": "Safe", 
      "gluten": "no gluten here!", 
      "quantity": "\u00bc", 
      "substitute": "no substitute needed", 
      "unit": "cup"
    }, 
    "kosher salt and freshly ground black pepper": {
      "flour": "Safe", 
      "gluten": "no gluten here!", 
      "quantity": "", 
      "substitute": "no substitute needed", 
      "unit": ""
    }, 
    "medium shallot, thinly sliced into rings": {
      "flour": "Safe", 
      "gluten": "no gluten here!", 
      "quantity": "1", 
      "substitute": "no substitute needed", 
      "unit": ""
    }, 
    "olive oil": {
      "flour": "Safe", 
      "gluten": "no gluten here!", 
      "quantity": "\u00bc", 
      "substitute": "no substitute needed", 
      "unit": "cup"
    }, 
    "pomegranate seeds, divided": {
      "flour": "Safe", 
      "gluten": "no gluten here!", 
      "quantity": "\u00bd", 
      "substitute": "no substitute needed", 
      "unit": "cup"
    }, 
    "small fennel bulbs, thinly sliced": {
      "flour": "Safe", 
      "gluten": "no gluten here!", 
      "quantity": "3", 
      "substitute": "no substitute needed", 
      "unit": ""
    }
  }, 
  "instructions": [
    "Toss fennel, celery, shallot, parsley, celery leaves, if using, and half of pomegranate seeds in a large bowl. Drizzle with lime juice and oil and toss to coat; season with salt and pepper. Serve topped with remaining pomegranate seeds."
  ], 
  "keywords": [
    "Celery", 
    "Dinner Party Food", 
    "Fennel", 
    "Lime", 
    "Parsley", 
    "Pomegranate", 
    "Salad", 
    "Shallots", 
    "side salad", 
    "Sides", 
    "stand up dinner party recipes", 
    "Vegetarian Recipes"
  ], 
  "name": "Fennel, Celery, and Pomegranate Salad", 
  "proteinContent": "", 
  "saturatedFatContent": "", 
  "servings": "Servings: 12", 
  "sodiumContent": "", 
  "sugarContent": "", 
  "url": "http://www.bonappetit.com/recipe/fennel-celery-and-pomegranate-salad"
}