{
  "calories": "Calories (kcal) 45", 
  "carbohydrateContent": "Carbohydrates (g) 1", 
  "cholesterolContent": "Cholesterol (mg) 0", 
  "description": "Harissa is typically made with hot chiles and served with couscous. This herb-based spin is great with roasted vegetables, or as a rub for fish.", 
  "fatContent": "Fat (g) 5", 
  "fiberContent": "Dietary Fiber (g)  0", 
  "image": "http://www.bonappetit.com/wp-content/uploads/2012/12/green-harissa1-940x600.jpg", 
  "ingredients": {
    "coriander seeds": {
      "flour": "Safe", 
      "gluten": "no gluten here!", 
      "quantity": "1", 
      "substitute": "no substitute needed", 
      "unit": "tablespoon"
    }, 
    "cumin seeds": {
      "flour": "Safe", 
      "gluten": "no gluten here!", 
      "quantity": "2", 
      "substitute": "no substitute needed", 
      "unit": "tablespoons"
    }, 
    "extra-virgin olive oil": {
      "flour": "Safe", 
      "gluten": "no gluten here!", 
      "quantity": "1/2", 
      "substitute": "no substitute needed", 
      "unit": "cup"
    }, 
    "fine sea salt": {
      "flour": "Safe", 
      "gluten": "no gluten here!", 
      "quantity": "1", 
      "substitute": "no substitute needed", 
      "unit": "teaspoon"
    }, 
    "flat-leaf parsley leaves": {
      "flour": "Safe", 
      "gluten": "no gluten here!", 
      "quantity": "1/2", 
      "substitute": "no substitute needed", 
      "unit": "cup"
    }, 
    "fresh cilantro leaves with  tender stems": {
      "flour": "Safe", 
      "gluten": "no gluten here!", 
      "quantity": "1/2", 
      "substitute": "no substitute needed", 
      "unit": "cup"
    }, 
    "fresh lemon juice": {
      "flour": "Safe", 
      "gluten": "no gluten here!", 
      "quantity": "1/4", 
      "substitute": "no substitute needed", 
      "unit": "cup"
    }, 
    "jalape\u00f1os, seeded, sliced t": {
      "flour": "Safe", 
      "gluten": "no gluten here!", 
      "quantity": "2", 
      "substitute": "no substitute needed", 
      "unit": ""
    }, 
    "small garlic clove, smashed": {
      "flour": "Safe", 
      "gluten": "no gluten here!", 
      "quantity": "1", 
      "substitute": "no substitute needed", 
      "unit": ""
    }, 
    "small scallions, sliced": {
      "flour": "Safe", 
      "gluten": "no gluten here!", 
      "quantity": "2", 
      "substitute": "no substitute needed", 
      "unit": ""
    }
  }, 
  "instructions": [
    "Lightly toast cumin and coriander seeds in a small skillet over medium heat, stirring often, until fragrant, 2-3 minutes; let cool. Pur\u00e9e seeds with jalape\u00f1os, scallions, garlic, oil, parsley, cilantro, lemon juice, and salt in a blender or food processor until smooth. DO AHEAD: Harissa can be made 5 days ahead. Press a piece of plastic wrap directly onto surface of harissa. Cover and chill."
  ], 
  "keywords": [
    "Cilantro", 
    "Condiments", 
    "Cooking School Sauce Recipes", 
    "Coriander", 
    "Cumin Recipes", 
    "Jalapeno Recipes", 
    "Lemon Recipes", 
    "Low Cholesterol Recipes", 
    "Low Saturated Fat Recipes", 
    "Low-Calorie Recipes", 
    "Parsley Recipes", 
    "Sauce Recipes", 
    "Scallion Recipes", 
    "Vegetarian Recipes"
  ], 
  "name": "Green Harissa", 
  "proteinContent": "Protein (g) 0", 
  "saturatedFatContent": "Saturated Fat (g) .5", 
  "servings": "Servings: 1 1/2 cups", 
  "sodiumContent": "Sodium (mg) 95", 
  "sugarContent": "Total Sugars (g) 0", 
  "url": "http://www.bonappetit.com/recipe/green-harissa-2"
}