{
  "calories": "Calories (kcal) 70", 
  "carbohydrateContent": ".Carbohydrates (g) 0", 
  "cholesterolContent": "Cholesterol (mg) 15", 
  "description": "These one-ingredient lacy cheese crackers are more impressive than any cheese board.", 
  "fatContent": "Fat (g) 4.5", 
  "fiberContent": "Dietary Fiber (g) 0", 
  "image": "http://www.bonappetit.com/wp-content/uploads/2012/10/frico.jpg", 
  "ingredients": {
    "finely grated parmesan or grana padano cheese": {
      "flour": "Safe", 
      "gluten": "no gluten here!", 
      "quantity": "16", 
      "substitute": "no substitute needed", 
      "unit": "tablespoons"
    }
  }, 
  "instructions": [
    "A silicone baking mat (such as a Silpat)", 
    "Preheat oven to 375\u00b0. Line a large rimmed baking sheet with silicone mat.", 
    "Working in 2 batches, scoop 8 mounds of cheese (1 Tbsp. per mound) onto mat, spreading each mound about 3&rdquo; wide and spacing at least 1&rdquo; apart.", 
    "Bake cheese until light brown and melted, 5\u20136 minutes (check occasionally while baking so it won\u2019t turn too brown). Remove sheet from oven and let frico cool completely. (To shape frico, leave baking sheet in oven with door open; use a small offset spatula to remove frico one at a time, working quickly to shape. To form tuile-like shapes, gently roll warm frico around the handle of a wooden spoon. To form cups, press onto the bottom and up the sides of a mini muffin pan. Keep frico warm until ready to mold; it hardens quickly as it cools.)"
  ], 
  "keywords": [
    "Appetizers", 
    "Cracker Recipes", 
    "Low Cholesterol Recipes", 
    "Low-Calorie Recipes", 
    "Parmesan Recipes", 
    "Snack", 
    "Vegetarian Recipes"
  ], 
  "name": "Frico", 
  "proteinContent": "Protein (g) 6", 
  "saturatedFatContent": "Saturated Fat (g) 3", 
  "servings": "Servings: Makes 16", 
  "sodiumContent": "Sodium (mg) 240", 
  "sugarContent": "Total Sugars (g) 0", 
  "url": "http://www.bonappetit.com/recipe/frico"
}