{
  "calories": "", 
  "carbohydrateContent": "", 
  "cholesterolContent": "", 
  "fatContent": "", 
  "fiberContent": "", 
  "image": "http://www.bonappetit.com/wp-content/uploads/2014/04/grilled-salmon-with-black-beans-and-piment-desplette-mayonnaise-940x600.jpg", 
  "ingredients": {
    "1 tablespoon chopped fresh thyme": {
      "flour": "Safe", 
      "gluten": "no gluten here!", 
      "quantity": "", 
      "substitute": "no substitute needed", 
      "unit": ""
    }, 
    "1 tablespoon finely grated lemon peel": {
      "flour": "Safe", 
      "gluten": "no gluten here!", 
      "quantity": "", 
      "substitute": "no substitute needed", 
      "unit": ""
    }, 
    "1 teaspoon ground cumin": {
      "flour": "Safe", 
      "gluten": "no gluten here!", 
      "quantity": "", 
      "substitute": "no substitute needed", 
      "unit": ""
    }, 
    "1/2 cup chopped plum tomatoes": {
      "flour": "Safe", 
      "gluten": "no gluten here!", 
      "quantity": "", 
      "substitute": "no substitute needed", 
      "unit": ""
    }, 
    "1/2 cup finely chopped celery": {
      "flour": "Safe", 
      "gluten": "no gluten here!", 
      "quantity": "", 
      "substitute": "no substitute needed", 
      "unit": ""
    }, 
    "1/2 cup finely chopped red onion": {
      "flour": "Safe", 
      "gluten": "no gluten here!", 
      "quantity": "", 
      "substitute": "no substitute needed", 
      "unit": ""
    }, 
    "1/2 teaspoon coarse sea salt plus additional for seasoning": {
      "flour": "Safe", 
      "gluten": "no gluten here!", 
      "quantity": "", 
      "substitute": "no substitute needed", 
      "unit": ""
    }, 
    "1/3 cup plus 3 tablespoons olive oil": {
      "flour": "Safe", 
      "gluten": "no gluten here!", 
      "quantity": "", 
      "substitute": "no substitute needed", 
      "unit": ""
    }, 
    "1/4 cup chopped fresh cilantro plus leaves for garnish": {
      "flour": "Safe", 
      "gluten": "no gluten here!", 
      "quantity": "", 
      "substitute": "no substitute needed", 
      "unit": ""
    }, 
    "2 15-ounce cans black beans, rinsed, drained": {
      "flour": "Safe", 
      "gluten": "no gluten here!", 
      "quantity": "", 
      "substitute": "no substitute needed", 
      "unit": ""
    }, 
    "2 tablespoons (scant) chopped jalape\u00f1o chiles with seeds": {
      "flour": "Safe", 
      "gluten": "no gluten here!", 
      "quantity": "", 
      "substitute": "no substitute needed", 
      "unit": ""
    }, 
    "5 garlic cloves; 2 pressed, 3 minced": {
      "flour": "Safe", 
      "gluten": "no gluten here!", 
      "quantity": "", 
      "substitute": "no substitute needed", 
      "unit": ""
    }, 
    "6 7-ounce salmon fillets with skin": {
      "flour": "Safe", 
      "gluten": "no gluten here!", 
      "quantity": "", 
      "substitute": "no substitute needed", 
      "unit": ""
    }, 
    "freshly ground black pepper": {
      "flour": "Safe", 
      "gluten": "no gluten here!", 
      "quantity": "", 
      "substitute": "no substitute needed", 
      "unit": ""
    }, 
    "nonstick vegetable oil spray": {
      "flour": "Safe", 
      "gluten": "no gluten here!", 
      "quantity": "", 
      "substitute": "no substitute needed", 
      "unit": ""
    }, 
    "piment d'espelette mayonnaise (see recipe)": {
      "flour": "Safe", 
      "gluten": "no gluten here!", 
      "quantity": "", 
      "substitute": "no substitute needed", 
      "unit": ""
    }
  }, 
  "instructions": [
    "Whisk 1/3 cup olive oil, pressed garlic, lemon peel, thyme, and 1/2 teaspoon sea salt in small bowl. Place fish, skin side down, in 13x9x2-inch glass baking dish. Brush marinade over top and sides of fish. Cover; chill at least 2 hours and up to 4 hours.", 
    "Heat 3 tablespoons olive oil in heavy large skillet over medium-high heat. Add onion, celery, tomatoes, chiles, and minced garlic. Saut\u00e9 until vegetables are just soft, about 5 minutes. Mix in black beans and cumin. Reduce heat to medium and cook until flavors blend, stirring occasionally, about 5 minutes. Season to taste with sea salt and pepper. DO AHEAD Can be made 2 hours ahead; let stand at room temperature.", 
    "Spray grill rack with nonstick spray and prepare barbecue (medium-high heat). Arrange fish, skin side up, on rack; spray skin. Grill fish 4 to 5 minutes; turn over. Grill until fish is just opaque in center, about 3 minutes longer, depending on thickness.", 
    "Rewarm beans with 1/4 cup water over medium heat; mix in chopped cilantro. Place 1/2 cup beans on each plate; top with fish and dollop of Piment d'Espelette Mayonnaise; garnish with cilantro leaves."
  ], 
  "keywords": [
    "Grilled", 
    "Tuna", 
    "Vegetables"
  ], 
  "name": "Grilled Salmon with Black Beans and Piment D'Espelette Mayonnaise", 
  "proteinContent": "", 
  "saturatedFatContent": "", 
  "servings": "Servings: 4", 
  "sodiumContent": "", 
  "sugarContent": "", 
  "url": "http://www.bonappetit.com/recipe/grilled-salmon-with-black-beans-and-piment-d-espelette-mayonnaise"
}