{
  "calories": "", 
  "carbohydrateContent": "", 
  "cholesterolContent": "", 
  "description": "Kumquats are completely edible, skins and all. They lend a unique bittersweet flavor to this granita, and peak during the winter citrus season.", 
  "fatContent": "", 
  "fiberContent": "", 
  "image": "http://www.bonappetit.com/wp-content/uploads/2014/02/frozen-kumquat-and-chile-mignonette-940x600.jpg", 
  "ingredients": {
    "champagne or white wine vinegar": {
      "flour": "Safe", 
      "gluten": "no gluten here!", 
      "quantity": "1/4", 
      "substitute": "no substitute needed", 
      "unit": "cup"
    }, 
    "fresno chile, thinly sliced, seeded if desired": {
      "flour": "Safe", 
      "gluten": "no gluten here!", 
      "quantity": "1", 
      "substitute": "no substitute needed", 
      "unit": ""
    }, 
    "kosher salt": {
      "flour": "Safe", 
      "gluten": "no gluten here!", 
      "quantity": "1/2", 
      "substitute": "no substitute needed", 
      "unit": "teaspoon"
    }, 
    "kumquats, sliced, seeded, or 4 clementines, peeled": {
      "flour": "Safe", 
      "gluten": "no gluten here!", 
      "quantity": "1", 
      "substitute": "no substitute needed", 
      "unit": "cup"
    }, 
    "sugar": {
      "flour": "Safe", 
      "gluten": "no gluten here!", 
      "quantity": "1/4", 
      "substitute": "no substitute needed", 
      "unit": "cup"
    }
  }, 
  "instructions": [
    "Bring sugar and 1 cup water to a boil in a small saucepan, stirring to dissolve sugar. Add kumquats and chile and cook until kumquats and chile are soft, about 3 minutes; drain kumquats and chile.", 
    "Pur\u00e9e kumquats, chile, vinegar, and 1/2 cup water in a blender until smooth. Strain through a fine-mesh sieve into a medium bowl, pressing on solids. Mix in salt.", 
    "Transfer mixture to a loaf pan and freeze 1 hour. Scrape mixture with a fork to break up frozen portions. Freeze, scraping and breaking up mixture every 30 minutes, until it resembles fluffy shaved ice, 2\u20134 hours.", 
    "DO AHEAD:Granita can be made 5 days ahead. Cover tightly with plastic wrap and keep frozen. Scrape before serving. (Serve alongside oysters.)"
  ], 
  "keywords": [
    "Condiments", 
    "Horseradish Recipes", 
    "Oyster Recipes", 
    "oysterland recipes", 
    "Pickle Recipes"
  ], 
  "name": "Frozen Kumquat and Chile Mignonette", 
  "proteinContent": "", 
  "saturatedFatContent": "", 
  "servings": "Servings: Makes about 1 cup", 
  "sodiumContent": "", 
  "sugarContent": "", 
  "url": "http://www.bonappetit.com/recipe/frozen-kumquat-and-chile-mignonette"
}