{
  "calories": "", 
  "carbohydrateContent": "", 
  "cholesterolContent": "", 
  "fatContent": "", 
  "fiberContent": "", 
  "image": "http://www.bonappetit.com/wp-content/uploads/2010/09/grilled-ham-cheese-and-pickle-sandwiches-646.jpg", 
  "ingredients": {
    "(3/4 stick) unsalted butter": {
      "flour": "Safe", 
      "gluten": "no gluten here!", 
      "quantity": "6", 
      "substitute": "no substitute needed", 
      "unit": "tablespoons"
    }, 
    "bread-and-butter pickles": {
      "flour": "Safe", 
      "gluten": "no gluten here!", 
      "quantity": "3/4", 
      "substitute": "no substitute needed", 
      "unit": "cup"
    }, 
    "cup grated aged goat cheese (such as midnight moon from cypress grove chevre)": {
      "flour": "Safe", 
      "gluten": "no gluten here!", 
      "quantity": "1/2", 
      "substitute": "no substitute needed", 
      "unit": ""
    }, 
    "grated gruy\u00e8re": {
      "flour": "Safe", 
      "gluten": "no gluten here!", 
      "quantity": "1 1/2", 
      "substitute": "no substitute needed", 
      "unit": "cups"
    }, 
    "grated mozzarella": {
      "flour": "Safe", 
      "gluten": "no gluten here!", 
      "quantity": "1 1/2", 
      "substitute": "no substitute needed", 
      "unit": "cups"
    }, 
    "mayonnaise": {
      "flour": "Safe", 
      "gluten": "no gluten here!", 
      "quantity": "1/4", 
      "substitute": "no substitute needed", 
      "unit": "cup"
    }, 
    "slices sourdough or white bread": {
      "flour": "Safe", 
      "gluten": "gluten here!", 
      "quantity": "8", 
      "substitute": "gluten-free bread", 
      "unit": ""
    }, 
    "thinly sliced prosciutto": {
      "flour": "Safe", 
      "gluten": "no gluten here!", 
      "quantity": "3", 
      "substitute": "no substitute needed", 
      "unit": "ounces"
    }
  }, 
  "instructions": [
    "Smear both sides of bread slices with mayonnaise. Combine cheeses in a bowl. Sprinkle 4 slices bread with half of cheese mixture, dividing equally. Top each with 3-4 pickles. Divide prosciutto among sandwiches; top with remaining cheese. Cover with remaining bread.", 
    "Melt 2 tablespoons butter in each of 2 large heavy skillets over medium-low heat. Add 2 sandwiches to each skillet and cook until bread is golden, 9-10 minutes. Add 1 tablespoon butter to each skillet, flip sandwiches, and cook until bread is golden and cheese is melted, 9-10 minutes longer."
  ], 
  "keywords": [
    "American Food", 
    "Cheese Recipes", 
    "Grilled Cheese Recipes", 
    "Ham Recipes", 
    "Lunch", 
    "Pickle Recipes", 
    "Preservation Society", 
    "Sandwich Recipes", 
    "Snack", 
    "Trail_02042012"
  ], 
  "name": "Grilled Ham, Cheese, and Pickle Sandwiches", 
  "proteinContent": "", 
  "saturatedFatContent": "", 
  "servings": "Servings: Makes 4", 
  "sodiumContent": "", 
  "sugarContent": "", 
  "url": "http://www.bonappetit.com/recipe/grilled-ham-cheese-and-pickle-sandwiches"
}