{
  "calories": "", 
  "carbohydrateContent": "", 
  "cholesterolContent": "", 
  "fatContent": "", 
  "fiberContent": "", 
  "image": "http://www.bonappetit.com/wp-content/uploads/2008/08/grilled-steak-sandwiches-with-marinated-watercress-onion-and-tomato-salad.jpg", 
  "ingredients": {
    "": {
      "flour": "Safe", 
      "gluten": "no gluten here!", 
      "quantity": "6", 
      "substitute": "no substitute needed", 
      "unit": ""
    }, 
    "2-pound well-trimmed tri-tip beef roast": {
      "flour": "Safe", 
      "gluten": "no gluten here!", 
      "quantity": "1", 
      "substitute": "no substitute needed", 
      "unit": ""
    }, 
    "dark brown sugar": {
      "flour": "Safe", 
      "gluten": "no gluten here!", 
      "quantity": "1", 
      "substitute": "no substitute needed", 
      "unit": "tablespoon"
    }, 
    "dry mustard, divided": {
      "flour": "Safe", 
      "gluten": "no gluten here!", 
      "quantity": "1 3/4", 
      "substitute": "no substitute needed", 
      "unit": "teaspoons"
    }, 
    "large plum tomatoes, very thinly sliced": {
      "flour": "Safe", 
      "gluten": "no gluten here!", 
      "quantity": "4", 
      "substitute": "no substitute needed", 
      "unit": ""
    }, 
    "olive oil": {
      "flour": "Safe", 
      "gluten": "no gluten here!", 
      "quantity": "1/2", 
      "substitute": "no substitute needed", 
      "unit": "cup"
    }, 
    "white balsamic vinegar": {
      "flour": "Safe", 
      "gluten": "no gluten here!", 
      "quantity": "6", 
      "substitute": "no substitute needed", 
      "unit": "tablespoons"
    }
  }, 
  "instructions": [
    "Prepare barbecue (medium-high heat). Whisk oil, vinegar, and 3/4 teaspoon mustard in large bowl. Season dressing with salt and pepper. Transfer 2 tablespoons dressing to small bowl; whisk in sugar and 1 teaspoon mustard. Sprinkle beef all over with salt and pepper, then top with mixture from small bowl.", 
    "Grill beef until thermometer inserted into thickest part registers 120\u00b0F to 125\u00b0F for rare, turning occasionally, about 30 minutes. Place on cutting board; let rest 10 minutes. Cut very thinly across grain.", 
    "Meanwhile, add tomatoes, watercress, and onion to dressing in large bowl. Marinate while beef grills, tossing occasionally. Grill bread, cut side down, until just crusty, about 3 minutes; place on plates, grilled side up.", 
    "Arrange beef slices over bread. Using tongs and draining slightly, top with salad."
  ], 
  "keywords": [
    "American", 
    "Baguette", 
    "Barbecue", 
    "Beef", 
    "Beef Recipes", 
    "Break", 
    "Dinner", 
    "Easy", 
    "Easy Recipes", 
    "Family Reunion Food", 
    "Fast", 
    "Fast Easy Fresh", 
    "Grilling", 
    "Lunch", 
    "Main Course", 
    "Main Dishes", 
    "March Madness Snacks", 
    "Marinade", 
    "Meat", 
    "Onion", 
    "Quick", 
    "Salad", 
    "Sandwich", 
    "Sandwich Recipes", 
    "Sandwiches", 
    "Steak", 
    "Summer Cooking", 
    "Summer Food", 
    "Superbowl Food", 
    "Tailgating Food", 
    "Tomato", 
    "Tomatoes", 
    "Tri Tip", 
    "Watercress", 
    "Watercress Recipes"
  ], 
  "name": "Grilled Steak Sandwiches with Marinated Watercress, Onion, and Tomato Salad", 
  "proteinContent": "", 
  "saturatedFatContent": "", 
  "servings": "Servings: 6", 
  "sodiumContent": "", 
  "sugarContent": "", 
  "url": "http://www.bonappetit.com/recipe/grilled-steak-sandwiches-with-marinated-watercress-onion-and-tomato-salad"
}