{
  "calories": "", 
  "carbohydrateContent": "", 
  "cholesterolContent": "", 
  "fatContent": "", 
  "fiberContent": "", 
  "image": "http://www.bonappetit.com/wp-content/uploads/2005/02/feta-garbanzo-bean-and-eggplant-pita-sandwiches-recipe-940x600.jpg", 
  "ingredients": {
    "": {
      "flour": "Safe", 
      "gluten": "no gluten here!", 
      "quantity": "", 
      "substitute": "no substitute needed", 
      "unit": ""
    }, 
    "15 1/2-ounce can garbanzo beans, drained, 1/2 cup juices reserved": {
      "flour": "Safe", 
      "gluten": "no gluten here!", 
      "quantity": "1", 
      "substitute": "no substitute needed", 
      "unit": ""
    }, 
    "chopped fresh mint, divided": {
      "flour": "Safe", 
      "gluten": "no gluten here!", 
      "quantity": "4", 
      "substitute": "no substitute needed", 
      "unit": "tablespoons"
    }, 
    "chopped onions": {
      "flour": "Safe", 
      "gluten": "no gluten here!", 
      "quantity": "1 1/2", 
      "substitute": "no substitute needed", 
      "unit": "cups"
    }, 
    "crumbled feta cheese, divided": {
      "flour": "Safe", 
      "gluten": "no gluten here!", 
      "quantity": "5", 
      "substitute": "no substitute needed", 
      "unit": "tablespoons"
    }, 
    "fresh lemon juice": {
      "flour": "Safe", 
      "gluten": "no gluten here!", 
      "quantity": "1", 
      "substitute": "no substitute needed", 
      "unit": "tablespoon"
    }, 
    "ground cumin": {
      "flour": "Safe", 
      "gluten": "no gluten here!", 
      "quantity": "1", 
      "substitute": "no substitute needed", 
      "unit": "tablespoon"
    }, 
    "japanese eggplants, unpeeled, cut into 3/4-inch cubes": {
      "flour": "Safe", 
      "gluten": "no gluten here!", 
      "quantity": "1", 
      "substitute": "no substitute needed", 
      "unit": "pound"
    }, 
    "olive oil": {
      "flour": "Safe", 
      "gluten": "no gluten here!", 
      "quantity": "2", 
      "substitute": "no substitute needed", 
      "unit": "tablespoons"
    }, 
    "pita bread rounds, warmed in oven or toasted": {
      "flour": "Safe", 
      "gluten": "gluten here!", 
      "quantity": "3", 
      "substitute": "gluten-free bread", 
      "unit": ""
    }
  }, 
  "instructions": [
    "Heat oil in large nonstick skillet over medium-high heat. Add eggplant cubes and onions; saut\u00e9 until soft and beginning to brown, about 9 minutes. Stir in garbanzo beans, cumin, and lemon juice. Saut\u00e9 until heated through and flavors blend, adding enough garbanzo bean liquid by tablespoonfuls to moisten if mixture is dry, about 4 minutes. Stir in 3 tablespoons mint and 3 tablespoons feta cheese. Season generously with salt and pepper.", 
    "Cut pita breads crosswise in half. Spoon eggplant mixture into pita breads. Sprinkle filling with remaining mint and feta and serve."
  ], 
  "keywords": [
    "Bean Recipes", 
    "Bread Recipes", 
    "Cheese Recipes", 
    "Chickpea", 
    "Easy Recipes", 
    "Eggplant Recipes", 
    "Feta Recipes", 
    "Greek Food", 
    "Healthy Recipes", 
    "Low Fat Recipes", 
    "Lunch", 
    "Mediterranean Food", 
    "Mint Recipes", 
    "Sandwich Recipes", 
    "Spring Food", 
    "Vegetable Recipes", 
    "Vegetarian Recipes"
  ], 
  "name": "Feta, Garbanzo Bean, and Eggplant Pita Sandwiches", 
  "proteinContent": "", 
  "saturatedFatContent": "", 
  "servings": "Servings: Makes 6 halves", 
  "sodiumContent": "", 
  "sugarContent": "", 
  "url": "http://www.bonappetit.com/recipe/feta-garbanzo-bean-and-eggplant-pita-sandwiches"
}