{
  "calories": "", 
  "carbohydrateContent": "", 
  "cholesterolContent": "", 
  "description": "A trick we like: Peel all overripe bananas and put in the freezer, then use to make supercreamy smoothies (and banana bread as well). If you haven\u2019t prefrozen a banana, though, don\u2019t worry\u2014throw a few ice cubes into the blender for a slushier effect.", 
  "fatContent": "", 
  "fiberContent": "", 
  "image": "http://www.bonappetit.com/wp-content/uploads/2013/12/quinoatmeal-with-apple-and-toasted-walnuts.jpg", 
  "ingredients": {
    "almond butter": {
      "flour": "Safe", 
      "gluten": "no gluten here!", 
      "quantity": "1", 
      "substitute": "no substitute needed", 
      "unit": "tablespoon"
    }, 
    "almond extract (optional)": {
      "flour": "Safe", 
      "gluten": "no gluten here!", 
      "quantity": "1/8", 
      "substitute": "no substitute needed", 
      "unit": "teaspoon"
    }, 
    "almond milk": {
      "flour": "Safe", 
      "gluten": "no gluten here!", 
      "quantity": "1", 
      "substitute": "no substitute needed", 
      "unit": "cup"
    }, 
    "frozen peeled banana, broken into 3\u20134 chunks": {
      "flour": "Safe", 
      "gluten": "no gluten here!", 
      "quantity": "1", 
      "substitute": "no substitute needed", 
      "unit": ""
    }
  }, 
  "instructions": [
    "Combine banana, almond milk, almond butter, and almond extract, if using, in a blender and puree until smooth."
  ], 
  "keywords": [
    "Almond", 
    "Banana", 
    "Breakfast", 
    "Food-Lover's Cleanse 2014", 
    "Healthy Recipes", 
    "Smoothie Recipes", 
    "Vegetarian Food"
  ], 
  "name": "Banana Almond Smoothie", 
  "proteinContent": "", 
  "saturatedFatContent": "", 
  "servings": "Servings: 1 serving", 
  "sodiumContent": "", 
  "sugarContent": "", 
  "url": "http://www.bonappetit.com/recipe/banana-almond-smoothie"
}