{
  "calories": "", 
  "carbohydrateContent": "", 
  "cholesterolContent": "", 
  "description": "Don\u2019t be dismayed by \u2028this recipe\u2019s length: Packed with \u2028make-ahead moments, the dish is a \u2028low-stress showstopper.", 
  "fatContent": "", 
  "fiberContent": "", 
  "image": "http://www.bonappetit.com/wp-content/uploads/2014/09/glazed-duck-confit-with-olive-relish-and-sauce-verte-940x600-1411157399.jpg", 
  "ingredients": {
    "(packed) dark brown sugar": {
      "flour": "Safe", 
      "gluten": "no gluten here!", 
      "quantity": "\u00bd", 
      "substitute": "no substitute needed", 
      "unit": "cup"
    }, 
    "a spice mill": {
      "flour": "Safe", 
      "gluten": "no gluten here!", 
      "quantity": "", 
      "substitute": "no substitute needed", 
      "unit": ""
    }, 
    "armagnac": {
      "flour": "Safe", 
      "gluten": "no gluten here!", 
      "quantity": "\u00bd", 
      "substitute": "no substitute needed", 
      "unit": "cup"
    }, 
    "bay leaf, crumbled": {
      "flour": "Safe", 
      "gluten": "no gluten here!", 
      "quantity": "1", 
      "substitute": "no substitute needed", 
      "unit": ""
    }, 
    "black peppercorns": {
      "flour": "Safe", 
      "gluten": "no gluten here!", 
      "quantity": "\u00be", 
      "substitute": "no substitute needed", 
      "unit": "teaspoon"
    }, 
    "bunch thyme": {
      "flour": "Safe", 
      "gluten": "no gluten here!", 
      "quantity": "1", 
      "substitute": "no substitute needed", 
      "unit": ""
    }, 
    "coriander seeds": {
      "flour": "Safe", 
      "gluten": "no gluten here!", 
      "quantity": "1", 
      "substitute": "no substitute needed", 
      "unit": "teaspoon"
    }, 
    "crushed red pepper flakes": {
      "flour": "Safe", 
      "gluten": "no gluten here!", 
      "quantity": "\u00bc", 
      "substitute": "no substitute needed", 
      "unit": "teaspoon"
    }, 
    "duck legs (thigh and drumstick)": {
      "flour": "Safe", 
      "gluten": "no gluten here!", 
      "quantity": "8", 
      "substitute": "no substitute needed", 
      "unit": ""
    }, 
    "finely chopped fresh chives": {
      "flour": "Safe", 
      "gluten": "no gluten here!", 
      "quantity": "1", 
      "substitute": "no substitute needed", 
      "unit": "tablespoon"
    }, 
    "finely chopped fresh flat-leaf parsley": {
      "flour": "Safe", 
      "gluten": "no gluten here!", 
      "quantity": "3", 
      "substitute": "no substitute needed", 
      "unit": "tablespoons"
    }, 
    "finely chopped fresh mint": {
      "flour": "Safe", 
      "gluten": "no gluten here!", 
      "quantity": "1", 
      "substitute": "no substitute needed", 
      "unit": "tablespoon"
    }, 
    "freshly ground black pepper": {
      "flour": "Safe", 
      "gluten": "no gluten here!", 
      "quantity": "", 
      "substitute": "no substitute needed", 
      "unit": ""
    }, 
    "garlic cloves, finely chopped": {
      "flour": "Safe", 
      "gluten": "no gluten here!", 
      "quantity": "2", 
      "substitute": "no substitute needed", 
      "unit": ""
    }, 
    "ground allspice": {
      "flour": "Safe", 
      "gluten": "no gluten here!", 
      "quantity": "\u00be", 
      "substitute": "no substitute needed", 
      "unit": "teaspoon"
    }, 
    "ground cinnamon": {
      "flour": "Safe", 
      "gluten": "no gluten here!", 
      "quantity": "\u00bc", 
      "substitute": "no substitute needed", 
      "unit": "teaspoon"
    }, 
    "ground cloves": {
      "flour": "Safe", 
      "gluten": "no gluten here!", 
      "quantity": "\u00bc", 
      "substitute": "no substitute needed", 
      "unit": "teaspoon"
    }, 
    "head garlic, quartered": {
      "flour": "Safe", 
      "gluten": "no gluten here!", 
      "quantity": "1", 
      "substitute": "no substitute needed", 
      "unit": ""
    }, 
    "juniper berries": {
      "flour": "Safe", 
      "gluten": "no gluten here!", 
      "quantity": "5", 
      "substitute": "no substitute needed", 
      "unit": ""
    }, 
    "kosher salt": {
      "flour": "Safe", 
      "gluten": "no gluten here!", 
      "quantity": "", 
      "substitute": "no substitute needed", 
      "unit": ""
    }, 
    "olive oil": {
      "flour": "Safe", 
      "gluten": "no gluten here!", 
      "quantity": "\u00bd", 
      "substitute": "no substitute needed", 
      "unit": "cup"
    }, 
    "olive oil, divided": {
      "flour": "Safe", 
      "gluten": "no gluten here!", 
      "quantity": "6", 
      "substitute": "no substitute needed", 
      "unit": "tablespoons"
    }, 
    "parsnip pur\u00e9e (click for recipe)": {
      "flour": "Safe", 
      "gluten": "no gluten here!", 
      "quantity": "", 
      "substitute": "no substitute needed", 
      "unit": ""
    }, 
    "pitted green olives (such as castelvetrano), coarsely chopped": {
      "flour": "Safe", 
      "gluten": "no gluten here!", 
      "quantity": "1", 
      "substitute": "no substitute needed", 
      "unit": "cup"
    }, 
    "pitted prunes": {
      "flour": "Safe", 
      "gluten": "no gluten here!", 
      "quantity": "\u00bd", 
      "substitute": "no substitute needed", 
      "unit": "cup"
    }, 
    "sherry vinegar": {
      "flour": "Safe", 
      "gluten": "no gluten here!", 
      "quantity": "\u00bd", 
      "substitute": "no substitute needed", 
      "unit": "cup"
    }, 
    "small shallot, finely chopped": {
      "flour": "Safe", 
      "gluten": "no gluten here!", 
      "quantity": "1", 
      "substitute": "no substitute needed", 
      "unit": ""
    }, 
    "sugar": {
      "flour": "Safe", 
      "gluten": "no gluten here!", 
      "quantity": "\u00bd", 
      "substitute": "no substitute needed", 
      "unit": "cup"
    }, 
    "white wine vinegar": {
      "flour": "Safe", 
      "gluten": "no gluten here!", 
      "quantity": "3", 
      "substitute": "no substitute needed", 
      "unit": "tablespoons"
    }, 
    "wide strips lemon zest": {
      "flour": "Safe", 
      "gluten": "no gluten here!", 
      "quantity": "2", 
      "substitute": "no substitute needed", 
      "unit": ""
    }
  }, 
  "instructions": [
    "Combine prunes and 1 cup \u2028very hot water in a small bowl; let stand \u202820 minutes to soften.", 
    "Meanwhile, bring lemon zest, Armagnac, sugar, and 1 cup water to a boil in a medium saucepan. Reduce heat and simmer 15 minutes for alcohol to cook off. Drain prunes and add to saucepan along with a pinch of salt. Return to a simmer and cook until prunes are plumped, 12\u201315 minutes; let cool. Drain. Quarter prunes.", 
    "Heat 3 Tbsp. oil in a small skillet over medium-high. Cook shallot, garlic, and red pepper flakes, stirring occasionally, until shallot is translucent, about 2 minutes. Combine with prunes, olives, vinegar, and remaining 3 Tbsp. oil in a medium bowl; season with salt and pepper.", 
    "DO AHEAD:Relish can be made 2 days ahead. Let cool; cover and chill.", 
    "Toast juniper berries and coriander seeds in a dry small skillet over medium heat, tossing occasionally, until fragrant, about 2 minutes. Let cool, then finely grind in spice mill along with bay leaf, peppercorns, and allspice. Transfer \u2028spice mixture to a small bowl and mix \u2028in cinnamon, cloves, and salt.", 
    "Using a knife, score around the end of each duck leg bone, then prick skin all over with a knife. Sprinkle with spice mixture; cover and chill at least 8 hours.", 
    "Preheat oven to 250\u00b0. Rinse duck legs, pat dry, and arrange, skin side down, \u2028in a large roasting pan. Add thyme, garlic, and \u00bd cup water. Cover with foil and cook until rendered fat submerges duck, about \u20282 hours. Turn duck skin side up, cover, \u2028and continue to bake until meat is very tender, 2\u20132\u00bd hours longer.", 
    "DO AHEAD:Duck can be brined \u202812 hours before baking; keep chilled. It can be cooked 5 days ahead. Let cool in fat; cover and chill.", 
    "Increase oven temperature to 400\u00b0. Bring brown sugar, Sherry vinegar, and pinch of salt to a boil in a small saucepan. Reduce heat; simmer until sugar dissolves and mixture is slightly reduced, about 3 minutes.", 
    "Remove duck legs from fat, scraping off excess, and place on a rimmed baking sheet. Roast until skin is browned and crisp, 20\u201330 minutes. Lightly brush duck with vinegar mixture and roast, brush-\u2028ing with vinegar mixture halfway through, until glaze is bubbling, 8\u201310 minutes.", 
    "Meanwhile, combine shallot, white wine vinegar, and a pinch of salt in a small bowl; let stand 5 minutes. Stir in oil, parsley, chives, and mint.", 
    "Serve duck over Parsnip Pur\u00e9e topped with sauce verte and relish.", 
    "DO AHEAD:Sauce can be made 1 hour ahead. Cover and keep room temperature."
  ], 
  "keywords": [
    "Allspice", 
    "Armagnac", 
    "chives", 
    "Cinnamon", 
    "cloves", 
    "Coriander", 
    "Dinner", 
    "Dinner Party Food", 
    "Duck", 
    "grown up dinner party recipes", 
    "Hot Pepper", 
    "Juniper Berries", 
    "Lemon", 
    "Mint", 
    "Olives", 
    "Parsley", 
    "Peppercorns", 
    "Prunes", 
    "Shallots", 
    "Thyme"
  ], 
  "name": "Glazed Duck Confit with Olive Relish and Sauce Verte", 
  "proteinContent": "", 
  "saturatedFatContent": "", 
  "servings": "Servings: 8", 
  "sodiumContent": "", 
  "sugarContent": "", 
  "url": "http://www.bonappetit.com/recipe/glazed-duck-confit-with-olive-relish-and-sauce-verte"
}