{
  "calories": "", 
  "carbohydrateContent": "", 
  "cholesterolContent": "", 
  "fatContent": "", 
  "fiberContent": "", 
  "image": "http://www.bonappetit.com/wp-content/uploads/2008/04/grilled-cheese-and-fried-egg-sandwiches-646.jpg", 
  "ingredients": {
    "butter": {
      "flour": "Safe", 
      "gluten": "no gluten here!", 
      "quantity": "2", 
      "substitute": "no substitute needed", 
      "unit": "tablespoons"
    }, 
    "fresh basil leaves or arugula leaves": {
      "flour": "Safe", 
      "gluten": "no gluten here!", 
      "quantity": "12", 
      "substitute": "no substitute needed", 
      "unit": ""
    }, 
    "large eggs": {
      "flour": "Safe", 
      "gluten": "no gluten here!", 
      "quantity": "4", 
      "substitute": "no substitute needed", 
      "unit": ""
    }, 
    "parmesan cheese shavings": {
      "flour": "Safe", 
      "gluten": "no gluten here!", 
      "quantity": "", 
      "substitute": "no substitute needed", 
      "unit": ""
    }, 
    "slices of pancetta (italian bacon)": {
      "flour": "Safe", 
      "gluten": "no gluten here!", 
      "quantity": "12", 
      "substitute": "no substitute needed", 
      "unit": ""
    }, 
    "slices sourdough bread": {
      "flour": "Safe", 
      "gluten": "gluten here!", 
      "quantity": "4", 
      "substitute": "gluten-free dough", 
      "unit": ""
    }, 
    "small green onion, chopped": {
      "flour": "Safe", 
      "gluten": "no gluten here!", 
      "quantity": "1", 
      "substitute": "no substitute needed", 
      "unit": ""
    }, 
    "thin slices provolone cheese": {
      "flour": "Safe", 
      "gluten": "no gluten here!", 
      "quantity": "8", 
      "substitute": "no substitute needed", 
      "unit": ""
    }
  }, 
  "instructions": [
    "Cook pancetta in large nonstick skillet over medium-high heat until crisp. Transfer to paper towels. Reserve skillet with drippings.", 
    "Melt butter in extra-large nonstick skillet over medium heat. Add 4 bread slices; top each with 2 provolone slices. Sprinkle with black pepper. Cook until cheese melts, 3 to 4 minutes.", 
    "Meanwhile, heat skillet with drippings over medium heat. Crack eggs into skillet; cook until whites are set but yolks are still runny, 2 to 3 minutes. Set 6 pancetta slices and 2 eggs atop each of 2 cheese toasts. Top eggs with onion, Parmesan, and basil, then remaining bread slices, cheese side down. Cut sandwiches in half and serve."
  ], 
  "keywords": [
    "American Food", 
    "Bacon", 
    "Bread Recipes", 
    "Breakfast", 
    "Brunch", 
    "Cheese Recipes", 
    "Easy Recipes", 
    "Egg Recipes", 
    "Fast Easy Fresh", 
    "Fathers Day Food", 
    "Grilled Cheese Recipes", 
    "Grilled Cheese Sandwich Recipes", 
    "Lunch", 
    "Main Course", 
    "Pancetta Recipes", 
    "Parmesan Recipes", 
    "Provolone Recipes", 
    "Sandwich Recipes", 
    "Super Bowl Food", 
    "Superbowl Food", 
    "Tailgating Food", 
    "Trail_02042012"
  ], 
  "name": "Grilled Cheese and Fried Egg Sandwiches", 
  "proteinContent": "", 
  "saturatedFatContent": "", 
  "servings": "Servings: Makes 4", 
  "sodiumContent": "", 
  "sugarContent": "", 
  "url": "http://www.bonappetit.com/recipe/grilled-cheese-and-fried-egg-sandwiches"
}