{
  "calories": "", 
  "carbohydrateContent": "", 
  "cholesterolContent": "", 
  "fatContent": "", 
  "fiberContent": "", 
  "image": "http://www.bonappetit.com/wp-content/uploads/2012/02/ginger-lime-cheesecake-646.jpg", 
  "ingredients": {
    "cream cheese, room temperature": {
      "flour": "Safe", 
      "gluten": "no gluten here!", 
      "quantity": "8", 
      "substitute": "no substitute needed", 
      "unit": "ounces"
    }, 
    "crushed gingersnap cookies": {
      "flour": "Safe", 
      "gluten": "gluten here!", 
      "quantity": "3/4", 
      "substitute": "gluten-free cookies", 
      "unit": "cup"
    }, 
    "large eggs": {
      "flour": "Safe", 
      "gluten": "no gluten here!", 
      "quantity": "2", 
      "substitute": "no substitute needed", 
      "unit": ""
    }, 
    "pinch kosher salt": {
      "flour": "Safe", 
      "gluten": "no gluten here!", 
      "quantity": "", 
      "substitute": "no substitute needed", 
      "unit": ""
    }, 
    "sour cream": {
      "flour": "Safe", 
      "gluten": "no gluten here!", 
      "quantity": "8", 
      "substitute": "no substitute needed", 
      "unit": "ounces"
    }, 
    "sugar": {
      "flour": "Safe", 
      "gluten": "no gluten here!", 
      "quantity": "3/4", 
      "substitute": "no substitute needed", 
      "unit": "cup"
    }, 
    "unsalted butter, melted": {
      "flour": "Safe", 
      "gluten": "no gluten here!", 
      "quantity": "3", 
      "substitute": "no substitute needed", 
      "unit": "tablespoons"
    }, 
    "vanilla extract": {
      "flour": "Safe", 
      "gluten": "no gluten here!", 
      "quantity": "1/2", 
      "substitute": "no substitute needed", 
      "unit": "teaspoon"
    }, 
    "zest and juice of 1 lime": {
      "flour": "Safe", 
      "gluten": "no gluten here!", 
      "quantity": "", 
      "substitute": "no substitute needed", 
      "unit": ""
    }
  }, 
  "instructions": [
    "Mix cookie crumbs and butter in a small bowl and press into the bottom of springform pan. Mix remaining 7 ingredients in a medium bowl until smooth and well combined. Pour over gingersnap crust; smooth top.", 
    "Arrange rack in bottom of the pressure cooker pot. Pour 3 cups water into pot and place springform pan on rack. Lock the lid in place, making sure vent is sealed. Press Warm; set timer for 15 minutes and press Start to cook.", 
    "Let pressure release naturally. Remove lid and using oven mitts, carefully remove pan from pot. Cover and refrigerate cheesecake in the springform pan for at least 4 hours before serving."
  ], 
  "keywords": [], 
  "name": "Ginger-Lime Cheesecake", 
  "proteinContent": "", 
  "saturatedFatContent": "", 
  "servings": "Servings: 6\u20138", 
  "sodiumContent": "", 
  "sugarContent": "", 
  "url": "http://www.bonappetit.com/recipe/ginger-lime-cheesecake"
}