{
  "calories": "Calories (kcal) 180", 
  "carbohydrateContent": "Carbohydrates (g) 3", 
  "cholesterolContent": "Cholesterol (mg) 10", 
  "description": "Greek yogurt gets transformed into a bright fresh cheese in this Middle Eastern-style dish. Spread it onto toast with jam for breakfast, or serve as part of a cheese platter.", 
  "fatContent": "Fat (g) 18", 
  "fiberContent": "Dietary Fiber (g)  0", 
  "image": "http://www.bonappetit.com/wp-content/uploads/2013/10/greek-yogurt-labneh-940x600.jpg", 
  "ingredients": {
    "(or more) good-quality extra-virgin olive oil": {
      "flour": "Safe", 
      "gluten": "no gluten here!", 
      "quantity": "1/2", 
      "substitute": "no substitute needed", 
      "unit": "cup"
    }, 
    "cheesecloth": {
      "flour": "Safe", 
      "gluten": "no gluten here!", 
      "quantity": "", 
      "substitute": "no substitute needed", 
      "unit": ""
    }, 
    "finely grated lemon zest": {
      "flour": "Safe", 
      "gluten": "no gluten here!", 
      "quantity": "1/2", 
      "substitute": "no substitute needed", 
      "unit": "teaspoon"
    }, 
    "finely minced fresh herbs (such as tarragon, parsley, and chives)": {
      "flour": "Safe", 
      "gluten": "no gluten here!", 
      "quantity": "3", 
      "substitute": "no substitute needed", 
      "unit": "tablespoons"
    }, 
    "kosher salt and freshly ground black pepper": {
      "flour": "Safe", 
      "gluten": "no gluten here!", 
      "quantity": "", 
      "substitute": "no substitute needed", 
      "unit": ""
    }, 
    "plain 2% fat or whole fage greek yogurt": {
      "flour": "Safe", 
      "gluten": "no gluten here!", 
      "quantity": "2", 
      "substitute": "no substitute needed", 
      "unit": "cups"
    }
  }, 
  "instructions": [
    "Line a large sieve with cheese-cloth; set over a medium deep bowl. Place yogurt in sieve. Gather edges of cheesecloth to cover yogurt. Place in refrigerator and let drain for 2-3 days.", 
    "Gently squeeze out any excess liquid; discard liquid in bowl (yogurt will be very thick and resemble soft goat cheese). Roll yogurt into 3/4 inches balls. Place  in an 8-ounces glass jar.", 
    "Whisk oil, herbs, and lemon zest in a small bowl to combine. Season with salt and pepper. Pour over yogurt in jar. Cover; place in refrigerator and let marinate for at least 8 hours and up to 2 weeks."
  ], 
  "keywords": [
    "Appetizers", 
    "Ba Seal Of Approval Recipes", 
    "Cheese Recipes", 
    "Chive", 
    "Condiments", 
    "Dip Recipes", 
    "Greek Food", 
    "Holiday Party Food", 
    "Lemon Recipes", 
    "Lemon Zest Recipes", 
    "Low Cholesterol Recipes", 
    "Low Sodium Recipes", 
    "Parsley Recipes", 
    "Spread Recipes", 
    "Tarragon Recipes", 
    "Vegetarian Recipes", 
    "Yogurt Recipes"
  ], 
  "name": "Greek Yogurt Labneh", 
  "proteinContent": "Protein (g) 3", 
  "saturatedFatContent": "Saturated Fat (g) 4", 
  "servings": "Servings: 6-8", 
  "sodiumContent": "Sodium (mg) 100", 
  "sugarContent": "Total Sugars (g) 3", 
  "url": "http://www.bonappetit.com/recipe/greek-yogurt-labneh"
}