{
  "calories": "", 
  "carbohydrateContent": "", 
  "cholesterolContent": "", 
  "fatContent": "", 
  "fiberContent": "", 
  "image": "http://www.bonappetit.com/wp-content/uploads/2012/09/baked-parsnip-fries-with-rosemary-646.jpg", 
  "ingredients": {
    "(or more) ground cumin": {
      "flour": "Safe", 
      "gluten": "no gluten here!", 
      "quantity": "1/2", 
      "substitute": "no substitute needed", 
      "unit": "teaspoon"
    }, 
    "finely chopped fresh rosemary, plus 5 sprigs rosemary": {
      "flour": "Safe", 
      "gluten": "no gluten here!", 
      "quantity": "1", 
      "substitute": "no substitute needed", 
      "unit": "tablespoon"
    }, 
    "kosher salt, freshly ground pepper": {
      "flour": "Safe", 
      "gluten": "no gluten here!", 
      "quantity": "", 
      "substitute": "no substitute needed", 
      "unit": ""
    }, 
    "large garlic clove, minced": {
      "flour": "Safe", 
      "gluten": "no gluten here!", 
      "quantity": "1", 
      "substitute": "no substitute needed", 
      "unit": ""
    }, 
    "olive oil": {
      "flour": "Safe", 
      "gluten": "no gluten here!", 
      "quantity": "3", 
      "substitute": "no substitute needed", 
      "unit": "tablespoons"
    }, 
    "parsnips or carrots, peeled, cut into about 3x1/2-inch strips": {
      "flour": "Safe", 
      "gluten": "no gluten here!", 
      "quantity": "2 1/2", 
      "substitute": "no substitute needed", 
      "unit": "pounds"
    }
  }, 
  "instructions": [
    "Preheat oven to 450\u00b0. Mix parsnips, chopped rosemary, garlic, and oil on a large rimmed baking sheet. Season with salt and pepper and toss to coat. Spread out in a single layer. Scatter rosemary sprigs over.", 
    "Roast for 10 minutes; turn parsnips and roast until parsnips are tender and browned in spots, 10\u201315 minutes longer. Crumble leaves from rosemary sprigs over; discard stems and toss to coat. Sprinkle 1/2 tsp. cumin over. Season to taste with salt, pepper, and more cumin, if desired."
  ], 
  "keywords": [
    "Fast Easy Fresh", 
    "French Fry Recipes", 
    "Healthy Recipes", 
    "March Meals", 
    "Parsnip Recipes", 
    "Quick Recipes", 
    "Sheet-Pan Dinners", 
    "Vegetable Recipes"
  ], 
  "name": "Baked Parsnip Fries with Rosemary", 
  "proteinContent": "", 
  "saturatedFatContent": "", 
  "servings": "Servings: 6", 
  "sodiumContent": "", 
  "sugarContent": "", 
  "url": "http://www.bonappetit.com/recipe/baked-parsnip-fries-with-rosemary"
}