{
  "calories": "", 
  "carbohydrateContent": "", 
  "cholesterolContent": "", 
  "fatContent": "", 
  "fiberContent": "", 
  "image": "http://www.bonappetit.com/wp-content/uploads/2012/06/grilled-turmeric-and-lemongrass-chicken-wings-940x600.jpg", 
  "ingredients": {
    "1' piece ginger, peeled, chopped": {
      "flour": "Safe", 
      "gluten": "no gluten here!", 
      "quantity": "1", 
      "substitute": "no substitute needed", 
      "unit": ""
    }, 
    "canned unsweetened coconut milk": {
      "flour": "Safe", 
      "gluten": "no gluten here!", 
      "quantity": "1", 
      "substitute": "no substitute needed", 
      "unit": "cup"
    }, 
    "fish sauce (such as nuoc nam or nam pla)": {
      "flour": "Safe", 
      "gluten": "no gluten here!", 
      "quantity": "1", 
      "substitute": "no substitute needed", 
      "unit": "tablespoon"
    }, 
    "fresh lime juice": {
      "flour": "Safe", 
      "gluten": "no gluten here!", 
      "quantity": "2", 
      "substitute": "no substitute needed", 
      "unit": "tablespoons"
    }, 
    "garlic cloves": {
      "flour": "Safe", 
      "gluten": "no gluten here!", 
      "quantity": "3", 
      "substitute": "no substitute needed", 
      "unit": ""
    }, 
    "jalape\u00f1os, stemmed": {
      "flour": "Safe", 
      "gluten": "no gluten here!", 
      "quantity": "2", 
      "substitute": "no substitute needed", 
      "unit": ""
    }, 
    "kosher salt": {
      "flour": "Safe", 
      "gluten": "no gluten here!", 
      "quantity": "2", 
      "substitute": "no substitute needed", 
      "unit": "teaspoons"
    }, 
    "lemongrass stalks (bottom third only, tough outer layers removed), finely chopped": {
      "flour": "Safe", 
      "gluten": "no gluten here!", 
      "quantity": "2", 
      "substitute": "no substitute needed", 
      "unit": ""
    }, 
    "lime wedges": {
      "flour": "Safe", 
      "gluten": "no gluten here!", 
      "quantity": "", 
      "substitute": "no substitute needed", 
      "unit": ""
    }, 
    "shallots, chopped": {
      "flour": "Safe", 
      "gluten": "no gluten here!", 
      "quantity": "3", 
      "substitute": "no substitute needed", 
      "unit": ""
    }, 
    "tamarind juice concentrate (not paste or pulp) or 1 tbsp. fresh lime juice": {
      "flour": "Safe", 
      "gluten": "no gluten here!", 
      "quantity": "2", 
      "substitute": "no substitute needed", 
      "unit": "tablespoons"
    }, 
    "turmeric": {
      "flour": "Safe", 
      "gluten": "no gluten here!", 
      "quantity": "1", 
      "substitute": "no substitute needed", 
      "unit": "teaspoon"
    }, 
    "vegetable oil (for grill)": {
      "flour": "Safe", 
      "gluten": "no gluten here!", 
      "quantity": "", 
      "substitute": "no substitute needed", 
      "unit": ""
    }, 
    "whole chicken wings": {
      "flour": "Safe", 
      "gluten": "no gluten here!", 
      "quantity": "3", 
      "substitute": "no substitute needed", 
      "unit": "pounds"
    }
  }, 
  "instructions": [
    "Combine coconut milk, shallots, garlic, lemongrass, jalape\u00f1os, ginger, lime juice, tamarind juice, fish sauce, kosher salt, turmeric, and 1 cup water in a blender. Pur\u00e9e mixture until a smooth marinade forms.", 
    "Place chicken wings in a large baking dish. Pour marinade over; turn wings to coat evenly. Cover chicken and chill overnight.", 
    "Remove chicken from marinade, shaking any excess marinade back into dish. Transfer chicken to a large platter. Let stand at room temperature for 15 minutes.", 
    "Transfer marinade to a large saucepan and bring to a boil over medium heat. Reduce heat to medium-low and simmer, stirring occasionally, until marinade thickens, 10-15 minutes. Pour half of marinade into a small bowl; set aside for basting chicken while it grills. Keep remaining marinade in saucepan; cover and keep warm until ready to serve the chicken.", 
    "Build a medium fire in a charcoal grill, or heat a gas grill to medium-high. Oil grill grates to prevent sticking. Grill chicken wings, turning every 5 minutes and basting occasionally with marinade in small bowl, until fat is rendered and skin is nicely charred in spots, 30-35 minutes. (The key here is to turn the wings often so the skin doesn't burn.)", 
    "Continue cooking chicken without basting (so it will get crisp) until wings are cooked through, about 10 minutes longer.", 
    "Transfer chicken to a large platter and let it rest for 5 minutes. Squeeze lime wedges over wings. Transfer marinade in saucepan to a small bowl. Serve warm marinade alongside chicken as a dipping sauce."
  ], 
  "keywords": [
    "Chicken Recipes", 
    "Dinner", 
    "Entrees", 
    "Fourth Of July", 
    "Grilling Food", 
    "Lemongrass Recipes", 
    "Malaysian Food", 
    "Malaysian Grilling Recipes", 
    "Southeast Asian Food", 
    "Summer Food", 
    "Thai Food"
  ], 
  "name": "Grilled Turmeric and Lemongrass Chicken Wings", 
  "proteinContent": "", 
  "saturatedFatContent": "", 
  "servings": "Servings: 4", 
  "sodiumContent": "", 
  "sugarContent": "", 
  "url": "http://www.bonappetit.com/recipe/grilled-turmeric-and-lemongrass-chicken-wings"
}