{
  "calories": "", 
  "carbohydrateContent": "", 
  "cholesterolContent": "", 
  "fatContent": "", 
  "fiberContent": "", 
  "image": "http://www.bonappetit.com/wp-content/uploads/2006/07/grilled-gazpacho-salad-with-shrimp1-940x600.jpg", 
  "ingredients": {
    "": {
      "flour": "Safe", 
      "gluten": "no gluten here!", 
      "quantity": "", 
      "substitute": "no substitute needed", 
      "unit": ""
    }, 
    "1-pound sweet onion (such as vidalia or maui), cut into 1/2-inch-thick slices": {
      "flour": "Safe", 
      "gluten": "no gluten here!", 
      "quantity": "1", 
      "substitute": "no substitute needed", 
      "unit": ""
    }, 
    "6x3x1-inch slices country-style bread": {
      "flour": "Safe", 
      "gluten": "no gluten here!", 
      "quantity": "2", 
      "substitute": "no substitute needed", 
      "unit": ""
    }, 
    "bunches green onions; root ends trimmed, onions left whole": {
      "flour": "Safe", 
      "gluten": "no gluten here!", 
      "quantity": "2", 
      "substitute": "no substitute needed", 
      "unit": ""
    }, 
    "firm plum tomatoes, halved lengthwise": {
      "flour": "Safe", 
      "gluten": "no gluten here!", 
      "quantity": "8", 
      "substitute": "no substitute needed", 
      "unit": ""
    }, 
    "grape tomatoes, halved (about 1 pint)": {
      "flour": "Safe", 
      "gluten": "no gluten here!", 
      "quantity": "2", 
      "substitute": "no substitute needed", 
      "unit": "cups"
    }, 
    "heads of garlic, separated into cloves, peeled (about 24 cloves)": {
      "flour": "Safe", 
      "gluten": "no gluten here!", 
      "quantity": "2", 
      "substitute": "no substitute needed", 
      "unit": ""
    }, 
    "hot pepper sauce": {
      "flour": "Safe", 
      "gluten": "no gluten here!", 
      "quantity": "1", 
      "substitute": "no substitute needed", 
      "unit": "teaspoon"
    }, 
    "large english hothouse cucumbers, peeled, halved, lengthwise": {
      "flour": "Safe", 
      "gluten": "no gluten here!", 
      "quantity": "1 1/2", 
      "substitute": "no substitute needed", 
      "unit": ""
    }, 
    "lime wedges": {
      "flour": "Safe", 
      "gluten": "no gluten here!", 
      "quantity": "", 
      "substitute": "no substitute needed", 
      "unit": ""
    }, 
    "olive oil, divided": {
      "flour": "Safe", 
      "gluten": "no gluten here!", 
      "quantity": "3/4", 
      "substitute": "no substitute needed", 
      "unit": "cup"
    }, 
    "red bell pepper, quartered, cored": {
      "flour": "Safe", 
      "gluten": "no gluten here!", 
      "quantity": "1", 
      "substitute": "no substitute needed", 
      "unit": ""
    }, 
    "red wine vinegar": {
      "flour": "Safe", 
      "gluten": "no gluten here!", 
      "quantity": "1/4", 
      "substitute": "no substitute needed", 
      "unit": "cup"
    }, 
    "thinly sliced fresh basil": {
      "flour": "Safe", 
      "gluten": "no gluten here!", 
      "quantity": "1/2", 
      "substitute": "no substitute needed", 
      "unit": "cup"
    }, 
    "uncooked large shrimp, deveined but with shells intact": {
      "flour": "Safe", 
      "gluten": "no gluten here!", 
      "quantity": "1 1/2", 
      "substitute": "no substitute needed", 
      "unit": "pounds"
    }, 
    "yellow bell pepper, quartered, cored": {
      "flour": "Safe", 
      "gluten": "no gluten here!", 
      "quantity": "1", 
      "substitute": "no substitute needed", 
      "unit": ""
    }
  }, 
  "instructions": [
    "Prepare barbecue (medium-high heat). Set aside 2 garlic cloves for bread slices. Place remaining garlic on double layer of heavy-duty foil; drizzle 3 tablespoons olive oil over. Fold up and seal packet. Place directly on grill rack and cook until garlic is very tender and golden, about 30 minutes. Open packet; cool garlic.", 
    "Toss shrimp (in shells) and 1 tablespoon oil in medium bowl to coat; sprinkle with salt and pepper. Combine plum tomatoes, green onions, sweet onion, both bell peppers, and 2 tablespoons oil in large bowl; toss to coat. Arrange cucumber halves and bread slices on baking sheet; brush with 2 tablespoons oil. Sprinkle all vegetables with salt and pepper. Grill shrimp until just opaque, about 2 1/2 minutes per side; transfer to another bowl and cool. Grill vegetables until crisp-tender, turning frequently, about 3 minutes for plum tomatoes and green onions, 5 minutes for cucumbers, and 15 minutes for sweet onion and bell peppers. Transfer to large rimmed baking sheet. Grill bread slices until just beginning to crisp and grill marks appear, about 2 1/2 minutes per side. Rub bread with reserved garlic cloves, then discard garlic cloves.", 
    "Peel shrimp; transfer to large bowl. Cut all vegetables and bread into 1/2- to 3/4-inch pieces; add to shrimp along with any accumulated juices. Stir in grilled garlic cloves and grape tomatoes. Whisk vinegar, hot pepper sauce, and remaining 4 tablespoons oil in small bowl; pour over salad and toss to coat. DO AHEAD : Can be made 1 1/2 hours ahead. Let stand at room temperature.", 
    "Stir thinly sliced basil into salad. Season salad to taste with salt and pepper. Serve with lime wedges."
  ], 
  "keywords": [
    "American Food", 
    "Barbecue", 
    "Citrus Recipes", 
    "Dinner", 
    "First Course", 
    "Garlic Recipes", 
    "Grilling Food", 
    "Healthy Food", 
    "Herb Recipes", 
    "High Fiber", 
    "Main Course", 
    "Onion Recipes", 
    "Pepper Recipes", 
    "Shrimp Recipes", 
    "Summer Food", 
    "Tomato Recipes"
  ], 
  "name": "Grilled Gazpacho Salad with Shrimp", 
  "proteinContent": "", 
  "saturatedFatContent": "", 
  "servings": "Servings: 6", 
  "sodiumContent": "", 
  "sugarContent": "", 
  "url": "http://www.bonappetit.com/recipe/grilled-gazpacho-salad-with-shrimp"
}