{
  "calories": "Calories (kcal) 480", 
  "carbohydrateContent": "Carbohydrates (g) 3", 
  "cholesterolContent": "Cholesterol (mg) 165", 
  "fatContent": "Fat (g) 28", 
  "fiberContent": "Dietary Fiber (g)  0", 
  "image": "http://www.bonappetit.com/wp-content/uploads/2008/07/grilled-saffron-rack-of-lamb.jpg", 
  "ingredients": {
    "finely grated lemon zest": {
      "flour": "Safe", 
      "gluten": "no gluten here!", 
      "quantity": "1", 
      "substitute": "no substitute needed", 
      "unit": "teaspoon"
    }, 
    "garlic cloves, crushed": {
      "flour": "Safe", 
      "gluten": "no gluten here!", 
      "quantity": "2", 
      "substitute": "no substitute needed", 
      "unit": ""
    }, 
    "kosher salt, freshly ground pepper": {
      "flour": "Safe", 
      "gluten": "no gluten here!", 
      "quantity": "", 
      "substitute": "no substitute needed", 
      "unit": ""
    }, 
    "olive oil": {
      "flour": "Safe", 
      "gluten": "no gluten here!", 
      "quantity": "2", 
      "substitute": "no substitute needed", 
      "unit": "tablespoons"
    }, 
    "plain 2% fat greek yogurt": {
      "flour": "Safe", 
      "gluten": "no gluten here!", 
      "quantity": "1", 
      "substitute": "no substitute needed", 
      "unit": "cup"
    }, 
    "racks of lamb (3\u20133 1/2 lb. total), rib bones frenched": {
      "flour": "Safe", 
      "gluten": "no gluten here!", 
      "quantity": "2", 
      "substitute": "no substitute needed", 
      "unit": ""
    }, 
    "saffron threads, finely crumbled": {
      "flour": "Safe", 
      "gluten": "no gluten here!", 
      "quantity": "1/2", 
      "substitute": "no substitute needed", 
      "unit": "teaspoon"
    }
  }, 
  "instructions": [
    "Season lamb with salt and pepper and place each rack of lamb in a large resealable plastic bag. Whisk garlic, yogurt, oil, lemon zest, and saffron in a small bowl and divide between bags. Seal bags, pressing out excess air; turn to coat. Refrigerate lamb overnight.", 
    "Prepare grill for medium-high, indirect heat. (For a charcoal grill, bank coals on 1 side of grill; for a gas grill, leave 1 burner turned off.) Remove lamb from marinade and wipe off excess. Place lamb over direct heat and cook, turning and moving to cooler part of grill as needed to avoid flare-ups, until browned all over, 8\u201310 minutes.", 
    "Move lamb to cooler part of grill. Cover grill and cook lamb, turning occasionally, until an instant-read thermometer inserted into the center registers 125\u00b0 for medium-rare, about 15 minutes longer.", 
    "Let lamb rest 10 minutes. Cut into individual chops."
  ], 
  "keywords": [
    "Cali Persian Recipes", 
    "Dinner", 
    "Grilled Lamb Recipes", 
    "Grilling Food", 
    "Lamb Recipes", 
    "Lemon Recipes", 
    "Persian Food", 
    "Saffron Recipes", 
    "Summer Food", 
    "Yogurt Recipes"
  ], 
  "name": "Grilled Saffron Rack of Lamb", 
  "proteinContent": "Protein (g) 51", 
  "saturatedFatContent": "Saturated Fat (g) 9", 
  "servings": "Servings: 6", 
  "sodiumContent": "Sodium (mg) 290", 
  "sugarContent": "Total Sugars (g) 3", 
  "url": "http://www.bonappetit.com/recipe/grilled-saffron-rack-of-lamb"
}