{
  "calories": "", 
  "carbohydrateContent": "", 
  "cholesterolContent": "", 
  "description": "Cutting the vegetables into similarly sized pieces helps them cook at the same rate, so this entire dish\u2014sauce included\u2014can be made in one pan.", 
  "fatContent": "", 
  "fiberContent": "", 
  "image": "http://www.bonappetit.com/wp-content/uploads/2014/01/fennel-crusted-pork-chops-with-potatoes-and-shallots-940x600.jpg", 
  "ingredients": {
    "1&rdquo;-thick bone-in pork loin chops (about 1\u00bc lb. total)": {
      "flour": "Safe", 
      "gluten": "no gluten here!", 
      "quantity": "2", 
      "substitute": "no substitute needed", 
      "unit": ""
    }, 
    "fennel seeds": {
      "flour": "Safe", 
      "gluten": "no gluten here!", 
      "quantity": "1\u00bd", 
      "substitute": "no substitute needed", 
      "unit": "tablespoon"
    }, 
    "fresh flat-leaf parsley leaves": {
      "flour": "Safe", 
      "gluten": "no gluten here!", 
      "quantity": "\u00bd", 
      "substitute": "no substitute needed", 
      "unit": "cup"
    }, 
    "garlic finely grated": {
      "flour": "Safe", 
      "gluten": "no gluten here!", 
      "quantity": "2", 
      "substitute": "no substitute needed", 
      "unit": "cloves"
    }, 
    "hot smoked spanish paprika": {
      "flour": "Safe", 
      "gluten": "no gluten here!", 
      "quantity": "1", 
      "substitute": "no substitute needed", 
      "unit": "teaspoon"
    }, 
    "kosher salt and freshly ground black pepper": {
      "flour": "Safe", 
      "gluten": "no gluten here!", 
      "quantity": "", 
      "substitute": "no substitute needed", 
      "unit": ""
    }, 
    "large shallots, cut into quarters with some root attached": {
      "flour": "Safe", 
      "gluten": "no gluten here!", 
      "quantity": "2", 
      "substitute": "no substitute needed", 
      "unit": ""
    }, 
    "red wine vinegar": {
      "flour": "Safe", 
      "gluten": "no gluten here!", 
      "quantity": "2", 
      "substitute": "no substitute needed", 
      "unit": "teaspoons"
    }, 
    "small yukon gold potatoes, quartered": {
      "flour": "Safe", 
      "gluten": "no gluten here!", 
      "quantity": "1", 
      "substitute": "no substitute needed", 
      "unit": "pound"
    }, 
    "vegetable oil, divided": {
      "flour": "Safe", 
      "gluten": "no gluten here!", 
      "quantity": "3", 
      "substitute": "no substitute needed", 
      "unit": "tablespoons"
    }
  }, 
  "instructions": [
    "", 
    "Preheat oven to 450\u00b0. Toast fennel seeds in a small dry skillet over medium heat, tossing often, until fragrant, about 4 minutes. Let cool.", 
    "Combine fennel seeds, garlic, paprika, and 2 Tbsp. oil in a small bowl. Season pork with salt and pepper and place in a resealable plastic bag. Add spice mixture; seal bag and turn to coat. Let sit at least 30 minutes.", 
    "Heat remaining 1 Tbsp. oil in a large ovenproof skillet, preferably cast iron, over medium-high heat. Cook pork chops until golden brown on 1 side, about 4 minutes; turn. Add potatoes and shallots to skillet; season with salt and pepper and toss to coat in pan drippings. Cook, tossing potatoes and shallots occasionally, until pork is golden brown on second side, about 4 minutes.", 
    "Transfer to oven and roast until potatoes are tender and an instant-read thermometer inserted into thickest part of chops registers 135\u00b0, 10\u201315 minutes. (If potatoes need more time, transfer chops to a plate and continue to roast potatoes until tender; transfer chops back to skillet when potatoes are done.) Remove skillet from oven and mix in parsley and vinegar. Let pork chops rest 5 minutes in skillet.", 
    "Transfer chops to a cutting board; cut meat from bones and slice against the grain. Serve with potatoes, shallots, and any pan juices.", 
    "DO AHEAD:Pork chops can be marinated 1 day ahead. Keep chilled."
  ], 
  "keywords": [
    "Dinner", 
    "Fast Easy Fresh", 
    "Fennel Recipes", 
    "Paprika Recipes", 
    "Parsley Recipes", 
    "Pork Chop Recipes", 
    "Pork Recipes", 
    "Potato Recipes", 
    "Quick Recipes", 
    "Shallot Recipes"
  ], 
  "name": "Fennel-Crusted Pork Chops with Potatoes and Shallots", 
  "proteinContent": "", 
  "saturatedFatContent": "", 
  "servings": "Servings: 4", 
  "sodiumContent": "", 
  "sugarContent": "", 
  "url": "http://www.bonappetit.com/recipe/fennel-crusted-pork-chops-with-potatoes-and-shallots"
}