{
  "calories": "", 
  "carbohydrateContent": "", 
  "cholesterolContent": "", 
  "description": "Orangerie is a Scotch whisky that\u2019s been infused with orange peel, clove, and cassia; it can be sourced online.", 
  "fatContent": "", 
  "fiberContent": "", 
  "image": "http://www.bonappetit.com/wp-content/uploads/2014/05/alive-and-kicking-940x600.jpg", 
  "ingredients": {
    "demerara sugar": {
      "flour": "Safe", 
      "gluten": "no gluten here!", 
      "quantity": "1", 
      "substitute": "no substitute needed", 
      "unit": "tablespoon"
    }, 
    "orange twists (for serving)": {
      "flour": "Safe", 
      "gluten": "no gluten here!", 
      "quantity": "4", 
      "substitute": "no substitute needed", 
      "unit": ""
    }, 
    "oz. amaro (preferably barolo chinato)": {
      "flour": "Safe", 
      "gluten": "no gluten here!", 
      "quantity": "3", 
      "substitute": "no substitute needed", 
      "unit": ""
    }, 
    "oz. compass box whisky co. orangerie or grand marnier": {
      "flour": "Safe", 
      "gluten": "no gluten here!", 
      "quantity": "3", 
      "substitute": "no substitute needed", 
      "unit": ""
    }, 
    "oz. fernet (preferably contratto)": {
      "flour": "Safe", 
      "gluten": "no gluten here!", 
      "quantity": "4", 
      "substitute": "no substitute needed", 
      "unit": ""
    }, 
    "oz. strong cold-brew coffee": {
      "flour": "Safe", 
      "gluten": "no gluten here!", 
      "quantity": "4", 
      "substitute": "no substitute needed", 
      "unit": ""
    }
  }, 
  "instructions": [
    "Combine sugar and 1 Tbsp. hot water in a jar, cover, and shake until sugar is dissolved. Chill until cold.", 
    "For each cocktail, combine 1 oz. coffee, 1 oz. fernet, \u00be oz. amaro, \u00be oz. Scotch, and \u00bc oz. demerara simple syrup in a cocktail shaker. Fill shaker with ice and shake vigorously until outside of shaker is frosty, about 30 seconds. Strain into a coupe glass. Garnish with an orange twist."
  ], 
  "keywords": [
    "amaro drinks", 
    "Cocktails", 
    "Coffee", 
    "Drink Recipes", 
    "Drinks", 
    "Iced Coffee Recipes", 
    "Summer Drinks"
  ], 
  "name": "Alive and Kicking", 
  "proteinContent": "", 
  "saturatedFatContent": "", 
  "servings": "Servings: Makes 4", 
  "sodiumContent": "", 
  "sugarContent": "", 
  "url": "http://www.bonappetit.com/recipe/alive-and-kicking"
}