{
  "calories": "", 
  "carbohydrateContent": "", 
  "cholesterolContent": "", 
  "description": "After straining, this punch should be as clear as a glass of Chardonnay.", 
  "fatContent": "", 
  "fiberContent": "", 
  "image": "http://www.bonappetit.com/wp-content/uploads/2014/02/milkpunch_bbqapple-940x600.jpg", 
  "ingredients": {
    "apple brandy (preferably laird\u2019s)": {
      "flour": "Safe", 
      "gluten": "no gluten here!", 
      "quantity": "1 \u00bd", 
      "substitute": "no substitute needed", 
      "unit": "cups"
    }, 
    "apple cider syrup (click for recipe)": {
      "flour": "Safe", 
      "gluten": "no gluten here!", 
      "quantity": "1 \u00bd", 
      "substitute": "no substitute needed", 
      "unit": "cups"
    }, 
    "cheesecloth": {
      "flour": "Safe", 
      "gluten": "no gluten here!", 
      "quantity": "", 
      "substitute": "no substitute needed", 
      "unit": ""
    }, 
    "fresh lemon juice": {
      "flour": "Safe", 
      "gluten": "no gluten here!", 
      "quantity": "1 \u00bd", 
      "substitute": "no substitute needed", 
      "unit": "cups"
    }, 
    "gin (preferably caprock)": {
      "flour": "Safe", 
      "gluten": "no gluten here!", 
      "quantity": "1 \u00bd", 
      "substitute": "no substitute needed", 
      "unit": "cups"
    }, 
    "maple liqueur (preferably green mountain)": {
      "flour": "Safe", 
      "gluten": "no gluten here!", 
      "quantity": "1 \u00bd", 
      "substitute": "no substitute needed", 
      "unit": "cups"
    }, 
    "mescal (preferably el buho)": {
      "flour": "Safe", 
      "gluten": "no gluten here!", 
      "quantity": "1 \u00bd", 
      "substitute": "no substitute needed", 
      "unit": "cups"
    }, 
    "tabasco smoked chipotle hot sauce (optional)": {
      "flour": "Safe", 
      "gluten": "no gluten here!", 
      "quantity": "", 
      "substitute": "no substitute needed", 
      "unit": ""
    }, 
    "whole milk": {
      "flour": "Safe", 
      "gluten": "no gluten here!", 
      "quantity": "3", 
      "substitute": "no substitute needed", 
      "unit": "cups"
    }
  }, 
  "instructions": [
    "", 
    "Combine brandy, gin, liqueur, mezcal, lemon juice, and syrup in a large pitcher.", 
    "Bring milk to a bare simmer in a medium saucepan. Immediately pour milk into brandy mixture (milk will curdle right away). Cover and chill at least 1 hour and up to 24 hours.", 
    "Strain mixture through a fine-mesh sieve lined with cheesecloth into a large bowl. Cover and chill until cold (any remaining curds should settle at the bottom of the pitcher).", 
    "Carefully ladle clarified punch into a clean pitcher, leaving any remaining curds behind. Chill until ready to serve.", 
    "Punch base can be made 1 week ahead. Keep chilled."
  ], 
  "keywords": [
    "Brandy", 
    "Cocktails", 
    "Drink Recipes", 
    "Drinks", 
    "Gin Drinks", 
    "Lemon Recipes", 
    "milk punch recipes", 
    "Milk Recipes", 
    "Tequila Drinks"
  ], 
  "name": "Barbecue Apple Milk Punch", 
  "proteinContent": "", 
  "saturatedFatContent": "", 
  "servings": "Servings: 12", 
  "sodiumContent": "", 
  "sugarContent": "", 
  "url": "http://www.bonappetit.com/recipe/barbecue-apple-milk-punch"
}