{
  "calories": "", 
  "carbohydrateContent": "", 
  "cholesterolContent": "", 
  "description": "These wings are hot, sweet, and tangy.", 
  "fatContent": "", 
  "fiberContent": "", 
  "image": "http://www.bonappetit.com/wp-content/uploads/2014/06/Grilling-Recipes-1-of-15-940x600.jpg", 
  "ingredients": {
    "agave syrup (nectar) or honey": {
      "flour": "Safe", 
      "gluten": "no gluten here!", 
      "quantity": "1", 
      "substitute": "no substitute needed", 
      "unit": "tablespoon"
    }, 
    "baking soda": {
      "flour": "Safe", 
      "gluten": "no gluten here!", 
      "quantity": "2", 
      "substitute": "no substitute needed", 
      "unit": "teaspoons"
    }, 
    "chicken wings, tips removed, flats and drumettes separated": {
      "flour": "Safe", 
      "gluten": "no gluten here!", 
      "quantity": "2", 
      "substitute": "no substitute needed", 
      "unit": "pounds"
    }, 
    "chiles de \u00e1rbol or \u00bd tsp. red pepper flakes": {
      "flour": "Safe", 
      "gluten": "no gluten here!", 
      "quantity": "2", 
      "substitute": "no substitute needed", 
      "unit": ""
    }, 
    "freshly ground pepper": {
      "flour": "Safe", 
      "gluten": "no gluten here!", 
      "quantity": "", 
      "substitute": "no substitute needed", 
      "unit": ""
    }, 
    "garlic cloves, peeled, smashed": {
      "flour": "Safe", 
      "gluten": "no gluten here!", 
      "quantity": "4", 
      "substitute": "no substitute needed", 
      "unit": ""
    }, 
    "ground cumin": {
      "flour": "Safe", 
      "gluten": "no gluten here!", 
      "quantity": "2", 
      "substitute": "no substitute needed", 
      "unit": "teaspoons"
    }, 
    "kosher salt, plus more": {
      "flour": "Safe", 
      "gluten": "no gluten here!", 
      "quantity": "2", 
      "substitute": "no substitute needed", 
      "unit": "teaspoons"
    }, 
    "lime wedges, for serving": {
      "flour": "Safe", 
      "gluten": "no gluten here!", 
      "quantity": "", 
      "substitute": "no substitute needed", 
      "unit": ""
    }, 
    "olive oil": {
      "flour": "Safe", 
      "gluten": "no gluten here!", 
      "quantity": "2", 
      "substitute": "no substitute needed", 
      "unit": "tablespoons"
    }, 
    "rice vinegar": {
      "flour": "Safe", 
      "gluten": "no gluten here!", 
      "quantity": "\u00bd", 
      "substitute": "no substitute needed", 
      "unit": "cup"
    }, 
    "scallions, thinly sliced, plus more": {
      "flour": "Safe", 
      "gluten": "no gluten here!", 
      "quantity": "2", 
      "substitute": "no substitute needed", 
      "unit": ""
    }, 
    "togarashi or hot paprika": {
      "flour": "Safe", 
      "gluten": "no gluten here!", 
      "quantity": "1", 
      "substitute": "no substitute needed", 
      "unit": "teaspoons"
    }
  }, 
  "instructions": [
    "Toast chiles in small dry skillet over medium-high heat; let cool slightly and lightly crush. Combine chiles, vinegar, olive oil, garlic, agave, and scallions in a resealable plastic bag. Season with 2 tsp. salt and pepper. Add chicken; seal bag, eliminating air, and shake to distribute ingredients. Chill overnight.", 
    "Prepare grill for medium-low heat. Remove wings from refrigerator and let come to room temperature, 35-50 minutes. Remove wings from bag and pat dry very well with paper towels. Discard marinade.", 
    "Mix baking soda, cumin, and togarashi in a large bowl; season with salt. Add wings and toss to coat. Grill wings, turning occasionally, until cooked through and charred in spots, 15-20 minutes. To serve, squeeze lime juice over wings and sprinkle with scallions."
  ], 
  "keywords": [
    "Agave", 
    "Appetizers", 
    "Chicken Recipes", 
    "Chile", 
    "Cumin", 
    "Honey", 
    "Paprika", 
    "Scallion", 
    "Summer Food"
  ], 
  "name": "Grilled Chicken Wings with Vinegar and Chiles", 
  "proteinContent": "", 
  "saturatedFatContent": "", 
  "servings": "Servings: 4", 
  "sodiumContent": "", 
  "sugarContent": "", 
  "url": "http://www.bonappetit.com/recipe/grilled-chicken-wings-with-vinegar-and-chiles"
}