{
  "calories": "", 
  "carbohydrateContent": "", 
  "cholesterolContent": "", 
  "fatContent": "", 
  "fiberContent": "", 
  "image": "http://www.bonappetit.com/wp-content/uploads/2013/06/fig-and-goat-cheese-pizza-with-arugula-646.jpg", 
  "ingredients": {
    "all-purpose flour plus more": {
      "flour": {
        "type": {
          "binder": {
            "type": "xanthum gum", 
            "weight": 0.5
          }, 
          "density": {
            "type": "brown rice flour", 
            "weight": 0.142
          }, 
          "fat": {
            "type": "almond flour", 
            "weight": 0.142
          }, 
          "leavener": "", 
          "lightness": {
            "type": "white rice flour", 
            "weight": 0.284
          }, 
          "protein": {
            "type": "sorghum flour", 
            "weight": 0.142
          }, 
          "starch": {
            "type": "potato starch", 
            "weight": 0.284
          }, 
          "stickiness": "", 
          "texture": ""
        }, 
        "weight": 125
      }, 
      "gluten": "gluten here!", 
      "quantity": "1 1/2", 
      "substitute": "flour ratio", 
      "unit": "cups"
    }, 
    "arugula": {
      "flour": "Safe", 
      "gluten": "no gluten here!", 
      "quantity": "2", 
      "substitute": "no substitute needed", 
      "unit": "cups"
    }, 
    "bread flour": {
      "flour": {
        "type": {
          "binder": {
            "type": "guar gum", 
            "weight": 1
          }, 
          "density": {
            "type": "brown rice flour", 
            "weight": 0.22
          }, 
          "fat": {
            "type": "chesnut flour", 
            "weight": 0.22
          }, 
          "leavener": "", 
          "lightness": {
            "type": "white rice flour", 
            "weight": 0.11
          }, 
          "protein": {
            "type": "sorghum flour", 
            "weight": 0.11
          }, 
          "starch": {
            "type": "potato starch", 
            "weight": 0.22
          }, 
          "stickiness": {
            "type": "amaranth flour", 
            "weight": 0.11
          }, 
          "texure": ""
        }, 
        "weight": 144
      }, 
      "gluten": "gluten here!", 
      "quantity": "1 1/2", 
      "substitute": "flour ratio", 
      "unit": "cups"
    }, 
    "dried figs, stemmed, quartered": {
      "flour": "Safe", 
      "gluten": "no gluten here!", 
      "quantity": "1", 
      "substitute": "no substitute needed", 
      "unit": "cup"
    }, 
    "fresh goat cheese": {
      "flour": "Safe", 
      "gluten": "no gluten here!", 
      "quantity": "8", 
      "substitute": "no substitute needed", 
      "unit": "ounces"
    }, 
    "freshly ground black pepper": {
      "flour": "Safe", 
      "gluten": "no gluten here!", 
      "quantity": "", 
      "substitute": "no substitute needed", 
      "unit": ""
    }, 
    "kosher salt plus more": {
      "flour": "Safe", 
      "gluten": "no gluten here!", 
      "quantity": "1", 
      "substitute": "no substitute needed", 
      "unit": "teaspoon"
    }, 
    "marsala": {
      "flour": "Safe", 
      "gluten": "no gluten here!", 
      "quantity": "1/2", 
      "substitute": "no substitute needed", 
      "unit": "cup"
    }, 
    "minced fresh rosemary": {
      "flour": "Safe", 
      "gluten": "no gluten here!", 
      "quantity": "1", 
      "substitute": "no substitute needed", 
      "unit": "tablespoon"
    }, 
    "minced shallot": {
      "flour": "Safe", 
      "gluten": "no gluten here!", 
      "quantity": "1", 
      "substitute": "no substitute needed", 
      "unit": "tablespoon"
    }, 
    "pear, cored, thinly sliced": {
      "flour": "Safe", 
      "gluten": "no gluten here!", 
      "quantity": "1", 
      "substitute": "no substitute needed", 
      "unit": ""
    }, 
    "plus 1 teaspoon olive oil, divided": {
      "flour": "Safe", 
      "gluten": "no gluten here!", 
      "quantity": "2", 
      "substitute": "no substitute needed", 
      "unit": "tablespoons"
    }
  }, 
  "instructions": [
    "Heat 1/2 Tbsp. oil in a small saucepan over medium heat. Add shallot; stir until soft, about 5 minutes. Add figs, Marsala, and rosemary. Increase heat. Bring to a boil. Add 1 cup water. Reduce heat to medium-low; simmer, stirring often and adding water  by tablespoonfuls if too thick, until figs are soft and jam measures 1\u200a1/4 cups, about  20 minutes. Season with salt and pepper.", 
    "Pulse 1 1/2 cups all-purpose flour, bread flour, 1 1/2 Tbsp. oil, 1 tsp. salt, and 1 cup water in a food processor until dough forms. Divide into 4 pieces. Wrap each in plastic and let rest until soft, 2\u20133 hours.", 
    "Preheat oven to 450\u00b0. Roll out each dough piece on a floured surface to a very thin 10\" round. Cover with a kitchen towel.", 
    "Place 1 dough round on each of 2 baking sheets. Bake for 3\u20134 minutes to partially cook. Repeat with remaining dough.", 
    "Spread 3\u20134 Tbsp. fig jam over each crust; scatter 2 oz. goat cheese over each. Bake in batches until crust is crisp, 4\u20135 minutes.", 
    "Toss arugula, pear, and remaining 1 tsp. oil in a large bowl; season with salt and pepper. Top pizzas with salad."
  ], 
  "keywords": [
    "Dinner", 
    "Entrees", 
    "Fig Recipes", 
    "Goat Cheese Recipes", 
    "High Fiber", 
    "Pizza Recipes", 
    "Rsvp", 
    "Vegetarian Food"
  ], 
  "name": "Fig and Goat Cheese Pizza with Arugula", 
  "proteinContent": "", 
  "saturatedFatContent": "", 
  "servings": "Servings: 4", 
  "sodiumContent": "", 
  "sugarContent": "", 
  "url": "http://www.bonappetit.com/recipe/fig-and-goat-cheese-pizza-with-arugula"
}