{
  "calories": "", 
  "carbohydrateContent": "", 
  "cholesterolContent": "", 
  "description": "meixcan food, easy recipes, cinco de mayo food, vegetarian recipes, guacamole recipes, superbowl foo, super bowl food, party food, tailgating food, large groups, avodaco recipes, oscar food, cilantro recipes, herb recipes, onion recipes, chile recipes, jalapeno recipes, jalapeno chile recipes, lime", 
  "fatContent": "", 
  "fiberContent": "", 
  "image": "http://www.bonappetit.com/wp-content/uploads/2010/04/mare-guacamole-h.jpg", 
  "ingredients": {
    "chopped fresh cilantro, divided": {
      "flour": "Safe", 
      "gluten": "no gluten here!", 
      "quantity": "5 Tbsp.", 
      "substitute": "no substitute needed", 
      "unit": ""
    }, 
    "fresh lime juice": {
      "flour": "Safe", 
      "gluten": "no gluten here!", 
      "quantity": "3 Tbsp.", 
      "substitute": "no substitute needed", 
      "unit": ""
    }, 
    "kosher salt": {
      "flour": "Safe", 
      "gluten": "no gluten here!", 
      "quantity": "", 
      "substitute": "no substitute needed", 
      "unit": ""
    }, 
    "large jalape\u00f1o, seeded, minced, divided": {
      "flour": "Safe", 
      "gluten": "no gluten here!", 
      "quantity": "1", 
      "substitute": "no substitute needed", 
      "unit": ""
    }, 
    "lime zest": {
      "flour": "Safe", 
      "gluten": "no gluten here!", 
      "quantity": "1 tsp.", 
      "substitute": "no substitute needed", 
      "unit": ""
    }, 
    "medium or 4 large avocados (about 3 lb. total), halved, pitted": {
      "flour": "Safe", 
      "gluten": "no gluten here!", 
      "quantity": "6", 
      "substitute": "no substitute needed", 
      "unit": ""
    }, 
    "medium tomato, cored, chopped": {
      "flour": "Safe", 
      "gluten": "no gluten here!", 
      "quantity": "1", 
      "substitute": "no substitute needed", 
      "unit": ""
    }, 
    "minced white onion": {
      "flour": "Safe", 
      "gluten": "no gluten here!", 
      "quantity": "1/4", 
      "substitute": "no substitute needed", 
      "unit": "cup"
    }, 
    "tortilla chips (for serving)": {
      "flour": "Safe", 
      "gluten": "no gluten here!", 
      "quantity": "", 
      "substitute": "no substitute needed", 
      "unit": ""
    }
  }, 
  "instructions": [
    "Combine 2 1/2 Tbsp. cilantro, onion, and 1 Tbsp. jalape\u00f1o in a mortar or a large bowl; season with salt and mash with a pestle or the back of a fork until a coarse paste forms. Using a small knife, cut flesh (not skin) of each avocado lengthwise into 4 strips, then crosswise 4 or 5 times, forming cubes. Using a spoon, scoop cubes out of peel and into mortar with onion mixture. Mash until slightly chunky. Mix in remaining cilantro and jalape\u00f1o along with the tomato, lime juice, and zest. Season to taste with salt. Serve with tortilla chips. DO AHEAD Can be made 4 hours ahead. Press plastic wrap on surface of guacamole and chill."
  ], 
  "keywords": [
    "Avocado", 
    "Chile", 
    "Cilantro", 
    "Cinco De Mayo Food", 
    "Citrus Recipes", 
    "Easy Recipes", 
    "Guacamole Recipes", 
    "Herb Recipes", 
    "High Fiber", 
    "Jalapeno", 
    "Jalapeno Recipes", 
    "Large Groups", 
    "Lime Juice Recipes", 
    "Low Cholesterol Recipes", 
    "Low Sodium Recipes", 
    "Mexican Food", 
    "Onion Recipes", 
    "Oscar Food", 
    "Party Food", 
    "Super Bowl Food", 
    "Superbowl Foo", 
    "Tailgating Food", 
    "Tomato Recipes", 
    "Vegetarian Recipes"
  ], 
  "name": "Guacamole", 
  "proteinContent": "", 
  "saturatedFatContent": "", 
  "servings": "Servings: Makes 4 1/2 cups", 
  "sodiumContent": "", 
  "sugarContent": "", 
  "url": "http://www.bonappetit.com/recipe/guacamole"
}