{
  "calories": "", 
  "carbohydrateContent": "", 
  "cholesterolContent": "", 
  "description": "The rich and beefy flatiron is also known as a top blade steak, but you can use any cut.", 
  "fatContent": "", 
  "fiberContent": "", 
  "image": "http://www.bonappetit.com/wp-content/uploads/2014/04/grilled-steak-with-parsley-parmesan-salad-940x600.jpg", 
  "ingredients": {
    "flatiron steak": {
      "flour": "Safe", 
      "gluten": "no gluten here!", 
      "quantity": "1\u00bd", 
      "substitute": "no substitute needed", 
      "unit": "pound"
    }, 
    "fresh flat-leaf parsley leaves": {
      "flour": "Safe", 
      "gluten": "no gluten here!", 
      "quantity": "2", 
      "substitute": "no substitute needed", 
      "unit": "cups"
    }, 
    "fresh lemon juice": {
      "flour": "Safe", 
      "gluten": "no gluten here!", 
      "quantity": "1", 
      "substitute": "no substitute needed", 
      "unit": "tablespoon"
    }, 
    "kosher salt and freshly ground black pepper": {
      "flour": "Safe", 
      "gluten": "no gluten here!", 
      "quantity": "", 
      "substitute": "no substitute needed", 
      "unit": ""
    }, 
    "olive oil, divided, plus more for drizzling": {
      "flour": "Safe", 
      "gluten": "no gluten here!", 
      "quantity": "3", 
      "substitute": "no substitute needed", 
      "unit": "tablespoons"
    }, 
    "oz. parmesan, shaved": {
      "flour": "Safe", 
      "gluten": "no gluten here!", 
      "quantity": "2", 
      "substitute": "no substitute needed", 
      "unit": ""
    }
  }, 
  "instructions": [
    "Rub steak with 2 Tbsp. oil; season generously with salt and pepper. Let sit at room temperature 30 minutes.", 
    "Prepare a grill for medium-high heat; oil grill grate. Grill steak to desired doneness, 5\u20137 minutes per side for medium-rare. Let rest 5 minutes before slicing against the grain.", 
    "Meanwhile, toss parsley, Parmesan, lemon juice, and remaining 1 Tbsp. oil in a medium bowl; season with salt, pepper, and more lemon juice, if desired. Serve steak topped with parsley-Parmesan salad."
  ], 
  "keywords": [
    "beach plum inn recipes", 
    "Grilled Beef Recipes", 
    "Grilling Food", 
    "Parmesan Recipes", 
    "Parsley Recipes", 
    "Spring Food", 
    "Steak Recipes", 
    "Summer Food"
  ], 
  "name": "Grilled Steak with Parsley-Parmesan Salad", 
  "proteinContent": "", 
  "saturatedFatContent": "", 
  "servings": "Servings: 4", 
  "sodiumContent": "", 
  "sugarContent": "", 
  "url": "http://www.bonappetit.com/recipe/grilled-steak-with-parsley-and-parmesan-salad"
}