{
  "calories": "", 
  "carbohydrateContent": "", 
  "cholesterolContent": "", 
  "fatContent": "", 
  "fiberContent": "", 
  "image": "http://www.bonappetit.com/wp-content/uploads/2008/11/flaxseed-waffles-with-berries-and-honey-cream-940x600.jpg", 
  "ingredients": {
    "1-pound packages frozen mixed berries, thawed, drained": {
      "flour": "Safe", 
      "gluten": "no gluten here!", 
      "quantity": "2", 
      "substitute": "no substitute needed", 
      "unit": ""
    }, 
    "all purpose flour": {
      "flour": {
        "type": {
          "binder": {
            "type": "xanthum gum", 
            "weight": 0.5
          }, 
          "density": {
            "type": "brown rice flour", 
            "weight": 0.142
          }, 
          "fat": {
            "type": "almond flour", 
            "weight": 0.142
          }, 
          "leavener": "", 
          "lightness": {
            "type": "white rice flour", 
            "weight": 0.284
          }, 
          "protein": {
            "type": "sorghum flour", 
            "weight": 0.142
          }, 
          "starch": {
            "type": "potato starch", 
            "weight": 0.284
          }, 
          "stickiness": "", 
          "texture": ""
        }, 
        "weight": 125
      }, 
      "gluten": "gluten here!", 
      "quantity": "1", 
      "substitute": "flour ratio", 
      "unit": "cup"
    }, 
    "baking powder": {
      "flour": "Safe", 
      "gluten": "no gluten here!", 
      "quantity": "1", 
      "substitute": "no substitute needed", 
      "unit": "tablespoon"
    }, 
    "chilled heavy whipping cream": {
      "flour": "Safe", 
      "gluten": "no gluten here!", 
      "quantity": "1", 
      "substitute": "no substitute needed", 
      "unit": "cup"
    }, 
    "coarse kosher salt": {
      "flour": "Safe", 
      "gluten": "no gluten here!", 
      "quantity": "1/2", 
      "substitute": "no substitute needed", 
      "unit": "teaspoon"
    }, 
    "honey": {
      "flour": "Safe", 
      "gluten": "no gluten here!", 
      "quantity": "2", 
      "substitute": "no substitute needed", 
      "unit": "tablespoons"
    }, 
    "large eggs": {
      "flour": "Safe", 
      "gluten": "no gluten here!", 
      "quantity": "2", 
      "substitute": "no substitute needed", 
      "unit": ""
    }, 
    "malted milk powder": {
      "flour": "Safe", 
      "gluten": "gluten here!", 
      "quantity": "2", 
      "substitute": "sorry, we don't have a substitution recommendation at this time.", 
      "unit": "tablespoons"
    }, 
    "maple syrup (preferably grade b)": {
      "flour": "Safe", 
      "gluten": "no gluten here!", 
      "quantity": "", 
      "substitute": "no substitute needed", 
      "unit": ""
    }, 
    "melted butter": {
      "flour": "Safe", 
      "gluten": "no gluten here!", 
      "quantity": "1/3", 
      "substitute": "no substitute needed", 
      "unit": "cup"
    }, 
    "nonstick vegetable oil spray (for waffles) or melted butter (for pancakes)": {
      "flour": "Safe", 
      "gluten": "gluten here!", 
      "quantity": "", 
      "substitute": "gluten-free bread", 
      "unit": ""
    }, 
    "whole milk": {
      "flour": "Safe", 
      "gluten": "no gluten here!", 
      "quantity": "2", 
      "substitute": "no substitute needed", 
      "unit": "cups"
    }, 
    "whole unprocessed flaxseeds": {
      "flour": "Safe", 
      "gluten": "no gluten here!", 
      "quantity": "1/4", 
      "substitute": "no substitute needed", 
      "unit": "cup"
    }, 
    "whole wheat flour": {
      "flour": {
        "type": {
          "binder": {
            "type": "xanthum gum", 
            "weight": 1
          }, 
          "density": {
            "type": "buckwheat flour", 
            "weight": 0.25
          }, 
          "fat": {
            "type": "walnut flour", 
            "weight": 0.125
          }, 
          "leavener": "", 
          "lightness": {
            "type": "oat flour", 
            "weight": 0.125
          }, 
          "protein": {
            "type": "sorghum flour", 
            "weight": 0.25
          }, 
          "starch": {
            "type": "potato starch", 
            "weight": 0.25
          }, 
          "stickiness": "", 
          "texture": ""
        }, 
        "weight": 120
      }, 
      "gluten": "gluten here!", 
      "quantity": "1/2", 
      "substitute": "flour ratio", 
      "unit": "cup"
    }
  }, 
  "instructions": [
    "Whisk first 6 ingredients in large bowl to blend. Whisk milk, 1/3 cup melted butter, and eggs in medium bowl to blend. Gradually whisk milk mixture into dry ingredients. Allow batter to rest at least 30 minutes and up to 2 hours.", 
    "Whisk cream and honey in large bowl until peaks form. Chill until ready to use.", 
    "For waffles, spray 8-inch square (or 8-inch-diameter round) waffle iron with nonstick spray and preheat. Pour 1 cup batter (or 1 scant cup batter for round) into center and spread almost to edges. Close waffle iron. Cook waffles until crisp. Repeat with remaining batter.", 
    "For pancakes, brush large griddle or skillet with melted butter and heat over medium heat. Working in batches, pour batter by 1/3 cupfuls onto griddle and cook until bubbles form atop pancakes and bottoms are golden, about 2 minutes. Turn pancakes over and cook until golden on bottom, 1 to 1 1/2 minutes.", 
    "Separate large waffles into squares. Arrange 2 or 3 waffle squares or 3 or 4 pancakes on each plate. Top with maple syrup, then berries and honey cream.", 
    "Waffles are best right off the iron, but for convenience they may be kept warm in a 300\u00b0F oven until all the batter is cooked."
  ], 
  "keywords": [
    "American", 
    "Berries", 
    "Berry", 
    "Breakfast", 
    "Brunch", 
    "Flaxseed", 
    "High Fiber", 
    "Honey", 
    "Milk/Cream", 
    "Vegetarian", 
    "Waffle", 
    "Waffle Recipes", 
    "Whole Grain Baking", 
    "Whole Wheat"
  ], 
  "name": "Flaxseed Waffles with Berries and Honey Cream", 
  "proteinContent": "", 
  "saturatedFatContent": "", 
  "servings": "Servings: makes about sixteen 4-inch waffles", 
  "sodiumContent": "", 
  "sugarContent": "", 
  "url": "http://www.bonappetit.com/recipe/flaxseed-waffles-with-berries-and-honey-cream"
}