{
  "calories": "", 
  "carbohydrateContent": "", 
  "cholesterolContent": "", 
  "fatContent": "", 
  "fiberContent": "", 
  "image": "http://www.bonappetit.com/wp-content/uploads/2006/12/ginger-miso-striped-bass-in-shiitake-mushroom-broth.jpg", 
  "ingredients": {
    "6-ounce skinless striped bass fillets": {
      "flour": "Safe", 
      "gluten": "no gluten here!", 
      "quantity": "2", 
      "substitute": "no substitute needed", 
      "unit": ""
    }, 
    "chopped fresh cilantro": {
      "flour": "Safe", 
      "gluten": "no gluten here!", 
      "quantity": "", 
      "substitute": "no substitute needed", 
      "unit": ""
    }, 
    "green onions, dark and pale green part thinly sliced, white part minced": {
      "flour": "Safe", 
      "gluten": "no gluten here!", 
      "quantity": "3", 
      "substitute": "no substitute needed", 
      "unit": ""
    }, 
    "large shiitake mushrooms (about 4 ounces), stemmed, thinly sliced": {
      "flour": "Safe", 
      "gluten": "no gluten here!", 
      "quantity": "4", 
      "substitute": "no substitute needed", 
      "unit": ""
    }, 
    "minced peeled fresh ginger": {
      "flour": "Safe", 
      "gluten": "no gluten here!", 
      "quantity": "1", 
      "substitute": "no substitute needed", 
      "unit": "tablespoon"
    }, 
    "panko (japanese breadcrumbs)": {
      "flour": "Safe", 
      "gluten": "gluten here!", 
      "quantity": "1/4", 
      "substitute": "gluten-free panko", 
      "unit": "cup"
    }, 
    "red miso (aka-miso), divided": {
      "flour": "Safe", 
      "gluten": "no gluten here!", 
      "quantity": "4", 
      "substitute": "no substitute needed", 
      "unit": "tablespoons"
    }, 
    "vegetable oil, divided": {
      "flour": "Safe", 
      "gluten": "no gluten here!", 
      "quantity": "4", 
      "substitute": "no substitute needed", 
      "unit": "tablespoons"
    }, 
    "water": {
      "flour": "Safe", 
      "gluten": "no gluten here!", 
      "quantity": "2", 
      "substitute": "no substitute needed", 
      "unit": "cups"
    }
  }, 
  "instructions": [
    "Whisk 2 cups water and 2 tablespoons red miso in medium saucepan. Add shiitake mushrooms and simmer over medium heat until mushrooms are soft, about 5 minutes. Stir in dark and pale green onion tops. Cover to keep warm and set aside.", 
    "Meanwhile, mix 2 tablespoons red miso, minced white part of green onion, 2 tablespoons vegetable oil, and minced fresh ginger in small bowl. Sprinkle striped bass fillets with salt and pepper. Spread ginger mixture over 1 side of bass fillets, pressing to adhere. Sprinkle panko over coated side of fillets; press to adhere.", 
    "Heat 2 tablespoons vegetable oil in medium nonstick skillet over medium-high heat. Add fillets to skillet, coated side down, and saut\u00e9 until brown and crisp, about 3 minutes. Turn fillets over and saut\u00e9 until cooked through, about 3 minutes. Divide shiitake mushroom broth and shiitake mushrooms between 2 shallow bowls. Place 1 fish fillet in center of each bowl. Sprinkle chopped fresh cilantro over and serve."
  ], 
  "keywords": [
    "Asian", 
    "Bass", 
    "Dinner", 
    "Fish", 
    "Ginger", 
    "Japanese", 
    "Japanese Food", 
    "Main Dishes", 
    "Miso", 
    "Miso Recipes", 
    "Mushroom", 
    "Quick &amp; Easy", 
    "Seafood", 
    "Seafood Recipes", 
    "Soy"
  ], 
  "name": "Ginger-Miso Striped Bass in Shiitake Mushroom Broth", 
  "proteinContent": "", 
  "saturatedFatContent": "", 
  "servings": "Servings: Makes 2", 
  "sodiumContent": "", 
  "sugarContent": "", 
  "url": "http://www.bonappetit.com/recipe/ginger-miso-striped-bass-in-shiitake-mushroom-broth"
}