{
  "calories": "", 
  "carbohydrateContent": "", 
  "cholesterolContent": "", 
  "fatContent": "", 
  "fiberContent": "", 
  "image": "http://www.bonappetit.com/wp-content/uploads/2013/10/green-beans-with-miso-and-almonds-940x600.jpg", 
  "ingredients": {
    "almonds, toastesd": {
      "flour": "Safe", 
      "gluten": "no gluten here!", 
      "quantity": "1/4", 
      "substitute": "no substitute needed", 
      "unit": "cup"
    }, 
    "fresh green beans": {
      "flour": "Safe", 
      "gluten": "no gluten here!", 
      "quantity": "2 1/2", 
      "substitute": "no substitute needed", 
      "unit": "pounds"
    }, 
    "japanese prepared hot mustard (not wasabi), or 1 tbsp. english mustard powder mixed with 1 tablespoon water": {
      "flour": "Safe", 
      "gluten": "no gluten here!", 
      "quantity": "2", 
      "substitute": "no substitute needed", 
      "unit": "tablespoons"
    }, 
    "kosher salt": {
      "flour": "Safe", 
      "gluten": "no gluten here!", 
      "quantity": "", 
      "substitute": "no substitute needed", 
      "unit": ""
    }, 
    "sugar": {
      "flour": "Safe", 
      "gluten": "no gluten here!", 
      "quantity": "1", 
      "substitute": "no substitute needed", 
      "unit": "tablespoon"
    }, 
    "thinly sliced scallions, dark-green parts only, divided": {
      "flour": "Safe", 
      "gluten": "no gluten here!", 
      "quantity": "3", 
      "substitute": "no substitute needed", 
      "unit": "tablespoons"
    }, 
    "unseasoned rice vinegar": {
      "flour": "Safe", 
      "gluten": "no gluten here!", 
      "quantity": "3", 
      "substitute": "no substitute needed", 
      "unit": "tablespoons"
    }, 
    "vegetable oil": {
      "flour": "Safe", 
      "gluten": "no gluten here!", 
      "quantity": "2", 
      "substitute": "no substitute needed", 
      "unit": "tablespoons"
    }, 
    "white miso (fermented soybean paste)": {
      "flour": "Safe", 
      "gluten": "no gluten here!", 
      "quantity": "1/4", 
      "substitute": "no substitute needed", 
      "unit": "cup"
    }
  }, 
  "instructions": [
    "Working in 3 batches, cook green beans in a large pot of boiling salted water until crisp-tender. Transfer to a large bowl of ice water to cool. Drain well. Trim beans; cut in half on a sharp diagonal. DO AHEAD: Can be made 8 hours ahead. Arrange cooked beans in batches in paper towels, roll into cylinders, and transfer to plastic bags; seal and chill.", 
    "Whisk miso, 2 tbsp. scallions, vinegar, mustard, oil, and sugar in a small bowl. Season dressing to taste with salt. Place green beans in a large bowl. Pour dressing over; toss to coat. Garnish with almonds and remaining 1 Tbsp. scallions. Serve warm or at room temperature."
  ], 
  "keywords": [
    "Bean Recipes", 
    "Dinner", 
    "Feast From The East", 
    "Feast From The East Recipes", 
    "Gluten Free Feast From The East", 
    "Green Bean Recipes", 
    "Sides", 
    "Thanksgiving", 
    "Vegetable Recipes"
  ], 
  "name": "Green Beans with Miso and Almonds", 
  "proteinContent": "", 
  "saturatedFatContent": "", 
  "servings": "Servings: 10", 
  "sodiumContent": "", 
  "sugarContent": "", 
  "url": "http://www.bonappetit.com/recipe/green-beans-with-miso-and-almonds"
}