{
  "calories": "", 
  "carbohydrateContent": "", 
  "cholesterolContent": "", 
  "description": "Easily doubled (or halved), this bar staple can be made ahead for your next party, or keep on hand for any impromptu cocktail moment.", 
  "fatContent": "", 
  "fiberContent": "", 
  "image": "", 
  "ingredients": {
    "chopped peeled ginger": {
      "flour": "Safe", 
      "gluten": "no gluten here!", 
      "quantity": "\u00bc", 
      "substitute": "no substitute needed", 
      "unit": "cup"
    }, 
    "sugar": {
      "flour": "Safe", 
      "gluten": "no gluten here!", 
      "quantity": "\u00be", 
      "substitute": "no substitute needed", 
      "unit": "cup"
    }
  }, 
  "instructions": [
    "Bring sugar, ginger, and \u00be cup water to a boil in a small saucepan, stirring to dissolve sugar. Remove from heat and let sit 20 minutes. Strain into a jar, cover, and chill.", 
    "DO AHEAD: Syrup can be made 2 weeks ahead. Keep chilled."
  ], 
  "keywords": [
    "Cocktails", 
    "Condiments", 
    "Drink Recipes", 
    "Drinks", 
    "Syrup Recipes"
  ], 
  "name": "Ginger Simple Syrup", 
  "proteinContent": "", 
  "saturatedFatContent": "", 
  "servings": "Servings: Makes 1 cup", 
  "sodiumContent": "", 
  "sugarContent": "", 
  "url": "http://www.bonappetit.com/recipe/ginger-simple-syrup"
}