{
  "calories": "Calories (kcal) 80", 
  "carbohydrateContent": "Carbohydrates (g) 6", 
  "cholesterolContent": "Cholesterol (mg) 15", 
  "fatContent": "Fat (g) 4", 
  "fiberContent": "Dietary Fiber (g)  0", 
  "image": "http://www.bonappetit.com/wp-content/uploads/2012/12/homemade-yogurt-940x600.jpg", 
  "ingredients": {
    "a deep-fry or candy thermometer": {
      "flour": "Safe", 
      "gluten": "no gluten here!", 
      "quantity": "", 
      "substitute": "no substitute needed", 
      "unit": ""
    }, 
    "thick yogurt with live and active cultures": {
      "flour": "Safe", 
      "gluten": "no gluten here!", 
      "quantity": "3", 
      "substitute": "no substitute needed", 
      "unit": "tablespoons"
    }, 
    "whole milk": {
      "flour": "Safe", 
      "gluten": "no gluten here!", 
      "quantity": "4", 
      "substitute": "no substitute needed", 
      "unit": "cups"
    }
  }, 
  "instructions": [
    "Heat milk in a medium saucepan over medium heat, stirring and scraping bottom of pan often with a heatproof spatula (for a smooth yogurt, take care not to incorporate too much air), until thermometer registers 185\u00b0.", 
    "Reduce heat to low and cook milk, without stirring or letting it heat above 185\u00b0, for 20-25 minutes (it will be slightly thicker at the longer cook time).", 
    "Place pot in a large bowl filled with ice water. Stir constantly until thermometer registers 110\u00b0 (don't go below). Immediately and gently stir in yogurt. Pour mixture into a 32-ounce jar. Cover jar and place in a warm spot in kitchen. Let mixture sit for 10-12 hours (do not disturb jar).", 
    "Taste yogurt. If you prefer a thicker, tangier yogurt, let it stand 5-8 hours longer. Refrigerate. Remember to reserve 3 tablespoons for your next batch!"
  ], 
  "keywords": [
    "Ba 25", 
    "Breakfast", 
    "Condiments", 
    "Snack", 
    "Yogurt Recipes"
  ], 
  "name": "Homemade Yogurt", 
  "proteinContent": "Protein (g) 4", 
  "saturatedFatContent": "Saturated Fat (g) 2.5", 
  "servings": "Servings: Makes 1 quart", 
  "sodiumContent": "Sodium (mg) 50", 
  "sugarContent": "Total Sugars (g) 6", 
  "url": "http://www.bonappetit.com/recipe/homemade-yogurt"
}