{
  "calories": "", 
  "carbohydrateContent": "", 
  "cholesterolContent": "", 
  "description": "Set this up in advance and serve it at room temperature. The cheese will be soft enough to scoop with a cracker\u2014and will taste better, too.", 
  "fatContent": "", 
  "fiberContent": "", 
  "image": "http://www.bonappetit.com/wp-content/uploads/2014/09/feta-with-sumac-and-black-sesame-seeds-940x600.jpg", 
  "ingredients": {
    "black sesame seeds": {
      "flour": "Safe", 
      "gluten": "no gluten here!", 
      "quantity": "1\u00bd", 
      "substitute": "no substitute needed", 
      "unit": "teaspoon"
    }, 
    "crackers (for serving)": {
      "flour": "Safe", 
      "gluten": "no gluten here!", 
      "quantity": "", 
      "substitute": "no substitute needed", 
      "unit": ""
    }, 
    "feta, sliced \u00bc&rdquo; thick": {
      "flour": "Safe", 
      "gluten": "no gluten here!", 
      "quantity": "1\u00bd", 
      "substitute": "no substitute needed", 
      "unit": "pound"
    }, 
    "fresh oregano or marjoram leaves": {
      "flour": "Safe", 
      "gluten": "no gluten here!", 
      "quantity": "1", 
      "substitute": "no substitute needed", 
      "unit": "tablespoon"
    }, 
    "ground sumac": {
      "flour": "Safe", 
      "gluten": "no gluten here!", 
      "quantity": "1\u00bd", 
      "substitute": "no substitute needed", 
      "unit": "teaspoon"
    }, 
    "olive oil (for drizzling)": {
      "flour": "Safe", 
      "gluten": "no gluten here!", 
      "quantity": "", 
      "substitute": "no substitute needed", 
      "unit": ""
    }, 
    "sumac, a tart, citrusy spice, is available at middle eastern markets or specialty foods stores.": {
      "flour": "Safe", 
      "gluten": "no gluten here!", 
      "quantity": "", 
      "substitute": "no substitute needed", 
      "unit": ""
    }
  }, 
  "instructions": [
    "Divide feta among small serving dishes. Top with oregano, sesame, and sumac. Drizzle with oil; serve with crackers."
  ], 
  "keywords": [
    "Dinner Party Food", 
    "Dips", 
    "Feta", 
    "Marjoram", 
    "Oregano", 
    "Party Food", 
    "Sesame", 
    "Snack", 
    "Spreads", 
    "stand up dinner party recipes", 
    "Sumac", 
    "Vegetarian Recipes"
  ], 
  "name": "Feta with Sumac and Black Sesame Seeds", 
  "proteinContent": "", 
  "saturatedFatContent": "", 
  "servings": "Servings: 12", 
  "sodiumContent": "", 
  "sugarContent": "", 
  "url": "http://www.bonappetit.com/recipe/feta-with-sumac-and-black-sesame-seeds"
}