{
  "calories": "", 
  "carbohydrateContent": "", 
  "cholesterolContent": "", 
  "fatContent": "", 
  "fiberContent": "", 
  "image": "http://www.bonappetit.com/wp-content/uploads/2010/03/fresh-pasta-with-peas-favas-tomatoes-and-sausage-646.jpg", 
  "ingredients": {
    "chopped plum tomatoes": {
      "flour": "Safe", 
      "gluten": "no gluten here!", 
      "quantity": "1 3/4", 
      "substitute": "no substitute needed", 
      "unit": "cups"
    }, 
    "dried crushed red pepper": {
      "flour": "Safe", 
      "gluten": "no gluten here!", 
      "quantity": "1/8", 
      "substitute": "no substitute needed", 
      "unit": "teaspoon"
    }, 
    "dry white wine": {
      "flour": "Safe", 
      "gluten": "no gluten here!", 
      "quantity": "1/4", 
      "substitute": "no substitute needed", 
      "unit": "cup"
    }, 
    "extra-virgin olive oil": {
      "flour": "Safe", 
      "gluten": "no gluten here!", 
      "quantity": "2", 
      "substitute": "no substitute needed", 
      "unit": "tablespoons"
    }, 
    "finely chopped onion": {
      "flour": "Safe", 
      "gluten": "no gluten here!", 
      "quantity": "1/2", 
      "substitute": "no substitute needed", 
      "unit": "cup"
    }, 
    "finely grated pecorino romano cheese plus additional for passing": {
      "flour": "Safe", 
      "gluten": "no gluten here!", 
      "quantity": "2", 
      "substitute": "no substitute needed", 
      "unit": "tablespoons"
    }, 
    "fresh pasta sheets, cut as desired, or dried egg fettuccine": {
      "flour": "Safe", 
      "gluten": "gluten here!", 
      "quantity": "3/4", 
      "substitute": "gluten-free pasta", 
      "unit": "pound"
    }, 
    "italian sausages, casings removed": {
      "flour": "Safe", 
      "gluten": "no gluten here!", 
      "quantity": "1/2", 
      "substitute": "no substitute needed", 
      "unit": "pound"
    }, 
    "large garlic cloves, coarsely chopped": {
      "flour": "Safe", 
      "gluten": "no gluten here!", 
      "quantity": "2", 
      "substitute": "no substitute needed", 
      "unit": ""
    }, 
    "shelled fresh fava beans (from about 1 pound), blanched 3 minutes then peeled, or double-peeled frozen, thawed": {
      "flour": "Safe", 
      "gluten": "no gluten here!", 
      "quantity": "1", 
      "substitute": "no substitute needed", 
      "unit": "cup"
    }
  }, 
  "instructions": [
    "Heat oil in large saucepan over medium heat. Add next 3 ingredients. Saut\u00e9 until onion is translucent, about 6 minutes. Add sausages; break up with fork. Saut\u00e9 until brown, about 3 minutes. Add wine; simmer 1 minute, scraping up browned bits. Add tomatoes and fava beans. Saut\u00e9 until tomatoes soften, about 5 minutes. Season sauce with salt and pepper.", 
    "Meanwhile, cook pasta in large pot of boiling salted water until tender but still firm to bite. Drain, reserving 1/2 cup pasta cooking liquid. Return pasta to same pot.", 
    "Add sauce to pasta. Toss over medium heat until sauce coats pasta, adding reserved cooking liquid as needed if dry, about 2 minutes. Mix in 2 tablespoons cheese. Transfer pasta to bowl. Serve, passing additional cheese.", 
    "In this dish, Alex uses maltagliati (badly cut) pasta. To make it, cut fresh pasta sheets into trapezoids. Don't worry about making each piece exactly the same size or shape. The pasta should have an irregular look."
  ], 
  "keywords": [
    "Birthday", 
    "Dinner", 
    "Fava Bean", 
    "High Fiber", 
    "Italian", 
    "Italian Food", 
    "Legume", 
    "Main Course", 
    "Main Dishes", 
    "Pasta Recipes", 
    "Potluck", 
    "Sausage", 
    "Spring", 
    "Tomato"
  ], 
  "name": "Fresh Pasta with Favas, Tomatoes, and Sausage", 
  "proteinContent": "", 
  "saturatedFatContent": "", 
  "servings": "", 
  "sodiumContent": "", 
  "sugarContent": "", 
  "url": "http://www.bonappetit.com/recipe/fresh-pasta-with-favas-tomatoes-and-sausage"
}