{
  "calories": "", 
  "carbohydrateContent": "", 
  "cholesterolContent": "", 
  "fatContent": "", 
  "fiberContent": "", 
  "image": "http://www.bonappetit.com/wp-content/uploads/2013/06/baked_beans_with_bacon_breadcrumbs_646.jpg", 
  "ingredients": {
    "(packed) light brown sugar": {
      "flour": "Safe", 
      "gluten": "no gluten here!", 
      "quantity": "1", 
      "substitute": "no substitute needed", 
      "unit": "cup"
    }, 
    "15-ounce cans navy beans, drained, rinsed": {
      "flour": "Safe", 
      "gluten": "no gluten here!", 
      "quantity": "3", 
      "substitute": "no substitute needed", 
      "unit": ""
    }, 
    "bacon (4\u20135 slices)": {
      "flour": "Safe", 
      "gluten": "no gluten here!", 
      "quantity": "4", 
      "substitute": "no substitute needed", 
      "unit": "ounces"
    }, 
    "crushed red pepper flakes": {
      "flour": "Safe", 
      "gluten": "no gluten here!", 
      "quantity": "1/2", 
      "substitute": "no substitute needed", 
      "unit": "teaspoon"
    }, 
    "garlic cloves, minced": {
      "flour": "Safe", 
      "gluten": "no gluten here!", 
      "quantity": "2", 
      "substitute": "no substitute needed", 
      "unit": ""
    }, 
    "hot pepper sauce": {
      "flour": "Safe", 
      "gluten": "no gluten here!", 
      "quantity": "1", 
      "substitute": "no substitute needed", 
      "unit": "tablespoon"
    }, 
    "ketchup": {
      "flour": "Safe", 
      "gluten": "no gluten here!", 
      "quantity": "2", 
      "substitute": "no substitute needed", 
      "unit": "cups"
    }, 
    "kosher salt, freshly ground pepper": {
      "flour": "Safe", 
      "gluten": "no gluten here!", 
      "quantity": "", 
      "substitute": "no substitute needed", 
      "unit": ""
    }, 
    "large onion, chopped": {
      "flour": "Safe", 
      "gluten": "no gluten here!", 
      "quantity": "1", 
      "substitute": "no substitute needed", 
      "unit": ""
    }, 
    "mild-flavored (light) molasses": {
      "flour": "Safe", 
      "gluten": "no gluten here!", 
      "quantity": "3/4", 
      "substitute": "no substitute needed", 
      "unit": "cup"
    }, 
    "panko (japanese breadcrumbs)": {
      "flour": "Safe", 
      "gluten": "gluten here!", 
      "quantity": "1", 
      "substitute": "gluten-free panko", 
      "unit": "cup"
    }, 
    "smoked ham or tasso, diced": {
      "flour": "Safe", 
      "gluten": "no gluten here!", 
      "quantity": "8", 
      "substitute": "no substitute needed", 
      "unit": "ounces"
    }, 
    "vegetable oil": {
      "flour": "Safe", 
      "gluten": "no gluten here!", 
      "quantity": "1", 
      "substitute": "no substitute needed", 
      "unit": "tablespoon"
    }, 
    "whole grain mustard": {
      "flour": "Safe", 
      "gluten": "no gluten here!", 
      "quantity": "1/2", 
      "substitute": "no substitute needed", 
      "unit": "cup"
    }, 
    "worcestershire sauce": {
      "flour": "Safe", 
      "gluten": "no gluten here!", 
      "quantity": "1/4", 
      "substitute": "no substitute needed", 
      "unit": "cup"
    }
  }, 
  "instructions": [
    "Preheat oven to 350\u00b0. Heat oil in a large heavy wide pot over high heat; add ham, onion, and garlic. Cook, stirring often, until onion caramelizes, about 5 minutes. Reduce heat to low. Add ketchup, next 6 ingredients, and 4 cups water to pot; season to taste with salt and pepper. Let sauce simmer until slightly thickened, 10\u201315 minutes. Stir beans into sauce.", 
    "Cover and bake beans until juices are bubbly and thickened, about 2 hours.", 
    "Meanwhile, place bacon slices on a rimmed baking sheet. Roast in oven until crisp, 10\u201315 minutes. Transfer to paper towels to drain. Let bacon cool and reserve  1 Tbsp. bacon drippings separately.", 
    "Coarsely crumble bacon; place in a food processor with reserved drippings and panko; pulse until bacon is finely chopped. Season with salt and pepper.", 
    "Remove beans from oven. Preheat broiler. Sprinkle beans with bacon breadcrumbs. Broil, uncovered, until crumbs are golden brown, 8\u201310 minutes."
  ], 
  "keywords": [
    "Bacon Recipes", 
    "Bean Recipes", 
    "Breadcrumbs", 
    "Fourth Of July", 
    "High Fiber", 
    "Rsvp", 
    "Sides"
  ], 
  "name": "Baked Beans with Bacon Breadcrumbs", 
  "proteinContent": "", 
  "saturatedFatContent": "", 
  "servings": "Servings: 10\u201312", 
  "sodiumContent": "", 
  "sugarContent": "", 
  "url": "http://www.bonappetit.com/recipe/baked-beans-with-bacon-breadcrumbs"
}