{
  "calories": "", 
  "carbohydrateContent": "", 
  "cholesterolContent": "", 
  "description": "Eggplant is like a sponge. Salting it draws out moisture and firms up the flesh, and deep-frying ensures it cooks evenly until creamy throughout. Worth your time.", 
  "fatContent": "", 
  "fiberContent": "", 
  "image": "http://www.bonappetit.com/wp-content/uploads/2014/07/fried-eggplant-tomato-and-cucumber-salad-940x600.jpg", 
  "ingredients": {
    "a deep-fry thermometer": {
      "flour": "Safe", 
      "gluten": "no gluten here!", 
      "quantity": "", 
      "substitute": "no substitute needed", 
      "unit": ""
    }, 
    "fresh cilantro leaves with tender stems": {
      "flour": "Safe", 
      "gluten": "no gluten here!", 
      "quantity": "\u00bd", 
      "substitute": "no substitute needed", 
      "unit": "cup"
    }, 
    "fresh flat-leaf parsley leaves with tender stems": {
      "flour": "Safe", 
      "gluten": "no gluten here!", 
      "quantity": "\u00bd", 
      "substitute": "no substitute needed", 
      "unit": "cup"
    }, 
    "fresh lemon juice": {
      "flour": "Safe", 
      "gluten": "no gluten here!", 
      "quantity": "1", 
      "substitute": "no substitute needed", 
      "unit": "tablespoon"
    }, 
    "garlic, chopped": {
      "flour": "Safe", 
      "gluten": "no gluten here!", 
      "quantity": "1", 
      "substitute": "no substitute needed", 
      "unit": "clove"
    }, 
    "kosher salt, plus more": {
      "flour": "Safe", 
      "gluten": "no gluten here!", 
      "quantity": "\u00be", 
      "substitute": "no substitute needed", 
      "unit": "teaspoon"
    }, 
    "medium eggplants (about 1\u00bd pounds), cut into 1\u00bd&rdquo; pieces": {
      "flour": "Safe", 
      "gluten": "no gluten here!", 
      "quantity": "2", 
      "substitute": "no substitute needed", 
      "unit": ""
    }, 
    "olive oil, divided": {
      "flour": "Safe", 
      "gluten": "no gluten here!", 
      "quantity": "\u00bd", 
      "substitute": "no substitute needed", 
      "unit": "cup"
    }, 
    "persian cucumbers (about 3), sliced": {
      "flour": "Safe", 
      "gluten": "no gluten here!", 
      "quantity": "\u00bd", 
      "substitute": "no substitute needed", 
      "unit": "pound"
    }, 
    "plain whole-milk greek yogurt": {
      "flour": "Safe", 
      "gluten": "no gluten here!", 
      "quantity": "\u00be", 
      "substitute": "no substitute needed", 
      "unit": "cup"
    }, 
    "small green chiles, such as thai, seeds removed, chopped, divided": {
      "flour": "Safe", 
      "gluten": "no gluten here!", 
      "quantity": "2", 
      "substitute": "no substitute needed", 
      "unit": ""
    }, 
    "small tomatoes (about 8), cut into wedges": {
      "flour": "Safe", 
      "gluten": "no gluten here!", 
      "quantity": "1", 
      "substitute": "no substitute needed", 
      "unit": "pound"
    }, 
    "vegetable oil (for frying; about 2 cups)": {
      "flour": "Safe", 
      "gluten": "no gluten here!", 
      "quantity": "", 
      "substitute": "no substitute needed", 
      "unit": ""
    }
  }, 
  "instructions": [
    "Pur\u00e9e cilantro, parsley, garlic, half of chiles, and \u00bc cup olive oil in a blender or food processor until very smooth; season herb oil with salt and set aside.", 
    "Whisk yogurt, lemon juice, and remaining \u00bc cup olive oil in a small bowl; season with salt and set yogurt sauce aside.", 
    "Place eggplants in a colander set in the sink; season with \u00be tsp. salt. Let sit 30 minutes to drain, then pat dry.", 
    "Fit a medium pot with thermometer; pour in vegetable oil to measure 2&rdquo;. Heat over medium-high heat until thermometer registers 375\u00b0.", 
    "Working in batches and returning oil to 375\u00b0 between batches, fry eggplants, turning often, until golden brown and tender, about 5 minutes. Using a slotted spoon, transfer eggplants to paper towels to drain; season with salt. Let cool.", 
    "Combine eggplants in a large bowl with tomatoes, cucumbers, and remaining chiles; drizzle with some reserved herb oil and toss to combine. Season salad with salt.", 
    "Spoon reserved yogurt sauce onto a platter, top with salad, and drizzle with more herb oil.", 
    "DO AHEAD:Herb oil and yogurt sauce can be made 1 day ahead. Cover and chill separately."
  ], 
  "keywords": [
    "Chile", 
    "Cilantro", 
    "Cucumber", 
    "Eggplant", 
    "Lemon", 
    "Middle Eastern Food", 
    "ottolenghi recipes", 
    "Parsley", 
    "Sides", 
    "Spicy Food", 
    "Summer Food", 
    "Tomatoes", 
    "Vegetarian Recipes", 
    "Yogurt"
  ], 
  "name": "Fried Eggplant, Tomato, and Cucumber Salad", 
  "proteinContent": "", 
  "saturatedFatContent": "", 
  "servings": "Servings: 6", 
  "sodiumContent": "", 
  "sugarContent": "", 
  "url": "http://www.bonappetit.com/recipe/fried-eggplant-tomato-and-cucumber-salad"
}