{
  "calories": "", 
  "carbohydrateContent": "", 
  "cholesterolContent": "", 
  "fatContent": "", 
  "fiberContent": "", 
  "image": "http://www.bonappetit.com/wp-content/uploads/2012/01/carolina-fish-muddle.jpg", 
  "ingredients": {
    "28-ounce cans whole peeled tomatoes with juices": {
      "flour": "Safe", 
      "gluten": "no gluten here!", 
      "quantity": "2", 
      "substitute": "no substitute needed", 
      "unit": ""
    }, 
    "bay leaves": {
      "flour": "Safe", 
      "gluten": "no gluten here!", 
      "quantity": "4", 
      "substitute": "no substitute needed", 
      "unit": ""
    }, 
    "black or red grouper fillet, cut into 1'\u20132' pieces": {
      "flour": "Safe", 
      "gluten": "no gluten here!", 
      "quantity": "1", 
      "substitute": "no substitute needed", 
      "unit": "pound"
    }, 
    "black or striped bass fillet, cut into 1'\u20132' pieces": {
      "flour": "Safe", 
      "gluten": "no gluten here!", 
      "quantity": "1", 
      "substitute": "no substitute needed", 
      "unit": "pound"
    }, 
    "carrots, finely choppedt": {
      "flour": "Safe", 
      "gluten": "no gluten here!", 
      "quantity": "3", 
      "substitute": "no substitute needed", 
      "unit": ""
    }, 
    "celery stalks, finely chopped": {
      "flour": "Safe", 
      "gluten": "no gluten here!", 
      "quantity": "4", 
      "substitute": "no substitute needed", 
      "unit": ""
    }, 
    "chopped flat-leaf parsley": {
      "flour": "Safe", 
      "gluten": "no gluten here!", 
      "quantity": "", 
      "substitute": "no substitute needed", 
      "unit": ""
    }, 
    "cooked stone-ground grits or rice": {
      "flour": "Safe", 
      "gluten": "no gluten here!", 
      "quantity": "6", 
      "substitute": "no substitute needed", 
      "unit": "cups"
    }, 
    "garlic cloves, finely chopped": {
      "flour": "Safe", 
      "gluten": "no gluten here!", 
      "quantity": "3", 
      "substitute": "no substitute needed", 
      "unit": ""
    }, 
    "hot pepper sauce (such as cholula or tabasco; optional)t": {
      "flour": "Safe", 
      "gluten": "no gluten here!", 
      "quantity": "", 
      "substitute": "no substitute needed", 
      "unit": ""
    }, 
    "jalape\u00f1o (with seeds), finely chopped": {
      "flour": "Safe", 
      "gluten": "no gluten here!", 
      "quantity": "1/2", 
      "substitute": "no substitute needed", 
      "unit": ""
    }, 
    "kosher salt, freshly ground pepper": {
      "flour": "Safe", 
      "gluten": "no gluten here!", 
      "quantity": "", 
      "substitute": "no substitute needed", 
      "unit": ""
    }, 
    "leek (white and pale-green parts only), finely chopped": {
      "flour": "Safe", 
      "gluten": "no gluten here!", 
      "quantity": "1", 
      "substitute": "no substitute needed", 
      "unit": ""
    }, 
    "new potatoes, peeled, cut into 1/2' cubes": {
      "flour": "Safe", 
      "gluten": "no gluten here!", 
      "quantity": "1", 
      "substitute": "no substitute needed", 
      "unit": "pound"
    }, 
    "onions, finely chopped": {
      "flour": "Safe", 
      "gluten": "no gluten here!", 
      "quantity": "2", 
      "substitute": "no substitute needed", 
      "unit": ""
    }, 
    "slab bacon, cut into 1/2' cubes, or thick-cut bacon, sliced into 1/2' strips": {
      "flour": "Safe", 
      "gluten": "no gluten here!", 
      "quantity": "1", 
      "substitute": "no substitute needed", 
      "unit": "pound"
    }, 
    "slices baguette, toasted": {
      "flour": "Safe", 
      "gluten": "gluten here!", 
      "quantity": "6", 
      "substitute": "gluten-free bread", 
      "unit": ""
    }, 
    "sprigs thyme": {
      "flour": "Safe", 
      "gluten": "no gluten here!", 
      "quantity": "8", 
      "substitute": "no substitute needed", 
      "unit": ""
    }, 
    "vegetable oil": {
      "flour": "Safe", 
      "gluten": "no gluten here!", 
      "quantity": "1", 
      "substitute": "no substitute needed", 
      "unit": "teaspoon"
    }, 
    "wild american shrimp, peeled, deveined, shells reserved": {
      "flour": "Safe", 
      "gluten": "no gluten here!", 
      "quantity": "1", 
      "substitute": "no substitute needed", 
      "unit": "pound"
    }
  }, 
  "instructions": [
    "Heat oil in a medium saucepan over medium heat. Add shrimp shells and cook, stirring constantly, until pink. Add 3 cups water and bring to a simmer. Cook gently until liquid is reduced to 2 cups. Strain stock, discarding shells. DO AHEAD: Can be made 1 day ahead. Cover and chill stock and shrimp separately.", 
    "Tie thyme sprigs and bay leaves into a bundle with kitchen twine; set aside. Pulse tomatoes with juices in a food processor until chunky pur\u00e9e forms; set aside. Heat bacon in a large Dutch oven over medium-low heat; cook, stirring occasionally,  until some of fat is rendered and bacon is  just beginning to crisp, 10\u201315 minutes. Using a slotted spoon, transfer bacon  to paper towels to drain; reserve 2 Tbsp.  bacon drippings for croutons.", 
    "Add celery, carrots, onions, and leek to pot. Increase heat to medium and cook until vegetables are tender, about 10 minutes. Add garlic, jalape\u00f1o, and herb bundle; cook for 2 minutes. Add reserved tomato pur\u00e9e; cook, stirring often, for 20 minutes. Add shrimp stock (or, if omitting the first step, add 2 cups fish stock or clam juice) and bring to a simmer. Add potatoes and cooked bacon and simmer until potatoes are tender, about 15 minutes. Season stew with salt, pepper, and hot pepper sauce, if desired.", 
    "Add fish and shrimp; bring to a gentle simmer. Cover; cook until fish and shrimp are just opaque in center, about 5 minutes.", 
    "Meanwhile, brush bacon fat onto toast to make croutons. Ladle muddle into bowls over grits or rice, sprinkle with parsley, and garnish each bowl with a crouton."
  ], 
  "keywords": [
    "Dinner", 
    "Entrees", 
    "February 2012 Recipes", 
    "Fish Recipes", 
    "Southern Food", 
    "Southern Recipe Revival", 
    "Stew Recipes", 
    "Stews", 
    "Trail_100112"
  ], 
  "name": "Bacon-Infused Carolina Fish Muddle", 
  "proteinContent": "", 
  "saturatedFatContent": "", 
  "servings": "Servings: 6", 
  "sodiumContent": "", 
  "sugarContent": "", 
  "url": "http://www.bonappetit.com/recipe/bacon-infused-carolina-fish-muddle"
}