{
  "calories": "", 
  "carbohydrateContent": "", 
  "cholesterolContent": "", 
  "fatContent": "", 
  "fiberContent": "", 
  "image": "http://www.bonappetit.com/wp-content/uploads/2011/07/green_beans_and_zucchini_with_sauce_verte_646.jpg", 
  "ingredients": {
    "1 garlic clove, peeled": {
      "flour": "Safe", 
      "gluten": "no gluten here!", 
      "quantity": "", 
      "substitute": "no substitute needed", 
      "unit": ""
    }, 
    "1 green onion, coarsely chopped": {
      "flour": "Safe", 
      "gluten": "no gluten here!", 
      "quantity": "", 
      "substitute": "no substitute needed", 
      "unit": ""
    }, 
    "1 pound green beans, stem end trimmed": {
      "flour": "Safe", 
      "gluten": "no gluten here!", 
      "quantity": "", 
      "substitute": "no substitute needed", 
      "unit": ""
    }, 
    "1 tablespoon fresh lemon juice": {
      "flour": "Safe", 
      "gluten": "no gluten here!", 
      "quantity": "", 
      "substitute": "no substitute needed", 
      "unit": ""
    }, 
    "1 tablespoon olive oil": {
      "flour": "Safe", 
      "gluten": "no gluten here!", 
      "quantity": "", 
      "substitute": "no substitute needed", 
      "unit": ""
    }, 
    "1/3 cup (packed) fresh basil leaves": {
      "flour": "Safe", 
      "gluten": "no gluten here!", 
      "quantity": "", 
      "substitute": "no substitute needed", 
      "unit": ""
    }, 
    "12 ounces zucchini, halved lengthwise, each half cut lengthwise into 1/3-inch-wide strips": {
      "flour": "Safe", 
      "gluten": "no gluten here!", 
      "quantity": "", 
      "substitute": "no substitute needed", 
      "unit": ""
    }, 
    "2 tablespoons (packed) fresh italian parsley": {
      "flour": "Safe", 
      "gluten": "no gluten here!", 
      "quantity": "", 
      "substitute": "no substitute needed", 
      "unit": ""
    }, 
    "2 tablespoons drained capers": {
      "flour": "Safe", 
      "gluten": "no gluten here!", 
      "quantity": "", 
      "substitute": "no substitute needed", 
      "unit": ""
    }, 
    "2 tablespoons fresh italian parsley leaves (for garnish)": {
      "flour": "Safe", 
      "gluten": "no gluten here!", 
      "quantity": "", 
      "substitute": "no substitute needed", 
      "unit": ""
    }, 
    "2 teaspoons dijon mustard": {
      "flour": "Safe", 
      "gluten": "no gluten here!", 
      "quantity": "", 
      "substitute": "no substitute needed", 
      "unit": ""
    }, 
    "3 tablespoons extra-virgin olive oil": {
      "flour": "Safe", 
      "gluten": "no gluten here!", 
      "quantity": "", 
      "substitute": "no substitute needed", 
      "unit": ""
    }, 
    "3 tablespoons water": {
      "flour": "Safe", 
      "gluten": "no gluten here!", 
      "quantity": "", 
      "substitute": "no substitute needed", 
      "unit": ""
    }
  }, 
  "instructions": [
    "Blend first 7 ingredients in processor until finely chopped. With machine running, gradually add olive oil. Process until coarse puree forms. Season sauce verte to taste with salt and pepper. DO AHEAD Can be made 1 day ahead. Cover and refrigerate.", 
    "Heat oil in heavy large nonstick skillet over medium-high heat. Add vegetables; stir until coated. Sprinkle with salt and 3 tablespoons water. Cover; cook vegetables until almost crisp-tender, stirring occasionally, about 4 minutes. Uncover; cook until vegetables are just tender, about 2 minutes longer. Stir in enough sauce verte to coat vegetables generously. Season with salt and pepper. Transfer to bowl. Garnish with parsley and serve."
  ], 
  "keywords": [
    "Cooking Club", 
    "Dinner", 
    "Do Ahead", 
    "Fathers Day", 
    "French", 
    "French Food", 
    "Green Bean", 
    "Green Beans", 
    "Grilling", 
    "Lunch", 
    "Quick &amp; Easy", 
    "Sauce Recipes", 
    "Side", 
    "Side Dishes", 
    "Sides", 
    "Summer", 
    "Summer Sides", 
    "Vegetable", 
    "Vegetable Recipes", 
    "Vegetarian Recipes", 
    "Zucchini"
  ], 
  "name": "Green Beans and Zucchini with Sauce Verte", 
  "proteinContent": "", 
  "saturatedFatContent": "", 
  "servings": "Servings: 6", 
  "sodiumContent": "", 
  "sugarContent": "", 
  "url": "http://www.bonappetit.com/recipe/green-beans-and-zucchini-with-sauce-verte"
}