{
  "calories": "", 
  "carbohydrateContent": "", 
  "cholesterolContent": "", 
  "description": "Fresher and more vibrant than the jarred stuff, this easy-to-make relish is good on hot dogs, burgers, and grilled sausages.", 
  "fatContent": "", 
  "fiberContent": "", 
  "image": "http://www.bonappetit.com/wp-content/uploads/2013/08/fresh-pickle-relish.jpg", 
  "ingredients": {
    "cup unseasoned rice vinegar": {
      "flour": "Safe", 
      "gluten": "no gluten here!", 
      "quantity": "\u2153", 
      "substitute": "no substitute needed", 
      "unit": ""
    }, 
    "large english hothouse cucumber (about 1 pound), finely chopped": {
      "flour": "Safe", 
      "gluten": "no gluten here!", 
      "quantity": "1", 
      "substitute": "no substitute needed", 
      "unit": ""
    }, 
    "tbsp. sugar": {
      "flour": "Safe", 
      "gluten": "no gluten here!", 
      "quantity": "2", 
      "substitute": "no substitute needed", 
      "unit": ""
    }, 
    "tbsp. vegetable oil": {
      "flour": "Safe", 
      "gluten": "no gluten here!", 
      "quantity": "1", 
      "substitute": "no substitute needed", 
      "unit": ""
    }, 
    "tsp. grated peeled ginger": {
      "flour": "Safe", 
      "gluten": "no gluten here!", 
      "quantity": "2", 
      "substitute": "no substitute needed", 
      "unit": ""
    }, 
    "tsp. ground turmeric": {
      "flour": "Safe", 
      "gluten": "no gluten here!", 
      "quantity": "1", 
      "substitute": "no substitute needed", 
      "unit": ""
    }, 
    "tsp. kosher salt plus more": {
      "flour": "Safe", 
      "gluten": "no gluten here!", 
      "quantity": "1", 
      "substitute": "no substitute needed", 
      "unit": ""
    }, 
    "tsp. yellow mustard seeds": {
      "flour": "Safe", 
      "gluten": "no gluten here!", 
      "quantity": "2", 
      "substitute": "no substitute needed", 
      "unit": ""
    }
  }, 
  "instructions": [
    "Place cucumber in a fine-mesh sieve set over a medium bowl; toss with 1 tsp. salt. Let sit 10 minutes, then squeeze well to remove as much moisture as possible (do not rinse).", 
    "Meanwhile, heat oil in a small saucepan over medium heat. Add mustard seeds and cook, stirring, just until they begin to pop, about 1 minute. Mix in ginger and turmeric and cook until fragrant, about 1 minute. Add vinegar and sugar and cook until syrupy, about 5 minutes longer. Mix in cucumber; transfer to a small bowl and season with salt. Let cool.", 
    "DO AHEAD:Relish can be made 1 week ahead. Cover and chill."
  ], 
  "keywords": [
    "Condiments", 
    "Cooler Cookout Recipes", 
    "Cucumber Recipes", 
    "Fourth Of July", 
    "Ginger Recipes", 
    "Labor Day Food", 
    "Memorial Day Food", 
    "Mustard Recipes", 
    "Pickle Recipes", 
    "Relish Recipes", 
    "Summer Food", 
    "Turmeric Recipes"
  ], 
  "name": "Fresh Pickle Relish", 
  "proteinContent": "", 
  "saturatedFatContent": "", 
  "servings": "Servings: 8", 
  "sodiumContent": "", 
  "sugarContent": "", 
  "url": "http://www.bonappetit.com/recipe/fresh-pickle-relish"
}