{
  "calories": "", 
  "carbohydrateContent": "", 
  "cholesterolContent": "", 
  "fatContent": "", 
  "fiberContent": "", 
  "image": "http://www.bonappetit.com/wp-content/uploads/2014/02/herbed-feta-dip.jpg", 
  "ingredients": {
    "feta": {
      "flour": "Safe", 
      "gluten": "no gluten here!", 
      "quantity": "6", 
      "substitute": "no substitute needed", 
      "unit": "ounces"
    }, 
    "finely chopped fresh dill, plus torn sprigs for serving": {
      "flour": "Safe", 
      "gluten": "no gluten here!", 
      "quantity": "2", 
      "substitute": "no substitute needed", 
      "unit": "tablespoons"
    }, 
    "finely chopped fresh flat-leaf parsley": {
      "flour": "Safe", 
      "gluten": "no gluten here!", 
      "quantity": "\u00bd", 
      "substitute": "no substitute needed", 
      "unit": "cup"
    }, 
    "finely chopped fresh mint": {
      "flour": "Safe", 
      "gluten": "no gluten here!", 
      "quantity": "\u00bc", 
      "substitute": "no substitute needed", 
      "unit": "cup"
    }, 
    "kosher salt and freshly ground black pepper": {
      "flour": "Safe", 
      "gluten": "no gluten here!", 
      "quantity": "", 
      "substitute": "no substitute needed", 
      "unit": ""
    }, 
    "olive oil": {
      "flour": "Safe", 
      "gluten": "no gluten here!", 
      "quantity": "", 
      "substitute": "no substitute needed", 
      "unit": ""
    }
  }, 
  "instructions": [
    "Blend feta and a splash of water in a food processor. Transfer to a medium bowl and mix in parsley, mint, and chopped dill; season with salt and pepper. Drizzle with oil and top with dill sprigs."
  ], 
  "keywords": [
    "Condiments", 
    "Dill Recipes", 
    "Dip Recipes", 
    "Feta Recipes", 
    "glasserie arsenal recipes", 
    "Middle Eastern Food", 
    "Mint Recipes", 
    "Parsley Recipes", 
    "Vegetarian Recipes"
  ], 
  "name": "Herbed Feta Dip", 
  "proteinContent": "", 
  "saturatedFatContent": "", 
  "servings": "Servings: Makes 1\u00bc cups", 
  "sodiumContent": "", 
  "sugarContent": "", 
  "url": "http://www.bonappetit.com/recipe/herbed-feta-dip"
}