{
  "calories": "Calories (kcal) 250", 
  "carbohydrateContent": "Carbohydrates (g) 9", 
  "cholesterolContent": "Cholesterol (mg) 60", 
  "fatContent": "Fat (g) 22", 
  "fiberContent": "Dietary Fiber (g)  3", 
  "image": "http://www.bonappetit.com/wp-content/uploads/2013/03/herbed-pea-sauce-940x600.jpg", 
  "ingredients": {
    "(1 1/2 sticks) unsalted butter": {
      "flour": "Safe", 
      "gluten": "no gluten here!", 
      "quantity": "3/4", 
      "substitute": "no substitute needed", 
      "unit": "cup"
    }, 
    "chopped fresh flat-leaf parsley": {
      "flour": "Safe", 
      "gluten": "no gluten here!", 
      "quantity": "1/4", 
      "substitute": "no substitute needed", 
      "unit": "cup"
    }, 
    "finely grated lemon zest": {
      "flour": "Safe", 
      "gluten": "no gluten here!", 
      "quantity": "1", 
      "substitute": "no substitute needed", 
      "unit": "teaspoon"
    }, 
    "kosher salt, freshly ground pepper": {
      "flour": "Safe", 
      "gluten": "no gluten here!", 
      "quantity": "", 
      "substitute": "no substitute needed", 
      "unit": ""
    }, 
    "scallions, thinly sliced": {
      "flour": "Safe", 
      "gluten": "no gluten here!", 
      "quantity": "4", 
      "substitute": "no substitute needed", 
      "unit": ""
    }, 
    "shelled fresh peas (from about 2 pounds pods), or frozen peas, thawed": {
      "flour": "Safe", 
      "gluten": "no gluten here!", 
      "quantity": "2", 
      "substitute": "no substitute needed", 
      "unit": "cups"
    }, 
    "thinly sliced fresh chives": {
      "flour": "Safe", 
      "gluten": "no gluten here!", 
      "quantity": "2", 
      "substitute": "no substitute needed", 
      "unit": "tablespoons"
    }
  }, 
  "instructions": [
    "If using fresh peas, cook in a large saucepan of boiling salted water until tender, about 3 minutes; drain and set aside (do not cook frozen peas).", 
    "Melt butter in a medium saucepan over medium heat. Add scallions and peas and cook, stirring constantly, until scallions are just beginning to soften and peas are heated through, about 1 minute. Remove pan from heat and stir in lemon zest. Stir in parsley and chives; season with salt and pepper."
  ], 
  "keywords": [
    "Chive", 
    "Condiments", 
    "Lemon Recipes", 
    "Pea Recipes", 
    "Sauce Recipes", 
    "Scallion Recipes", 
    "Spring Food", 
    "Spring Pea Recipes"
  ], 
  "name": "Herbed Pea \"Sauce\"", 
  "proteinContent": "Protein (g) 3", 
  "saturatedFatContent": "Saturated Fat (g) 14", 
  "servings": "Servings: about 2 cups", 
  "sodiumContent": "Sodium (mg) 120", 
  "sugarContent": "Total Sugars (g) 3", 
  "url": "http://www.bonappetit.com/recipe/herbed-pea-sauce"
}