{
  "calories": "", 
  "carbohydrateContent": "", 
  "cholesterolContent": "", 
  "description": "You want all of your ingredients at room temperature to make sure the mixture is smooth and homogenous.", 
  "fatContent": "", 
  "fiberContent": "", 
  "image": "http://www.bonappetit.com/wp-content/uploads/2014/09/green-goddess-pistachio-and-goat-cheese-ball-940x600.jpg", 
  "ingredients": {
    "anchovy fillets": {
      "flour": "Safe", 
      "gluten": "no gluten here!", 
      "quantity": "4", 
      "substitute": "no substitute needed", 
      "unit": ""
    }, 
    "chopped fresh chives": {
      "flour": "Safe", 
      "gluten": "no gluten here!", 
      "quantity": "2", 
      "substitute": "no substitute needed", 
      "unit": "tablespoons"
    }, 
    "crackers (for serving)": {
      "flour": "Safe", 
      "gluten": "no gluten here!", 
      "quantity": "", 
      "substitute": "no substitute needed", 
      "unit": ""
    }, 
    "cream cheese, room temperature": {
      "flour": "Safe", 
      "gluten": "no gluten here!", 
      "quantity": "4", 
      "substitute": "no substitute needed", 
      "unit": "ounces"
    }, 
    "goat cheese, room temperature": {
      "flour": "Safe", 
      "gluten": "no gluten here!", 
      "quantity": "4", 
      "substitute": "no substitute needed", 
      "unit": "ounces"
    }, 
    "kosher salt": {
      "flour": "Safe", 
      "gluten": "no gluten here!", 
      "quantity": "", 
      "substitute": "no substitute needed", 
      "unit": ""
    }, 
    "mixed tender herb leaves (such as mint, parsley, tarragon and/or cilantro)": {
      "flour": "Safe", 
      "gluten": "no gluten here!", 
      "quantity": "\u00bc", 
      "substitute": "no substitute needed", 
      "unit": "cup"
    }, 
    "pistachios, toasted, chopped": {
      "flour": "Safe", 
      "gluten": "no gluten here!", 
      "quantity": "\u00be", 
      "substitute": "no substitute needed", 
      "unit": "cup"
    }, 
    "unsalted butter, room temperature": {
      "flour": "Safe", 
      "gluten": "no gluten here!", 
      "quantity": "2", 
      "substitute": "no substitute needed", 
      "unit": "tablespoons"
    }, 
    "watercress leaves": {
      "flour": "Safe", 
      "gluten": "no gluten here!", 
      "quantity": "1", 
      "substitute": "no substitute needed", 
      "unit": "cup"
    }
  }, 
  "instructions": [
    "Process cream cheese, goat cheese, and butter in a food processor until smooth. Pulse in anchovies, watercress, herbs, and chives; season with salt. Scrape mixture into a small plastic wrap\u2013lined bowl; gather plastic around cheese, using your hands to shape into a ball. Chill until firm, 3\u201312 hours.", 
    "Just before serving, unwrap cheese ball and roll in pistachios. Serve with crackers."
  ], 
  "keywords": [
    "Anchovies", 
    "Cilantro", 
    "Cocktails", 
    "Cream Cheese", 
    "Goat Cheese", 
    "Herbs", 
    "Mint", 
    "Parsley", 
    "Party Food", 
    "Pistachios", 
    "Snack", 
    "Spreads", 
    "Tarragon", 
    "Watercress"
  ], 
  "name": "Green Goddess, Pistachio, and Goat Cheese Ball", 
  "proteinContent": "", 
  "saturatedFatContent": "", 
  "servings": "Servings: 8", 
  "sodiumContent": "", 
  "sugarContent": "", 
  "url": "http://www.bonappetit.com/recipe/green-goddess-pistachio-and-goat-cheese-ball"
}