{
  "calories": "", 
  "carbohydrateContent": "", 
  "cholesterolContent": "", 
  "description": "As the pork cooks, the fat will gradually render, basting the roast.", 
  "fatContent": "", 
  "fiberContent": "", 
  "image": "http://www.bonappetit.com/wp-content/uploads/2013/12/fennel-rubbed-pork-roast-940x600.jpg", 
  "ingredients": {
    "anise seeds, crushed": {
      "flour": "Safe", 
      "gluten": "no gluten here!", 
      "quantity": "1", 
      "substitute": "no substitute needed", 
      "unit": "tablespoon"
    }, 
    "crushed red pepper flakes": {
      "flour": "Safe", 
      "gluten": "no gluten here!", 
      "quantity": "1", 
      "substitute": "no substitute needed", 
      "unit": "teaspoon"
    }, 
    "fennel seeds, crushed": {
      "flour": "Safe", 
      "gluten": "no gluten here!", 
      "quantity": "2", 
      "substitute": "no substitute needed", 
      "unit": "tablespoons"
    }, 
    "kosher salt and freshly ground black pepper": {
      "flour": "Safe", 
      "gluten": "no gluten here!", 
      "quantity": "", 
      "substitute": "no substitute needed", 
      "unit": ""
    }, 
    "olive oil": {
      "flour": "Safe", 
      "gluten": "no gluten here!", 
      "quantity": "1", 
      "substitute": "no substitute needed", 
      "unit": "tablespoon"
    }, 
    "pork top sirloin roast, tied": {
      "flour": "Safe", 
      "gluten": "no gluten here!", 
      "quantity": "3", 
      "substitute": "no substitute needed", 
      "unit": "pounds"
    }
  }, 
  "instructions": [
    "Preheat oven to 400\u00b0. Rub pork with oil; season generously with salt and pepper and rub with fennel seeds, anise seeds, and red pepper flakes, pressing to adhere.", 
    "Place pork roast, fat side up, on a rimmed baking sheet and roast until deeply browned and an instant-read thermometer inserted into the center registers 135\u00b0, 60\u201370 minutes.", 
    "Transfer to a cutting board; let pork rest at least 10 minutes before slicing."
  ], 
  "keywords": [
    "Anise", 
    "Dinner", 
    "eat your meat recipes", 
    "Fennel Recipes", 
    "Hot Pepper Recipes", 
    "Pork Recipes"
  ], 
  "name": "Fennel-Rubbed Pork Roast", 
  "proteinContent": "", 
  "saturatedFatContent": "", 
  "servings": "Servings: 8", 
  "sodiumContent": "", 
  "sugarContent": "", 
  "url": "http://www.bonappetit.com/recipe/fennel-rubbed-pork-roast"
}