{
  "calories": "", 
  "carbohydrateContent": "", 
  "cholesterolContent": "", 
  "fatContent": "", 
  "fiberContent": "", 
  "image": "http://www.bonappetit.com/wp-content/uploads/2008/11/hot-buttered-cider.jpg", 
  "ingredients": {
    "(3/4 stick) butter": {
      "flour": "Safe", 
      "gluten": "no gluten here!", 
      "quantity": "6", 
      "substitute": "no substitute needed", 
      "unit": "tablespoons"
    }, 
    "(packed) golden brown sugar": {
      "flour": "Safe", 
      "gluten": "no gluten here!", 
      "quantity": "7", 
      "substitute": "no substitute needed", 
      "unit": "tablespoons"
    }, 
    "apple cider or unfiltered apple juice": {
      "flour": "Safe", 
      "gluten": "no gluten here!", 
      "quantity": "12", 
      "substitute": "no substitute needed", 
      "unit": "cups"
    }, 
    "calvados (apple brandy)": {
      "flour": "Safe", 
      "gluten": "no gluten here!", 
      "quantity": "3", 
      "substitute": "no substitute needed", 
      "unit": "cups"
    }, 
    "cinnamon sticks": {
      "flour": "Safe", 
      "gluten": "no gluten here!", 
      "quantity": "12", 
      "substitute": "no substitute needed", 
      "unit": ""
    }, 
    "fresh lemon juice": {
      "flour": "Safe", 
      "gluten": "no gluten here!", 
      "quantity": "3/4", 
      "substitute": "no substitute needed", 
      "unit": "cup"
    }, 
    "whole nutmeg": {
      "flour": "Safe", 
      "gluten": "no gluten here!", 
      "quantity": "", 
      "substitute": "no substitute needed", 
      "unit": ""
    }
  }, 
  "instructions": [
    "Bring Calvados, brown sugar, and butter to simmer in large pot over medium heat, stirring until sugar dissolves and butter melts. Add apple cider, lemon juice, and cinnamon sticks; bring to boil. DO AHEAD Can be made 1 day ahead. Cover and refrigerate. Rewarm before serving.", 
    "Ladle cider mixture into 12 cups. Add 1 cinnamon stick from pot to each. Grate nutmeg over and serve."
  ], 
  "keywords": [
    "Alcoholic", 
    "Apple Cider", 
    "Brandy", 
    "Butter", 
    "Calvados", 
    "Christmas", 
    "Cocktails", 
    "Do Ahead", 
    "Drink (Alcoholic)", 
    "Drinks", 
    "Fall", 
    "Fruit Juice", 
    "Halloween", 
    "Lemon Juice", 
    "New Year'S Day", 
    "New Years Eve", 
    "Winter"
  ], 
  "name": "Hot Buttered Apple Cider", 
  "proteinContent": "", 
  "saturatedFatContent": "", 
  "servings": "Servings: 12", 
  "sodiumContent": "", 
  "sugarContent": "", 
  "url": "http://www.bonappetit.com/recipe/hot-buttered-apple-cider"
}