{
  "calories": "", 
  "carbohydrateContent": "", 
  "cholesterolContent": "", 
  "description": "Customize this recipe by subbing in other nuts and seeds.", 
  "fatContent": "", 
  "fiberContent": "", 
  "image": "http://www.bonappetit.com/wp-content/uploads/2013/09/hazelnut-granola.jpg", 
  "ingredients": {
    "blanched hazelnuts, very coarsely chopped": {
      "flour": "Safe", 
      "gluten": "no gluten here!", 
      "quantity": "1", 
      "substitute": "no substitute needed", 
      "unit": "cup"
    }, 
    "dried fruit and plain whole greek yogurt (for serving)": {
      "flour": "Safe", 
      "gluten": "no gluten here!", 
      "quantity": "", 
      "substitute": "no substitute needed", 
      "unit": ""
    }, 
    "honey": {
      "flour": "Safe", 
      "gluten": "no gluten here!", 
      "quantity": "\u00bc", 
      "substitute": "no substitute needed", 
      "unit": "cup"
    }, 
    "kosher salt": {
      "flour": "Safe", 
      "gluten": "no gluten here!", 
      "quantity": "\u00bd", 
      "substitute": "no substitute needed", 
      "unit": "teaspoon"
    }, 
    "old-fashioned oats": {
      "flour": "Safe", 
      "gluten": "no gluten here!", 
      "quantity": "1", 
      "substitute": "no substitute needed", 
      "unit": "cup"
    }, 
    "raw shelled sunflower seeds": {
      "flour": "Safe", 
      "gluten": "no gluten here!", 
      "quantity": "\u00bd", 
      "substitute": "no substitute needed", 
      "unit": "cup"
    }, 
    "sliced almonds": {
      "flour": "Safe", 
      "gluten": "no gluten here!", 
      "quantity": "\u00bd", 
      "substitute": "no substitute needed", 
      "unit": "cup"
    }, 
    "unsweetened shredded coconut": {
      "flour": "Safe", 
      "gluten": "no gluten here!", 
      "quantity": "\u00bd", 
      "substitute": "no substitute needed", 
      "unit": "cup"
    }, 
    "vegetable oil": {
      "flour": "Safe", 
      "gluten": "no gluten here!", 
      "quantity": "\u00bc", 
      "substitute": "no substitute needed", 
      "unit": "cup"
    }
  }, 
  "instructions": [
    "Preheat oven to 350\u00b0. Toss oats, hazelnuts, almonds, sunflower seeds, coconut, honey, oil, and salt in a large bowl. Spread out on a parchment-lined rimmed baking sheet and bake, tossing occasionally, until crisp and golden brown, 20\u201325 minutes. Let cool. Serve with dried fruit and yogurt.", 
    "DO AHEAD:Granola can be made 1 week ahead. Store airtight at room temperature."
  ], 
  "keywords": [
    "Almond", 
    "Breakfast", 
    "Brunch", 
    "Coconut", 
    "Granola Recipes", 
    "Hazelnut Recipes", 
    "Healthy Recipes", 
    "Honey Recipes", 
    "Oat Recipes", 
    "Snack", 
    "Sunflower Seed Recipes", 
    "Vegetarian Recipes", 
    "wake up and smell the coffee recipes"
  ], 
  "name": "Hazelnut Granola", 
  "proteinContent": "", 
  "saturatedFatContent": "", 
  "servings": "Servings: 8  (Makes 1 quart)", 
  "sodiumContent": "", 
  "sugarContent": "", 
  "url": "http://www.bonappetit.com/recipe/hazelnut-granola"
}