{
  "calories": "", 
  "carbohydrateContent": "", 
  "cholesterolContent": "", 
  "fatContent": "", 
  "fiberContent": "", 
  "image": "http://www.bonappetit.com/wp-content/uploads/2012/06/bacon-deviled-eggs-646.jpg", 
  "ingredients": {
    "dijon mustard": {
      "flour": "Safe", 
      "gluten": "no gluten here!", 
      "quantity": "2", 
      "substitute": "no substitute needed", 
      "unit": "teaspoons"
    }, 
    "heaping tablespoon chopped scallions, plus more scallions, thinly sliced, for garnish": {
      "flour": "Safe", 
      "gluten": "no gluten here!", 
      "quantity": "1", 
      "substitute": "no substitute needed", 
      "unit": ""
    }, 
    "kosher salt and freshly ground black pepper": {
      "flour": "Safe", 
      "gluten": "no gluten here!", 
      "quantity": "", 
      "substitute": "no substitute needed", 
      "unit": ""
    }, 
    "large eggs": {
      "flour": "Safe", 
      "gluten": "no gluten here!", 
      "quantity": "12", 
      "substitute": "no substitute needed", 
      "unit": ""
    }, 
    "mayonnaise": {
      "flour": "Safe", 
      "gluten": "no gluten here!", 
      "quantity": "1/3", 
      "substitute": "no substitute needed", 
      "unit": "cup"
    }, 
    "melted butter (if needed)": {
      "flour": "Safe", 
      "gluten": "no gluten here!", 
      "quantity": "2", 
      "substitute": "no substitute needed", 
      "unit": "tablespoons"
    }, 
    "slices bacon": {
      "flour": "Safe", 
      "gluten": "no gluten here!", 
      "quantity": "3", 
      "substitute": "no substitute needed", 
      "unit": ""
    }
  }, 
  "instructions": [
    "Place eggs in a large saucepan; add water to cover by 1\". Bring to a boil, cover, and remove from heat. Let sit for 10 minutes. Drain. Transfer eggs to a bowl of ice water and let cool completely, about 10 minutes; peel. Halve lengthwise and remove yolks.", 
    "Coarsely chop bacon. Cook in a medium skillet over medium heat until browned and crisp. Transfer bacon to paper towels. Strain drippings through a fine-mesh sieve into a small bowl. Add melted butter if needed to measure 2 Tbsp.", 
    "Finely mash reserved yolks, bacon fat (and/or butter), mayonnaise, mustard, and chopped scallions in a medium bowl; season with kosher salt and freshly ground black pepper.", 
    "Transfer to a large resealable freezer  bag, then cut 1/2\" off 1 corner. Pipe into whites; garnish with thinly sliced scallions and reserved bacon."
  ], 
  "keywords": [
    "Appetizers", 
    "Deviled Egg Recipes", 
    "Egg Recipes", 
    "Little Devils", 
    "Party Food"
  ], 
  "name": "Bacon Deviled Eggs", 
  "proteinContent": "", 
  "saturatedFatContent": "", 
  "servings": "Servings: Makes 24", 
  "sodiumContent": "", 
  "sugarContent": "", 
  "url": "http://www.bonappetit.com/recipe/bacon-deviled-eggs"
}