{
  "calories": "", 
  "carbohydrateContent": "", 
  "cholesterolContent": "", 
  "fatContent": "", 
  "fiberContent": "", 
  "image": "http://www.bonappetit.com/wp-content/uploads/2012/08/grilled-steak-salad-with-tomato-vinaigrette-646.jpg", 
  "ingredients": {
    "1/2-inch-thick slices ciabatta": {
      "flour": "Safe", 
      "gluten": "gluten here!", 
      "quantity": "5", 
      "substitute": "gluten-free bread", 
      "unit": ""
    }, 
    "fresh basil leaves, torn into 1/2-inch strips": {
      "flour": "Safe", 
      "gluten": "no gluten here!", 
      "quantity": "3/4", 
      "substitute": "no substitute needed", 
      "unit": "cup"
    }, 
    "freshly ground black pepper": {
      "flour": "Safe", 
      "gluten": "no gluten here!", 
      "quantity": "", 
      "substitute": "no substitute needed", 
      "unit": ""
    }, 
    "hanger, skirt, or flank steak": {
      "flour": "Safe", 
      "gluten": "no gluten here!", 
      "quantity": "1", 
      "substitute": "no substitute needed", 
      "unit": "pound"
    }, 
    "kosher salt plus more t": {
      "flour": "Safe", 
      "gluten": "no gluten here!", 
      "quantity": "1", 
      "substitute": "no substitute needed", 
      "unit": "teaspoon"
    }, 
    "medium tomato (about 6 ounces), halved": {
      "flour": "Safe", 
      "gluten": "no gluten here!", 
      "quantity": "1", 
      "substitute": "no substitute needed", 
      "unit": ""
    }, 
    "minced shallot": {
      "flour": "Safe", 
      "gluten": "no gluten here!", 
      "quantity": "1", 
      "substitute": "no substitute needed", 
      "unit": "tablespoon"
    }, 
    "mixed summer lettuces (such as mizuna, baby mustard greens, and tatsoi) t": {
      "flour": "Safe", 
      "gluten": "no gluten here!", 
      "quantity": "8", 
      "substitute": "no substitute needed", 
      "unit": "cups"
    }, 
    "plus 5 tsp. olive oil, divided": {
      "flour": "Safe", 
      "gluten": "no gluten here!", 
      "quantity": "1/4", 
      "substitute": "no substitute needed", 
      "unit": "cup"
    }, 
    "red wine vinegar": {
      "flour": "Safe", 
      "gluten": "no gluten here!", 
      "quantity": "1", 
      "substitute": "no substitute needed", 
      "unit": "teaspoon"
    }, 
    "spring onions or 6 scallions, bulbs halved, dark-green parts discarded": {
      "flour": "Safe", 
      "gluten": "no gluten here!", 
      "quantity": "4", 
      "substitute": "no substitute needed", 
      "unit": ""
    }
  }, 
  "instructions": [
    "Season steak with 1 tsp. salt and pepper; set aside. Grate cut sides of tomato on coarse holes of a box grater into a medium bowl down to the skin; discard skin. Add shallot and vinegar; whisk in 1/4 cup oil. Season to taste with salt and pepper. Set aside. DO AHEAD: Tomato vinaigrette can  be made 1 day ahead.", 
    "Build a medium-hot fire in a charcoal grill, or heat a gas grill to high. Toss spring onions in a medium bowl with 1 tsp. oil and season with salt and pepper. Grill onions until just tender, 2\u20133 minutes per side. Transfer  to a cutting board and cut into 2-inch pieces.", 
    "Grill steak until seared and cooked to desired doneness, 3\u20135 minutes per side for medium-rare, depending on steak's thickness. Transfer to a cutting board.  Let rest, about 10 minutes.", 
    "Meanwhile, make croutons: Brush both sides of bread slices with remaining 4 tsp. oil and season with salt and pepper. Grill bread until dark golden brown and nicely charred in spots, about 2 minutes per side. Set toast aside until cool enough to handle, then break toast into roughly 1-inch pieces.", 
    "Thinly slice steak against the grain. Toss lettuces, basil, spring onions, croutons, and some of the vinaigrette in a large bowl. Season to taste with salt and pepper.  Add steak and toss gently to coat. Serve with remaining vinaigrette alongside."
  ], 
  "keywords": [
    "Basil Recipes", 
    "Cornmeal Recipes", 
    "Entrees", 
    "Fast Easy Fresh", 
    "Fourth Of July", 
    "Low Cholesterol Recipes", 
    "Low Saturated Fat Recipes", 
    "Polenta Recipes", 
    "Quick Recipes", 
    "Sauce Recipes", 
    "Tomato Recipes", 
    "Vegetarian Recipes"
  ], 
  "name": "Grilled Steak Salad with Tomato Vinaigrette", 
  "proteinContent": "", 
  "saturatedFatContent": "", 
  "servings": "Servings: 4\u20136", 
  "sodiumContent": "", 
  "sugarContent": "", 
  "url": "http://www.bonappetit.com/recipe/grilled-steak-salad-with-tomato-vinaigrette"
}