{
  "calories": "Calories (kcal) 340", 
  "carbohydrateContent": "Carbohydrates (g) 17", 
  "cholesterolContent": "Cholesterol (mg) 100", 
  "description": "Use any variety of nutrient-rich kale in this dish.", 
  "fatContent": "Fat (g) 13", 
  "fiberContent": "Dietary Fiber (g) 3", 
  "image": "http://www.bonappetit.com/wp-content/uploads/2013/08/googles-braised-chicken-and-kale-940.jpg", 
  "ingredients": {
    "chicken legs, drumsticks  and thighs separated": {
      "flour": "Safe", 
      "gluten": "no gluten here!", 
      "quantity": "4", 
      "substitute": "no substitute needed", 
      "unit": ""
    }, 
    "dry white wine": {
      "flour": "Safe", 
      "gluten": "no gluten here!", 
      "quantity": "1", 
      "substitute": "no substitute needed", 
      "unit": "cup"
    }, 
    "garlic cloves, sliced": {
      "flour": "Safe", 
      "gluten": "no gluten here!", 
      "quantity": "6", 
      "substitute": "no substitute needed", 
      "unit": "cloves"
    }, 
    "kosher salt and freshly ground black  pepper": {
      "flour": "Safe", 
      "gluten": "no gluten here!", 
      "quantity": "", 
      "substitute": "no substitute needed", 
      "unit": ""
    }, 
    "large bunch kale, center ribs and stems removed, leaves cut into 1&rdquo; strips": {
      "flour": "Safe", 
      "gluten": "no gluten here!", 
      "quantity": "1", 
      "substitute": "no substitute needed", 
      "unit": "bunch"
    }, 
    "lemon wedges": {
      "flour": "Safe", 
      "gluten": "no gluten here!", 
      "quantity": "", 
      "substitute": "no substitute needed", 
      "unit": ""
    }, 
    "low-sodium chicken broth": {
      "flour": "Safe", 
      "gluten": "no gluten here!", 
      "quantity": "2", 
      "substitute": "no substitute needed", 
      "unit": "cups"
    }, 
    "medium onion, sliced": {
      "flour": "Safe", 
      "gluten": "no gluten here!", 
      "quantity": "1", 
      "substitute": "no substitute needed", 
      "unit": ""
    }, 
    "olive oil": {
      "flour": "Safe", 
      "gluten": "no gluten here!", 
      "quantity": "1", 
      "substitute": "no substitute needed", 
      "unit": "teaspoon"
    }, 
    "paprika": {
      "flour": "Safe", 
      "gluten": "no gluten here!", 
      "quantity": "1", 
      "substitute": "no substitute needed", 
      "unit": "tablespoon"
    }, 
    "sprigs rosemary": {
      "flour": "Safe", 
      "gluten": "no gluten here!", 
      "quantity": "2", 
      "substitute": "no substitute needed", 
      "unit": ""
    }, 
    "sprigs thyme": {
      "flour": "Safe", 
      "gluten": "no gluten here!", 
      "quantity": "2", 
      "substitute": "no substitute needed", 
      "unit": ""
    }
  }, 
  "instructions": [
    "Sprinkle chicken with paprika; season with salt and pepper. Heat oil in a large pot over medium heat. Add chicken skin side down and cook, turning occasionally, until brown on all sides, 8\u201310 minutes; transfer to a plate.", 
    "Add onion and garlic to pot and cook, stirring often, until softened, 8\u201310 minutes. Return chicken to pot; add broth, wine, and herbs. Bring to a boil; cover. Reduce heat; simmer until chicken is cooked through, 30\u201340 minutes.", 
    "Add kale to pot. Cover; cook until wilted, about 5 minutes. Discard herbs. Serve chicken and kale with lemon wedges."
  ], 
  "keywords": [
    "Chicken Recipes", 
    "Good Health", 
    "Healthy Recipes", 
    "High Fiber", 
    "Kale Recipes", 
    "Lemon Recipes", 
    "Low-Calorie Recipes", 
    "Paprika Recipes", 
    "Rosemary Recipes", 
    "Thyme Recipes", 
    "White Wine Recipes"
  ], 
  "name": "Google's Braised Chicken and Kale", 
  "proteinContent": "Protein (g) 28", 
  "saturatedFatContent": "Saturated Fat (g) 3.5", 
  "servings": "Servings: 4", 
  "sodiumContent": "Sodium (mg) 560", 
  "sugarContent": "Total Sugars (g) 2", 
  "url": "http://www.bonappetit.com/recipe/googles-braised-chicken-and-kale"
}