{
  "calories": "Calories (kcal) 910", 
  "carbohydrateContent": "Carbohydrates (g) 136", 
  "cholesterolContent": "Cholesterol (mg) 175", 
  "description": "These rice noodles come together faster than your favorite Thai place can deliver, guaranteed. They're equally good with tofu, beef, or shrimp in place of the chicken.", 
  "fatContent": "Fat (g) 20", 
  "fiberContent": "Dietary Fiber (g) 6", 
  "image": "http://www.bonappetit.com/wp-content/uploads/2013/08/hot-pepper-noodles.jpg", 
  "ingredients": {
    "8-ounce skinless, boneless chicken breast, cut into 3/4-inch pieces": {
      "flour": "Safe", 
      "gluten": "no gluten here!", 
      "quantity": "1", 
      "substitute": "no substitute needed", 
      "unit": ""
    }, 
    "cup cherry tomatoes, halved": {
      "flour": "Safe", 
      "gluten": "no gluten here!", 
      "quantity": "1/2", 
      "substitute": "no substitute needed", 
      "unit": ""
    }, 
    "cup fresh basil leaves, preferably thai": {
      "flour": "Safe", 
      "gluten": "no gluten here!", 
      "quantity": "1/2", 
      "substitute": "no substitute needed", 
      "unit": ""
    }, 
    "garlic clove, finely chopped": {
      "flour": "Safe", 
      "gluten": "no gluten here!", 
      "quantity": "1", 
      "substitute": "no substitute needed", 
      "unit": ""
    }, 
    "large egg, beaten to blend": {
      "flour": "Safe", 
      "gluten": "no gluten here!", 
      "quantity": "1", 
      "substitute": "no substitute needed", 
      "unit": ""
    }, 
    "ounces dried wide rice noodles": {
      "flour": "Safe", 
      "gluten": "no gluten here!", 
      "quantity": "10", 
      "substitute": "no substitute needed", 
      "unit": ""
    }, 
    "red bell pepper, cut into 1-inch pieces": {
      "flour": "Safe", 
      "gluten": "no gluten here!", 
      "quantity": "1", 
      "substitute": "no substitute needed", 
      "unit": ""
    }, 
    "small onion, cut into 1-inch pieces": {
      "flour": "Safe", 
      "gluten": "no gluten here!", 
      "quantity": "1", 
      "substitute": "no substitute needed", 
      "unit": ""
    }, 
    "tablespoon asian chili-garlic sauce": {
      "flour": "Safe", 
      "gluten": "no gluten here!", 
      "quantity": "1", 
      "substitute": "no substitute needed", 
      "unit": ""
    }, 
    "tablespoon reduced-sodium soy sauce": {
      "flour": "Safe", 
      "gluten": "gluten here!", 
      "quantity": "1", 
      "substitute": "gluten-free tamari", 
      "unit": ""
    }, 
    "tablespoons oyster sauce": {
      "flour": "Safe", 
      "gluten": "no gluten here!", 
      "quantity": "2", 
      "substitute": "no substitute needed", 
      "unit": ""
    }, 
    "tablespoons vegetable oil": {
      "flour": "Safe", 
      "gluten": "no gluten here!", 
      "quantity": "2", 
      "substitute": "no substitute needed", 
      "unit": ""
    }, 
    "teaspoon sugar": {
      "flour": "Safe", 
      "gluten": "no gluten here!", 
      "quantity": "1/2", 
      "substitute": "no substitute needed", 
      "unit": ""
    }
  }, 
  "instructions": [
    "Chili-garlic sauce is available at Asian markets and in the Asian foods section of some supermarkets.", 
    "Stir oyster sauce, chili-garlic sauce, soy sauce, and sugar in a small bowl to com-bine; set sauce aside.", 
    "Cook noodles according to package directions. Drain, run under cold water to cool, and set aside.", 
    "Heat oil in a large wok or skillet over medium-high heat; add garlic and cook, stirring often, until golden brown, about 1 minute. Add chicken and cook, tossing often, until cooked through, 3-4 minutes.", 
    "Add pepper, onion, tomatoes, and 2 tablespoons reserved sauce to pan and toss to combine. Add noodles, egg, and remaining 2 tablespoons sauce and toss to combine. Add basil leaves and cook, tossing constantly, until noodles and vegetables are completely coated with sauce and heated through, about 2 minutes more."
  ], 
  "keywords": [
    "Asian Food", 
    "Basil Recipes", 
    "Bell Pepper Recipes", 
    "Chicken Recipes", 
    "Chili", 
    "Chinese Food", 
    "Comfort Food", 
    "Dinner", 
    "High Fiber", 
    "Hot Pepper Recipes", 
    "Noodle Recipes", 
    "Oyster Sauce Recipes", 
    "Rice Noodles", 
    "Rsvp", 
    "Soy Sauce Recipes", 
    "Thai Food", 
    "Tomato Recipes"
  ], 
  "name": "Hot Pepper Noodles", 
  "proteinContent": "Protein (g) 42", 
  "saturatedFatContent": "Saturated Fat (g) 3", 
  "servings": "Servings: 2", 
  "sodiumContent": "Sodium (mg) 1380", 
  "sugarContent": "Total Sugars (g) 15", 
  "url": "http://www.bonappetit.com/recipe/hot-pepper-noodles"
}