{
  "calories": "Calories (kcal) 284.77", 
  "carbohydrateContent": "Carbohydrates (g) 24.75t", 
  "cholesterolContent": "t Cholesterol (mg) 0t", 
  "fatContent": "t % Calorie from Fat    62.5", 
  "fiberContent": "Dietary Fiber (g) 6.09t", 
  "image": "http://www.bonappetit.com/wp-content/uploads/2011/11/frisee-and-apple-salad-with-dried-cherries-and-walnuts.jpg", 
  "ingredients": {
    "(generous) dried tart cherries (one 3-ounce package)": {
      "flour": "Safe", 
      "gluten": "no gluten here!", 
      "quantity": "1/2", 
      "substitute": "no substitute needed", 
      "unit": "cup"
    }, 
    "apple cider vinegar": {
      "flour": "Safe", 
      "gluten": "no gluten here!", 
      "quantity": "2", 
      "substitute": "no substitute needed", 
      "unit": "tablespoons"
    }, 
    "coarsely chopped toasted walnuts": {
      "flour": "Safe", 
      "gluten": "no gluten here!", 
      "quantity": "1/2", 
      "substitute": "no substitute needed", 
      "unit": "cup"
    }, 
    "honey": {
      "flour": "Safe", 
      "gluten": "no gluten here!", 
      "quantity": "1", 
      "substitute": "no substitute needed", 
      "unit": "tablespoon"
    }, 
    "large head of fris\u00e9e, torn into bite-size pieces (about 6 cups)": {
      "flour": "Safe", 
      "gluten": "no gluten here!", 
      "quantity": "1", 
      "substitute": "no substitute needed", 
      "unit": ""
    }, 
    "medium gala apple, cored, thinly sliced": {
      "flour": "Safe", 
      "gluten": "no gluten here!", 
      "quantity": "1", 
      "substitute": "no substitute needed", 
      "unit": ""
    }, 
    "minced shallot": {
      "flour": "Safe", 
      "gluten": "no gluten here!", 
      "quantity": "2", 
      "substitute": "no substitute needed", 
      "unit": "tablespoons"
    }, 
    "olive oil": {
      "flour": "Safe", 
      "gluten": "no gluten here!", 
      "quantity": "3", 
      "substitute": "no substitute needed", 
      "unit": "tablespoons"
    }
  }, 
  "instructions": [
    "Whisk first 4 ingredients in small bowl to blend. Season dressing to taste with salt and pepper. Stir in dried cherries. Toss fris\u00e9e and apple slices in large bowl. Add cherry dressing and toss to coat. Divide among 4 plates; sprinkle with walnuts and freshly ground black pepper and serve.", 
    "The recipe says to season to taste, but how do you know when you've added enough salt and pepper? It's easy: Just dip a small piece of lettuce (in this case, fris\u00e9e) into the dressing and try it out."
  ], 
  "keywords": [
    "Appetizers", 
    "Apple", 
    "Apples", 
    "Autumn", 
    "Brunch", 
    "Cherry", 
    "Dinner", 
    "Dinner Party", 
    "Dried Cherries", 
    "Dried Fruit", 
    "Easy Recipes", 
    "Fall", 
    "Fast", 
    "Fast Easy Fresh", 
    "First Course", 
    "Frisee", 
    "Fruit", 
    "Healthy", 
    "Honey", 
    "Leafy Green", 
    "Lunch", 
    "No-Cook", 
    "Nut", 
    "Nuts", 
    "Quick", 
    "Quick &amp; Easy", 
    "Salad", 
    "Side", 
    "Walnut", 
    "Walnuts", 
    "Weeknight", 
    "Winter"
  ], 
  "name": "Fris\u00e9e and Apple Salad with Dried Cherries and Walnuts", 
  "proteinContent": "t Protein (g) 4.51t", 
  "saturatedFatContent": "Saturated Fat (g) 2.01", 
  "servings": "Servings: 4", 
  "sodiumContent": "", 
  "sugarContent": "Total Sugars (g) 14.37t", 
  "url": "http://www.bonappetit.com/recipe/fris-e-and-apple-salad-with-dried-cherries-and-walnuts"
}