{
  "calories": "", 
  "carbohydrateContent": "", 
  "cholesterolContent": "", 
  "description": "Browning the farro imbues it with a nutty flavor\u2014a step you can add any time you prepare the grain.", 
  "fatContent": "", 
  "fiberContent": "", 
  "image": "http://www.bonappetit.com/wp-content/uploads/2013/08/fried-farro-with-pickled-carrots-and-runny-eggs.jpg", 
  "ingredients": {
    "bunch tuscan kale, center ribs and stems removed, torn into 1&rdquo; pieces": {
      "flour": "Safe", 
      "gluten": "no gluten here!", 
      "quantity": "\u00bd", 
      "substitute": "no substitute needed", 
      "unit": ""
    }, 
    "crushed red pepper flakes": {
      "flour": "Safe", 
      "gluten": "no gluten here!", 
      "quantity": "", 
      "substitute": "no substitute needed", 
      "unit": ""
    }, 
    "cup fresh flat-leaf parsley leaves": {
      "flour": "Safe", 
      "gluten": "no gluten here!", 
      "quantity": "\u00bd", 
      "substitute": "no substitute needed", 
      "unit": ""
    }, 
    "cup white wine vinegar": {
      "flour": "Safe", 
      "gluten": "no gluten here!", 
      "quantity": "\u00bd", 
      "substitute": "no substitute needed", 
      "unit": ""
    }, 
    "cups semi-pearled farro": {
      "flour": "Safe", 
      "gluten": "gluten here!", 
      "quantity": "1\u00bd", 
      "substitute": "quinoa", 
      "unit": ""
    }, 
    "freshly ground black pepper": {
      "flour": "Safe", 
      "gluten": "no gluten here!", 
      "quantity": "", 
      "substitute": "no substitute needed", 
      "unit": ""
    }, 
    "garlic cloves, chopped, divided": {
      "flour": "Safe", 
      "gluten": "no gluten here!", 
      "quantity": "2", 
      "substitute": "no substitute needed", 
      "unit": ""
    }, 
    "large eggs or 1 duck egg": {
      "flour": "Safe", 
      "gluten": "no gluten here!", 
      "quantity": "2", 
      "substitute": "no substitute needed", 
      "unit": ""
    }, 
    "medium carrots, peeled, chopped": {
      "flour": "Safe", 
      "gluten": "no gluten here!", 
      "quantity": "2", 
      "substitute": "no substitute needed", 
      "unit": ""
    }, 
    "oz. maitake mushrooms, torn into 1&rdquo; pieces": {
      "flour": "Safe", 
      "gluten": "no gluten here!", 
      "quantity": "6", 
      "substitute": "no substitute needed", 
      "unit": ""
    }, 
    "red chile (such as jalape\u00f1o or fresno), seeded, coarsely chopped": {
      "flour": "Safe", 
      "gluten": "no gluten here!", 
      "quantity": "1", 
      "substitute": "no substitute needed", 
      "unit": ""
    }, 
    "scallions, thinly sliced": {
      "flour": "Safe", 
      "gluten": "no gluten here!", 
      "quantity": "2", 
      "substitute": "no substitute needed", 
      "unit": ""
    }, 
    "tbsp. colatura (anchovy sauce) or fish sauce (nam pla or nuoc nam)": {
      "flour": "Safe", 
      "gluten": "no gluten here!", 
      "quantity": "1", 
      "substitute": "no substitute needed", 
      "unit": ""
    }, 
    "tbsp. olive oil, divided": {
      "flour": "Safe", 
      "gluten": "no gluten here!", 
      "quantity": "5", 
      "substitute": "no substitute needed", 
      "unit": ""
    }, 
    "tsp. kosher salt plus more": {
      "flour": "Safe", 
      "gluten": "no gluten here!", 
      "quantity": "1", 
      "substitute": "no substitute needed", 
      "unit": ""
    }, 
    "tsp. sugar": {
      "flour": "Safe", 
      "gluten": "no gluten here!", 
      "quantity": "1", 
      "substitute": "no substitute needed", 
      "unit": ""
    }
  }, 
  "instructions": [
    "Place carrots and chile in a small heatproof bowl. Bring vinegar, sugar, 1 tsp. salt, and \u00bd cup water to a boil in a small saucepan, stirring to dissolve sugar and salt. Pour over carrots and chiles; let sit at least 30 minutes. Drain, reserving \u00bc cup pickling liquid.", 
    "Meanwhile, heat 1 Tbsp. oil in a medium saucepan over medium-high heat. Add farro and half of garlic and cook, stirring constantly, until farro is dark brown, 8\u201310 minutes. Add 6 cups water and bring to a boil. Boil farro until tender but still firm to the bite, 25\u201330 minutes. Drain; let cool.", 
    "Heat 1 Tbsp. oil in a large skillet over medium-high heat. Add mushrooms and cook, tossing often, until soft and just starting to brown, 5\u20137 minutes. Using a slotted spoon, transfer to a plate. Add 2 Tbsp. oil, then kale and remaining garlic to skillet. Cook, tossing often, until kale is wilted, about 4 minutes. Add colatura, farro, mushrooms, and pickled carrots. Cook, tossing often, until warmed through, 5\u20137 minutes; season with salt and pepper and reserved pickling liquid. Mix in parsley; divide among bowls.", 
    "Heat remaining 1 Tbsp. oil in a small nonstick skillet over medium-high heat. Crack eggs into skillet and fry until egg whites are set but yolks are still soft and runny, about 3 minutes (slightly longer for duck egg). Top farro with eggs and scallions; season with red pepper flakes. Just before serving, break up eggs and mix into farro.", 
    "DO AHEAD:Carrots can be pickled 2 weeks ahead; cover and chill."
  ], 
  "keywords": [
    "Ava Gene's", 
    "Carrot Recipes", 
    "Chile", 
    "Egg Recipes", 
    "Farro Recipes", 
    "Fish Sauce", 
    "High Fiber", 
    "hot 10 recipes 2013", 
    "Kale Recipes", 
    "Low Saturated Fat Recipes", 
    "Mushroom Recipes", 
    "Pickle Recipes", 
    "Scallion Recipes", 
    "Side", 
    "Sides", 
    "Vegetarian Recipes"
  ], 
  "name": "Fried Farro with Pickled Carrots and Runny Eggs", 
  "proteinContent": "", 
  "saturatedFatContent": "", 
  "servings": "Servings: 6", 
  "sodiumContent": "", 
  "sugarContent": "", 
  "url": "http://www.bonappetit.com/recipe/fried-farro-with-pickled-carrots-and-runny-eggs"
}