{
  "calories": "", 
  "carbohydrateContent": "", 
  "cholesterolContent": "", 
  "fatContent": "", 
  "fiberContent": "", 
  "image": "http://www.bonappetit.com/wp-content/uploads/2012/12/glazed-hakurei-turnips-646.jpg", 
  "ingredients": {
    "(1/2 stick) unsalted butter": {
      "flour": "Safe", 
      "gluten": "no gluten here!", 
      "quantity": "1/4", 
      "substitute": "no substitute needed", 
      "unit": "cup"
    }, 
    "bunches baby hakurei turnips, baby turnips, or red radishes (about 2 pounds), trimmed, greens reserved": {
      "flour": "Safe", 
      "gluten": "no gluten here!", 
      "quantity": "3", 
      "substitute": "no substitute needed", 
      "unit": ""
    }, 
    "kosher salt": {
      "flour": "Safe", 
      "gluten": "no gluten here!", 
      "quantity": "", 
      "substitute": "no substitute needed", 
      "unit": ""
    }, 
    "sugar": {
      "flour": "Safe", 
      "gluten": "no gluten here!", 
      "quantity": "3", 
      "substitute": "no substitute needed", 
      "unit": "tablespoons"
    }
  }, 
  "instructions": [
    "Place turnips in a large skillet; add water to cover turnips halfway. Add butter, sugar, and a large pinch of salt; bring to a boil. Cook, stirring occasionally, until liquid is syrupy and turnips are tender, about 15 minutes. (If turnips are tender before liquid has reduced, use a slotted spoon to transfer turnips to a plate and reduce liquid until syrupy. Return turnips to pan and stir to coat well.) DO AHEAD: Can be made 4 hours ahead. Let stand at room temperature. Rewarm before continuing.", 
    "Add turnip greens to skillet and cook over medium heat, stirring occasionally, until just wilted, 2\u20133 minutes. Season with salt."
  ], 
  "keywords": [
    "Dinner", 
    "Feast From The East", 
    "Feast From The East Recipes", 
    "Gluten Free Feast From The East", 
    "Sides", 
    "Thanksgiving", 
    "Vegetable Recipes"
  ], 
  "name": "Glazed Hakurei Turnips", 
  "proteinContent": "", 
  "saturatedFatContent": "", 
  "servings": "Servings: 10", 
  "sodiumContent": "", 
  "sugarContent": "", 
  "url": "http://www.bonappetit.com/recipe/glazed-hakurei-turnips"
}