{
  "calories": "", 
  "carbohydrateContent": "", 
  "cholesterolContent": "", 
  "description": "If paella escaped from Spain, sailed to China, and did some soul-searching along the way, you\u2019d have  the namesake dish at Chicago\u2019s Fat Rice. The generous pot of aromatic rice, curry-scented chicken, and (much) more can be traced back to Macau, the former Portuguese colony in China, where it\u2019s almost always served at home. Chefs Abraham Conlon and Adrienne Lo took inspiration from foreign-language cookbooks; their version is a blend of Portuguese and Chinese cooking that Conlon calls \u201cthe original fusion.\u201d", 
  "fatContent": "", 
  "fiberContent": "", 
  "image": "http://www.bonappetit.com/wp-content/uploads/2013/08/fat-rice.jpg", 
  "ingredients": {
    "cup dry white wine": {
      "flour": "Safe", 
      "gluten": "no gluten here!", 
      "quantity": "\u00bd", 
      "substitute": "no substitute needed", 
      "unit": ""
    }, 
    "cup golden raisins": {
      "flour": "Safe", 
      "gluten": "no gluten here!", 
      "quantity": "\u00bd", 
      "substitute": "no substitute needed", 
      "unit": ""
    }, 
    "cups jasmine rice, rinsed": {
      "flour": "Safe", 
      "gluten": "no gluten here!", 
      "quantity": "2", 
      "substitute": "no substitute needed", 
      "unit": ""
    }, 
    "cups low-sodium chicken broth": {
      "flour": "Safe", 
      "gluten": "no gluten here!", 
      "quantity": "3\u00bd", 
      "substitute": "no substitute needed", 
      "unit": ""
    }, 
    "freshly ground black pepper": {
      "flour": "Safe", 
      "gluten": "no gluten here!", 
      "quantity": "", 
      "substitute": "no substitute needed", 
      "unit": ""
    }, 
    "garlic cloves, finely chopped": {
      "flour": "Safe", 
      "gluten": "no gluten here!", 
      "quantity": "2", 
      "substitute": "no substitute needed", 
      "unit": ""
    }, 
    "halved hard-boiled eggs, oil-cured black olives, green spanish olives, pickled chiles (such as serrano or jalape\u00f1o), pickled sweet peppers (such as peppadew or cherry), and thinly sliced scallions (for serving)": {
      "flour": "Safe", 
      "gluten": "no gluten here!", 
      "quantity": "", 
      "substitute": "no substitute needed", 
      "unit": ""
    }, 
    "kosher salt": {
      "flour": "Safe", 
      "gluten": "no gluten here!", 
      "quantity": "", 
      "substitute": "no substitute needed", 
      "unit": ""
    }, 
    "kosher salt and freshly ground black pepper": {
      "flour": "Safe", 
      "gluten": "no gluten here!", 
      "quantity": "", 
      "substitute": "no substitute needed", 
      "unit": ""
    }, 
    "large head-on prawns": {
      "flour": "Safe", 
      "gluten": "no gluten here!", 
      "quantity": "6", 
      "substitute": "no substitute needed", 
      "unit": ""
    }, 
    "large onion, thinly sliced": {
      "flour": "Safe", 
      "gluten": "no gluten here!", 
      "quantity": "1", 
      "substitute": "no substitute needed", 
      "unit": ""
    }, 
    "lb. manila clams, scrubbed": {
      "flour": "Safe", 
      "gluten": "no gluten here!", 
      "quantity": "1", 
      "substitute": "no substitute needed", 
      "unit": ""
    }, 
    "lemons, quartered, seeds removed": {
      "flour": "Safe", 
      "gluten": "no gluten here!", 
      "quantity": "2", 
      "substitute": "no substitute needed", 
      "unit": ""
    }, 
    "oz. chinese sausage or andouille sausage, thinly sliced": {
      "flour": "Safe", 
      "gluten": "no gluten here!", 
      "quantity": "4", 
      "substitute": "no substitute needed", 
      "unit": ""
    }, 
    "oz. cured spanish chorizo, thinly sliced": {
      "flour": "Safe", 
      "gluten": "no gluten here!", 
      "quantity": "2", 
      "substitute": "no substitute needed", 
      "unit": ""
    }, 
    "red bell peppers, thinly sliced": {
      "flour": "Safe", 
      "gluten": "no gluten here!", 
      "quantity": "2", 
      "substitute": "no substitute needed", 
      "unit": ""
    }, 
    "skin-on, bone-in chicken thighs (about 3 lb.)": {
      "flour": "Safe", 
      "gluten": "no gluten here!", 
      "quantity": "6", 
      "substitute": "no substitute needed", 
      "unit": ""
    }, 
    "tbsp. fermented black beans (optional)": {
      "flour": "Safe", 
      "gluten": "no gluten here!", 
      "quantity": "1", 
      "substitute": "no substitute needed", 
      "unit": ""
    }, 
    "tbsp. finely chopped fresh cilantro stems": {
      "flour": "Safe", 
      "gluten": "no gluten here!", 
      "quantity": "1", 
      "substitute": "no substitute needed", 
      "unit": ""
    }, 
    "tbsp. finely chopped pickled chiles (such as serrano or jalape\u00f1o)": {
      "flour": "Safe", 
      "gluten": "no gluten here!", 
      "quantity": "1", 
      "substitute": "no substitute needed", 
      "unit": ""
    }, 
    "tbsp. fresh lemon juice": {
      "flour": "Safe", 
      "gluten": "no gluten here!", 
      "quantity": "2", 
      "substitute": "no substitute needed", 
      "unit": ""
    }, 
    "tbsp. gochugaru (coarse korean red pepper powder)": {
      "flour": "Safe", 
      "gluten": "no gluten here!", 
      "quantity": "2", 
      "substitute": "no substitute needed", 
      "unit": ""
    }, 
    "tbsp. olive oil": {
      "flour": "Safe", 
      "gluten": "no gluten here!", 
      "quantity": "2", 
      "substitute": "no substitute needed", 
      "unit": ""
    }, 
    "tbsp. olive oil, divided": {
      "flour": "Safe", 
      "gluten": "no gluten here!", 
      "quantity": "4", 
      "substitute": "no substitute needed", 
      "unit": ""
    }, 
    "tbsp. sherry vinegar or red wine vinegar": {
      "flour": "Safe", 
      "gluten": "no gluten here!", 
      "quantity": "2", 
      "substitute": "no substitute needed", 
      "unit": ""
    }, 
    "tbsp. smoked paprika": {
      "flour": "Safe", 
      "gluten": "no gluten here!", 
      "quantity": "1", 
      "substitute": "no substitute needed", 
      "unit": ""
    }, 
    "tbsp. tomato paste": {
      "flour": "Safe", 
      "gluten": "no gluten here!", 
      "quantity": "1", 
      "substitute": "no substitute needed", 
      "unit": ""
    }, 
    "tsp. (or more) sherry vinegar or red wine vinegar": {
      "flour": "Safe", 
      "gluten": "no gluten here!", 
      "quantity": "1", 
      "substitute": "no substitute needed", 
      "unit": ""
    }, 
    "tsp. cayenne pepper": {
      "flour": "Safe", 
      "gluten": "no gluten here!", 
      "quantity": "\u00bd", 
      "substitute": "no substitute needed", 
      "unit": ""
    }, 
    "tsp. curry powder": {
      "flour": "Safe", 
      "gluten": "no gluten here!", 
      "quantity": "2", 
      "substitute": "no substitute needed", 
      "unit": ""
    }, 
    "tsp. ground turmeric": {
      "flour": "Safe", 
      "gluten": "no gluten here!", 
      "quantity": "2", 
      "substitute": "no substitute needed", 
      "unit": ""
    }, 
    "tsp. kosher salt": {
      "flour": "Safe", 
      "gluten": "no gluten here!", 
      "quantity": "\u00bd", 
      "substitute": "no substitute needed", 
      "unit": ""
    }, 
    "tsp. smoked paprika": {
      "flour": "Safe", 
      "gluten": "no gluten here!", 
      "quantity": "\u00bd", 
      "substitute": "no substitute needed", 
      "unit": ""
    }
  }, 
  "instructions": [
    "Gochugaru and fermented black beans can be found at Asian markets.", 
    "Whisk garlic, lemon juice, paprika, curry powder, and turmeric in a medium bowl; add chicken and toss to coat. Cover and chill at least 6 hours.", 
    "DO AHEAD:Chicken can be marinated 1 day ahead. Keep chilled.", 
    "Bring raisins, vinegar, and 2 Tbsp. water to a boil in a small saucepan, reduce heat, and simmer, stirring occasionally, until liquid evaporates, 8\u201310 minutes.", 
    "Raisins can be prepared 3 days ahead. Let cool, then cover and chill.", 
    "Heat oil in a large skillet over medium heat. Add bell peppers and onion; season with salt. Cook, stirring often, until softened, 8\u201310 minutes. Reduce heat to low and cook, stirring occasionally, until vegetables are caramelized, 45\u201360 minutes.", 
    "Add garlic and tomato paste to skillet and continue to cook, stirring occasionally, until tomato paste begins to darken, 10\u201315 minutes longer. Mix in vinegar and paprika; season with salt and pepper.", 
    "DO AHEAD:Soffritto can be made 3 days ahead. Let cool, then cover and chill.", 
    "Remove chicken from marinade; season with salt and pepper. Heat 2 Tbsp. oil in a heavy 5\u20136-qt. pot with a lid over medium-high heat. Cook chicken, skin side down, until skin is brown and crisp, 10\u201312 minutes; transfer to a plate. (You can remove bones at this point, if desired.)", 
    "Reduce heat to medium. Add chorizo to pot and cook, stirring often, until crisp, about 2 minutes; transfer to a small bowl.", 
    "Add soffritto to pot and cook, stirring constantly, until sizzling, about 1 minute. Add broth, scraping up any browned bits; season with salt (salting liquid adequately here is important for flavorful rice). Add rice, sausage, chorizo, and raisins. Stir and bring to a boil. Reduce heat, arrange chicken on top, cover pot, and simmer gently, until rice is tender, 20\u201325 minutes. Uncover; increase heat to medium-high. Drizzle remaining 2 Tbsp. oil around edges of pot and cook, undisturbed, until underside of rice is crunchy, about 5 minutes longer.", 
    "While rice is cooking, mix garlic, fermented beans, if using, cilantro stems, and chiles in a small bowl. Peel prawns, leaving heads and tails on. Devein, stuff cut side with garlic mixture, and set aside.", 
    "Combine clams and wine in a large skillet, cover, and cook over high heat, stirring often, until clams open (discard any that do not open), about 5 minutes. Using a slotted spoon, transfer clams to a large bowl.", 
    "Reduce heat to medium-low. Lightly season prawns with salt and cook in same skillet until opaque in the centers, about 2 minutes per side. Transfer prawns to bowl with clams; pour pan juices into a small bowl.", 
    "DO AHEAD:Prawns can be stuffed 1 hour ahead. Cover and chill.", 
    "Mix gochugaru, cayenne, and salt in a small bowl. Dip cut sides of lemon wedges into seasoning mix.", 
    "Top rice with prawns and clams and drizzle with reserved pan juices. Top with lemon wedges, eggs, olives, pickled chiles and peppers, and scallions."
  ], 
  "keywords": [
    "Bell Pepper Recipes", 
    "Black Beans", 
    "Chicken Recipes", 
    "Chinese Food", 
    "Cilantro", 
    "Clams", 
    "Curry Recipes", 
    "Dinner", 
    "Egg Recipes", 
    "fat rice recipes", 
    "High Fiber", 
    "hot 10 recipes 2013", 
    "Jalapeno Recipes", 
    "Lemon Recipes", 
    "Paprika Recipes", 
    "portugese food", 
    "Rice Recipes", 
    "Sausage Recipes", 
    "Seafood Recipes", 
    "Shrimp Recipes", 
    "White Wine Recipes"
  ], 
  "name": "Fat Rice", 
  "proteinContent": "", 
  "saturatedFatContent": "", 
  "servings": "Servings: 6", 
  "sodiumContent": "", 
  "sugarContent": "", 
  "url": "http://www.bonappetit.com/recipe/fat-rice"
}