{
  "calories": "", 
  "carbohydrateContent": "", 
  "cholesterolContent": "", 
  "fatContent": "", 
  "fiberContent": "", 
  "image": "http://www.bonappetit.com/wp-content/uploads/2011/05/grilled-pork-tenderloin-with-cherry-salsa.jpg", 
  "ingredients": {
    "coarsely chopped fresh cilantro, divided": {
      "flour": "Safe", 
      "gluten": "no gluten here!", 
      "quantity": "1", 
      "substitute": "no substitute needed", 
      "unit": "cup"
    }, 
    "extra-virgin olive oil": {
      "flour": "Safe", 
      "gluten": "no gluten here!", 
      "quantity": "1", 
      "substitute": "no substitute needed", 
      "unit": "tablespoon"
    }, 
    "fresh cherries, stemmed, pitted, halved": {
      "flour": "Safe", 
      "gluten": "no gluten here!", 
      "quantity": "1/2", 
      "substitute": "no substitute needed", 
      "unit": "pound"
    }, 
    "fresh fresno chile, red jalape\u00f1o, or holland chile, thinly sliced crosswise": {
      "flour": "Safe", 
      "gluten": "no gluten here!", 
      "quantity": "1", 
      "substitute": "no substitute needed", 
      "unit": ""
    }, 
    "fresh lime juice, divided": {
      "flour": "Safe", 
      "gluten": "no gluten here!", 
      "quantity": "6", 
      "substitute": "no substitute needed", 
      "unit": "tablespoons"
    }, 
    "kosher salt and freshly ground black pepper": {
      "flour": "Safe", 
      "gluten": "no gluten here!", 
      "quantity": "", 
      "substitute": "no substitute needed", 
      "unit": ""
    }, 
    "minced shallots, divided": {
      "flour": "Safe", 
      "gluten": "no gluten here!", 
      "quantity": "1/2", 
      "substitute": "no substitute needed", 
      "unit": "cup"
    }, 
    "pork tenderloins, about 2\u200a 1/2 pounds total": {
      "flour": "Safe", 
      "gluten": "no gluten here!", 
      "quantity": "2", 
      "substitute": "no substitute needed", 
      "unit": ""
    }, 
    "vegetable oil": {
      "flour": "Safe", 
      "gluten": "no gluten here!", 
      "quantity": "1/4", 
      "substitute": "no substitute needed", 
      "unit": "cup"
    }
  }, 
  "instructions": [
    "Prepare a grill to medium-high heat. Combine 1/2 cup cilantro, 1/4 cup minced shallots, 4 tablespoons lime juice, and vegetable oil in a resealable plastic bag. Add pork; seal bag and turn to coat. Marinate at room temperature for 15 minutes, turning occasionally.", 
    "Meanwhile, combine remaining 1/2 cup cilantro, 1/4 cup shallots, 2 tablespoons lime juice, cherries, chile, and olive oil in a medium bowl. Season salsa lightly with salt and pepper and set aside to let flavors to meld", 
    "Remove tenderloins from marinade and season generously with salt and pepper.", 
    "Grill tenderloins, turning frequently, until a thermometer inserted into meat registers 145\u00b0, about 15 minutes. Let erst 10 minutes. Cut into thin slices and serve with salsa."
  ], 
  "keywords": [
    "Cherry Recipes", 
    "Chile", 
    "Cilantro", 
    "Dinner", 
    "Dinner Party Food", 
    "Easy Recipes", 
    "Fast Easy Fresh", 
    "Fruit Recipes", 
    "Grilling Food", 
    "Herb Recipes", 
    "Lime Juice Recipes", 
    "Main Course", 
    "Marinade Recipes", 
    "Mexican Food", 
    "Pork Recipes", 
    "Pork Tenderloin Recipes", 
    "Sauce Recipes", 
    "Shallot Recipes", 
    "Summer Food"
  ], 
  "name": "Grilled Pork Tenderloin with Cherry Salsa", 
  "proteinContent": "", 
  "saturatedFatContent": "", 
  "servings": "Servings: 6", 
  "sodiumContent": "", 
  "sugarContent": "", 
  "url": "http://www.bonappetit.com/recipe/grilled-pork-tenderloin-with-cherry-salsa"
}