{
  "calories": "", 
  "carbohydrateContent": "", 
  "cholesterolContent": "", 
  "description": "The centerpiece of Korean barbecue is the meat, but it doesn't have to be steak; Seattle chef Rachel Yang recommends grilling pork shoulder. Keep an eye on the edge of the meat where it touches the grill: When it\u2019s browned, turn the pork over.", 
  "fatContent": "", 
  "fiberContent": "", 
  "image": "http://www.bonappetit.com/wp-content/uploads/2014/06/gochujang-pork-shoulder-steaks-940x600.jpg", 
  "ingredients": {
    "2&rdquo; piece ginger, peeled, sliced": {
      "flour": "Safe", 
      "gluten": "no gluten here!", 
      "quantity": "1", 
      "substitute": "no substitute needed", 
      "unit": ""
    }, 
    "dry sake": {
      "flour": "Safe", 
      "gluten": "no gluten here!", 
      "quantity": "\u00bd", 
      "substitute": "no substitute needed", 
      "unit": "cup"
    }, 
    "garlic cloves, peeled, crushed": {
      "flour": "Safe", 
      "gluten": "no gluten here!", 
      "quantity": "8", 
      "substitute": "no substitute needed", 
      "unit": ""
    }, 
    "gochujang (korean hot pepper paste)": {
      "flour": "Safe", 
      "gluten": "no gluten here!", 
      "quantity": "\u00bd", 
      "substitute": "no substitute needed", 
      "unit": "cup"
    }, 
    "mirin (sweet japanese rice wine)": {
      "flour": "Safe", 
      "gluten": "no gluten here!", 
      "quantity": "\u00bd", 
      "substitute": "no substitute needed", 
      "unit": "cup"
    }, 
    "skinless, boneless pork shoulder (boston butt), sliced \u00be&rdquo; thick": {
      "flour": "Safe", 
      "gluten": "no gluten here!", 
      "quantity": "1\u00bd", 
      "substitute": "no substitute needed", 
      "unit": "pound"
    }, 
    "vegetable oil, plus more for grilling": {
      "flour": "Safe", 
      "gluten": "no gluten here!", 
      "quantity": "\u00bc", 
      "substitute": "no substitute needed", 
      "unit": "cup"
    }
  }, 
  "instructions": [
    "Pur\u00e9e garlic, ginger, sake, gochujang, mirin, and \u00bc cup oil in a blender. Set \u00bc cup marinade aside; chill. Transfer remaining marinade to a large dish. Add pork; turn to coat. Chill, turning occasionally, at least 2 hours.", 
    "Prepare grill for medium-high heat; oil grate. Remove pork from marinade and grill, basting with reserved marinade, turning occasionally, and moving pork to a cooler area if flare-up occurs, until cooked to desired doneness, 8\u201310 minutes for medium-rare.", 
    "Transfer pork to a cutting board and let rest 5 minutes before thinly slicing against the grain.", 
    "DO AHEAD:Pork can be marinated 1 day ahead. Keep chilled."
  ], 
  "keywords": [
    "Ginger Recipes", 
    "gochujang recipes", 
    "Grilling Food", 
    "Korean Food", 
    "korean grilling recipes", 
    "Mirin Recipes", 
    "Pork Recipes", 
    "Pork Shoulder"
  ], 
  "name": "Gochujang Pork Shoulder Steaks", 
  "proteinContent": "", 
  "saturatedFatContent": "", 
  "servings": "Servings: 4", 
  "sodiumContent": "", 
  "sugarContent": "", 
  "url": "http://www.bonappetit.com/recipe/gochujang-pork-shoulder-steaks"
}