{
  "calories": "", 
  "carbohydrateContent": "", 
  "cholesterolContent": "", 
  "fatContent": "", 
  "fiberContent": "", 
  "image": "http://www.bonappetit.com/wp-content/uploads/2006/07/grilled-zucchini-with-garlic-and-lemon-butter.jpg", 
  "ingredients": {
    "(1 stick) butter": {
      "flour": "Safe", 
      "gluten": "no gluten here!", 
      "quantity": "1/2", 
      "substitute": "no substitute needed", 
      "unit": "cup"
    }, 
    "curry powder": {
      "flour": "Safe", 
      "gluten": "no gluten here!", 
      "quantity": "1/4", 
      "substitute": "no substitute needed", 
      "unit": "teaspoon"
    }, 
    "dried oregano": {
      "flour": "Safe", 
      "gluten": "no gluten here!", 
      "quantity": "1", 
      "substitute": "no substitute needed", 
      "unit": "teaspoon"
    }, 
    "frozen unsweetened lemon juice concentrate or 2 tablespoons fresh lemon juice": {
      "flour": "Safe", 
      "gluten": "no gluten here!", 
      "quantity": "1", 
      "substitute": "no substitute needed", 
      "unit": "tablespoon"
    }, 
    "garlic powder": {
      "flour": "Safe", 
      "gluten": "no gluten here!", 
      "quantity": "1", 
      "substitute": "no substitute needed", 
      "unit": "teaspoon"
    }, 
    "grated parmesan cheese (optional)": {
      "flour": "Safe", 
      "gluten": "no gluten here!", 
      "quantity": "1/4", 
      "substitute": "no substitute needed", 
      "unit": "cup"
    }, 
    "lemon-pepper seasoning": {
      "flour": "Safe", 
      "gluten": "no gluten here!", 
      "quantity": "1", 
      "substitute": "no substitute needed", 
      "unit": "teaspoon"
    }, 
    "medium zucchini (about 2 1/2 pounds), trimmed, halved lengthwise": {
      "flour": "Safe", 
      "gluten": "no gluten here!", 
      "quantity": "8", 
      "substitute": "no substitute needed", 
      "unit": ""
    }
  }, 
  "instructions": [
    "Preheat barbecue (medium heat). Score cut side of zucchini halves diagonally about 1/4 inch deep at 1-inch intervals. Melt butter with lemon juice concentrate, lemon-pepper seasoning, garlic powder, oregano, and curry powder in heavy small saucepan. Season with salt and pepper. Brush seasoned butter on cut side of zucchini. Place zucchini on grill and cook until charred on all sides and just beginning to soften, about 12 minutes. If desired, arrange zucchini on grill, cut side up, and sprinkle with cheese; close lid of barbecue and cook until cheese just softens, about 1 minute. Transfer zucchini to platter."
  ], 
  "keywords": [
    "American", 
    "American Food", 
    "Barbecue", 
    "Butter", 
    "Curry", 
    "Fourth Of July", 
    "Grilled Vegetable Recipes", 
    "Grilled Vegetables", 
    "Grilled Veggie Recipes", 
    "Grilled Veggies", 
    "Grilling", 
    "Grilling Food", 
    "Lemon", 
    "Lemon Juice", 
    "Lemon-Pepper", 
    "Lemons", 
    "Low Cal", 
    "Parmesan Cheese", 
    "Side", 
    "Side Dishes", 
    "Summer", 
    "Summer Food", 
    "Vegetable Recipes", 
    "Vegetables", 
    "Vegetarian", 
    "Vegetarian Recipes", 
    "Zucchini"
  ], 
  "name": "Grilled Zucchini with Garlic and Lemon Butter Baste", 
  "proteinContent": "", 
  "saturatedFatContent": "", 
  "servings": "Servings: 8", 
  "sodiumContent": "", 
  "sugarContent": "", 
  "url": "http://www.bonappetit.com/recipe/grilled-zucchini-with-garlic-and-lemon-butter-baste-2"
}