{
  "calories": "", 
  "carbohydrateContent": "", 
  "cholesterolContent": "", 
  "fatContent": "", 
  "fiberContent": "", 
  "image": "http://www.bonappetit.com/wp-content/uploads/2011/06/flank-steak-with-bloody-mary-tomato-salad-940x600.jpg", 
  "ingredients": {
    "(packed) light brown sugar": {
      "flour": "Safe", 
      "gluten": "no gluten here!", 
      "quantity": "2", 
      "substitute": "no substitute needed", 
      "unit": "teaspoons"
    }, 
    "1 1/2 pound flank steaks": {
      "flour": "Safe", 
      "gluten": "no gluten here!", 
      "quantity": "2", 
      "substitute": "no substitute needed", 
      "unit": ""
    }, 
    "cayenne pepper": {
      "flour": "Safe", 
      "gluten": "no gluten here!", 
      "quantity": "1/4", 
      "substitute": "no substitute needed", 
      "unit": "teaspoon"
    }, 
    "celery seeds": {
      "flour": "Safe", 
      "gluten": "no gluten here!", 
      "quantity": "1/2", 
      "substitute": "no substitute needed", 
      "unit": "teaspoon"
    }, 
    "cherry or grape tomatoes, halved": {
      "flour": "Safe", 
      "gluten": "no gluten here!", 
      "quantity": "2", 
      "substitute": "no substitute needed", 
      "unit": "pounds"
    }, 
    "chopped brined green olives plus 2 tablespoons olive brine": {
      "flour": "Safe", 
      "gluten": "no gluten here!", 
      "quantity": "1/2", 
      "substitute": "no substitute needed", 
      "unit": "cup"
    }, 
    "chopped celery hearts (inner stalks and leaves; from 1 bunch)": {
      "flour": "Safe", 
      "gluten": "no gluten here!", 
      "quantity": "1", 
      "substitute": "no substitute needed", 
      "unit": "cup"
    }, 
    "extra-virgin olive oil": {
      "flour": "Safe", 
      "gluten": "no gluten here!", 
      "quantity": "1/4", 
      "substitute": "no substitute needed", 
      "unit": "cup"
    }, 
    "finely chopped red onion": {
      "flour": "Safe", 
      "gluten": "no gluten here!", 
      "quantity": "1", 
      "substitute": "no substitute needed", 
      "unit": "cup"
    }, 
    "freshly ground black pepper": {
      "flour": "Safe", 
      "gluten": "no gluten here!", 
      "quantity": "1/4", 
      "substitute": "no substitute needed", 
      "unit": "teaspoon"
    }, 
    "hot pepper sauce": {
      "flour": "Safe", 
      "gluten": "no gluten here!", 
      "quantity": "1", 
      "substitute": "no substitute needed", 
      "unit": "teaspoons"
    }, 
    "kosher salt": {
      "flour": "Safe", 
      "gluten": "no gluten here!", 
      "quantity": "", 
      "substitute": "no substitute needed", 
      "unit": ""
    }, 
    "kosher salt and freshly ground black pepper": {
      "flour": "Safe", 
      "gluten": "no gluten here!", 
      "quantity": "", 
      "substitute": "no substitute needed", 
      "unit": ""
    }, 
    "paprika": {
      "flour": "Safe", 
      "gluten": "no gluten here!", 
      "quantity": "1", 
      "substitute": "no substitute needed", 
      "unit": "teaspoon"
    }, 
    "prepared horseradish": {
      "flour": "Safe", 
      "gluten": "no gluten here!", 
      "quantity": "2", 
      "substitute": "no substitute needed", 
      "unit": "tablespoons"
    }, 
    "sherry vinegar, divided": {
      "flour": "Safe", 
      "gluten": "no gluten here!", 
      "quantity": "3", 
      "substitute": "no substitute needed", 
      "unit": "tablespoons"
    }, 
    "vegetable oil (for brushing)": {
      "flour": "Safe", 
      "gluten": "no gluten here!", 
      "quantity": "", 
      "substitute": "no substitute needed", 
      "unit": ""
    }, 
    "worcestershire sauce": {
      "flour": "Safe", 
      "gluten": "no gluten here!", 
      "quantity": "1", 
      "substitute": "no substitute needed", 
      "unit": "tablespoon"
    }
  }, 
  "instructions": [
    "Place steaks on a large rimmed baking sheet; season with salt. Mix sugar and next 3 ingredients in a small bowl; rub all over steaks. Cover; refrigerate 1-3 hours.", 
    "Let steaks stand at room temperature for 1 hour. Build a medium-hot fire in a charcoal grill, or heat a gas grill to high. Brush grates with oil. Grill to desired doneness, about 5-7 minutes per side for medium-rare. Let rest for 10 minutes. DO AHEAD Can be made 1 day ahead. Let cool; cover and chill. Bring to room temperature before slicing.", 
    "Mix onion and 1 tablespoon vinegar in a large bowl. Let macerate 10 minutes, tossing often. Add tomatoes, celery, and olives.", 
    "Whisk remaining 2 tablespoon. vinegar, olive brine, horseradish, and next 3 ingredients in a medium bowl. Slowly whisk in oil. Add to bowl with tomato mixture; toss to coat. Season with salt and pepper. DO AHEAD Can be made 4 hours ahead. Cover; chill.", 
    "Cut steak crosswise into 1/4\"-thick slices. Serve salad with steak."
  ], 
  "keywords": [
    "American Food", 
    "Brown Sugar", 
    "Cayenne", 
    "Celery", 
    "Dinner", 
    "Fourth Of July", 
    "Grilling Food", 
    "Horseradish Recipes", 
    "Hot Pepper Sauce Recipes", 
    "Large Groups", 
    "Lunch", 
    "Main Course", 
    "Meat Recipes", 
    "Olives", 
    "Onion Recipes", 
    "Paprika Recipes", 
    "Picnic Food", 
    "Potluck Food", 
    "Red Onion Recipes", 
    "Salad Recipes", 
    "Spice Recipes", 
    "Steak", 
    "Steak Recipes", 
    "Summer Food", 
    "Tomato Recipes", 
    "Vinegar Recipes", 
    "Worcestershire Sauce Recipes"
  ], 
  "name": "Flank Steak with Bloody Mary Tomato Salad", 
  "proteinContent": "", 
  "saturatedFatContent": "", 
  "servings": "Servings: 8-10", 
  "sodiumContent": "", 
  "sugarContent": "", 
  "url": "http://www.bonappetit.com/recipe/flank-steak-with-bloody-mary-tomato-salad"
}