{
  "calories": "Calories (kcal) 240", 
  "carbohydrateContent": "Carbohydrates (g) 24", 
  "cholesterolContent": "Cholesterol (mg) 0", 
  "description": "This lightly spiced sangria is packed with green apple and citrus flavor.", 
  "fatContent": "Fat (g) 0", 
  "fiberContent": "Dietary Fiber (g) 1", 
  "image": "http://www.bonappetit.com/wp-content/uploads/2013/05/green-apple-sangria-646.jpg", 
  "ingredients": {
    "(about) club soda": {
      "flour": "Safe", 
      "gluten": "no gluten here!", 
      "quantity": "1", 
      "substitute": "no substitute needed", 
      "unit": "cup"
    }, 
    "750-ml bottle spanish red wine": {
      "flour": "Safe", 
      "gluten": "no gluten here!", 
      "quantity": "1", 
      "substitute": "no substitute needed", 
      "unit": ""
    }, 
    "brandy": {
      "flour": "Safe", 
      "gluten": "no gluten here!", 
      "quantity": "\u00be", 
      "substitute": "no substitute needed", 
      "unit": "cup"
    }, 
    "cinnamon sticks": {
      "flour": "Safe", 
      "gluten": "no gluten here!", 
      "quantity": "2", 
      "substitute": "no substitute needed", 
      "unit": ""
    }, 
    "cointreau or other orange liqueur": {
      "flour": "Safe", 
      "gluten": "no gluten here!", 
      "quantity": "\u00bc", 
      "substitute": "no substitute needed", 
      "unit": "cup"
    }, 
    "fresh lemon juice": {
      "flour": "Safe", 
      "gluten": "no gluten here!", 
      "quantity": "\u00bd", 
      "substitute": "no substitute needed", 
      "unit": "cup"
    }, 
    "fresh orange juice": {
      "flour": "Safe", 
      "gluten": "no gluten here!", 
      "quantity": "\u00be", 
      "substitute": "no substitute needed", 
      "unit": "cup"
    }, 
    "green apples (such as granny smith), cored, cut into \u00be&rdquo; pieces": {
      "flour": "Safe", 
      "gluten": "no gluten here!", 
      "quantity": "2", 
      "substitute": "no substitute needed", 
      "unit": ""
    }, 
    "orange slices": {
      "flour": "Safe", 
      "gluten": "no gluten here!", 
      "quantity": "", 
      "substitute": "no substitute needed", 
      "unit": "slices"
    }, 
    "sugar": {
      "flour": "Safe", 
      "gluten": "no gluten here!", 
      "quantity": "\u2153", 
      "substitute": "no substitute needed", 
      "unit": "cup"
    }, 
    "zest of 1 orange, removed in long strips with a vegetable peeler": {
      "flour": "Safe", 
      "gluten": "no gluten here!", 
      "quantity": "", 
      "substitute": "no substitute needed", 
      "unit": ""
    }
  }, 
  "instructions": [
    "Stir apples, orange zest and juice, cinnamon, brandy, lemon juice, sugar, and Cointreau in a large pitcher to combine. Let sit at room temperature for 1 hour.", 
    "DO AHEAD:Sangria base can be made 1 day ahead. Cover; chill.", 
    "Add wine to sangria base and stir to combine. Pour sangria over ice, top off with club soda, and garnish with orange slices."
  ], 
  "keywords": [
    "andalusia dreaming recipes", 
    "Apple", 
    "Brandy", 
    "Cinnamon Recipes", 
    "Cocktail Party", 
    "Cocktails", 
    "Drink Recipes", 
    "Drinks", 
    "Lemon Recipes", 
    "Orange Recipes", 
    "Red Wine Recipes", 
    "Sangria Recipes", 
    "Spanish Food", 
    "Summer Drinks", 
    "Wine Recipes"
  ], 
  "name": "Green Apple Sangria", 
  "proteinContent": "Protein (g) 1", 
  "saturatedFatContent": "Saturated Fat (g) 0", 
  "servings": "Servings: 6\u20138", 
  "sodiumContent": "Sodium (mg) 0", 
  "sugarContent": "Total Sugars (g) 16", 
  "url": "http://www.bonappetit.com/recipe/green-apple-sangria"
}