{
  "calories": "", 
  "carbohydrateContent": "", 
  "cholesterolContent": "", 
  "description": "Throw this spread together a day in advance\u2014the flavors will meld and intensify as it sits.", 
  "fatContent": "", 
  "fiberContent": "", 
  "image": "http://www.bonappetit.com/wp-content/uploads/2014/04/horseradish-dill-schmear-940x600.jpg", 
  "ingredients": {
    "finely chopped fresh dill": {
      "flour": "Safe", 
      "gluten": "no gluten here!", 
      "quantity": "\u00bd", 
      "substitute": "no substitute needed", 
      "unit": "cup"
    }, 
    "kosher salt": {
      "flour": "Safe", 
      "gluten": "no gluten here!", 
      "quantity": "", 
      "substitute": "no substitute needed", 
      "unit": ""
    }, 
    "oz. whipped cream cheese (about 1 cup)": {
      "flour": "Safe", 
      "gluten": "no gluten here!", 
      "quantity": "8", 
      "substitute": "no substitute needed", 
      "unit": ""
    }, 
    "prepared horseradish": {
      "flour": "Safe", 
      "gluten": "no gluten here!", 
      "quantity": "\u00bc", 
      "substitute": "no substitute needed", 
      "unit": "cup"
    }
  }, 
  "instructions": [
    "Mix cream cheese, dill, and horseradish in a small bowl; season with salt."
  ], 
  "keywords": [
    "bagel party recipes", 
    "Condiments", 
    "Cream Cheese Recipes", 
    "dil recipes", 
    "Horseradish Recipes", 
    "Jewish Food", 
    "Mothers Day Food", 
    "Spread Recipes"
  ], 
  "name": "Horseradish-Dill Schmear", 
  "proteinContent": "", 
  "saturatedFatContent": "", 
  "servings": "Servings: Makes about 1\u00bd cups", 
  "sodiumContent": "", 
  "sugarContent": "", 
  "url": "http://www.bonappetit.com/recipe/horseradish-dill-schmear"
}