{
  "calories": "", 
  "carbohydrateContent": "", 
  "cholesterolContent": "", 
  "description": "Coating the toasted pita in olive oil prevents it from getting soggy when mixed with the vegetables and dressing.", 
  "fatContent": "", 
  "fiberContent": "", 
  "image": "http://www.bonappetit.com/wp-content/uploads/2012/04/fattoush-940x600.jpg", 
  "ingredients": {
    "(loosely packed) flat-leaf parsley leaves": {
      "flour": "Safe", 
      "gluten": "no gluten here!", 
      "quantity": "2", 
      "substitute": "no substitute needed", 
      "unit": "cups"
    }, 
    "(or more) fresh lemon juice": {
      "flour": "Safe", 
      "gluten": "no gluten here!", 
      "quantity": "3", 
      "substitute": "no substitute needed", 
      "unit": "tablespoons"
    }, 
    "(or more) pomegranate molasses": {
      "flour": "Safe", 
      "gluten": "no gluten here!", 
      "quantity": "2", 
      "substitute": "no substitute needed", 
      "unit": "tablespoons"
    }, 
    "(or more) white wine vinegar": {
      "flour": "Safe", 
      "gluten": "no gluten here!", 
      "quantity": "2", 
      "substitute": "no substitute needed", 
      "unit": "teaspoons"
    }, 
    "8-inch-diameter pita breads, halved, toasted until golden brown, broken into bite-size pieces": {
      "flour": "Safe", 
      "gluten": "gluten here!", 
      "quantity": "2", 
      "substitute": "gluten-free bread", 
      "unit": ""
    }, 
    "dried mint": {
      "flour": "Safe", 
      "gluten": "no gluten here!", 
      "quantity": "1/2", 
      "substitute": "no substitute needed", 
      "unit": "teaspoon"
    }, 
    "extra-virgin olive oil": {
      "flour": "Safe", 
      "gluten": "no gluten here!", 
      "quantity": "1/4", 
      "substitute": "no substitute needed", 
      "unit": "cup"
    }, 
    "fresh mint leaves": {
      "flour": "Safe", 
      "gluten": "no gluten here!", 
      "quantity": "1", 
      "substitute": "no substitute needed", 
      "unit": "cup"
    }, 
    "ground sumac (optional)": {
      "flour": "Safe", 
      "gluten": "no gluten here!", 
      "quantity": "", 
      "substitute": "no substitute needed", 
      "unit": ""
    }, 
    "ground sumac, soaked in 4 teaspoons warm water for 15 minutes": {
      "flour": "Safe", 
      "gluten": "no gluten here!", 
      "quantity": "4", 
      "substitute": "no substitute needed", 
      "unit": "teaspoons"
    }, 
    "kosher salt": {
      "flour": "Safe", 
      "gluten": "no gluten here!", 
      "quantity": "", 
      "substitute": "no substitute needed", 
      "unit": ""
    }, 
    "little gem or baby romaine lettuces, or 1 small head romaine lettuce, trimmed, cut crosswise into 3/4-inch strips": {
      "flour": "Safe", 
      "gluten": "no gluten here!", 
      "quantity": "2", 
      "substitute": "no substitute needed", 
      "unit": ""
    }, 
    "medium ripe tomatoes, chopped, or 4 cups cherry tomatoes, halved": {
      "flour": "Safe", 
      "gluten": "no gluten here!", 
      "quantity": "3", 
      "substitute": "no substitute needed", 
      "unit": ""
    }, 
    "persian cucumbers, or one 1-pound english hothouse cucumber, quartered lengthwise, thinly sliced crosswise": {
      "flour": "Safe", 
      "gluten": "no gluten here!", 
      "quantity": "1", 
      "substitute": "no substitute needed", 
      "unit": "pound"
    }, 
    "purslane leaves or additional 3/4-inch-strips romaine lettuce": {
      "flour": "Safe", 
      "gluten": "no gluten here!", 
      "quantity": "2", 
      "substitute": "no substitute needed", 
      "unit": "cups"
    }, 
    "scallions, thinly sliced": {
      "flour": "Safe", 
      "gluten": "no gluten here!", 
      "quantity": "6", 
      "substitute": "no substitute needed", 
      "unit": ""
    }, 
    "small garlic cloves, minced": {
      "flour": "Safe", 
      "gluten": "no gluten here!", 
      "quantity": "2", 
      "substitute": "no substitute needed", 
      "unit": ""
    }
  }, 
  "instructions": [
    "Combine sumac with soaking liquid, 3 Tbsp. lemon juice, 2 Tbsp. pomegranate molasses, garlic, 2 tsp. vinegar, and dried mint in a small bowl. Gradually add oil, whisking constantly, until well blended. Season with salt; add more lemon juice, pomegranate molasses, and vinegar to taste, if desired.", 
    "Place pita pieces in a medium bowl; pour oil over and toss to coat. Season pita to taste with salt.", 
    "Mix tomatoes and next 6 ingredients in  a large bowl. Add 3/4 of dressing; toss to coat, adding more dressing by tablespoonfuls as needed. Season with salt. Add pita; toss once. Sprinkle sumac over, if desired."
  ], 
  "keywords": [
    "High Fiber", 
    "Lebanese Food", 
    "Low Cholesterol Recipes", 
    "Salad Recipes", 
    "The Seven Wonders Of The Food World Recipes", 
    "Vegetarian Recipes", 
    "Wusthof_20120611"
  ], 
  "name": "Fattoush", 
  "proteinContent": "", 
  "saturatedFatContent": "", 
  "servings": "Servings: 6\u20138", 
  "sodiumContent": "", 
  "sugarContent": "", 
  "url": "http://www.bonappetit.com/recipe/fattoush"
}