{
  "calories": "", 
  "carbohydrateContent": "", 
  "cholesterolContent": "", 
  "description": "The only way to make flatbread even better? Grill it.", 
  "fatContent": "", 
  "fiberContent": "", 
  "image": "http://www.bonappetit.com/wp-content/uploads/2014/06/Grilling-Recipes-7-of-15-940x600.jpg", 
  "ingredients": {
    "bunch scallions, trimmed (about 6 oz.)": {
      "flour": "Safe", 
      "gluten": "no gluten here!", 
      "quantity": "1", 
      "substitute": "no substitute needed", 
      "unit": ""
    }, 
    "crushed red pepper flakes and torn fresh basil leaves, for serving": {
      "flour": "Safe", 
      "gluten": "no gluten here!", 
      "quantity": "", 
      "substitute": "no substitute needed", 
      "unit": ""
    }, 
    "fresh whole milk ricotta": {
      "flour": "Safe", 
      "gluten": "no gluten here!", 
      "quantity": "6", 
      "substitute": "no substitute needed", 
      "unit": "ounces"
    }, 
    "garlic clove, halved": {
      "flour": "Safe", 
      "gluten": "no gluten here!", 
      "quantity": "1", 
      "substitute": "no substitute needed", 
      "unit": ""
    }, 
    "grated asiago cheese or pecorino": {
      "flour": "Safe", 
      "gluten": "no gluten here!", 
      "quantity": "1", 
      "substitute": "no substitute needed", 
      "unit": "ounce"
    }, 
    "kosher salt, freshly ground black pepper": {
      "flour": "Safe", 
      "gluten": "no gluten here!", 
      "quantity": "", 
      "substitute": "no substitute needed", 
      "unit": ""
    }, 
    "large zucchini (about 1 lb.), sliced lengthwise \u00bc\u201d thick": {
      "flour": "Safe", 
      "gluten": "no gluten here!", 
      "quantity": "2", 
      "substitute": "no substitute needed", 
      "unit": ""
    }, 
    "lemon, halved": {
      "flour": "Safe", 
      "gluten": "no gluten here!", 
      "quantity": "1", 
      "substitute": "no substitute needed", 
      "unit": ""
    }, 
    "olive oil, plus more for grill": {
      "flour": "Safe", 
      "gluten": "no gluten here!", 
      "quantity": "2", 
      "substitute": "no substitute needed", 
      "unit": "tablespoons"
    }, 
    "prepared pizza dough, room temperature, divided in half": {
      "flour": "Safe", 
      "gluten": "gluten here!", 
      "quantity": "1", 
      "substitute": "gluten-free dough", 
      "unit": "pound"
    }
  }, 
  "instructions": [
    "Prepare grill for 2-zone heat (for a charcoal grill, bank coals on 1 side of grill; for a gas grill, leave 1 or 2 burners off); lightly oil grill grates. Toss zucchini and scallions with 2 Tbsp. olive oil; season with salt and pepper. Grill over direct heat, turning often, until zucchini and scallions are tender and charred in spots, about 5 minutes; set aside. Meanwhile, grill lemon halves cut-side down over direct heat until lightly charred, about 4 minutes; set aside. Cut scallions into 2\u201d pieces with scissors.", 
    "Gently stretch each piece of dough into a rectangle or oval about 14\u201dx8\u201d and transfer to 2 lightly oiled baking sheets. (If dough springs back, cover and let rest 10 minutes, then stretch again, resting as needed). Transfer both pieces of prepared dough to grill over direct heat. Cook until first side is lightly charred and dough is dry and stiff, about 1 minute. Turn and cook just until reverse side has a few light grill marks, about 30 seconds. Transfer to baking sheet and let cool slightly. Rub charred side of dough with garlic and top with grilled vegetables, dividing evenly. Dollop with ricotta and sprinkle with asiago.", 
    "Return flatbreads to indirect heat; close grill and cook until cheese is warmed through and crust is crispy, about 5 minutes. Transfer to work surface and squeeze charred lemon halves over the flatbread. Sprinkle with red pepper flakes, basil, and salt; drizzle with olive oil."
  ], 
  "keywords": [
    "Asiago", 
    "Basil", 
    "Flatbread", 
    "Hot Pepper", 
    "Pecorino", 
    "Pizza", 
    "Ricotta", 
    "Summer Food", 
    "Zucchini"
  ], 
  "name": "Grilled Zucchini and Ricotta Flatbread", 
  "proteinContent": "", 
  "saturatedFatContent": "", 
  "servings": "Servings: 4", 
  "sodiumContent": "", 
  "sugarContent": "", 
  "url": "http://www.bonappetit.com/recipe/grilled-zucchini-and-ricotta-flatbread"
}