{
  "calories": "", 
  "carbohydrateContent": "", 
  "cholesterolContent": "", 
  "description": "Nutty Gruy\u00e8re is de rigueur for a classic Swiss fondue. Hard apple cider, cider vinegar, and Calvados (apple brandy) give this great version added interest. Kielbasa, apples, and bread are served alongside for dipping\u2014 but potatoes are also good. Just steam some new potatoes or fingerlings until cooked but not falling apart, and cut them into wedges. Also, any sausage\u2014not just kielbasa\u2014will do. We like andouille or chicken and apple sausage, too.", 
  "fatContent": "", 
  "fiberContent": "", 
  "image": "http://www.bonappetit.com/wp-content/uploads/2009/01/gruyere-and-cider-fondue1.jpg", 
  "ingredients": {
    "apple cider vinegar": {
      "flour": "Safe", 
      "gluten": "no gluten here!", 
      "quantity": "1", 
      "substitute": "no substitute needed", 
      "unit": "tablespoon"
    }, 
    "baguette, cut into 3/4-inch cubes": {
      "flour": "Safe", 
      "gluten": "gluten here!", 
      "quantity": "1", 
      "substitute": "gluten-free bread", 
      "unit": ""
    }, 
    "calvados, applejack brandy, or poire williams (clear pear brandy)": {
      "flour": "Safe", 
      "gluten": "no gluten here!", 
      "quantity": "2", 
      "substitute": "no substitute needed", 
      "unit": "tablespoons"
    }, 
    "coarsely grated gruy\u00e8re cheese (about 1 pound)": {
      "flour": "Safe", 
      "gluten": "no gluten here!", 
      "quantity": "4", 
      "substitute": "no substitute needed", 
      "unit": "cups"
    }, 
    "granny smith apples, cored, cut into 1/2-inch-thick slices": {
      "flour": "Safe", 
      "gluten": "no gluten here!", 
      "quantity": "1", 
      "substitute": "no substitute needed", 
      "unit": ""
    }, 
    "hard apple cider*": {
      "flour": "Safe", 
      "gluten": "no gluten here!", 
      "quantity": "1", 
      "substitute": "no substitute needed", 
      "unit": "cup"
    }, 
    "kielbasa sausage, cut on diagonal into 1/2-inch-thick slices": {
      "flour": "Safe", 
      "gluten": "no gluten here!", 
      "quantity": "8", 
      "substitute": "no substitute needed", 
      "unit": "ounces"
    }, 
    "plus 2 teaspoons cornstarch": {
      "flour": "Safe", 
      "gluten": "no gluten here!", 
      "quantity": "1", 
      "substitute": "no substitute needed", 
      "unit": "tablespoon"
    }
  }, 
  "instructions": [
    "Preheat oven to 300\u00b0F. Heat heavy large skillet over high heat. Add kielbasa slices and saut\u00e9 until browned on both sides, 2 to 3 minutes. Transfer to baking sheet and place in oven to keep warm.", 
    "Toss cheese and cornstarch in large bowl to coat. Bring hard cider and vinegar just to simmer in medium saucepan over medium heat. Reduce heat to medium low (mixture should be barely simmering). Add a handful of cheese to simmering cider mixture. Stir until cheese is melted. Add remaining cheese 1 handful at a time, stirring until melted between additions. Increase heat to medium and cook until fondue begins to bubble, stirring constantly. Stir in Calvados. Season to taste with pepper.", 
    "Transfer fondue to pot. Set fondue pot atop stand; light candle or canned heat burner. Arrange sausage slices, apple slices, and bread cubes in bowls alongside fondue pot.", 
    "Start your fondue in a saucepan on the stove\u2014not in the fondue pot. If the mixture seems a little lumpy, keep stirring and turn up the heat a bit."
  ], 
  "keywords": [
    "Apple", 
    "Apple Cider", 
    "Apples", 
    "Brandy", 
    "Bread", 
    "Calvados", 
    "Cheese", 
    "Cider", 
    "Cider Vinegar", 
    "Dinner", 
    "Dinner Party", 
    "Dip", 
    "European", 
    "First Course", 
    "Fondue", 
    "Fondues", 
    "French", 
    "Gruyere", 
    "Kielbasa", 
    "Kielsbasa", 
    "Main Course", 
    "Main Dishes", 
    "Meat Recipes", 
    "Party", 
    "Pork Recipes", 
    "Sausage", 
    "Swiss Food", 
    "trail_07212014"
  ], 
  "name": "Gruy\u00e8re and Cider Fondue", 
  "proteinContent": "", 
  "saturatedFatContent": "", 
  "servings": "Servings: 4 to 6", 
  "sodiumContent": "", 
  "sugarContent": "", 
  "url": "http://www.bonappetit.com/recipe/gruy-re-and-cider-fondue"
}