{
  "calories": "", 
  "carbohydrateContent": "", 
  "cholesterolContent": "", 
  "description": "Rather than fussily cutting the grapefruit into neat segments, chef Ignacio Mattos cuts them crosswise into disks; he likes the slightly bitter flavor of the membrane itself.", 
  "fatContent": "", 
  "fiberContent": "", 
  "image": "http://www.bonappetit.com/wp-content/uploads/2014/01/grapefruit-and-white-beets-with-yogurt-and-tarragon-940x600.jpg", 
  "ingredients": {
    "fresh tarragon leaves": {
      "flour": "Safe", 
      "gluten": "no gluten here!", 
      "quantity": "\u00bc", 
      "substitute": "no substitute needed", 
      "unit": "cup"
    }, 
    "kosher salt": {
      "flour": "Safe", 
      "gluten": "no gluten here!", 
      "quantity": "", 
      "substitute": "no substitute needed", 
      "unit": ""
    }, 
    "medium white or chioggia (candy-stripe) beets (about 1 lb.)": {
      "flour": "Safe", 
      "gluten": "no gluten here!", 
      "quantity": "4", 
      "substitute": "no substitute needed", 
      "unit": ""
    }, 
    "olive oil": {
      "flour": "Safe", 
      "gluten": "no gluten here!", 
      "quantity": "1", 
      "substitute": "no substitute needed", 
      "unit": "tablespoon"
    }, 
    "pine nuts": {
      "flour": "Safe", 
      "gluten": "no gluten here!", 
      "quantity": "3", 
      "substitute": "no substitute needed", 
      "unit": "tablespoons"
    }, 
    "plain greek yogurt": {
      "flour": "Safe", 
      "gluten": "no gluten here!", 
      "quantity": "\u00be", 
      "substitute": "no substitute needed", 
      "unit": "cup"
    }, 
    "white grapefruits": {
      "flour": "Safe", 
      "gluten": "no gluten here!", 
      "quantity": "2", 
      "substitute": "no substitute needed", 
      "unit": ""
    }, 
    "white wine vinegar": {
      "flour": "Safe", 
      "gluten": "no gluten here!", 
      "quantity": "2", 
      "substitute": "no substitute needed", 
      "unit": "tablespoons"
    }
  }, 
  "instructions": [
    "Preheat oven to 350\u00b0. Toast pine nuts on a rimmed baking sheet, tossing occasionally, until golden brown, 6\u20138 minutes; let cool.", 
    "Increase oven heat to 400\u00b0. Place beets on a sheet of parchment paper set on top of a sheet of foil; rub beets with oil and season with salt. Close up parchment and foil around beets. Place packet on a baking sheet and roast beets until tender, 40\u201350 minutes. Unwrap beets and let cool.", 
    "Peel beets and thinly slice into rounds. Toss beets and vinegar in a medium bowl; season with salt and let stand 15 minutes.", 
    "Meanwhile, finely grate \u00bd tsp. zest from 1 grapefruit and set aside. Using a sharp, small knife, cut all peel and white pith from both grapefruits; discard. Thinly slice grapefruit into rounds.", 
    "Place yogurt in a small bowl; season with salt and mix well. Spoon onto plates. Top yogurt with beets and sliced grapefruit, then tarragon, toasted pine nuts, and reserved grapefruit zest.", 
    "DO AHEAD:Beets can be roasted 2 days ahead; let cool. Cover and chill. Pine nuts can be toasted 1 day ahead; store airtight at room temperature."
  ], 
  "keywords": [
    "Beet Recipes", 
    "Grapefruit Recipes", 
    "Healthy Recipes", 
    "Salad", 
    "Salad Recipes", 
    "Tarragon Recipes", 
    "Vegetarian Recipes", 
    "Yogurt Recipes"
  ], 
  "name": "Grapefruit and White Beets with Yogurt and Tarragon", 
  "proteinContent": "", 
  "saturatedFatContent": "", 
  "servings": "Servings: 4", 
  "sodiumContent": "", 
  "sugarContent": "", 
  "url": "http://www.bonappetit.com/recipe/grapefruit-and-white-beets-with-yogurt-and-tarragon"
}