{
  "calories": "", 
  "carbohydrateContent": "", 
  "cholesterolContent": "", 
  "description": "If you can\u2019t find flat runner beans, use any color snap, wax, or French beans and reduce the cooking time.", 
  "fatContent": "", 
  "fiberContent": "", 
  "image": "http://www.bonappetit.com/wp-content/uploads/2014/07/garlicky-runner-beans-940x600.jpg", 
  "ingredients": {
    "crushed red pepper flakes": {
      "flour": "Safe", 
      "gluten": "no gluten here!", 
      "quantity": "1", 
      "substitute": "no substitute needed", 
      "unit": "teaspoon"
    }, 
    "garlic cloves, thinly sliced": {
      "flour": "Safe", 
      "gluten": "no gluten here!", 
      "quantity": "4", 
      "substitute": "no substitute needed", 
      "unit": ""
    }, 
    "green and/or yellow runner beans, trimmed": {
      "flour": "Safe", 
      "gluten": "no gluten here!", 
      "quantity": "1\u00bd", 
      "substitute": "no substitute needed", 
      "unit": "pounds"
    }, 
    "kosher salt and freshly ground black pepper": {
      "flour": "Safe", 
      "gluten": "no gluten here!", 
      "quantity": "", 
      "substitute": "no substitute needed", 
      "unit": ""
    }, 
    "lemon, halved": {
      "flour": "Safe", 
      "gluten": "no gluten here!", 
      "quantity": "1", 
      "substitute": "no substitute needed", 
      "unit": ""
    }, 
    "olive oil": {
      "flour": "Safe", 
      "gluten": "no gluten here!", 
      "quantity": "\u00bc", 
      "substitute": "no substitute needed", 
      "unit": "cup"
    }
  }, 
  "instructions": [
    "Heat oil in a large skillet over medium-high heat. Add garlic and cook, stirring, until golden, about 2 minutes. Add beans and red pepper flakes; season with salt and pepper and toss to coat. Cook, tossing occasionally, until beans are crisp-tender and lightly browned, 8\u201310 minutes. Transfer beans to a platter and squeeze lemon over."
  ], 
  "keywords": [
    "Beans", 
    "Green Beans", 
    "Hot Pepper", 
    "hudson new york recipes", 
    "Sides", 
    "Summer Food", 
    "Vegetarian Recipes"
  ], 
  "name": "Garlicky Runner Beans", 
  "proteinContent": "", 
  "saturatedFatContent": "", 
  "servings": "Servings: 8", 
  "sodiumContent": "", 
  "sugarContent": "", 
  "url": "http://www.bonappetit.com/recipe/garlicky-runner-beans"
}