{
  "calories": "", 
  "carbohydrateContent": "", 
  "cholesterolContent": "", 
  "fatContent": "", 
  "fiberContent": "", 
  "image": "http://www.bonappetit.com/wp-content/uploads/2009/06/green-shawarma-salmon-646.jpg", 
  "ingredients": {
    "6-ounce boneless salmon fillets": {
      "flour": "Safe", 
      "gluten": "no gluten here!", 
      "quantity": "4", 
      "substitute": "no substitute needed", 
      "unit": ""
    }, 
    "chopped fresh cilantro": {
      "flour": "Safe", 
      "gluten": "no gluten here!", 
      "quantity": "1", 
      "substitute": "no substitute needed", 
      "unit": "cup"
    }, 
    "fresh lemon juice": {
      "flour": "Safe", 
      "gluten": "no gluten here!", 
      "quantity": "1/4", 
      "substitute": "no substitute needed", 
      "unit": "cup"
    }, 
    "garlic cloves, chopped": {
      "flour": "Safe", 
      "gluten": "no gluten here!", 
      "quantity": "2", 
      "substitute": "no substitute needed", 
      "unit": ""
    }, 
    "ground cardamom": {
      "flour": "Safe", 
      "gluten": "no gluten here!", 
      "quantity": "1/2", 
      "substitute": "no substitute needed", 
      "unit": "teaspoon"
    }, 
    "ground cinnamon": {
      "flour": "Safe", 
      "gluten": "no gluten here!", 
      "quantity": "1/2", 
      "substitute": "no substitute needed", 
      "unit": "teaspoon"
    }, 
    "ground coriander": {
      "flour": "Safe", 
      "gluten": "no gluten here!", 
      "quantity": "1", 
      "substitute": "no substitute needed", 
      "unit": "teaspoon"
    }, 
    "ground ginger": {
      "flour": "Safe", 
      "gluten": "no gluten here!", 
      "quantity": "1/2", 
      "substitute": "no substitute needed", 
      "unit": "teaspoon"
    }, 
    "kosher salt and freshly ground black pepper": {
      "flour": "Safe", 
      "gluten": "no gluten here!", 
      "quantity": "", 
      "substitute": "no substitute needed", 
      "unit": ""
    }, 
    "olive oil": {
      "flour": "Safe", 
      "gluten": "no gluten here!", 
      "quantity": "7", 
      "substitute": "no substitute needed", 
      "unit": "tablespoons"
    }
  }, 
  "instructions": [
    "Pur\u00e9e the first 8 ingredients in a blender until smooth. Season marinade to taste with salt and pepper. DO AHEAD Can be made 1 day ahead. Cover and chill.", 
    "Place salmon fillets on a platter. Spoon marinade over fish and turn to coat. Cover; chill at least 1 hour and up to 3 hours.", 
    "Build a medium-hot fire in a charcoal grill, or heat a gas grill to high. Grill fish in a fish basket, if desired, until just cooked through, about 4 minutes per side."
  ], 
  "keywords": [
    "Black Pepper", 
    "Cardamom", 
    "Cilantro", 
    "Cinnamon Recipes", 
    "Coriander", 
    "Dinner", 
    "Fish Recipes", 
    "Garlic Recipes", 
    "Ginger Recipes", 
    "Herb Recipes", 
    "Main Course", 
    "Marinade Recipes", 
    "Salmon Recipes", 
    "Spice Recipes", 
    "Turkish Food"
  ], 
  "name": "Green Shawarma Salmon", 
  "proteinContent": "", 
  "saturatedFatContent": "", 
  "servings": "Servings: 4", 
  "sodiumContent": "", 
  "sugarContent": "", 
  "url": "http://www.bonappetit.com/recipe/green-shawarma-salmon"
}