{
  "calories": "Calories (kcal) 65.3", 
  "carbohydrateContent": "Carbohydrates (g) 3.3", 
  "cholesterolContent": "Cholesterol (mg) 11.2", 
  "description": "Giblets (the heart, liver, gizzard, and neck) really deepen a gravy's flavor.", 
  "fatContent": "Fat (g) 4.9", 
  "fiberContent": "Dietary Fiber (g) 0.3", 
  "image": "http://www.bonappetit.com/wp-content/uploads/2010/10/greek-inspired-fresh-oregano-and-giblet-pan-gravy-940x600.jpg", 
  "ingredients": {
    "1 cup finely chopped onion": {
      "flour": "Safe", 
      "gluten": "no gluten here!", 
      "quantity": "", 
      "substitute": "no substitute needed", 
      "unit": ""
    }, 
    "all purpose flour": {
      "flour": {
        "type": {
          "binder": {
            "type": "xanthum gum", 
            "weight": 0.5
          }, 
          "density": {
            "type": "brown rice flour", 
            "weight": 0.142
          }, 
          "fat": {
            "type": "almond flour", 
            "weight": 0.142
          }, 
          "leavener": "", 
          "lightness": {
            "type": "white rice flour", 
            "weight": 0.284
          }, 
          "protein": {
            "type": "sorghum flour", 
            "weight": 0.142
          }, 
          "starch": {
            "type": "potato starch", 
            "weight": 0.284
          }, 
          "stickiness": "", 
          "texture": ""
        }, 
        "weight": 125
      }, 
      "gluten": "gluten here!", 
      "quantity": "1/2", 
      "substitute": "flour ratio", 
      "unit": "cup"
    }, 
    "1/2 cup dry white wine": {
      "flour": "Safe", 
      "gluten": "no gluten here!", 
      "quantity": "", 
      "substitute": "no substitute needed", 
      "unit": ""
    }, 
    "2 1/2 tablespoons chopped fresh oregano": {
      "flour": "Safe", 
      "gluten": "no gluten here!", 
      "quantity": "", 
      "substitute": "no substitute needed", 
      "unit": ""
    }, 
    "2 tablespoons fresh lemon juice": {
      "flour": "Safe", 
      "gluten": "no gluten here!", 
      "quantity": "", 
      "substitute": "no substitute needed", 
      "unit": ""
    }, 
    "4 1/2 cups (or more) ultimate turkey stock or low-salt chicken broth": {
      "flour": "Safe", 
      "gluten": "no gluten here!", 
      "quantity": "", 
      "substitute": "no substitute needed", 
      "unit": ""
    }, 
    "neck, heart, and gizzard reserved from ultimate turkey stock": {
      "flour": "Safe", 
      "gluten": "no gluten here!", 
      "quantity": "", 
      "substitute": "no substitute needed", 
      "unit": ""
    }, 
    "pan juices reserved in turkey roasting pan from salt-roasted turkey with lemon and oregano or from any other roast turkey": {
      "flour": "Safe", 
      "gluten": "no gluten here!", 
      "quantity": "", 
      "substitute": "no substitute needed", 
      "unit": ""
    }
  }, 
  "instructions": [
    "Scrape reserved pan juices and any browned bits from turkey roasting pan into 8-cup measuring cup. Spoon off fat from surface and reserve 1/2 cup (or supplement with butter). Add enough Ultimate Turkey Stock to juices to measure 5 1/2 cups total. Pull meat from turkey neck. Chop neck meat, heart, and gizzard and reserve.", 
    "Place roasting pan over 2 burners. Add 1/2 cup reserved fat; heat over medium heat. Add onion. Saut\u00e9 until soft, about 5 minutes. Whisk in flour. Cook until flour browns, about 3 minutes. Whisk in stock mixture, then wine. Boil until gravy thickens and coats spoon, scraping up any browned bits, 3 to 4 minutes. Mix in oregano, lemon juice, and giblets. Season with salt and pepper."
  ], 
  "keywords": [
    "Christmas Food", 
    "Gravy Recipes", 
    "Large Groups", 
    "Lemon Juice Recipes", 
    "Onion Recipes", 
    "Thanksgiving", 
    "Turkey Recipes"
  ], 
  "name": "Greek-Inspired Fresh Oregano and Giblet Pan Gravy", 
  "proteinContent": "Protein (g) 1.9", 
  "saturatedFatContent": "Saturated Fat (g) 1.5", 
  "servings": "Servings: Makes about 5 1/2 cups", 
  "sodiumContent": "Sodium (mg) 37.1", 
  "sugarContent": "Total Sugars (g) 0.7", 
  "url": "http://www.bonappetit.com/recipe/greek-inspired-fresh-oregano-and-giblet-pan-gravy"
}