{
  "calories": "", 
  "carbohydrateContent": "", 
  "cholesterolContent": "", 
  "fatContent": "", 
  "fiberContent": "", 
  "image": "http://www.bonappetit.com/wp-content/uploads/2014/06/grilled-leg-of-lamb-with-rosemary-garlic-mustard-940x600.jpg", 
  "ingredients": {
    "1 well-trimmed 6-pound boneless leg of lamb, butterflied to even 2-inch thickness": {
      "flour": "Safe", 
      "gluten": "no gluten here!", 
      "quantity": "", 
      "substitute": "no substitute needed", 
      "unit": ""
    }, 
    "1/2 cup extra-virgin olive oil": {
      "flour": "Safe", 
      "gluten": "no gluten here!", 
      "quantity": "", 
      "substitute": "no substitute needed", 
      "unit": ""
    }, 
    "1/2 cup whole grain dijon mustard": {
      "flour": "Safe", 
      "gluten": "no gluten here!", 
      "quantity": "", 
      "substitute": "no substitute needed", 
      "unit": ""
    }, 
    "1/4 cup dry white wine": {
      "flour": "Safe", 
      "gluten": "no gluten here!", 
      "quantity": "", 
      "substitute": "no substitute needed", 
      "unit": ""
    }, 
    "2 tablespoons finely chopped fresh rosemary": {
      "flour": "Safe", 
      "gluten": "no gluten here!", 
      "quantity": "", 
      "substitute": "no substitute needed", 
      "unit": ""
    }, 
    "2 tablespoons fresh lemon juice": {
      "flour": "Safe", 
      "gluten": "no gluten here!", 
      "quantity": "", 
      "substitute": "no substitute needed", 
      "unit": ""
    }, 
    "8 garlic cloves, peeled, divided": {
      "flour": "Safe", 
      "gluten": "no gluten here!", 
      "quantity": "", 
      "substitute": "no substitute needed", 
      "unit": ""
    }, 
    "fresh rosemary sprigs and fresh italian parsley sprigs": {
      "flour": "Safe", 
      "gluten": "no gluten here!", 
      "quantity": "", 
      "substitute": "no substitute needed", 
      "unit": ""
    }, 
    "nonstick vegetable oil spray": {
      "flour": "Safe", 
      "gluten": "no gluten here!", 
      "quantity": "", 
      "substitute": "no substitute needed", 
      "unit": ""
    }
  }, 
  "instructions": [
    "Open lamb like book on work surface. Using tip of small knife, make 1/2-inch-deep slits all over lamb. Thinly slice 4 garlic cloves. Insert garlic slices into slits in lamb. Combine remaining 4 garlic cloves, mustard, olive oil, white wine, rosemary, and lemon juice in processor. Blend until coarse puree forms. Spread underside of lamb with half of puree. Place lamb, seasoned side down, in 15x10x2-inch glass baking dish. Spread remaining puree over top of lamb. Cover lamb with plastic wrap and chill overnight.", 
    "Let lamb stand at room temperature 2 hours. Coat grill rack with nonstick spray and prepare barbecue (medium-high heat). Sprinkle lamb generously with salt and pepper on both sides. Grill lamb to desired doneness, about 17 minutes per side for medium-rare. Transfer lamb to cutting board; let rest 10 to 20 minutes.", 
    "Thinly slice lamb against grain. Overlap slices on platter. Sprinkle with salt and pepper. Garnish with fresh herb sprigs.", 
    "Syrah would be delicious with the grilled lamb. Mix things up by skipping California and Australian Syrahs and going with an Italian Syrah instead. One to try: the velvety, full-bodied 2006 Villa Pillo Syrah Toscana ($16, Italy)."
  ], 
  "keywords": [
    "Dinner", 
    "Dinner Party", 
    "Easter", 
    "Easter Food", 
    "Garlic", 
    "Grilled Lamb", 
    "Grilled Lamb Recipes", 
    "Herb", 
    "Lamb", 
    "Lamb Recipes", 
    "Large Group", 
    "Low Cal", 
    "Main Course", 
    "Main Dishes", 
    "Meat Recipes", 
    "Mustard", 
    "Potluck", 
    "Rosemary", 
    "Spring"
  ], 
  "name": "Grilled Leg of Lamb with Rosemary, Garlic, and Mustard", 
  "proteinContent": "", 
  "saturatedFatContent": "", 
  "servings": "Servings: 10 to 12", 
  "sodiumContent": "", 
  "sugarContent": "", 
  "url": "http://www.bonappetit.com/recipe/grilled-leg-of-lamb-with-rosemary-garlic-and-mustard"
}