{
  "calories": "", 
  "carbohydrateContent": "", 
  "cholesterolContent": "", 
  "description": "To check if the fish is done, press on the spot right behind the head: If it feels firm and a thin knife inserted there reveals flaky flesh, you\u2019re good to go.", 
  "fatContent": "", 
  "fiberContent": "", 
  "image": "http://www.bonappetit.com/wp-content/uploads/2014/07/grill-steamed-sea-bass-with-citrus-relish-940x600.jpg", 
  "ingredients": {
    "1\u00bd-lb. whole black sea bass, cleaned": {
      "flour": "Safe", 
      "gluten": "no gluten here!", 
      "quantity": "2", 
      "substitute": "no substitute needed", 
      "unit": ""
    }, 
    "chopped fresh tarragon": {
      "flour": "Safe", 
      "gluten": "no gluten here!", 
      "quantity": "1", 
      "substitute": "no substitute needed", 
      "unit": "tablespoon"
    }, 
    "crushed red pepper flakes": {
      "flour": "Safe", 
      "gluten": "no gluten here!", 
      "quantity": "\u00bc\u2013\u00bd", 
      "substitute": "no substitute needed", 
      "unit": "teaspoon"
    }, 
    "flaky sea salt (such as maldon)": {
      "flour": "Safe", 
      "gluten": "no gluten here!", 
      "quantity": "", 
      "substitute": "no substitute needed", 
      "unit": ""
    }, 
    "flat-leaf parsley, plus \u00bd cup chopped": {
      "flour": "Safe", 
      "gluten": "no gluten here!", 
      "quantity": "\u00bd", 
      "substitute": "no substitute needed", 
      "unit": "bunch"
    }, 
    "kosher salt and freshly ground black pepper": {
      "flour": "Safe", 
      "gluten": "no gluten here!", 
      "quantity": "", 
      "substitute": "no substitute needed", 
      "unit": ""
    }, 
    "lemons, 1 thinly sliced, 1 left whole": {
      "flour": "Safe", 
      "gluten": "no gluten here!", 
      "quantity": "2", 
      "substitute": "no substitute needed", 
      "unit": ""
    }, 
    "limes, 1 thinly sliced, 1 left whole": {
      "flour": "Safe", 
      "gluten": "no gluten here!", 
      "quantity": "2", 
      "substitute": "no substitute needed", 
      "unit": ""
    }, 
    "of sugar": {
      "flour": "Safe", 
      "gluten": "no gluten here!", 
      "quantity": "Pinch", 
      "substitute": "no substitute needed", 
      "unit": ""
    }, 
    "olive oil, divided": {
      "flour": "Safe", 
      "gluten": "no gluten here!", 
      "quantity": "4", 
      "substitute": "no substitute needed", 
      "unit": "tablespoons"
    }, 
    "poppy seeds": {
      "flour": "Safe", 
      "gluten": "no gluten here!", 
      "quantity": "1", 
      "substitute": "no substitute needed", 
      "unit": "teaspoon"
    }, 
    "scallions, thinly sliced, divided": {
      "flour": "Safe", 
      "gluten": "no gluten here!", 
      "quantity": "5", 
      "substitute": "no substitute needed", 
      "unit": ""
    }, 
    "small red onion, thinly sliced": {
      "flour": "Safe", 
      "gluten": "no gluten here!", 
      "quantity": "\u00bd", 
      "substitute": "no substitute needed", 
      "unit": ""
    }, 
    "sprigs oregano": {
      "flour": "Safe", 
      "gluten": "no gluten here!", 
      "quantity": "8", 
      "substitute": "no substitute needed", 
      "unit": ""
    }, 
    "walnut or pistachio oil": {
      "flour": "Safe", 
      "gluten": "no gluten here!", 
      "quantity": "2", 
      "substitute": "no substitute needed", 
      "unit": "tablespoons"
    }
  }, 
  "instructions": [
    "Prepare grill for medium-high heat. Set a wire rack inside of a roasting pan; pour in water to reach just below rack. Season fish inside and out with kosher salt and pepper. Stuff with onion, parsley sprigs, oregano, and 4 scallions. Set fish on rack and cover pan with foil, leaving one corner open. Place pan on grill and cook until steam escapes from vent, 3\u20135 minutes. Close vent and steam fish until cooked through, 15\u201320 minutes.", 
    "Meanwhile, brush half of sliced lemon and half of sliced lime with 1 Tbsp. olive oil and grill, turning once, until lightly charred, about 1 minute. Chop 2 slices of grilled lemon; set remaining slice aside for serving.", 
    "Using a sharp knife, remove all peel and white pith from whole lemon and lime; discard. Working over a medium bowl, cut between membranes to release segments into bowl. Squeeze juice from membranes into bowl; discard membranes. Mix in chopped parsley, tarragon, red pepper flakes, sugar, chopped grilled lemon, remaining scallion, and remaining 3 Tbsp. olive oil; season relish with salt and pepper.", 
    "Arrange fresh and reserved grilled citrus slices on a platter; place fish on top. Drizzle with walnut oil, season with sea salt and pepper, and sprinkle with poppy seeds. Serve relish alongside."
  ], 
  "keywords": [
    "Citrus", 
    "Dinner", 
    "Fish", 
    "Hot Pepper", 
    "Lemon", 
    "Lime", 
    "Oregano", 
    "Parsley", 
    "Poppy", 
    "Scallions", 
    "Sea Bass", 
    "summer casual recipes", 
    "Summer Food", 
    "Tarragon"
  ], 
  "name": "Grill-Steamed Sea Bass with Citrus Relish", 
  "proteinContent": "", 
  "saturatedFatContent": "", 
  "servings": "Servings: 4", 
  "sodiumContent": "", 
  "sugarContent": "", 
  "url": "http://www.bonappetit.com/recipe/grill-steamed-sea-bass-with-citrus-relish"
}