{
  "calories": "Calories (kcal) 330", 
  "carbohydrateContent": "Carbohydrates (g) 35", 
  "cholesterolContent": "Cholesterol (mg) 25", 
  "description": "Use store-bought pizza dough as the canvas for this spin on Alsatian pizza.", 
  "fatContent": "Fat (g) 18", 
  "fiberContent": "Dietary Fiber (g) 3", 
  "image": "http://www.bonappetit.com/wp-content/uploads/2013/09/grilled-flatbreads-with-apples-bacon-and-onion-940x600.jpg", 
  "ingredients": {
    "(1/4 stick) unsalted butter": {
      "flour": "Safe", 
      "gluten": "no gluten here!", 
      "quantity": "2", 
      "substitute": "no substitute needed", 
      "unit": "tablespoons"
    }, 
    "1-pound store-bought pizza dough, room temperature": {
      "flour": "Safe", 
      "gluten": "gluten here!", 
      "quantity": "1", 
      "substitute": "gluten-free dough", 
      "unit": ""
    }, 
    "all-purpose flour plus more": {
      "flour": {
        "type": {
          "binder": {
            "type": "xanthum gum", 
            "weight": 0.5
          }, 
          "density": {
            "type": "brown rice flour", 
            "weight": 0.142
          }, 
          "fat": {
            "type": "almond flour", 
            "weight": 0.142
          }, 
          "leavener": "", 
          "lightness": {
            "type": "white rice flour", 
            "weight": 0.284
          }, 
          "protein": {
            "type": "sorghum flour", 
            "weight": 0.142
          }, 
          "starch": {
            "type": "potato starch", 
            "weight": 0.284
          }, 
          "stickiness": "", 
          "texture": ""
        }, 
        "weight": 125
      }, 
      "gluten": "gluten here!", 
      "quantity": "2", 
      "substitute": "flour ratio", 
      "unit": "tablespoons"
    }, 
    "cayenne pepper": {
      "flour": "Safe", 
      "gluten": "no gluten here!", 
      "quantity": "", 
      "substitute": "no substitute needed", 
      "unit": ""
    }, 
    "chopped fresh rosemary": {
      "flour": "Safe", 
      "gluten": "no gluten here!", 
      "quantity": "1", 
      "substitute": "no substitute needed", 
      "unit": "tbsp"
    }, 
    "chopped fresh sage": {
      "flour": "Safe", 
      "gluten": "no gluten here!", 
      "quantity": "1", 
      "substitute": "no substitute needed", 
      "unit": "tbsp"
    }, 
    "chopped fresh thyme": {
      "flour": "Safe", 
      "gluten": "no gluten here!", 
      "quantity": "1", 
      "substitute": "no substitute needed", 
      "unit": "tbsp"
    }, 
    "coarsely grated cheddar, gruy\u00e8re, or fontina cheese (2 ounces)": {
      "flour": "Safe", 
      "gluten": "no gluten here!", 
      "quantity": "3/4", 
      "substitute": "no substitute needed", 
      "unit": "cup"
    }, 
    "cr\u00e8me fra\u00eeche or sour cream": {
      "flour": "Safe", 
      "gluten": "no gluten here!", 
      "quantity": "1", 
      "substitute": "no substitute needed", 
      "unit": "tbsp"
    }, 
    "firm, tart apples, such as cortland or pink lady, quartered, cored, cut into 1/2-inch wedges": {
      "flour": "Safe", 
      "gluten": "no gluten here!", 
      "quantity": "2", 
      "substitute": "no substitute needed", 
      "unit": ""
    }, 
    "freshly grated nutmeg": {
      "flour": "Safe", 
      "gluten": "no gluten here!", 
      "quantity": "", 
      "substitute": "no substitute needed", 
      "unit": ""
    }, 
    "freshly ground black pepper": {
      "flour": "Safe", 
      "gluten": "no gluten here!", 
      "quantity": "", 
      "substitute": "no substitute needed", 
      "unit": ""
    }, 
    "kosher salt": {
      "flour": "Safe", 
      "gluten": "no gluten here!", 
      "quantity": "", 
      "substitute": "no substitute needed", 
      "unit": ""
    }, 
    "olive oil, divided": {
      "flour": "Safe", 
      "gluten": "no gluten here!", 
      "quantity": "6", 
      "substitute": "no substitute needed", 
      "unit": "teaspoons"
    }, 
    "red onion, root end intact, cut into 1/2-inch wedges": {
      "flour": "Safe", 
      "gluten": "no gluten here!", 
      "quantity": "1", 
      "substitute": "no substitute needed", 
      "unit": ""
    }, 
    "slices thick-cut bacon, cut crosswise into 1/2-inch pieces": {
      "flour": "Safe", 
      "gluten": "no gluten here!", 
      "quantity": "6", 
      "substitute": "no substitute needed", 
      "unit": ""
    }, 
    "whole milk": {
      "flour": "Safe", 
      "gluten": "no gluten here!", 
      "quantity": "1", 
      "substitute": "no substitute needed", 
      "unit": "cup"
    }
  }, 
  "instructions": [
    "Heat butter in a medium saucepan over low heat until melted and just beginning to foam. Whisk in 2 Tbsp. flour; cook, stirring often, until flour begins to smell nutty, about 5 minutes. Whisk in milk; cook gently over low heat, stirring often, until mixture thickens, about 20 minutes. Add cheese; whisk until combined. Season Mornay sauce to taste with cayenne, nutmeg, and salt. DO AHEAD Mornay sauce can be made 2 days ahead. Cover and chill.", 
    "Cook bacon in a medium skillet over medium heat until crisp and browned; transfer to paper towels to drain; set aside.", 
    "Build a medium-hot fire in a charcoal grill, or heat a gas grill to high. Place onion in a medium bowl. Drizzle with 2 tsp. oil; season with salt and pepper. Grill onion, turning occasionally, until tender, about 10 minutes. Transfer to a large bowl. Place apples in same medium bowl; drizzle with 2 tsp. oil. Grill, turning occasionally, until charred in spots and tender, about 12 minutes.", 
    "Transfer apples to large bowl with onion; add rosemary, sage, thyme, and reserved bacon. Toss to combine. Season with salt and pepper and cover; keep warm.", 
    "Rewarm Mornay sauce over medium-low heat, stirring occasionally. Stir in cr\u00e8me fra\u00eeche and set aside.", 
    "Divide pizza dough into 2 equal pieces; shape each piece into a ball. Roll out each ball on a floured surface to an 8-inch round. Brush with 1 tsp. oil; place on grill, oiled sides down. Brush other sides with remaining 1 tsp. oil.", 
    "Grill flatbreads, watching carefully and moving as needed to promote even cooking and prevent burning, until charred and crisp on bottom, 1\u20132 minutes. Turn flatbreads over and cook until crisp and cooked through, 1\u20132 minutes longer. Transfer flatbreads to a work surface.", 
    "Spread half of warmed Mornay sauce over each flatbread. Top sauce with apple mixture. Cut flatbreads into wedges."
  ], 
  "keywords": [
    "Apple", 
    "Bacon Recipes", 
    "Bread Recipes", 
    "Fall Food", 
    "Pizza"
  ], 
  "name": "Grilled Flatbreads with Apples, Bacon, and Onion", 
  "proteinContent": "Protein (g) 10", 
  "saturatedFatContent": "Saturated Fat (g) 6", 
  "servings": "Servings: 8", 
  "sodiumContent": "Sodium (mg) 490", 
  "sugarContent": "Total Sugars (g) 8", 
  "url": "http://www.bonappetit.com/recipe/grilled-flatbreads-with-apples-bacon-and-onion"
}