{
  "calories": "", 
  "carbohydrateContent": "", 
  "cholesterolContent": "", 
  "description": "Letting the mushrooms cook undisturbed is the best way to get a good sear. Resist the urge to stir until they\u2019re browned.", 
  "fatContent": "", 
  "fiberContent": "", 
  "image": "http://www.bonappetit.com/wp-content/uploads/2013/10/grilled-brussels-sprouts-with-chanterelles.jpg", 
  "ingredients": {
    "brussels sprouts, trimmed, halved": {
      "flour": "Safe", 
      "gluten": "no gluten here!", 
      "quantity": "1\u00bd", 
      "substitute": "no substitute needed", 
      "unit": "pounds"
    }, 
    "chanterelles or crimini (baby bella) mushrooms, halved or quartered if large": {
      "flour": "Safe", 
      "gluten": "no gluten here!", 
      "quantity": "12", 
      "substitute": "no substitute needed", 
      "unit": "ounces"
    }, 
    "crushed red pepper flakes": {
      "flour": "Safe", 
      "gluten": "no gluten here!", 
      "quantity": "1", 
      "substitute": "no substitute needed", 
      "unit": "teaspoon"
    }, 
    "dry sherry": {
      "flour": "Safe", 
      "gluten": "no gluten here!", 
      "quantity": "2", 
      "substitute": "no substitute needed", 
      "unit": "tablespoons"
    }, 
    "fresh lemon juice": {
      "flour": "Safe", 
      "gluten": "no gluten here!", 
      "quantity": "2", 
      "substitute": "no substitute needed", 
      "unit": "tablespoons"
    }, 
    "garlic thinly sliced": {
      "flour": "Safe", 
      "gluten": "no gluten here!", 
      "quantity": "4", 
      "substitute": "no substitute needed", 
      "unit": "cloves"
    }, 
    "kosher salt and freshly ground black pepper": {
      "flour": "Safe", 
      "gluten": "no gluten here!", 
      "quantity": "", 
      "substitute": "no substitute needed", 
      "unit": ""
    }, 
    "large shallot, chopped": {
      "flour": "Safe", 
      "gluten": "no gluten here!", 
      "quantity": "1", 
      "substitute": "no substitute needed", 
      "unit": ""
    }, 
    "olive oil": {
      "flour": "Safe", 
      "gluten": "no gluten here!", 
      "quantity": "2", 
      "substitute": "no substitute needed", 
      "unit": "tablespoons"
    }, 
    "thick-cut bacon, sliced crosswise \u00bc&rdquo; thick": {
      "flour": "Safe", 
      "gluten": "no gluten here!", 
      "quantity": "4", 
      "substitute": "no substitute needed", 
      "unit": "ounces"
    }
  }, 
  "instructions": [
    "Prepare grill for medium-high heat. Toss brussels sprouts and oil in a medium bowl; season with salt and pepper. Transfer brussels sprouts to a grill basket and grill, tossing occasionally, until tender and lightly charred, 5\u20138 minutes. (Alternatively, cook brussels sprouts in a large grill pan or skillet over medium-high heat, 5\u20138 minutes.)", 
    "Cook bacon in a large skillet over medium-low heat, stirring occasionally, until crisp, 5\u20138 minutes. Transfer to a paper towel\u2013lined plate.", 
    "Add mushrooms to drippings in skillet, toss to coat, and cook without stirring, 3 minutes. Add shallot and garlic; cook, tossing often, until shallot is softened, about 5 minutes. Remove from heat and add Sherry and red pepper flakes. Cook until liquid is evaporated, about 1 minute. Add brussels sprouts and bacon and toss to combine. Add lemon juice; season with salt and pepper."
  ], 
  "keywords": [
    "Bacon Recipes", 
    "Brussels Sprouts", 
    "Fall Food", 
    "Grilled Vegetable Recipes", 
    "Grilling Food", 
    "Hot Pepper Recipes", 
    "Lemon Recipes", 
    "mondavi wine country recipes", 
    "Mushroom Recipes", 
    "Shallot Recipes", 
    "Sherry Recipes", 
    "Side", 
    "Sides", 
    "Thanksgiving"
  ], 
  "name": "Grilled Brussels Sprouts with Chanterelles", 
  "proteinContent": "", 
  "saturatedFatContent": "", 
  "servings": "Servings: 8", 
  "sodiumContent": "", 
  "sugarContent": "", 
  "url": "http://www.bonappetit.com/recipe/grilled-brussels-sprouts-with-chanterelles"
}