{
  "calories": "", 
  "carbohydrateContent": "", 
  "cholesterolContent": "", 
  "description": "This vinegary hot sauce will mellow with time; make it the day before for a little less spice.", 
  "fatContent": "", 
  "fiberContent": "", 
  "image": "http://www.bonappetit.com/wp-content/uploads/2014/07/fresno-chile-hot-sauce-940x600.jpg", 
  "ingredients": {
    "garlic cloves, peeled": {
      "flour": "Safe", 
      "gluten": "no gluten here!", 
      "quantity": "6", 
      "substitute": "no substitute needed", 
      "unit": ""
    }, 
    "kosher salt": {
      "flour": "Safe", 
      "gluten": "no gluten here!", 
      "quantity": "", 
      "substitute": "no substitute needed", 
      "unit": ""
    }, 
    "red wine vinegar": {
      "flour": "Safe", 
      "gluten": "no gluten here!", 
      "quantity": "3", 
      "substitute": "no substitute needed", 
      "unit": "tablespoons"
    }, 
    "stemmed fresno chiles (8\u201310)": {
      "flour": "Safe", 
      "gluten": "no gluten here!", 
      "quantity": "\u00bd", 
      "substitute": "no substitute needed", 
      "unit": "pound"
    }
  }, 
  "instructions": [
    "Cook chiles and garlic in a large saucepan of boiling salted water until chiles turn bright red, about 2 minutes; drain. Blend chiles, garlic, and vinegar in a blender until almost smooth; season with salt. Let cool.", 
    "DO AHEAD:Hot sauce can be made 1 week ahead. Cover and chill."
  ], 
  "keywords": [
    "Chile", 
    "Condiments", 
    "Hot Sauce", 
    "Mexican Food", 
    "Spicy Food"
  ], 
  "name": "Fresno Chile Hot Sauce", 
  "proteinContent": "", 
  "saturatedFatContent": "", 
  "servings": "Servings: Makes 1 cup", 
  "sodiumContent": "", 
  "sugarContent": "", 
  "url": "http://www.bonappetit.com/recipe/fresno-chile-hot-sauce"
}