{
  "calories": "", 
  "carbohydrateContent": "", 
  "cholesterolContent": "", 
  "fatContent": "", 
  "fiberContent": "", 
  "image": "http://www.bonappetit.com/wp-content/uploads/2012/12/frozen-chocolate-peppermint-buche-de-noel-646.jpg", 
  "ingredients": {
    "baking powder": {
      "flour": "Safe", 
      "gluten": "no gluten here!", 
      "quantity": "1", 
      "substitute": "no substitute needed", 
      "unit": "teaspoon"
    }, 
    "bittersweet chocolate  (do not exceed 61% cacao), chopped": {
      "flour": "Safe", 
      "gluten": "no gluten here!", 
      "quantity": "3", 
      "substitute": "no substitute needed", 
      "unit": "ounces"
    }, 
    "cake flour": {
      "flour": {
        "type": {
          "binder": {
            "type": "xanthum gum", 
            "weight": 0.5
          }, 
          "density": "", 
          "fat": {
            "type": "cashew flour", 
            "weight": 0.165
          }, 
          "leavener": "", 
          "lightness": {
            "type": "white rice flour", 
            "weight": 0.33
          }, 
          "protein": {
            "type": "sorghum flour", 
            "weight": 0.165
          }, 
          "starch": {
            "type": "cornstarch", 
            "weight": 0.33
          }, 
          "stickiness": "", 
          "texture": ""
        }, 
        "weight": 137
      }, 
      "gluten": "gluten here!", 
      "quantity": "3/4", 
      "substitute": "flour ratio", 
      "unit": "cup"
    }, 
    "coarsely crushed red-and-white-striped hard peppermint candies or candy canes": {
      "flour": "Safe", 
      "gluten": "no gluten here!", 
      "quantity": "1/3", 
      "substitute": "no substitute needed", 
      "unit": "cup"
    }, 
    "cream of tartar": {
      "flour": "Safe", 
      "gluten": "no gluten here!", 
      "quantity": "1/4", 
      "substitute": "no substitute needed", 
      "unit": "teaspoon"
    }, 
    "fresh camellia leaves or lemon leaves, wiped clean with damp cloth": {
      "flour": "Safe", 
      "gluten": "no gluten here!", 
      "quantity": "10", 
      "substitute": "no substitute needed", 
      "unit": ""
    }, 
    "fresh mint sprigs": {
      "flour": "Safe", 
      "gluten": "no gluten here!", 
      "quantity": "", 
      "substitute": "no substitute needed", 
      "unit": ""
    }, 
    "heavy whipping cream": {
      "flour": "Safe", 
      "gluten": "no gluten here!", 
      "quantity": "3/4", 
      "substitute": "no substitute needed", 
      "unit": "cup"
    }, 
    "large egg whites": {
      "flour": "Safe", 
      "gluten": "no gluten here!", 
      "quantity": "5", 
      "substitute": "no substitute needed", 
      "unit": ""
    }, 
    "large eggs, separated": {
      "flour": "Safe", 
      "gluten": "no gluten here!", 
      "quantity": "4", 
      "substitute": "no substitute needed", 
      "unit": ""
    }, 
    "natural unsweetened cocoa powder": {
      "flour": "Safe", 
      "gluten": "no gluten here!", 
      "quantity": "1/4", 
      "substitute": "no substitute needed", 
      "unit": "cup"
    }, 
    "nonstick vegetable oil spray": {
      "flour": "Safe", 
      "gluten": "no gluten here!", 
      "quantity": "", 
      "substitute": "no substitute needed", 
      "unit": ""
    }, 
    "peppermint stick ice cream": {
      "flour": "Safe", 
      "gluten": "no gluten here!", 
      "quantity": "2", 
      "substitute": "no substitute needed", 
      "unit": "pints"
    }, 
    "salt": {
      "flour": "Safe", 
      "gluten": "no gluten here!", 
      "quantity": "1/4", 
      "substitute": "no substitute needed", 
      "unit": "teaspoon"
    }, 
    "small candy canes": {
      "flour": "Safe", 
      "gluten": "no gluten here!", 
      "quantity": "", 
      "substitute": "no substitute needed", 
      "unit": ""
    }, 
    "small propane kitchen torch": {
      "flour": "Safe", 
      "gluten": "no gluten here!", 
      "quantity": "", 
      "substitute": "no substitute needed", 
      "unit": ""
    }, 
    "sugar": {
      "flour": "Safe", 
      "gluten": "no gluten here!", 
      "quantity": "3/4", 
      "substitute": "no substitute needed", 
      "unit": "cup"
    }, 
    "sugar, divided": {
      "flour": "Safe", 
      "gluten": "no gluten here!", 
      "quantity": "1", 
      "substitute": "no substitute needed", 
      "unit": "cup"
    }, 
    "vanilla extract": {
      "flour": "Safe", 
      "gluten": "no gluten here!", 
      "quantity": "1/2", 
      "substitute": "no substitute needed", 
      "unit": "teaspoon"
    }, 
    "vegetable oil": {
      "flour": "Safe", 
      "gluten": "no gluten here!", 
      "quantity": "2", 
      "substitute": "no substitute needed", 
      "unit": "tablespoons"
    }, 
    "water": {
      "flour": "Safe", 
      "gluten": "no gluten here!", 
      "quantity": "2", 
      "substitute": "no substitute needed", 
      "unit": "tablespoons"
    }
  }, 
  "instructions": [
    "Place chocolate in medium microwave-safe bowl. Bring cream to simmer in small saucepan. Pour cream over chocolate. Let stand 1 minute, then whisk until melted and smooth. DO AHEAD Can be made 1 week ahead. Cool, cover, and chill. Rewarm, uncovered, in microwave in 15-second intervals and whisk before using.", 
    "Stir chocolate in small saucepan over low heat until melted and smooth. Remove from heat. Using pastry brush, brush chocolate on underside (veined side) of 1 leaf to coat completely (do not allow chocolate to drip over edge of leaf). Place leaf, chocolate side up, on small foil-lined baking sheet. Repeat with remaining leaves. Chill, uncovered, until chocolate coating is cold and firm, at least 1 hour. Working with 1 leaf at a time, carefully peel green leaf away from chocolate. Return chocolate leaf to same sheet; discard green leaf. DO AHEAD Can be made 3 days ahead. Cover with plastic wrap and chill.", 
    "Position rack in center of oven and preheat to 375\u00b0F. Line 15x10x1-inch baking sheet with parchment. Coat paper with nonstick spray and dust with cocoa.", 
    "Sift 1/2 cup sugar, cake flour, 1/4 cup cocoa, baking powder, and salt into small bowl. Using electric mixer, beat egg yolks in large bowl until thick. Beat in oil, 2 tablespoons water, and vanilla. Gradually add dry ingredients, beating just until blended. Using clean dry beaters, beat egg whites and cream of tartar in medium bowl until soft peaks form. Gradually add remaining 1/2 cup sugar, beating until stiff but not dry. Fold 1/4 of whites into yolk mixture to lighten. Fold in remaining whites in 2 additions. Spread batter evenly on prepared baking sheet.", 
    "Bake cake until puffed and tester inserted into center comes out clean, about 12 minutes. Cool cake in pan on rack 10 minutes. Sift light layer of cocoa over large smooth kitchen towel (not terry cloth). Cut around pan sides. Turn cake out onto prepared towel, leaving 3-inch cloth border on 1 long side. Peel off parchment. Starting at long side with cloth border and using cloth as aid, roll up cake in towel (towel will be rolled up inside). Place cake, seam side down, on work surface; cool completely.", 
    "Microwave ice cream in 10-second intervals until barely softened. Unroll cake on work surface but leave on cloth. Dollop ice cream over cake by spoonfuls. Gently spread ice cream into even layer, leaving 1-inch plain border on long side opposite cloth border. Sprinkle ice cream with crushed candy. Using cloth as aid and starting at cloth border, roll up cake, enclosing ice cream in cake. Place cake, seam side down, on long platter; cover with plastic wrap. Freeze cake at least 8 hours or overnight.", 
    "Using electric mixer, beat egg whites and cream of tartar in large bowl to soft peaks. Gradually add sugar, beating until stiff but not dry. Beat in vanilla.", 
    "Cut off 1/8 of cake at angle at 1 end. Press cutoff part onto center of 1 side of log, cut side in. Spread meringue all over top, sides, and ends of cake. Using fork, make long grooves in meringue down length of cake and in circles on ends to resemble tree bark. Freeze cake until meringue is cold and firm, at least 3 hours. Using torch, brown meringue in random spots. Return cake to freezer. DO AHEAD Can be made 2 days ahead. Cover and keep frozen.", 
    "Garnish cake with chocolate leaves, fresh mint sprigs, and small candy canes. Cut cake crosswise into 1-inch-wide slices. Drizzle with warm chocolate sauce."
  ], 
  "keywords": [
    "Cake Recipes", 
    "Chocolate Recipes", 
    "Christmas Food", 
    "Cream Recipes", 
    "Dessert", 
    "Dinner Party Food", 
    "Egg Recipes", 
    "French Food", 
    "Frosting Recipes", 
    "Frozen Dessert Recipes", 
    "Ice Cream Recipes", 
    "Large Groups", 
    "Mint Recipes", 
    "Party Food", 
    "Sauce Recipes", 
    "Vanilla Recipes", 
    "Winter Food"
  ], 
  "name": "Frozen Chocolate-Peppermint B\u00fbche de No\u00ebl", 
  "proteinContent": "", 
  "saturatedFatContent": "", 
  "servings": "Servings: 12 to 14", 
  "sodiumContent": "", 
  "sugarContent": "", 
  "url": "http://www.bonappetit.com/recipe/frozen-chocolate-peppermint-b-che-de-no-l"
}