{
  "calories": "", 
  "carbohydrateContent": "", 
  "cholesterolContent": "", 
  "description": "The Indian flavors of this dish combine cooling spices (fennel, coriander) with the heat of a jalape\u00f1o. Remove the seeds from the pepper if you like things a little less fiery.", 
  "fatContent": "", 
  "fiberContent": "", 
  "image": "http://www.bonappetit.com/wp-content/uploads/2013/08/ginger-lime-cauliflower1.jpg", 
  "ingredients": {
    "2&rdquo; piece ginger, peeled": {
      "flour": "Safe", 
      "gluten": "no gluten here!", 
      "quantity": "1", 
      "substitute": "no substitute needed", 
      "unit": ""
    }, 
    "cilantro leaves with tender stems (for serving)": {
      "flour": "Safe", 
      "gluten": "no gluten here!", 
      "quantity": "", 
      "substitute": "no substitute needed", 
      "unit": ""
    }, 
    "cup fresh lime juice": {
      "flour": "Safe", 
      "gluten": "no gluten here!", 
      "quantity": "\u00bc", 
      "substitute": "no substitute needed", 
      "unit": ""
    }, 
    "medium head cauliflower, cut into \tsmall florets": {
      "flour": "Safe", 
      "gluten": "no gluten here!", 
      "quantity": "\u00bd", 
      "substitute": "no substitute needed", 
      "unit": ""
    }, 
    "tbsp. olive oil": {
      "flour": "Safe", 
      "gluten": "no gluten here!", 
      "quantity": "1", 
      "substitute": "no substitute needed", 
      "unit": ""
    }, 
    "tsp. fennel seeds": {
      "flour": "Safe", 
      "gluten": "no gluten here!", 
      "quantity": "1", 
      "substitute": "no substitute needed", 
      "unit": ""
    }, 
    "tsp. ground coriander": {
      "flour": "Safe", 
      "gluten": "no gluten here!", 
      "quantity": "1", 
      "substitute": "no substitute needed", 
      "unit": ""
    }, 
    "tsp. ground cumin": {
      "flour": "Safe", 
      "gluten": "no gluten here!", 
      "quantity": "1", 
      "substitute": "no substitute needed", 
      "unit": ""
    }, 
    "tsp. ground turmeric": {
      "flour": "Safe", 
      "gluten": "no gluten here!", 
      "quantity": "1", 
      "substitute": "no substitute needed", 
      "unit": ""
    }, 
    "tsp. kosher salt plus more": {
      "flour": "Safe", 
      "gluten": "no gluten here!", 
      "quantity": "\u00bd", 
      "substitute": "no substitute needed", 
      "unit": ""
    }, 
    "tsp. yellow mustard seeds": {
      "flour": "Safe", 
      "gluten": "no gluten here!", 
      "quantity": "1", 
      "substitute": "no substitute needed", 
      "unit": ""
    }
  }, 
  "instructions": [
    "Toss jalape\u00f1o and \u00bd tsp. salt in a small bowl. Finely grate ginger and squeeze juice into jalape\u00f1o mixture (you should have about 1 Tbsp. juice); discard pulp. Set jalape\u00f1o mixture aside.", 
    "Cook cauliflower in a medium pot of boiling salted water until tops of florets are slightly translucent, about 1 minute; drain and rinse under cold water. Set aside.", 
    "Cook oil and mustard seeds in a medium saucepan over medium-high heat, stirring, until seeds begin to pop, about 2 minutes. Add fennel seeds, coriander, cumin, and turmeric. Cook, stirring, until fragrant, about 1 minute. Remove saucepan from heat and mix in lime juice and reserved jalape\u00f1o mixture. Let cool; season with salt. Add reserved cauliflower to saucepan and let marinate at least 1 hour.", 
    "Top with cilantro just before serving.", 
    "DO AHEAD:Cauliflower can be made 3 days ahead. Cover and chill."
  ], 
  "keywords": [
    "Cauliflower", 
    "Cilantro", 
    "Coriander", 
    "Cumin Recipes", 
    "fat rice recipes", 
    "Ginger Recipes", 
    "Healthy Recipes", 
    "hot 10 recipes 2013", 
    "Indian Food", 
    "Jalapeno Recipes", 
    "Lime Recipes", 
    "Low Cholesterol Recipes", 
    "Low-Calorie Recipes", 
    "Mustard Recipes", 
    "Side", 
    "Sides", 
    "Turmeric Recipes", 
    "Vegetarian Recipes"
  ], 
  "name": "Ginger-Lime Cauliflower", 
  "proteinContent": "", 
  "saturatedFatContent": "", 
  "servings": "Servings: 6", 
  "sodiumContent": "", 
  "sugarContent": "", 
  "url": "http://www.bonappetit.com/recipe/ginger-lime-cauliflower"
}