{
  "calories": "", 
  "carbohydrateContent": "", 
  "cholesterolContent": "", 
  "fatContent": "", 
  "fiberContent": "", 
  "image": "http://www.bonappetit.com/wp-content/uploads/2013/06/grilled-avocaod-red-onion-recipe-940x600.jpg", 
  "ingredients": {
    "bunches scallions, trimmed": {
      "flour": "Safe", 
      "gluten": "no gluten here!", 
      "quantity": "3", 
      "substitute": "no substitute needed", 
      "unit": ""
    }, 
    "chile de \u00e1rbol, crushed, or pinch oftcayenne pepper": {
      "flour": "Safe", 
      "gluten": "no gluten here!", 
      "quantity": "1", 
      "substitute": "no substitute needed", 
      "unit": ""
    }, 
    "flaky sea salt (such as maldon)": {
      "flour": "Safe", 
      "gluten": "no gluten here!", 
      "quantity": "", 
      "substitute": "no substitute needed", 
      "unit": ""
    }, 
    "kosher salt and freshly ground black pepper": {
      "flour": "Safe", 
      "gluten": "no gluten here!", 
      "quantity": "", 
      "substitute": "no substitute needed", 
      "unit": ""
    }, 
    "lime wedges (for serving)": {
      "flour": "Safe", 
      "gluten": "no gluten here!", 
      "quantity": "", 
      "substitute": "no substitute needed", 
      "unit": ""
    }, 
    "medium red onion, sliced into 1/2-inch-thick rings": {
      "flour": "Safe", 
      "gluten": "no gluten here!", 
      "quantity": "1", 
      "substitute": "no substitute needed", 
      "unit": ""
    }, 
    "olive oil, divided, plus more for drizzling": {
      "flour": "Safe", 
      "gluten": "no gluten here!", 
      "quantity": "2", 
      "substitute": "no substitute needed", 
      "unit": "tablespoons"
    }, 
    "ripe avocados, halved, pitted": {
      "flour": "Safe", 
      "gluten": "no gluten here!", 
      "quantity": "2", 
      "substitute": "no substitute needed", 
      "unit": ""
    }
  }, 
  "instructions": [
    "Prepare a grill for medium-high heat. Combine onion and 1/2 tablespoon oil on a baking sheet, season with kosher salt and pepper, and toss to coat. Grill until softened and slightly charred in spots, about 4 minutes per side. Transfer to a plate.", 
    "Meanwhile, combine scallions and 1/2 tablespoon oil on same baking sheet, season with kosher salt and pepper, and toss to coat. Grill, turning often, until softened and slightly charred in spots, about 2 minutes. Transfer to plate with onion.", 
    "Rub cut sides of avocados with 1 tablespoon oil. Grill avocados, cut side down, until charred, about 30 seconds. Transfer to plate with onion and scallions. Drizzle avocados with oil, season with sea salt, and sprinkle with chile. Serve with lime wedges for squeezing over avocados."
  ], 
  "keywords": [
    "Avocado", 
    "Cayenne", 
    "Chicken Recipes", 
    "Chile", 
    "Grilled Vegetable Recipes", 
    "Grilling Food", 
    "Lime Recipes", 
    "Scllion Recipes", 
    "Side", 
    "Sides", 
    "Summer Sides"
  ], 
  "name": "Grilled Avocado, Scallion, and Red Onion", 
  "proteinContent": "", 
  "saturatedFatContent": "", 
  "servings": "Servings: 4", 
  "sodiumContent": "", 
  "sugarContent": "", 
  "url": "http://www.bonappetit.com/recipe/grilled-avocado-scallion-and-red-onion"
}