{
  "calories": "", 
  "carbohydrateContent": "", 
  "cholesterolContent": "", 
  "fatContent": "", 
  "fiberContent": "", 
  "image": "http://www.bonappetit.com/wp-content/uploads/2008/04/grilled-ham-and-gouda-sandwiches-with-frisee-and-caramelized-onions-646.jpg", 
  "ingredients": {
    "1/3-inch-thick slices country white bread or sourdough bread": {
      "flour": "Safe", 
      "gluten": "gluten here!", 
      "quantity": "4", 
      "substitute": "gluten-free bread", 
      "unit": ""
    }, 
    "extra-virgin olive oil": {
      "flour": "Safe", 
      "gluten": "no gluten here!", 
      "quantity": "1", 
      "substitute": "no substitute needed", 
      "unit": "tablespoon"
    }, 
    "gouda cheese, thinly sliced, divided": {
      "flour": "Safe", 
      "gluten": "no gluten here!", 
      "quantity": "3", 
      "substitute": "no substitute needed", 
      "unit": "ounces"
    }, 
    "large handfuls fris\u00e9e, torn into bite-size pieces (about 1 cup), divided": {
      "flour": "Safe", 
      "gluten": "no gluten here!", 
      "quantity": "2", 
      "substitute": "no substitute needed", 
      "unit": ""
    }, 
    "large onion, thinly sliced": {
      "flour": "Safe", 
      "gluten": "no gluten here!", 
      "quantity": "1", 
      "substitute": "no substitute needed", 
      "unit": ""
    }, 
    "thinly sliced smoked ham, divided": {
      "flour": "Safe", 
      "gluten": "no gluten here!", 
      "quantity": "4", 
      "substitute": "no substitute needed", 
      "unit": "ounces"
    }, 
    "unsalted butter, room temperature": {
      "flour": "Safe", 
      "gluten": "no gluten here!", 
      "quantity": "", 
      "substitute": "no substitute needed", 
      "unit": ""
    }
  }, 
  "instructions": [
    "Heat oil in large nonstick skillet over medium heat. Add onion; saut\u00e9 5 minutes. Reduce heat to medium-low; cover and cook until onion is very tender and golden, stirring frequently, about 25 minutes longer. Season with salt and pepper. Cool slightly.", 
    "Butter 2 bread slices. Place bread, buttered side down, on platter. Divide onion, ham, cheese, and fris\u00e9e between bread slices. Top each with another bread slice; butter top slices.", 
    "Heat another large nonstick skillet over medium heat. Add sandwiches and cook until bread is golden brown and cheese melts, pressing occasionally with spatula, about 4 minutes per side. Cut sandwiches in half diagonally and serve immediately."
  ], 
  "keywords": [
    "American", 
    "American Food", 
    "Bread", 
    "Brunch", 
    "Butter", 
    "Cheese", 
    "Comfort Food", 
    "Frisee", 
    "Gouda", 
    "Grilled Cheese", 
    "Grilling", 
    "Ham", 
    "Leafy Green", 
    "Lunch", 
    "Main Course", 
    "Main Dishes", 
    "Meat", 
    "Meat Recipes", 
    "Onion", 
    "Pork", 
    "Pork Recipes", 
    "Quick &amp; Easy", 
    "Sandwich", 
    "Sandwich Recipes", 
    "Sandwiches", 
    "Smoked Ham"
  ], 
  "name": "Grilled Ham And Gouda Sandwiches With Frisee And Caramelized Onions", 
  "proteinContent": "", 
  "saturatedFatContent": "", 
  "servings": "Servings: 2", 
  "sodiumContent": "", 
  "sugarContent": "", 
  "url": "http://www.bonappetit.com/recipe/grilled-ham-and-gouda-sandwiches-with-frisee-and-caramelized-onions"
}