{
  "calories": "", 
  "carbohydrateContent": "", 
  "cholesterolContent": "", 
  "description": "Prefer a turkey, pork, or lamb sausage? By all means, use that instead.", 
  "fatContent": "", 
  "fiberContent": "", 
  "image": "http://www.bonappetit.com/wp-content/uploads/2014/08/grilled-chicken-sausages-kale-pecorino-940x600.jpg", 
  "ingredients": {
    "fresh chicken sausages": {
      "flour": "Safe", 
      "gluten": "no gluten here!", 
      "quantity": "1\u00bd", 
      "substitute": "no substitute needed", 
      "unit": "pound"
    }, 
    "fresh lemon juice": {
      "flour": "Safe", 
      "gluten": "no gluten here!", 
      "quantity": "1", 
      "substitute": "no substitute needed", 
      "unit": "tablespoon"
    }, 
    "kosher salt and freshly ground black pepper": {
      "flour": "Safe", 
      "gluten": "no gluten here!", 
      "quantity": "", 
      "substitute": "no substitute needed", 
      "unit": ""
    }, 
    "olive oil, divided": {
      "flour": "Safe", 
      "gluten": "no gluten here!", 
      "quantity": "3", 
      "substitute": "no substitute needed", 
      "unit": "tablespoons"
    }, 
    "pecorino, finely grated (about \u00bc cup)": {
      "flour": "Safe", 
      "gluten": "no gluten here!", 
      "quantity": "1", 
      "substitute": "no substitute needed", 
      "unit": "ounce"
    }, 
    "small shallot, finely chopped": {
      "flour": "Safe", 
      "gluten": "no gluten here!", 
      "quantity": "1", 
      "substitute": "no substitute needed", 
      "unit": ""
    }, 
    "tuscan kale, sliced (about 4 cups)": {
      "flour": "Safe", 
      "gluten": "no gluten here!", 
      "quantity": "1", 
      "substitute": "no substitute needed", 
      "unit": "bunch"
    }, 
    "whole grain mustard (for serving)": {
      "flour": "Safe", 
      "gluten": "no gluten here!", 
      "quantity": "", 
      "substitute": "no substitute needed", 
      "unit": ""
    }
  }, 
  "instructions": [
    "Heat 1 Tbsp. oil in a large skillet over medium heat. Cook sausages, turning occasionally, until browned and cooked through, 12\u201315 minutes.", 
    "Meanwhile, toss kale, shallot, Pecorino, lemon juice, and remaining 2 Tbsp. oil in large bowl; season with salt and pepper.", 
    "Serve sausages and kale mixture with mustard."
  ], 
  "keywords": [
    "Chicken Recipes", 
    "Dinner", 
    "Kale", 
    "Kid-Friendly Recipes", 
    "Lemon", 
    "Mustard", 
    "Pecorino", 
    "Sausage", 
    "Shallot"
  ], 
  "name": "Grilled Chicken Sausages with Shredded Kale and Pecorino", 
  "proteinContent": "", 
  "saturatedFatContent": "", 
  "servings": "Servings: 4", 
  "sodiumContent": "", 
  "sugarContent": "", 
  "url": "http://www.bonappetit.com/recipe/grilled-chicken-sausages-with-shredded-kale-and-pecorino"
}