{
  "calories": "Calories (kcal) 417.8", 
  "carbohydrateContent": "Carbohydrates (g) 15.8", 
  "cholesterolContent": "Cholesterol (mg) 58.1", 
  "fatContent": "Fat (g) 22.3", 
  "fiberContent": "Dietary Fiber (g) 4.8", 
  "image": "http://www.bonappetit.com/wp-content/uploads/2010/05/gwyneth-paltrow-s-grilled-halibut-with-mango-avocado-salsa-940x600.jpg", 
  "ingredients": {
    "6-ounce halibut or mahi-mahi fillets": {
      "flour": "Safe", 
      "gluten": "no gluten here!", 
      "quantity": "4", 
      "substitute": "no substitute needed", 
      "unit": ""
    }, 
    "cherry tomatoes, quartered": {
      "flour": "Safe", 
      "gluten": "no gluten here!", 
      "quantity": "1", 
      "substitute": "no substitute needed", 
      "unit": "cup"
    }, 
    "extra-virgin olive oil, divided, plus more for brushing": {
      "flour": "Safe", 
      "gluten": "no gluten here!", 
      "quantity": "3", 
      "substitute": "no substitute needed", 
      "unit": "tablespoons"
    }, 
    "fresh lime juice, dividedt": {
      "flour": "Safe", 
      "gluten": "no gluten here!", 
      "quantity": "3", 
      "substitute": "no substitute needed", 
      "unit": "tablespoons"
    }, 
    "kosher salt and freshly ground black pepper": {
      "flour": "Safe", 
      "gluten": "no gluten here!", 
      "quantity": "", 
      "substitute": "no substitute needed", 
      "unit": ""
    }, 
    "large fresh basil leaves, thinly sliced": {
      "flour": "Safe", 
      "gluten": "no gluten here!", 
      "quantity": "4", 
      "substitute": "no substitute needed", 
      "unit": ""
    }, 
    "lime wedges": {
      "flour": "Safe", 
      "gluten": "no gluten here!", 
      "quantity": "4", 
      "substitute": "no substitute needed", 
      "unit": ""
    }, 
    "medium ripe avocado, peeled and cut into 1/2' dice": {
      "flour": "Safe", 
      "gluten": "no gluten here!", 
      "quantity": "1", 
      "substitute": "no substitute needed", 
      "unit": ""
    }, 
    "medium ripe mango, peeled and cut into 1/2' dice": {
      "flour": "Safe", 
      "gluten": "no gluten here!", 
      "quantity": "1", 
      "substitute": "no substitute needed", 
      "unit": ""
    }
  }, 
  "instructions": [
    "Prepare a grill to medium-high heat. Gently combine the avocado, mango, tomatoes, basil, 1 tablespoon oil, and 1 tablespoon lime juice in a large mixing bowl. Season salsa to taste with salt and pepper and set aside at room temperature, gently tossing occasionally.", 
    "Place fish fillets in a 13x9x2\" glass baking dish. Drizzle remaining 2 tablespoon oil and 2 tablespoon lime juice over. Season fish with salt and pepper. Let marinate at room temperature for  10 minutes, turning fish occasionally.", 
    "Brush grill rack with oil. Grill fish until just opaque in center, about 5 minutes per side. Transfer to plates. Spoon mango-avocado salsa over fish. Squeeze a lime wedge over each and serve."
  ], 
  "keywords": [
    "Avocado", 
    "Basil Recipes", 
    "Caribbean Food", 
    "Dinner", 
    "Dinner Party Food", 
    "Fish", 
    "Fish Recipes", 
    "Fruit Recipes", 
    "Grilling Food", 
    "Grilling Recipes", 
    "Halibut Recipes", 
    "Herb Recipes", 
    "High Fiber", 
    "Lime Juice Recipes", 
    "Low Cal Recipes", 
    "Mahi-Mahi Recipes", 
    "Main Course", 
    "Mango Recipes", 
    "Mexican Food", 
    "Salsa Recipes", 
    "Summer Food", 
    "Tomato Recipes"
  ], 
  "name": "Gwyneth Paltrow's Grilled Halibut with Mango-Avocado Salsa", 
  "proteinContent": "Protein (g) 39.5", 
  "saturatedFatContent": "Saturated Fat (g) 3.2", 
  "servings": "Servings: 4", 
  "sodiumContent": "Sodium (mg) 106.0", 
  "sugarContent": "Total Sugars (g) 9.2", 
  "url": "http://www.bonappetit.com/recipe/gwyneth-paltrow-s-grilled-halibut-with-mango-avocado-salsa"
}