{
  "calories": "", 
  "carbohydrateContent": "", 
  "cholesterolContent": "", 
  "fatContent": "", 
  "fiberContent": "", 
  "image": "http://www.bonappetit.com/wp-content/uploads/2008/04/grilled-lobster-paella-646.jpg", 
  "ingredients": {
    "1-1 1/4-pound lobsters, halved lengthwise, claws cracked": {
      "flour": "Safe", 
      "gluten": "no gluten here!", 
      "quantity": "3", 
      "substitute": "no substitute needed", 
      "unit": ""
    }, 
    "finely chopped fresh flat-leaf parsley": {
      "flour": "Safe", 
      "gluten": "no gluten here!", 
      "quantity": "1/2", 
      "substitute": "no substitute needed", 
      "unit": "cup"
    }, 
    "fresh shelled peas or frozen peas, thawed t": {
      "flour": "Safe", 
      "gluten": "no gluten here!", 
      "quantity": "2", 
      "substitute": "no substitute needed", 
      "unit": "cups"
    }, 
    "hot seafood or chicken stock t": {
      "flour": "Safe", 
      "gluten": "no gluten here!", 
      "quantity": "7", 
      "substitute": "no substitute needed", 
      "unit": "cups"
    }, 
    "kosher salt": {
      "flour": "Safe", 
      "gluten": "no gluten here!", 
      "quantity": "", 
      "substitute": "no substitute needed", 
      "unit": ""
    }, 
    "lemons, halved": {
      "flour": "Safe", 
      "gluten": "no gluten here!", 
      "quantity": "3", 
      "substitute": "no substitute needed", 
      "unit": ""
    }, 
    "olive oil": {
      "flour": "Safe", 
      "gluten": "no gluten here!", 
      "quantity": "1/2", 
      "substitute": "no substitute needed", 
      "unit": "cup"
    }, 
    "saffron threads": {
      "flour": "Safe", 
      "gluten": "no gluten here!", 
      "quantity": "1/4", 
      "substitute": "no substitute needed", 
      "unit": "teaspoon"
    }, 
    "short-grain rice": {
      "flour": "Safe", 
      "gluten": "no gluten here!", 
      "quantity": "2 1/2", 
      "substitute": "no substitute needed", 
      "unit": "cups"
    }, 
    "smoked paprika": {
      "flour": "Safe", 
      "gluten": "no gluten here!", 
      "quantity": "1", 
      "substitute": "no substitute needed", 
      "unit": "tablespoon"
    }, 
    "spanish chorizo, sliced into 1/2'-thick rounds": {
      "flour": "Safe", 
      "gluten": "no gluten here!", 
      "quantity": "3/4", 
      "substitute": "no substitute needed", 
      "unit": "pound"
    }, 
    "stalks green garlic, thinly sliced, or 2 finely chopped leeks, white and light-green parts only": {
      "flour": "Safe", 
      "gluten": "no gluten here!", 
      "quantity": "6", 
      "substitute": "no substitute needed", 
      "unit": ""
    }
  }, 
  "instructions": [
    "Prepare a hot fire in a charcoal grill. Let burn down to red-hot coals; rake to edge of grill. (For backup, start a second round of coals in a charcoal chimney on pavement nearby.) Put paella pan on grill grate; heat olive oil. Add chorizo and green garlic or leeks; cook until golden, 3-4 minutes.", 
    "Add smoked paprika and rice; cook, stirring often, until rice is coated, 2 minutes. Add saffron threads to hot stock. Add stock to pan and season to taste with kosher salt; stir to distribute ingredients. Let cook, undisturbed, until stock simmers and rice begins to absorb liquid, about 10 minutes. Rotate pan every 2-3 minutes to cook evenly.", 
    "Arrange lobster halves over the rice. Continue cooking, rotating the pan often, as the rice swells and absorbs the stock. Add more coals from charcoal chimney to maintain even heat under the pan. Cook until the rice is almost tender and the lobster is cooked through, about 10 more minutes.", 
    "Scatter peas on top. (If the liquid evaporates before the rice is tender, add more hot stock.) Cook without stirring, allowing rice to absorb all of the liquid, so that a crust (the socarrat) develops on the bottom and the edges begin to dry out and get crusty, 5-10 minutes, for a total cooking time of about 40 minutes.", 
    "Remove pan from grill. Cover with large clean kitchen towels and let rest for 5 minutes. Garnish with parsley and serve with lemons, making sure to scrape some of the socarrat from the bottom of the pan onto each plate."
  ], 
  "keywords": [
    "Chicken Recipes", 
    "Chorizo", 
    "Citrus Recipes", 
    "Dinner", 
    "Garlic Recipes", 
    "Grilled Seafood Recipes", 
    "Grilling Food", 
    "Herb Recipes", 
    "Large Groups", 
    "Lemon Recipes", 
    "Lobster Recipes", 
    "Lunch", 
    "Paella Recipes", 
    "Parsley Recipes", 
    "Party Food", 
    "Pea Recipes", 
    "Pimenton Recipes", 
    "Potluck Food", 
    "Rice Recipes", 
    "Saffron Recipes", 
    "Sausage Recipes", 
    "Seafood Recipes", 
    "Shellfish", 
    "Smoked Paprika Recipes", 
    "Spanish Food", 
    "Spice Recipes", 
    "Spring Garlic Recipes"
  ], 
  "name": "Grilled Lobster Paella", 
  "proteinContent": "", 
  "saturatedFatContent": "", 
  "servings": "Servings: 6", 
  "sodiumContent": "", 
  "sugarContent": "", 
  "url": "http://www.bonappetit.com/recipe/grilled-lobster-paella"
}