{
  "calories": "Calories (kcal) 70", 
  "carbohydrateContent": "Carbohydrates (g) 20", 
  "cholesterolContent": "Cholesterol (mg) 0", 
  "description": "For this granita, sweet honeydew melon is flecked with floral pink peppercorns and mint. Remember: One of the great things about making granita is that no ice cream maker is needed.", 
  "fatContent": "Fat (g) 0", 
  "fiberContent": "Dietary Fiber (g)  1", 
  "image": "http://www.bonappetit.com/wp-content/uploads/2013/09/honeydew-granita-with-pink-peppercorns-and-mint-940.jpg", 
  "ingredients": {
    "1\" cubes peeled honeydew melon plus more chopped honeydew melon for serving": {
      "flour": "Safe", 
      "gluten": "no gluten here!", 
      "quantity": "4", 
      "substitute": "no substitute needed", 
      "unit": "cups"
    }, 
    "dried mint or 1 mint tea bag": {
      "flour": "Safe", 
      "gluten": "no gluten here!", 
      "quantity": "1", 
      "substitute": "no substitute needed", 
      "unit": "tsp"
    }, 
    "pink peppercorns, crushed": {
      "flour": "Safe", 
      "gluten": "no gluten here!", 
      "quantity": "1 1/2", 
      "substitute": "no substitute needed", 
      "unit": "teaspoon"
    }, 
    "sugar": {
      "flour": "Safe", 
      "gluten": "no gluten here!", 
      "quantity": "1/4", 
      "substitute": "no substitute needed", 
      "unit": "cup"
    }
  }, 
  "instructions": [
    "Stir sugar and 1/4 cup water in a small saucepan over medium heat until sugar dissolves and mixture just comes to a boil. Add pink peppercorns and mint (if using tea bag, empty tea into saucepan); cover and let syrup steep for 30 minutes. Strain syrup through a coarse-mesh sieve (you want some smaller flecks of mint and peppercorn, but not the large pieces of peppercorn) into a small bowl. Place syrup and melon in a food processor. Pur\u00e9e until smooth.", 
    "Transfer melon mixture to a shallow glass dish, cover, and freeze for 1 hour. Remove from freezer; using a fork, scrape mixture to break frozen portions into tiny pieces. Freeze, scraping mixture with a fork every hour, until mixture resembles fluffy shaved ice.", 
    "Divide among bowls. Serve with chopped melon."
  ], 
  "keywords": [
    "Desserts", 
    "Frozen Desserts", 
    "Healthy Desserts", 
    "Honeydew Recipes", 
    "Melon Recipes", 
    "Mint Recipes", 
    "Summer Desserts", 
    "Summer Food"
  ], 
  "name": "Honeydew Granita with Pink Peppercorns and Mint", 
  "proteinContent": "Protein (g) 1", 
  "saturatedFatContent": "Saturated Fat (g) 0", 
  "servings": "Servings: 4-6", 
  "sodiumContent": "Sodium (mg) 25", 
  "sugarContent": "Total Sugars (g) 18", 
  "url": "http://www.bonappetit.com/recipe/honeydew-granita-with-pink-peppercorns-and-mint"
}