{
  "calories": "", 
  "carbohydrateContent": "", 
  "cholesterolContent": "", 
  "description": "Otherwise known as the triple-threat chocolate cookie: melted, chopped, and drizzled. You\u2019re welcome.", 
  "fatContent": "", 
  "fiberContent": "", 
  "image": "http://www.bonappetit.com/wp-content/uploads/2014/01/glazed-chocolate-creme-fraiche-cookies-940x600.jpg", 
  "ingredients": {
    "(1 stick) unsalted butter, room temperature": {
      "flour": "Safe", 
      "gluten": "no gluten here!", 
      "quantity": "\u00bd", 
      "substitute": "no substitute needed", 
      "unit": "cup"
    }, 
    "(packed) brown sugar": {
      "flour": "Safe", 
      "gluten": "no gluten here!", 
      "quantity": "1\u00bd", 
      "substitute": "no substitute needed", 
      "unit": "cups"
    }, 
    "all-purpose flour": {
      "flour": {
        "type": {
          "binder": {
            "type": "xanthum gum", 
            "weight": 0.5
          }, 
          "density": {
            "type": "brown rice flour", 
            "weight": 0.142
          }, 
          "fat": {
            "type": "almond flour", 
            "weight": 0.142
          }, 
          "leavener": "", 
          "lightness": {
            "type": "white rice flour", 
            "weight": 0.284
          }, 
          "protein": {
            "type": "sorghum flour", 
            "weight": 0.142
          }, 
          "starch": {
            "type": "potato starch", 
            "weight": 0.284
          }, 
          "stickiness": "", 
          "texture": ""
        }, 
        "weight": 125
      }, 
      "gluten": "gluten here!", 
      "quantity": "\u00bc", 
      "substitute": "flour ratio", 
      "unit": "cup"
    }, 
    "baking powder": {
      "flour": "Safe", 
      "gluten": "no gluten here!", 
      "quantity": "1\u00bd", 
      "substitute": "no substitute needed", 
      "unit": "teaspoon"
    }, 
    "cr\u00e8me fra\u00eeche or sour cream": {
      "flour": "Safe", 
      "gluten": "no gluten here!", 
      "quantity": "2", 
      "substitute": "no substitute needed", 
      "unit": "tablespoons"
    }, 
    "kosher salt": {
      "flour": "Safe", 
      "gluten": "no gluten here!", 
      "quantity": "1", 
      "substitute": "no substitute needed", 
      "unit": "teaspoon"
    }, 
    "large eggs": {
      "flour": "Safe", 
      "gluten": "no gluten here!", 
      "quantity": "4", 
      "substitute": "no substitute needed", 
      "unit": ""
    }, 
    "oz. bittersweet chocolate (at least 70% cacao), chopped, divided": {
      "flour": "Safe", 
      "gluten": "no gluten here!", 
      "quantity": "20", 
      "substitute": "no substitute needed", 
      "unit": ""
    }
  }, 
  "instructions": [
    "Place racks in lower and upper thirds of oven; preheat to 325\u00b0. Heat 8 oz. chocolate in a heatproof bowl set over a saucepan of simmering water (bowl should not touch water), stirring until chocolate is melted; let cool slightly. Reserve saucepan for melting more chocolate for glaze.", 
    "Whisk flour, baking powder, and salt in a small bowl; set aside. Using an electric mixer on medium-high speed, beat brown sugar and butter until light and fluffy, about 4 minutes. Add eggs and cr\u00e8me fra\u00eeche and beat until just combined. Reduce speed to low and gradually mix in melted chocolate; reserve chocolate bowl. Mix in dry ingredients just to combine; fold in 8 oz. chopped chocolate. Cover and chill dough until firm, at least 30 minutes.", 
    "Drop heaping tablespoonfuls of dough onto parchment-lined baking sheets, spacing 2&rdquo; apart. Bake cookies, rotating sheets halfway through, until edges are set but centers are still slightly soft, 15\u201320 minutes. Let cookies cool on baking sheets 5 minutes. Transfer to wire racks and let cool.", 
    "Melt remaining 4 oz. chocolate in reserved bowl set over reserved saucepan of simmering water. Let chocolate cool slightly, then dip or drizzle cookies with chocolate as desired. Let sit until chocolate is set, 15\u201320 minutes.", 
    "DO AHEAD:Cookies can be made 2 days ahead; store airtight at room temperature."
  ], 
  "keywords": [
    "Chocolate Recipes", 
    "Cookie Recipes", 
    "Creme Fraiche Recipes", 
    "Desserts", 
    "mast brothers chocolate recipes", 
    "Sour Cream Recipes"
  ], 
  "name": "Glazed Chocolate\u2013Cr\u00e8me Fra\u00eeche Cookies", 
  "proteinContent": "", 
  "saturatedFatContent": "", 
  "servings": "Servings: Makes about 4 dozen", 
  "sodiumContent": "", 
  "sugarContent": "", 
  "url": "http://www.bonappetit.com/recipe/glazed-chocolate-creme-fraiche-cookies"
}