{
  "calories": "", 
  "carbohydrateContent": "", 
  "cholesterolContent": "", 
  "fatContent": "", 
  "fiberContent": "", 
  "image": "http://www.bonappetit.com/wp-content/uploads/2004/10/baked-yams-wiht-ginger-molasses-butter.jpg", 
  "ingredients": {
    "": {
      "flour": "Safe", 
      "gluten": "no gluten here!", 
      "quantity": "", 
      "substitute": "no substitute needed", 
      "unit": ""
    }, 
    "(1 stick) unsalted butter, room temperature": {
      "flour": "Safe", 
      "gluten": "no gluten here!", 
      "quantity": "1/2", 
      "substitute": "no substitute needed", 
      "unit": "cup"
    }, 
    "(packed) golden brown sugar": {
      "flour": "Safe", 
      "gluten": "no gluten here!", 
      "quantity": "3", 
      "substitute": "no substitute needed", 
      "unit": "tablespoons"
    }, 
    "8-ounce yams (red-skinned sweet potatoes), rinsed, patted dry": {
      "flour": "Safe", 
      "gluten": "no gluten here!", 
      "quantity": "6", 
      "substitute": "no substitute needed", 
      "unit": ""
    }, 
    "ground cinnamon": {
      "flour": "Safe", 
      "gluten": "no gluten here!", 
      "quantity": "1/4", 
      "substitute": "no substitute needed", 
      "unit": "teaspoon"
    }, 
    "ground ginger": {
      "flour": "Safe", 
      "gluten": "no gluten here!", 
      "quantity": "1/2", 
      "substitute": "no substitute needed", 
      "unit": "teaspoon"
    }, 
    "mild-flavored (light) molasses": {
      "flour": "Safe", 
      "gluten": "no gluten here!", 
      "quantity": "1", 
      "substitute": "no substitute needed", 
      "unit": "tablespoon"
    }, 
    "minced crystallized ginger": {
      "flour": "Safe", 
      "gluten": "no gluten here!", 
      "quantity": "3", 
      "substitute": "no substitute needed", 
      "unit": "tablespoons"
    }, 
    "pinch of ground cloves": {
      "flour": "Safe", 
      "gluten": "no gluten here!", 
      "quantity": "", 
      "substitute": "no substitute needed", 
      "unit": ""
    }
  }, 
  "instructions": [
    "Mix first 6 ingredients in small bowl to blend. Stir in crystallized ginger. Season with salt and generous amount of pepper. DO AHEAD Can be made 3 days ahead. Cover; chill. Bring ginger-molasses butter to room temperature before using.", 
    "Preheat oven to 350\u00b0F. Pierce yams in several places with fork; bake on rimmed baking sheet until tender when pierced with fork, about 50 minutes.", 
    "Cut lengthwise slit in each yam and press in ends to open top. Spoon 2 tablespoons ginger-molasses butter into each yam and serve."
  ], 
  "keywords": [
    "American Food", 
    "Cinnamon Recipes", 
    "Dinner Party Food", 
    "Fall Food", 
    "Ginger Recipes", 
    "Molasses Recipes", 
    "Potato Recipes", 
    "Side", 
    "Sweet Potato Recipes", 
    "Thanksgiving", 
    "Vegetable Recipes", 
    "Vegetarian Recipes", 
    "Yam Recipes"
  ], 
  "name": "Baked Yams with Ginger-Molasses Butter", 
  "proteinContent": "", 
  "saturatedFatContent": "", 
  "servings": "Servings: 6", 
  "sodiumContent": "", 
  "sugarContent": "", 
  "url": "http://www.bonappetit.com/recipe/baked-yams-with-ginger-molasses-butter"
}