{
  "calories": "", 
  "carbohydrateContent": "", 
  "cholesterolContent": "", 
  "description": "Compound butter is a great way to get flavor into a roast chicken. Here's a North African-inspired version", 
  "fatContent": "", 
  "fiberContent": "", 
  "image": "http://www.bonappetit.com/wp-content/uploads/2013/10/harissa-compound-butter-940x600.jpg", 
  "ingredients": {
    "(1/2 stick) unsalted butter, room temperature": {
      "flour": "Safe", 
      "gluten": "no gluten here!", 
      "quantity": "1/4", 
      "substitute": "no substitute needed", 
      "unit": "cup"
    }, 
    "chopped fresh mint": {
      "flour": "Safe", 
      "gluten": "no gluten here!", 
      "quantity": "1/4", 
      "substitute": "no substitute needed", 
      "unit": "cup"
    }, 
    "harissa paste": {
      "flour": "Safe", 
      "gluten": "no gluten here!", 
      "quantity": "3", 
      "substitute": "no substitute needed", 
      "unit": "tablespoons"
    }, 
    "kosher salt": {
      "flour": "Safe", 
      "gluten": "no gluten here!", 
      "quantity": "1", 
      "substitute": "no substitute needed", 
      "unit": "teaspoon"
    }
  }, 
  "instructions": [
    "Harissa paste, a spicy North African red chile paste, is available at Middle Eastern markets and some specialty foods stores, and online.", 
    "Process all ingredients in a food processor until smooth.", 
    "DO AHEAD:Butter can be made 5 days ahead. Wrap tightly and chill, or freeze up to 1 month."
  ], 
  "keywords": [
    "Butter", 
    "Compound Butter", 
    "Harissa Recipes", 
    "Mint Recipes"
  ], 
  "name": "Harissa Compound Butter", 
  "proteinContent": "", 
  "saturatedFatContent": "", 
  "servings": "", 
  "sodiumContent": "", 
  "sugarContent": "", 
  "url": "http://www.bonappetit.com/recipe/harissa-compound-butter"
}