{
  "calories": "", 
  "carbohydrateContent": "", 
  "cholesterolContent": "", 
  "fatContent": "", 
  "fiberContent": "", 
  "image": "http://www.bonappetit.com/wp-content/uploads/2006/06/fresh-corn-saute-with-tomatoes-squash-and-fried-okra-940x600.jpg", 
  "ingredients": {
    "(or more) cayenne pepper": {
      "flour": "Safe", 
      "gluten": "no gluten here!", 
      "quantity": "1/4", 
      "substitute": "no substitute needed", 
      "unit": "teaspoon"
    }, 
    "12-ounce bag cherry tomatoes, halved (2 cups)": {
      "flour": "Safe", 
      "gluten": "no gluten here!", 
      "quantity": "1", 
      "substitute": "no substitute needed", 
      "unit": ""
    }, 
    "baby green pattypan squash, each cut into 6 pieces": {
      "flour": "Safe", 
      "gluten": "no gluten here!", 
      "quantity": "6", 
      "substitute": "no substitute needed", 
      "unit": ""
    }, 
    "chopped fresh cilantro": {
      "flour": "Safe", 
      "gluten": "no gluten here!", 
      "quantity": "2", 
      "substitute": "no substitute needed", 
      "unit": "tablespoons"
    }, 
    "fresh corn kernels (cut from about 3 ears of corn)": {
      "flour": "Safe", 
      "gluten": "no gluten here!", 
      "quantity": "2", 
      "substitute": "no substitute needed", 
      "unit": "cups"
    }, 
    "garlic cloves, chopped": {
      "flour": "Safe", 
      "gluten": "no gluten here!", 
      "quantity": "2", 
      "substitute": "no substitute needed", 
      "unit": ""
    }, 
    "green onions, chopped": {
      "flour": "Safe", 
      "gluten": "no gluten here!", 
      "quantity": "2", 
      "substitute": "no substitute needed", 
      "unit": ""
    }, 
    "okra pods, cut crosswise into 1/2-inch pieces": {
      "flour": "Safe", 
      "gluten": "no gluten here!", 
      "quantity": "12", 
      "substitute": "no substitute needed", 
      "unit": ""
    }, 
    "olive oil, divided": {
      "flour": "Safe", 
      "gluten": "no gluten here!", 
      "quantity": "6", 
      "substitute": "no substitute needed", 
      "unit": "tablespoons"
    }, 
    "yellow cornmeal": {
      "flour": "Safe", 
      "gluten": "no gluten here!", 
      "quantity": "1/2", 
      "substitute": "no substitute needed", 
      "unit": "cup"
    }
  }, 
  "instructions": [
    "Mix cornmeal and 1/4 teaspoon cayenne in small bowl. Add okra and toss lightly to coat. Pour okra into sieve and shake off excess cornmeal.", 
    "Heat 4 tablespoons oil in heavy large skillet over medium heat. Add okra and saut\u00e9 until coating is golden brown, stirring occasionally, about 6 minutes. Using slotted spoon, transfer okra to paper towels to drain; sprinkle with salt and pepper. Wipe out skillet. Heat remaining 2 tablespoons oil in same skillet over medium heat. Add corn, squash, and garlic; saut\u00e9 2 minutes. Add tomatoes; cover and cook until squash is crisp-tender, about 5 minutes. Mix in okra, cilantro, and green onions. Remove from heat. Season to taste with salt, pepper, and more cayenne, if desired."
  ], 
  "keywords": [
    "American", 
    "American Food", 
    "Cilantro", 
    "Cooking With Okra", 
    "Corn", 
    "Dinner", 
    "Easy Recipes", 
    "High Fiber", 
    "Kentucky Derby", 
    "Low Cal", 
    "Okra", 
    "Onion", 
    "Quick &amp; Easy", 
    "Side", 
    "Side Dishes", 
    "Southern", 
    "Southern Food", 
    "Squash", 
    "Summer", 
    "Tomato", 
    "Vegan", 
    "Vegetable Recipes", 
    "Vegetarian", 
    "Vegetarian Recipes"
  ], 
  "name": "Fresh Corn Saute with Tomatoes, Squash, and Fried Okra", 
  "proteinContent": "", 
  "saturatedFatContent": "", 
  "servings": "Servings: Makes 4 to 6", 
  "sodiumContent": "", 
  "sugarContent": "", 
  "url": "http://www.bonappetit.com/recipe/fresh-corn-saute-with-tomatoes-squash-and-fried-okra"
}