{
  "calories": "", 
  "carbohydrateContent": "", 
  "cholesterolContent": "", 
  "fatContent": "", 
  "fiberContent": "", 
  "image": "http://www.bonappetit.com/wp-content/uploads/2007/12/flaming-brandy-punch-940-940x600.jpg", 
  "ingredients": {
    "(packed) dark brown sugar": {
      "flour": "Safe", 
      "gluten": "no gluten here!", 
      "quantity": "1 1/4", 
      "substitute": "no substitute needed", 
      "unit": "cups"
    }, 
    "4-inch-long strip orange peel": {
      "flour": "Safe", 
      "gluten": "no gluten here!", 
      "quantity": "1", 
      "substitute": "no substitute needed", 
      "unit": ""
    }, 
    "750-ml bottles dry red wine": {
      "flour": "Safe", 
      "gluten": "no gluten here!", 
      "quantity": "2", 
      "substitute": "no substitute needed", 
      "unit": ""
    }, 
    "brandy": {
      "flour": "Safe", 
      "gluten": "no gluten here!", 
      "quantity": "4", 
      "substitute": "no substitute needed", 
      "unit": "cups"
    }, 
    "cinnamon sticks, broken in half": {
      "flour": "Safe", 
      "gluten": "no gluten here!", 
      "quantity": "2", 
      "substitute": "no substitute needed", 
      "unit": ""
    }, 
    "fresh lemon juice": {
      "flour": "Safe", 
      "gluten": "no gluten here!", 
      "quantity": "1/2", 
      "substitute": "no substitute needed", 
      "unit": "cup"
    }, 
    "fresh orange juice": {
      "flour": "Safe", 
      "gluten": "no gluten here!", 
      "quantity": "1", 
      "substitute": "no substitute needed", 
      "unit": "cup"
    }, 
    "water": {
      "flour": "Safe", 
      "gluten": "no gluten here!", 
      "quantity": "1 1/4", 
      "substitute": "no substitute needed", 
      "unit": "cups"
    }, 
    "whole cloves": {
      "flour": "Safe", 
      "gluten": "no gluten here!", 
      "quantity": "4", 
      "substitute": "no substitute needed", 
      "unit": ""
    }, 
    "whole nutmeg": {
      "flour": "Safe", 
      "gluten": "no gluten here!", 
      "quantity": "1", 
      "substitute": "no substitute needed", 
      "unit": ""
    }
  }, 
  "instructions": [
    "Bring first 5 ingredients to boil in large pot, stirring until sugar dissolves. Add wine; stir to heat through. Pour mixture into large heatproof glass, ceramic, or metal punch bowl. Mix in orange juice and lemon juice. Holding ladle over punch bowl, fill ladle with brandy; carefully ignite. Pour into punch bowl and allow flame to burn out. Mix in remaining brandy. Grate some nutmeg over punch."
  ], 
  "keywords": [
    "Alcohol", 
    "Brandy", 
    "Brown Sugar", 
    "Christmas", 
    "Christmas Food", 
    "Cinnamon", 
    "Citrus", 
    "Clove", 
    "Cocktail Party", 
    "Cocktails", 
    "Dinner Party", 
    "Drink (Alcoholic)", 
    "Drinks", 
    "Fruit Juice", 
    "Holiday Punch Recipes", 
    "Holidays", 
    "Large Group", 
    "Lemon", 
    "Lemon Juice", 
    "New Years Eve", 
    "Nutmeg", 
    "Orange", 
    "Orange Juice", 
    "Party", 
    "Punch", 
    "Red Wine", 
    "Tea", 
    "Wine", 
    "Winter"
  ], 
  "name": "Flaming Brandy Punch", 
  "proteinContent": "", 
  "saturatedFatContent": "", 
  "servings": "Servings: Makes 18 to 20", 
  "sodiumContent": "", 
  "sugarContent": "", 
  "url": "http://www.bonappetit.com/recipe/flaming-brandy-punch"
}