{
  "calories": "Calories (kcal) 450.1", 
  "carbohydrateContent": "Carbohydrates (g) 6.1", 
  "cholesterolContent": "Cholesterol (mg) 142.4", 
  "fatContent": "Fat (g) 26.4", 
  "fiberContent": "Dietary Fiber (g) 0.2", 
  "image": "http://www.bonappetit.com/wp-content/uploads/2011/07/grilled-rosemary-chicken-940x600.jpg", 
  "ingredients": {
    "3-4-pound chickens, each cut into 4 pieces, backbones removed": {
      "flour": "Safe", 
      "gluten": "no gluten here!", 
      "quantity": "2", 
      "substitute": "no substitute needed", 
      "unit": ""
    }, 
    "fresh lemon juice plus 1 lemon": {
      "flour": "Safe", 
      "gluten": "no gluten here!", 
      "quantity": "1/4", 
      "substitute": "no substitute needed", 
      "unit": "cup"
    }, 
    "garlic cloves, coarsely chopped": {
      "flour": "Safe", 
      "gluten": "no gluten here!", 
      "quantity": "10", 
      "substitute": "no substitute needed", 
      "unit": ""
    }, 
    "kosher salt and freshly ground black pepper": {
      "flour": "Safe", 
      "gluten": "no gluten here!", 
      "quantity": "", 
      "substitute": "no substitute needed", 
      "unit": ""
    }, 
    "large pinch smoked paprika": {
      "flour": "Safe", 
      "gluten": "no gluten here!", 
      "quantity": "1", 
      "substitute": "no substitute needed", 
      "unit": ""
    }, 
    "olive oil, divided": {
      "flour": "Safe", 
      "gluten": "no gluten here!", 
      "quantity": "3/4", 
      "substitute": "no substitute needed", 
      "unit": "cup"
    }, 
    "rosemary sprigs, divided": {
      "flour": "Safe", 
      "gluten": "no gluten here!", 
      "quantity": "12", 
      "substitute": "no substitute needed", 
      "unit": ""
    }, 
    "tomato jam (click for recipe)": {
      "flour": "Safe", 
      "gluten": "no gluten here!", 
      "quantity": "", 
      "substitute": "no substitute needed", 
      "unit": ""
    }
  }, 
  "instructions": [
    "Arrange chicken in a glass baking dish. Drizzle with 1/2 cup oil and lemon juice. Coarsely chop leaves from 10 rosemary sprigs. Toss chopped rosemary and garlic with chicken to coat; season with salt, pepper, and paprika. Cover; chill for 3 hours or overnight.", 
    "Build a medium fire in a charcoal grill, or heat a gas grill to medium-high. Let chicken come to room temperature. Brush off marinade; grill chicken, turning occasionally, until browned and almost cooked through, about 20-22 minutes for legs and thighs, 16-18 minutes for breasts. Pour remaining 1/4 cup oil into a small bowl. Dip 2 rosemary sprigs in oil; occasionally baste chicken with sprigs until cooked through, about 5 more minutes.", 
    "Let chicken rest for 15 minutes. Transfer to a bowl. Cut lemon in half lengthwise, then cut thinly crosswise into half-moons. Add to chicken with any leftover basting oil; toss to coat. Serve chicken on a platter with Tomato Jam alongside."
  ], 
  "keywords": [
    "Barbecue", 
    "Chicken Recipes", 
    "Dinner", 
    "Garlic Recipes", 
    "Grilling Food", 
    "Meat Recipes", 
    "Preservation Society", 
    "Rosemary Recipes", 
    "Summer Food"
  ], 
  "name": "Grilled Rosemary Chicken", 
  "proteinContent": "Protein (g) 44.3", 
  "saturatedFatContent": "Saturated Fat (g)6.8", 
  "servings": "Servings: 6-8", 
  "sodiumContent": "Sodium (mg) 179.8", 
  "sugarContent": "Total Sugars (g) 5.7", 
  "url": "http://www.bonappetit.com/recipe/grilled-rosemary-chicken"
}