{
  "calories": "Calories (kcal) 450", 
  "carbohydrateContent": "Carbohydrates (g) 70", 
  "cholesterolContent": "Cholesterol (mg) 20", 
  "fatContent": "Fat (g) 13", 
  "fiberContent": "Dietary Fiber (g)  5", 
  "image": "http://www.bonappetit.com/wp-content/uploads/2013/01/fiorentini-with-butternut-squash-940x600.jpg", 
  "ingredients": {
    "finely grated parmesan or grana padano plus more": {
      "flour": "Safe", 
      "gluten": "no gluten here!", 
      "quantity": "1/2", 
      "substitute": "no substitute needed", 
      "unit": "cup"
    }, 
    "fiorentini or other short curled pasta": {
      "flour": "Safe", 
      "gluten": "no gluten here!", 
      "quantity": "1", 
      "substitute": "no substitute needed", 
      "unit": "pound"
    }, 
    "kosher salt": {
      "flour": "Safe", 
      "gluten": "no gluten here!", 
      "quantity": "", 
      "substitute": "no substitute needed", 
      "unit": ""
    }, 
    "olive oil": {
      "flour": "Safe", 
      "gluten": "no gluten here!", 
      "quantity": "2", 
      "substitute": "no substitute needed", 
      "unit": "tablespoons"
    }, 
    "shredded butternut squash (from about 1/2 peeled medium squash; shredded with the coarse grating attachment on a food processor or on a box grater)": {
      "flour": "Safe", 
      "gluten": "no gluten here!", 
      "quantity": "5", 
      "substitute": "no substitute needed", 
      "unit": "cups"
    }, 
    "thinly sliced fresh sage": {
      "flour": "Safe", 
      "gluten": "no gluten here!", 
      "quantity": "1/4", 
      "substitute": "no substitute needed", 
      "unit": "cup"
    }, 
    "unsalted butter": {
      "flour": "Safe", 
      "gluten": "no gluten here!", 
      "quantity": "2", 
      "substitute": "no substitute needed", 
      "unit": "tablespoons"
    }
  }, 
  "instructions": [
    "Heat oil and butter in a large heavy pot over medium heat. Add squash and sage and cook, stirring occasionally, until squash begins to brown, about 2 minutes.", 
    "Meanwhile, cook pasta in a large pot of boiling salted water, stirring occasionally, until al dente. Drain pasta, reserving 2 cups pasta cooking liquid.", 
    "Add pasta and 1/2 cup pasta cooking liquid to squash and stir to coat. Cook over medium heat, stirring, adding more cooking liquid as needed, until sauce coats pasta. Stir in 1/2 cup Parmesan. Divide pasta among bowls; top with more Parmesan."
  ], 
  "keywords": [
    "Butternut Squash", 
    "Dinner", 
    "Low Cholesterol Recipes", 
    "Parmesan Recipes", 
    "Pasta", 
    "Pasta Recipes", 
    "Sage Recipes", 
    "Squash Recipes"
  ], 
  "name": "Fiorentini with Butternut Squash", 
  "proteinContent": "Protein (g) 15", 
  "saturatedFatContent": "Saturated Fat (g) 5", 
  "servings": "Servings: 6", 
  "sodiumContent": "Sodium (mg) 250", 
  "sugarContent": "Total Sugars (g) 6", 
  "url": "http://www.bonappetit.com/recipe/fiorentini-with-butternut-squash"
}