{
  "calories": "", 
  "carbohydrateContent": "", 
  "cholesterolContent": "", 
  "description": "An herbaceous, refreshing\u2014and alcoholic\u2014take on Dr. Brown\u2019s Cel-Ray soda.", 
  "fatContent": "", 
  "fiberContent": "", 
  "image": "http://www.bonappetit.com/wp-content/uploads/2014/04/24th-street-spritz-940x600.jpg", 
  "ingredients": {
    "celery heart stalks (from 2 bunches)": {
      "flour": "Safe", 
      "gluten": "no gluten here!", 
      "quantity": "8", 
      "substitute": "no substitute needed", 
      "unit": ""
    }, 
    "celery seeds": {
      "flour": "Safe", 
      "gluten": "no gluten here!", 
      "quantity": "\u00bc", 
      "substitute": "no substitute needed", 
      "unit": "cup"
    }, 
    "celery stalks, chopped": {
      "flour": "Safe", 
      "gluten": "no gluten here!", 
      "quantity": "4", 
      "substitute": "no substitute needed", 
      "unit": ""
    }, 
    "cheesecloth (optional)": {
      "flour": "Safe", 
      "gluten": "no gluten here!", 
      "quantity": "", 
      "substitute": "no substitute needed", 
      "unit": ""
    }, 
    "fresh lemon juice": {
      "flour": "Safe", 
      "gluten": "no gluten here!", 
      "quantity": "\u2153", 
      "substitute": "no substitute needed", 
      "unit": "cup"
    }, 
    "gin": {
      "flour": "Safe", 
      "gluten": "no gluten here!", 
      "quantity": "1\u00bd", 
      "substitute": "no substitute needed", 
      "unit": "cups"
    }, 
    "lemon wedges": {
      "flour": "Safe", 
      "gluten": "no gluten here!", 
      "quantity": "8", 
      "substitute": "no substitute needed", 
      "unit": ""
    }, 
    "seltzer or club soda": {
      "flour": "Safe", 
      "gluten": "no gluten here!", 
      "quantity": "", 
      "substitute": "no substitute needed", 
      "unit": ""
    }, 
    "sugar": {
      "flour": "Safe", 
      "gluten": "no gluten here!", 
      "quantity": "1", 
      "substitute": "no substitute needed", 
      "unit": "cup"
    }
  }, 
  "instructions": [
    "Bring celery, sugar, celery seeds, and 2 cups water to a boil in a medium saucepan. Reduce heat and simmer until celery is soft and liquid is reduced by half, 30\u201335 minutes. Strain through a fine-mesh sieve into a small bowl, pressing on solids. Strain celery syrup again, if desired, through cheesecloth-lined sieve (to make liquid clearer).", 
    "DO AHEAD:Syrup can be made 2 weeks ahead. Cover and chill.", 
    "Stir gin, lemon juice, and 1 cup celery syrup in a large pitcher. Divide among glasses filled with ice and top off with seltzer. Garnish with celery stalks and lemon wedges."
  ], 
  "keywords": [
    "bagel party recipes", 
    "Celery", 
    "Cocktails", 
    "Drink Recipes", 
    "Drinks", 
    "Gin Drinks", 
    "Lemon Recipes", 
    "Mothers Day Food", 
    "Spring Drinks"
  ], 
  "name": "24th Street Spritz", 
  "proteinContent": "", 
  "saturatedFatContent": "", 
  "servings": "Servings: 8", 
  "sodiumContent": "", 
  "sugarContent": "", 
  "url": "http://www.bonappetit.com/recipe/24th-street-spritz"
}