{
  "calories": "", 
  "carbohydrateContent": "", 
  "cholesterolContent": "", 
  "fatContent": "", 
  "fiberContent": "", 
  "image": "", 
  "ingredients": {
    "1-pound eggplant, quartered lengthwise, cut crosswise into 1/2-inch slices": {
      "flour": "Safe", 
      "gluten": "no gluten here!", 
      "quantity": "1", 
      "substitute": "no substitute needed", 
      "unit": ""
    }, 
    "balsamic vinegar": {
      "flour": "Safe", 
      "gluten": "no gluten here!", 
      "quantity": "2", 
      "substitute": "no substitute needed", 
      "unit": "tablespoons"
    }, 
    "coarse kosher salt": {
      "flour": "Safe", 
      "gluten": "no gluten here!", 
      "quantity": "", 
      "substitute": "no substitute needed", 
      "unit": ""
    }, 
    "dijon mustard": {
      "flour": "Safe", 
      "gluten": "no gluten here!", 
      "quantity": "1", 
      "substitute": "no substitute needed", 
      "unit": "teaspoon"
    }, 
    "extra-virgin olive oil": {
      "flour": "Safe", 
      "gluten": "no gluten here!", 
      "quantity": "1/2", 
      "substitute": "no substitute needed", 
      "unit": "cup"
    }, 
    "finely chopped fresh basil": {
      "flour": "Safe", 
      "gluten": "no gluten here!", 
      "quantity": "1", 
      "substitute": "no substitute needed", 
      "unit": "teaspoon"
    }, 
    "finely chopped fresh thyme": {
      "flour": "Safe", 
      "gluten": "no gluten here!", 
      "quantity": "2", 
      "substitute": "no substitute needed", 
      "unit": "teaspoons"
    }, 
    "garlic cloves, pressed": {
      "flour": "Safe", 
      "gluten": "no gluten here!", 
      "quantity": "3", 
      "substitute": "no substitute needed", 
      "unit": ""
    }, 
    "large red onions, halved, thinly sliced": {
      "flour": "Safe", 
      "gluten": "no gluten here!", 
      "quantity": "2", 
      "substitute": "no substitute needed", 
      "unit": ""
    }, 
    "orange bell pepper, cut into 1/2-inch-wide strips": {
      "flour": "Safe", 
      "gluten": "no gluten here!", 
      "quantity": "1", 
      "substitute": "no substitute needed", 
      "unit": ""
    }, 
    "red bell pepper, cut into 1/2-inch-wide strips": {
      "flour": "Safe", 
      "gluten": "no gluten here!", 
      "quantity": "1", 
      "substitute": "no substitute needed", 
      "unit": ""
    }, 
    "yellow bell pepper, cut into 1/2-inch-wide strips": {
      "flour": "Safe", 
      "gluten": "no gluten here!", 
      "quantity": "1", 
      "substitute": "no substitute needed", 
      "unit": ""
    }, 
    "yellow squash (about 2 medium), cut into 1/3-inch-thick rounds": {
      "flour": "Safe", 
      "gluten": "no gluten here!", 
      "quantity": "1/2", 
      "substitute": "no substitute needed", 
      "unit": "pound"
    }, 
    "zucchini (about 2 medium), cut into 1/3-inch-thick rounds": {
      "flour": "Safe", 
      "gluten": "no gluten here!", 
      "quantity": "1/2", 
      "substitute": "no substitute needed", 
      "unit": "pound"
    }
  }, 
  "instructions": [
    "Whisk vinegar and mustard in medium bowl. Gradually whisk in oil. Stir in garlic, thyme, and basil. Season to taste with salt and pepper. Do Ahead: Dressing can be made 1 day ahead. Cover and chill.", 
    "Preheat oven to 450\u00b0F. Toss onions and next 6 ingredients in large bowl; sprinkle with coarse salt and pepper. Add dressing; toss to coat. Divide between 2 large rimmed baking sheets. Roast until vegetables are tender and slightly brown around edges, about 35 minutes."
  ], 
  "keywords": [
    "Balsamic Vinegar", 
    "Bell Pepper", 
    "Bon Appetit Challenge", 
    "Eggplant", 
    "Enticing &amp; Easy", 
    "Enticing &amp; Easy With Bon Appetit", 
    "Enticing And Easy", 
    "Enticing And Easy With Bon Appetit", 
    "Food Network", 
    "Kelsey Nixon", 
    "Shane Lyons", 
    "Side Dishes", 
    "The Next Food Network Star", 
    "Vegetable Recipes", 
    "Vegetables", 
    "Vegetarian", 
    "Vegetarian Recipes", 
    "Winners", 
    "Winners Of The Next Food Network Star", 
    "Winning Recipe", 
    "Yellow Squash", 
    "Zucchini"
  ], 
  "name": "Balsamic Roasted Vegetables", 
  "proteinContent": "", 
  "saturatedFatContent": "", 
  "servings": "Servings: 6", 
  "sodiumContent": "", 
  "sugarContent": "", 
  "url": "http://www.bonappetit.com/recipe/balsamic-roasted-vegetables"
}