{
  "calories": "", 
  "carbohydrateContent": "", 
  "cholesterolContent": "", 
  "description": "This impressive-looking roast is easy to carve once you get started.", 
  "fatContent": "", 
  "fiberContent": "", 
  "image": "http://www.bonappetit.com/wp-content/uploads/2013/09/honey-vinegar-leg-of-lamb-with-fennel-and-carrots-940x600.jpg", 
  "ingredients": {
    "7\u20139 lb. bone-in leg of lamb, tied": {
      "flour": "Safe", 
      "gluten": "no gluten here!", 
      "quantity": "1", 
      "substitute": "no substitute needed", 
      "unit": "lb"
    }, 
    "fennel bulbs, sliced \u00bd&rdquo; thick": {
      "flour": "Safe", 
      "gluten": "no gluten here!", 
      "quantity": "4", 
      "substitute": "no substitute needed", 
      "unit": ""
    }, 
    "fennel fronds plus more for serving": {
      "flour": "Safe", 
      "gluten": "no gluten here!", 
      "quantity": "\u00bd", 
      "substitute": "no substitute needed", 
      "unit": "cup"
    }, 
    "fennel seeds, crushed": {
      "flour": "Safe", 
      "gluten": "no gluten here!", 
      "quantity": "1", 
      "substitute": "no substitute needed", 
      "unit": "tablespoon"
    }, 
    "fresh flat-leaf parsley leaves": {
      "flour": "Safe", 
      "gluten": "no gluten here!", 
      "quantity": "1", 
      "substitute": "no substitute needed", 
      "unit": "cup"
    }, 
    "garlic cloves, chopped": {
      "flour": "Safe", 
      "gluten": "no gluten here!", 
      "quantity": "2", 
      "substitute": "no substitute needed", 
      "unit": ""
    }, 
    "honey": {
      "flour": "Safe", 
      "gluten": "no gluten here!", 
      "quantity": "\u2153", 
      "substitute": "no substitute needed", 
      "unit": "cup"
    }, 
    "kosher salt and freshly ground black pepper": {
      "flour": "Safe", 
      "gluten": "no gluten here!", 
      "quantity": "", 
      "substitute": "no substitute needed", 
      "unit": ""
    }, 
    "olive oil, divided": {
      "flour": "Safe", 
      "gluten": "no gluten here!", 
      "quantity": "\u00bd", 
      "substitute": "no substitute needed", 
      "unit": "cup"
    }, 
    "red wine vinegar": {
      "flour": "Safe", 
      "gluten": "no gluten here!", 
      "quantity": "\u00bd", 
      "substitute": "no substitute needed", 
      "unit": "cup"
    }, 
    "small carrots (about 2 lb.), unpeeled, halved lengthwise if large": {
      "flour": "Safe", 
      "gluten": "no gluten here!", 
      "quantity": "16", 
      "substitute": "no substitute needed", 
      "unit": ""
    }
  }, 
  "instructions": [
    "Pulse garlic, parsley, fennel seeds, and \u00bd cup fennel fronds in a food processor until very finely chopped. With motor running, slowly add \u00bc cup oil and process until smooth; season generously with salt and pepper (mixture should taste quite salty as this is the only seasoning meat will get). Rub parsley mixture all over lamb. Transfer to a roasting pan, cover, and chill at least 8 hours.", 
    "Let lamb sit at room temperature 1 hour. Bring vinegar and honey to a boil in a small saucepan. Reduce heat and simmer, stirring occasionally, until slightly thickened, 8\u201310 minutes. Set glaze aside.", 
    "Place racks in lower third and middle of oven and preheat to 325\u00b0. Toss fennel and carrots with remaining \u00bc cup oil in a medium bowl and arrange half around lamb in roasting pan; place remaining vegetables on a rimmed baking sheet.", 
    "Roast vegetables on baking sheet on lower rack and lamb on middle rack until an instant-read thermometer inserted into the thickest part of lamb registers 100\u00b0, about 1 hour.", 
    "Increase oven temperature to 450\u00b0, brush roast with glaze, and continue to roast until an instant-read thermometer registers 120\u00b0, 20\u201325 minutes longer. Transfer lamb to a cutting board and let rest 30 minutes before carving (temperature will rise to 140\u00b0 for medium-rare while lamb is resting).", 
    "Continue to roast vegetables, tossing occasionally, until golden and tender, 20\u201325 minutes longer.", 
    "Serve lamb with vegetables, topped with fennel fronds.", 
    "DO AHEAD:Lamb can be rubbed with parsley mixture and vegetables can be prepped 1 day ahead. Cover separately and chill."
  ], 
  "keywords": [
    "Carrot Recipes", 
    "Dinner", 
    "Dinner Party Food", 
    "Fall Food", 
    "Fennel Recipes", 
    "Honey Recipes", 
    "Lamb Recipes", 
    "leg of lamb recipes", 
    "make ahead dinners recipes", 
    "Parsley Recipes", 
    "Winter Food"
  ], 
  "name": "Honey-Vinegar Leg of Lamb with Fennel and Carrots", 
  "proteinContent": "", 
  "saturatedFatContent": "", 
  "servings": "Servings: 12", 
  "sodiumContent": "", 
  "sugarContent": "", 
  "url": "http://www.bonappetit.com/recipe/honey-vinegar-leg-of-lamb-with-fennel-and-carrots"
}