{
  "calories": "", 
  "carbohydrateContent": "", 
  "cholesterolContent": "", 
  "fatContent": "", 
  "fiberContent": "", 
  "image": "http://www.bonappetit.com/wp-content/uploads/2012/08/fingerling-potato-salad.jpg", 
  "ingredients": {
    "(or more) extra-virgin olive oil, divided": {
      "flour": "Safe", 
      "gluten": "no gluten here!", 
      "quantity": "9", 
      "substitute": "no substitute needed", 
      "unit": "tablespoons"
    }, 
    "(or more) white wine vinegar": {
      "flour": "Safe", 
      "gluten": "no gluten here!", 
      "quantity": "1", 
      "substitute": "no substitute needed", 
      "unit": "tablespoon"
    }, 
    "brown mustard seeds": {
      "flour": "Safe", 
      "gluten": "no gluten here!", 
      "quantity": "2", 
      "substitute": "no substitute needed", 
      "unit": "tablespoons"
    }, 
    "dijon mustard": {
      "flour": "Safe", 
      "gluten": "no gluten here!", 
      "quantity": "1", 
      "substitute": "no substitute needed", 
      "unit": "tablespoon"
    }, 
    "fingerling potatoes, unpeeled, cut into 3/4'-1' pieces": {
      "flour": "Safe", 
      "gluten": "no gluten here!", 
      "quantity": "3 1/2", 
      "substitute": "no substitute needed", 
      "unit": "pounds"
    }, 
    "freshly ground black pepper": {
      "flour": "Safe", 
      "gluten": "no gluten here!", 
      "quantity": "", 
      "substitute": "no substitute needed", 
      "unit": ""
    }, 
    "kosher salt plus more for seasoning": {
      "flour": "Safe", 
      "gluten": "no gluten here!", 
      "quantity": "1", 
      "substitute": "no substitute needed", 
      "unit": "tablespoon"
    }, 
    "medium leeks (white and pale green parts only), halved lengthwise, cut crosswise into 1/4' slices (about 5 cups)": {
      "flour": "Safe", 
      "gluten": "no gluten here!", 
      "quantity": "3", 
      "substitute": "no substitute needed", 
      "unit": ""
    }
  }, 
  "instructions": [
    "Place potatoes in a large pot. Add enough cold water to cover by 3\". Stir in 1 tablespoon salt and bring to a boil. Reduce heat to medium and simmer until potatoes are tender, about 10 minutes. Drain. Transfer to a large rimmed baking sheet and let cool slightly.", 
    "Heat 3 tablespoons oil in a small skillet over medium-high heat. Add mustard seeds to skillet and cook, stirring occasionally, until seeds start to pop, about 2 minutes. Pour oil with seeds into a large bowl.", 
    "Heat 2 tablespoons oil in a large skillet over medium heat. Add leeks, season with salt, and cook, stirring occasionally, until just tender, 10-12 minutes.", 
    "Wisk 4 tablespoons oil, vinegar, Dijon mustard, and 1 tablespoon water into mustard-seed oil. Add potatoes and leeks; toss to coat. Season with salt and pepper. DO AHEAD Can be made 1 day ahead. Cover; chill.  Return to room temperature before serving, adding more oil and vinegar if dry."
  ], 
  "keywords": [
    "American Food", 
    "Dijon Mustard Recipes", 
    "Dinner", 
    "Fourth Of July", 
    "Large Groups", 
    "Leek Recipes", 
    "Lunch", 
    "Mustard Seed Recipes", 
    "Picnic Food", 
    "Potato Recipes", 
    "Potluck Food", 
    "Salad", 
    "Side", 
    "Spice Recipes", 
    "Summer Food", 
    "Vegetable Recipes", 
    "Vinegar Recipes"
  ], 
  "name": "Fingerling Potato Salad", 
  "proteinContent": "", 
  "saturatedFatContent": "", 
  "servings": "Servings: 8-10", 
  "sodiumContent": "", 
  "sugarContent": "", 
  "url": "http://www.bonappetit.com/recipe/fingerling-potato-salad"
}