{
  "calories": "", 
  "carbohydrateContent": "", 
  "cholesterolContent": "", 
  "fatContent": "", 
  "fiberContent": "", 
  "image": "http://www.bonappetit.com/wp-content/uploads/2008/07/grilled-corn-with-hoisin-butter-687x600.jpg", 
  "ingredients": {
    "butter, room temperature": {
      "flour": "Safe", 
      "gluten": "no gluten here!", 
      "quantity": "4", 
      "substitute": "no substitute needed", 
      "unit": "tablespoons"
    }, 
    "chili-garlic sauce*": {
      "flour": "Safe", 
      "gluten": "no gluten here!", 
      "quantity": "3/4", 
      "substitute": "no substitute needed", 
      "unit": "teaspoon"
    }, 
    "chopped fresh cilantro": {
      "flour": "Safe", 
      "gluten": "no gluten here!", 
      "quantity": "", 
      "substitute": "no substitute needed", 
      "unit": ""
    }, 
    "ears of white corn, husked, rinsed": {
      "flour": "Safe", 
      "gluten": "no gluten here!", 
      "quantity": "6", 
      "substitute": "no substitute needed", 
      "unit": ""
    }, 
    "finely grated orange peel": {
      "flour": "Safe", 
      "gluten": "no gluten here!", 
      "quantity": "2 1/2", 
      "substitute": "no substitute needed", 
      "unit": "teaspoons"
    }, 
    "hoisin sauce*": {
      "flour": "Safe", 
      "gluten": "no gluten here!", 
      "quantity": "1", 
      "substitute": "no substitute needed", 
      "unit": "tablespoon"
    }
  }, 
  "instructions": [
    "Prepare barbecue (medium-high heat). Mix first 4 ingredients in small bowl to blend. Season with salt and pepper.", 
    "Grill corn until beginning to soften, turning occasionally, about 5 minutes. Brush all over with hoisin butter; continue to grill until corn is tender, brushing occasionally with more hoisin butter, about 5 minutes longer. Transfer to platter; brush with more hoisin butter. Sprinkle with cilantro; serve.", 
    "*Available in the Asian foods section of many supermarkets and at Asian markets."
  ], 
  "keywords": [
    "Asian", 
    "Barbecue", 
    "Butter", 
    "Chili", 
    "Cilantro", 
    "Corn", 
    "Dinner", 
    "Easy", 
    "Easy Recipes", 
    "Fall", 
    "Family Reunion", 
    "Fast", 
    "Fast Easy Fresh", 
    "Grilled Vegetable Recipes", 
    "Grilled Vegetables", 
    "Grilled Veggie Recipes", 
    "Grilled Veggies", 
    "Grilling", 
    "Grilling Recipes", 
    "Healthy", 
    "High Fiber", 
    "Hoisin Sauce", 
    "Low Cal", 
    "Lunch", 
    "Orange", 
    "Orange Peel", 
    "Party", 
    "Quick", 
    "Quick &amp; Easy", 
    "Sauce", 
    "Side", 
    "Side Dishes", 
    "Summer", 
    "Summer Cooking", 
    "Tailgating", 
    "Vegetable", 
    "Vegetable Recipes", 
    "Vegetables", 
    "Vegetarian", 
    "Vegetarian Recipes", 
    "White Corn"
  ], 
  "name": "Grilled Corn with Hoisin-Orange Butter", 
  "proteinContent": "", 
  "saturatedFatContent": "", 
  "servings": "Servings: 6", 
  "sodiumContent": "", 
  "sugarContent": "", 
  "url": "http://www.bonappetit.com/recipe/grilled-corn-with-hoisin-orange-butter"
}