{
  "calories": "", 
  "carbohydrateContent": "", 
  "cholesterolContent": "", 
  "description": "A fun first course to serve to guests in the kitchen. By the time one batch has been devoured, the next one will be coming out of the fryer.", 
  "fatContent": "", 
  "fiberContent": "", 
  "image": "http://www.bonappetit.com/wp-content/uploads/2014/09/fritto-misto-940x600-1411146080.jpg", 
  "ingredients": {
    "a deep-fry thermometer": {
      "flour": "Safe", 
      "gluten": "no gluten here!", 
      "quantity": "", 
      "substitute": "no substitute needed", 
      "unit": ""
    }, 
    "all-purpose flour": {
      "flour": {
        "type": {
          "binder": {
            "type": "xanthum gum", 
            "weight": 0.5
          }, 
          "density": {
            "type": "brown rice flour", 
            "weight": 0.142
          }, 
          "fat": {
            "type": "almond flour", 
            "weight": 0.142
          }, 
          "leavener": "", 
          "lightness": {
            "type": "white rice flour", 
            "weight": 0.284
          }, 
          "protein": {
            "type": "sorghum flour", 
            "weight": 0.142
          }, 
          "starch": {
            "type": "potato starch", 
            "weight": 0.284
          }, 
          "stickiness": "", 
          "texture": ""
        }, 
        "weight": 125
      }, 
      "gluten": "gluten here!", 
      "quantity": "1", 
      "substitute": "flour ratio", 
      "unit": "cup"
    }, 
    "baking powder": {
      "flour": "Safe", 
      "gluten": "no gluten here!", 
      "quantity": "1", 
      "substitute": "no substitute needed", 
      "unit": "teaspoon"
    }, 
    "chilled club soda": {
      "flour": "Safe", 
      "gluten": "no gluten here!", 
      "quantity": "2", 
      "substitute": "no substitute needed", 
      "unit": "cups"
    }, 
    "cornstarch": {
      "flour": "Safe", 
      "gluten": "no gluten here!", 
      "quantity": "1", 
      "substitute": "no substitute needed", 
      "unit": "cup"
    }, 
    "fresh flat-leaf parsley leaves with tender stems": {
      "flour": "Safe", 
      "gluten": "no gluten here!", 
      "quantity": "\u00bd", 
      "substitute": "no substitute needed", 
      "unit": "cup"
    }, 
    "fresh sage leaves": {
      "flour": "Safe", 
      "gluten": "no gluten here!", 
      "quantity": "\u00bc", 
      "substitute": "no substitute needed", 
      "unit": "cup"
    }, 
    "kosher salt, plus more": {
      "flour": "Safe", 
      "gluten": "no gluten here!", 
      "quantity": "\u00bd", 
      "substitute": "no substitute needed", 
      "unit": "teaspoon"
    }, 
    "large shrimp, peeled, deveined, halved lengthwise": {
      "flour": "Safe", 
      "gluten": "no gluten here!", 
      "quantity": "4", 
      "substitute": "no substitute needed", 
      "unit": "ounces"
    }, 
    "leek, white and pale-green parts only, halved lengthwise, layers separated": {
      "flour": "Safe", 
      "gluten": "no gluten here!", 
      "quantity": "1", 
      "substitute": "no substitute needed", 
      "unit": ""
    }, 
    "lemon, very thinly sliced into rounds, seeds removed, plus wedges for serving": {
      "flour": "Safe", 
      "gluten": "no gluten here!", 
      "quantity": "1", 
      "substitute": "no substitute needed", 
      "unit": ""
    }, 
    "maitake or shiitake mushrooms, trimmed, torn into bite-size pieces": {
      "flour": "Safe", 
      "gluten": "no gluten here!", 
      "quantity": "2", 
      "substitute": "no substitute needed", 
      "unit": "ounces"
    }, 
    "small fennel bulb, very thinly sliced lengthwise": {
      "flour": "Safe", 
      "gluten": "no gluten here!", 
      "quantity": "\u00bd", 
      "substitute": "no substitute needed", 
      "unit": ""
    }, 
    "small squash (such as kabocha), scrubbed, very thinly sliced": {
      "flour": "Safe", 
      "gluten": "no gluten here!", 
      "quantity": "\u00bc", 
      "substitute": "no substitute needed", 
      "unit": ""
    }, 
    "squid or baby octopus tentacles": {
      "flour": "Safe", 
      "gluten": "no gluten here!", 
      "quantity": "4", 
      "substitute": "no substitute needed", 
      "unit": "ounces"
    }, 
    "vegetable oil (for frying; about 8 cups)": {
      "flour": "Safe", 
      "gluten": "no gluten here!", 
      "quantity": "", 
      "substitute": "no substitute needed", 
      "unit": ""
    }
  }, 
  "instructions": [
    "Fit a medium heavy pot with thermometer; pour in oil to measure 4&rdquo;. Heat over medium-high until thermometer registers 350\u00b0.", 
    "Meanwhile, whisk flour, cornstarch, baking powder, and \u00bd tsp. salt in a large bowl. Whisk in club soda just to blend (a few lumps are okay; just don\u2019t overmix). Dip one-fourth of mixed vegetables, citrus, seafood, and herbs into batter, letting excess drip back into bowl. Fry, turning occasionally to cook evenly and gently, separating as needed, until golden and crisp, 1\u20133 minutes. Using a spider or slotted spoon, transfer to a paper towel\u2013lined wire rack; season with salt. Repeat 3 more times with remaining ingredients, returning oil to 350\u00b0 between batches. Serve with lemon wedges."
  ], 
  "keywords": [
    "Appetizers", 
    "Fennel", 
    "Italian Food", 
    "Leeks", 
    "Lemon", 
    "Mushrooms", 
    "Octopus", 
    "Parsley", 
    "Party Food", 
    "Sage", 
    "Seafood", 
    "Shrimp", 
    "Snack", 
    "Squash", 
    "Squid"
  ], 
  "name": "Fritto Misto", 
  "proteinContent": "", 
  "saturatedFatContent": "", 
  "servings": "Servings: 6", 
  "sodiumContent": "", 
  "sugarContent": "", 
  "url": "http://www.bonappetit.com/recipe/fritto-misto"
}