{
  "calories": "", 
  "carbohydrateContent": "", 
  "cholesterolContent": "", 
  "fatContent": "", 
  "fiberContent": "", 
  "image": "http://www.bonappetit.com/wp-content/uploads/2013/05/honey-broiled-strawberries-and-ricotta-646-646x600.jpg", 
  "ingredients": {
    "4-ounce ramekins": {
      "flour": "Safe", 
      "gluten": "no gluten here!", 
      "quantity": "Six", 
      "substitute": "no substitute needed", 
      "unit": ""
    }, 
    "coriander seeds, lightly crushed": {
      "flour": "Safe", 
      "gluten": "no gluten here!", 
      "quantity": "1/2", 
      "substitute": "no substitute needed", 
      "unit": "teaspoon"
    }, 
    "finely grated lemon zest, divided": {
      "flour": "Safe", 
      "gluten": "no gluten here!", 
      "quantity": "2", 
      "substitute": "no substitute needed", 
      "unit": "teaspoons"
    }, 
    "fresh strawberries, hulled, halved or quartered if large (about 2 cups)": {
      "flour": "Safe", 
      "gluten": "no gluten here!", 
      "quantity": "8", 
      "substitute": "no substitute needed", 
      "unit": "ounces"
    }, 
    "of kosher salt": {
      "flour": "Safe", 
      "gluten": "no gluten here!", 
      "quantity": "", 
      "substitute": "no substitute needed", 
      "unit": ""
    }, 
    "plus 1/4 cup honey": {
      "flour": "Safe", 
      "gluten": "no gluten here!", 
      "quantity": "3", 
      "substitute": "no substitute needed", 
      "unit": "tablespoons"
    }, 
    "ricotta": {
      "flour": "Safe", 
      "gluten": "no gluten here!", 
      "quantity": "2", 
      "substitute": "no substitute needed", 
      "unit": "cups"
    }, 
    "sugar": {
      "flour": "Safe", 
      "gluten": "no gluten here!", 
      "quantity": "1", 
      "substitute": "no substitute needed", 
      "unit": "tablespoon"
    }, 
    "unsalted, shelled raw natural pistachios": {
      "flour": "Safe", 
      "gluten": "no gluten here!", 
      "quantity": "1/4", 
      "substitute": "no substitute needed", 
      "unit": "cup"
    }
  }, 
  "instructions": [
    "Preheat oven to 350\u00b0. Spread out pistachios on a small rimmed baking sheet and toast, tossing occasionally, until golden brown, 8\u201310 minutes. Let cool.", 
    "Preheat broiler. Toss strawberries, 3 Tbsp. honey, 1 tsp. lemon zest, and coriander seeds in a shallow broiler-proof baking dish. Broil until berries are soft and juices are bubbling, 5-8 minutes. Let cool.", 
    "Mix ricotta, salt, remaining 1/4 cup honey, and remaining 1 teaspoon lemon zest in a medium bowl to blend. Divide among ramekins; sprinkle with sugar.", 
    "Place ramekins on a rimmed baking sheet and broil until ricotta begins to brown, 5\u20138 minutes. Let ricotta cool, then top with strawberry mixture and pistachios.", 
    "DO AHEAD: The strawberry mixture can be made 1 day ahead. Cover and chill. Let stand at room temperature 15 minutes before serving."
  ], 
  "keywords": [
    "Coriander", 
    "Desserts", 
    "Honey Recipes", 
    "Pistachio Recipes", 
    "Ricotta Recipes", 
    "Strawberry Recipes", 
    "Summer Desserts", 
    "Van Boven Strawberry Recpes"
  ], 
  "name": "Honey-Broiled Strawberries and Ricotta", 
  "proteinContent": "", 
  "saturatedFatContent": "", 
  "servings": "Servings: 6", 
  "sodiumContent": "", 
  "sugarContent": "", 
  "url": "http://www.bonappetit.com/recipe/honey-broiled-strawberries-and-ricotta"
}