{
  "calories": "Calories (kcal) 86", 
  "carbohydrateContent": "Carbohydrates (g) 5", 
  "cholesterolContent": "Cholesterol (mg) 0", 
  "description": "When we say high heat, we mean it: You want the tomatoes to char, but not cook so much that they collapse.", 
  "fatContent": "Fat (g) 7", 
  "fiberContent": "Dietary Fiber (g) 1", 
  "image": "http://www.bonappetit.com/wp-content/uploads/2014/06/grilled-tomatoes-940x600.jpg", 
  "ingredients": {
    "kosher salt and freshly ground black pepper": {
      "flour": "Safe", 
      "gluten": "no gluten here!", 
      "quantity": "", 
      "substitute": "no substitute needed", 
      "unit": ""
    }, 
    "olive oil": {
      "flour": "Safe", 
      "gluten": "no gluten here!", 
      "quantity": "2", 
      "substitute": "no substitute needed", 
      "unit": "tablespoons"
    }, 
    "ripe cherry tomatoes on the vine (such as sun gold, black cherry, or teardrop; about 24 oz.)": {
      "flour": "Safe", 
      "gluten": "no gluten here!", 
      "quantity": "2", 
      "substitute": "no substitute needed", 
      "unit": "pints"
    }
  }, 
  "instructions": [
    "Toss tomatoes with oil; season with salt and pepper. Grill over high heat, turning occasionally, until tomatoes are charred and blistered, about 3 minutes. Transfer to a plate to cool."
  ], 
  "keywords": [
    "grilled tomato arsenal recipes", 
    "Grilling Food", 
    "Summer Food", 
    "Tomato Recipes"
  ], 
  "name": "Grilled Tomatoes", 
  "proteinContent": "Protein (g) 1", 
  "saturatedFatContent": "Saturated Fat (g) 1", 
  "servings": "Servings: 4", 
  "sodiumContent": "Sodium (mg) 7", 
  "sugarContent": "Total Sugars (g) 4", 
  "url": "http://www.bonappetit.com/recipe/grilled-tomatoes"
}