{
  "calories": "", 
  "carbohydrateContent": "", 
  "cholesterolContent": "", 
  "description": "A bowl of pasta tossed with fresh ricotta, chopped walnuts, some olive oil, and a little fresh parsley is a beautiful thing. Just saying.", 
  "fatContent": "", 
  "fiberContent": "", 
  "image": "http://www.bonappetit.com/wp-content/uploads/2014/03/fresh-ricotta1-940x600-1395068927.jpg", 
  "ingredients": {
    "fresh lemon juice or distilled white vinegar": {
      "flour": "Safe", 
      "gluten": "no gluten here!", 
      "quantity": "2", 
      "substitute": "no substitute needed", 
      "unit": "tablespoons"
    }, 
    "heavy cream": {
      "flour": "Safe", 
      "gluten": "no gluten here!", 
      "quantity": "1", 
      "substitute": "no substitute needed", 
      "unit": "cup"
    }, 
    "kosher salt": {
      "flour": "Safe", 
      "gluten": "no gluten here!", 
      "quantity": "\u00bd", 
      "substitute": "no substitute needed", 
      "unit": "teaspoon"
    }, 
    "whole milk": {
      "flour": "Safe", 
      "gluten": "no gluten here!", 
      "quantity": "2", 
      "substitute": "no substitute needed", 
      "unit": "cups"
    }
  }, 
  "instructions": [
    "Bring milk, cream, and salt to a boil in a medium saucepan. Remove from heat. Add lemon juice; stir gently until mixture starts to curdle. Let stand 5 minutes.", 
    "Pour mixture into a fine-mesh sieve lined with 2 layers of cheesecloth set over a medium bowl. Chill until cheese is spreadable, at least 20 minutes and up to 12 hours (the longer it strains, the thicker it will be).", 
    "Cover and chill cheese up to 3 days."
  ], 
  "keywords": [
    "Cheese Recipes", 
    "cook like a pro recipes", 
    "Heavy Cream Recipes", 
    "Lemon Recipes", 
    "Ricotta Recipes"
  ], 
  "name": "Fresh Ricotta", 
  "proteinContent": "", 
  "saturatedFatContent": "", 
  "servings": "Servings: Makes about 1 cup", 
  "sodiumContent": "", 
  "sugarContent": "", 
  "url": "http://www.bonappetit.com/recipe/fresh-ricotta"
}