{
  "calories": "", 
  "carbohydrateContent": "", 
  "cholesterolContent": "", 
  "fatContent": "", 
  "fiberContent": "", 
  "image": "http://www.bonappetit.com/wp-content/uploads/2013/09/hot-pink-hibiscus-bubble-tea.jpg", 
  "ingredients": {
    "almond milk or sweetened condensed milk": {
      "flour": "Safe", 
      "gluten": "no gluten here!", 
      "quantity": "", 
      "substitute": "no substitute needed", 
      "unit": ""
    }, 
    "bags hibiscus tea": {
      "flour": "Safe", 
      "gluten": "no gluten here!", 
      "quantity": "2", 
      "substitute": "no substitute needed", 
      "unit": ""
    }, 
    "large dried boba tapioca pearls": {
      "flour": "Safe", 
      "gluten": "no gluten here!", 
      "quantity": "1/4", 
      "substitute": "no substitute needed", 
      "unit": "cup"
    }, 
    "sugar": {
      "flour": "Safe", 
      "gluten": "no gluten here!", 
      "quantity": "1/2", 
      "substitute": "no substitute needed", 
      "unit": "cup"
    }, 
    "tart cherry juice": {
      "flour": "Safe", 
      "gluten": "no gluten here!", 
      "quantity": "2", 
      "substitute": "no substitute needed", 
      "unit": "tablespoons"
    }
  }, 
  "instructions": [
    "Place tea bags in a small bowl and add 1 cup boiling water; let stand 15 minutes. Discard tea bags and chill tea until cold, about 1 hour.", 
    "Bring 2 cups water to a boil in a small saucepan. Add tapioca, reduce heat, and simmer until tender and just beginning to float, about 3 minutes. Remove from heat, cover, and let stand 10 minutes.", 
    "Meanwhile, combine sugar and \u00bd cup water in a small, heavy saucepan, and cook over medium heat, stirring to dissolve sugar, about 3 minutes; let cool slightly.", 
    "Drain tapioca and divide evenly between glasses. Combine tea, cherry juice, and 2 Tbsp. simple syrup in a shaker filled with ice; add almond milk or sweetened condensed milk to taste, cover, and shake until outside of shaker is frosty. Divide between glasses and serve with a straw. Serve withTaiwanese-Style Chicken with Basil and Sichuan Pepper-Salt (click for recipe)."
  ], 
  "keywords": [
    "Asian Food", 
    "Cherry Recipes", 
    "Chicken Recipes", 
    "Condensed Milk", 
    "Drink Recipes", 
    "Drinks", 
    "Tea Recipes"
  ], 
  "name": "Hot-Pink Hibiscus Bubble Tea", 
  "proteinContent": "", 
  "saturatedFatContent": "", 
  "servings": "Servings: 2", 
  "sodiumContent": "", 
  "sugarContent": "", 
  "url": "http://www.bonappetit.com/recipe/hot-pink-hibiscus-bubble-tea"
}