{
  "calories": "", 
  "carbohydrateContent": "", 
  "cholesterolContent": "", 
  "fatContent": "", 
  "fiberContent": "", 
  "image": "http://www.bonappetit.com/wp-content/uploads/2012/08/grilled-watermelon-salad-646.jpg", 
  "ingredients": {
    "(1 ounce) shelled pumpkin seeds (pepitas), toasted": {
      "flour": "Safe", 
      "gluten": "gluten here!", 
      "quantity": "1/4", 
      "substitute": "gluten-free bread", 
      "unit": "cup"
    }, 
    "(4 ounces) queso fresco, crumbled": {
      "flour": "Safe", 
      "gluten": "no gluten here!", 
      "quantity": "1/2", 
      "substitute": "no substitute needed", 
      "unit": "cup"
    }, 
    "1/2'-thick slices seedless watermelon, rind removed, each cut into 6 wedges for a total of 18 wedges": {
      "flour": "Safe", 
      "gluten": "no gluten here!", 
      "quantity": "3", 
      "substitute": "no substitute needed", 
      "unit": ""
    }, 
    "fresh lime juice": {
      "flour": "Safe", 
      "gluten": "no gluten here!", 
      "quantity": "1/4", 
      "substitute": "no substitute needed", 
      "unit": "cup"
    }, 
    "honey": {
      "flour": "Safe", 
      "gluten": "no gluten here!", 
      "quantity": "1", 
      "substitute": "no substitute needed", 
      "unit": "tablespoon"
    }, 
    "kosher salt and freshly ground black pepper": {
      "flour": "Safe", 
      "gluten": "no gluten here!", 
      "quantity": "", 
      "substitute": "no substitute needed", 
      "unit": ""
    }, 
    "large fresh basil sprig": {
      "flour": "Safe", 
      "gluten": "no gluten here!", 
      "quantity": "1", 
      "substitute": "no substitute needed", 
      "unit": ""
    }, 
    "pea sprouts or watercress (tough stems removed; about 12 cups)": {
      "flour": "Safe", 
      "gluten": "no gluten here!", 
      "quantity": "3/4", 
      "substitute": "no substitute needed", 
      "unit": "pound"
    }, 
    "pickled radishes (click for recipe), cut into eighths": {
      "flour": "Safe", 
      "gluten": "no gluten here!", 
      "quantity": "36", 
      "substitute": "no substitute needed", 
      "unit": ""
    }, 
    "plus 1/2 cup extra-virgin olive oil plus more for brushing": {
      "flour": "Safe", 
      "gluten": "no gluten here!", 
      "quantity": "1/3", 
      "substitute": "no substitute needed", 
      "unit": "cup"
    }
  }, 
  "instructions": [
    "Heat basil and 1/3 cup oil in a small skillet over medium heat until basil begins to bubble. Simmer for 3 minutes. Remove pan from heat. Let cool for 1 hour. Discard basil; set aside basil oil.", 
    "Build a medium fire in a charcoal grill, or heat a gas grill to medium. Brush grill rack with oil. Grill watermelon until lightly charred, about 2 minutes per side. Set aside.", 
    "Whisk remaining 1/2 cup oil, lime juice, and honey in a large bowl to blend. Season to taste with salt and pepper. Add pea sprouts and toss to coat.", 
    "Place 3 pieces of grilled watermelon on each plate. Top with pea sprouts and drizzle basil oil over. Garnish with Pickled Radishes, queso fresco, and pumpkin seeds."
  ], 
  "keywords": [
    "Appetizers", 
    "Basil Recipes", 
    "Cheese Recipes", 
    "Dinner", 
    "Dinner Party Food", 
    "Fruit Recipes", 
    "Grilling Food", 
    "Herb Recipes", 
    "Honey Recipes", 
    "Lime Juice Recipes", 
    "Lunch", 
    "Mexican Food", 
    "Pea Sprout Recipes", 
    "Pepita Recipes", 
    "Pumpkin Seeds", 
    "Queso Fresco Recipes", 
    "Salad Recipes", 
    "Summer Food", 
    "Vegetarian Recipes", 
    "Watercress Recipes", 
    "Watermelon Recipes"
  ], 
  "name": "Grilled Watermelon Salad", 
  "proteinContent": "", 
  "saturatedFatContent": "", 
  "servings": "", 
  "sodiumContent": "", 
  "sugarContent": "", 
  "url": "http://www.bonappetit.com/recipe/grilled-watermelon-salad"
}