{
  "calories": "", 
  "carbohydrateContent": "", 
  "cholesterolContent": "", 
  "description": "All those spices and sauces add up to some truly complex flavors. (This recipe was developed with IBM's Chef Watson.)", 
  "fatContent": "", 
  "fiberContent": "", 
  "image": "http://www.bonappetit.com/wp-content/uploads/2014/06/watson-fennel-spiced-barbecue-ribs-940x600.jpg", 
  "ingredients": {
    "apple juice": {
      "flour": "Safe", 
      "gluten": "no gluten here!", 
      "quantity": "\u00bc", 
      "substitute": "no substitute needed", 
      "unit": "cup"
    }, 
    "bourbon": {
      "flour": "Safe", 
      "gluten": "no gluten here!", 
      "quantity": "1", 
      "substitute": "no substitute needed", 
      "unit": "tablespoon"
    }, 
    "chili powder": {
      "flour": "Safe", 
      "gluten": "no gluten here!", 
      "quantity": "2", 
      "substitute": "no substitute needed", 
      "unit": "teaspoons"
    }, 
    "chopped fresh oregano": {
      "flour": "Safe", 
      "gluten": "no gluten here!", 
      "quantity": "1", 
      "substitute": "no substitute needed", 
      "unit": "tablespoon"
    }, 
    "chopped fresh rosemary": {
      "flour": "Safe", 
      "gluten": "no gluten here!", 
      "quantity": "1", 
      "substitute": "no substitute needed", 
      "unit": "tablespoon"
    }, 
    "coriander seeds": {
      "flour": "Safe", 
      "gluten": "no gluten here!", 
      "quantity": "1", 
      "substitute": "no substitute needed", 
      "unit": "tablespoon"
    }, 
    "dark brown sugar": {
      "flour": "Safe", 
      "gluten": "no gluten here!", 
      "quantity": "1", 
      "substitute": "no substitute needed", 
      "unit": "tablespoon"
    }, 
    "dijon mustard": {
      "flour": "Safe", 
      "gluten": "no gluten here!", 
      "quantity": "1", 
      "substitute": "no substitute needed", 
      "unit": "tablespoon"
    }, 
    "fennel seeds": {
      "flour": "Safe", 
      "gluten": "no gluten here!", 
      "quantity": "2", 
      "substitute": "no substitute needed", 
      "unit": "tablespoons"
    }, 
    "hot chinese mustard": {
      "flour": "Safe", 
      "gluten": "no gluten here!", 
      "quantity": "1", 
      "substitute": "no substitute needed", 
      "unit": "teaspoon"
    }, 
    "kosher salt": {
      "flour": "Safe", 
      "gluten": "no gluten here!", 
      "quantity": "2", 
      "substitute": "no substitute needed", 
      "unit": "tablespoons"
    }, 
    "olive oil": {
      "flour": "Safe", 
      "gluten": "no gluten here!", 
      "quantity": "1", 
      "substitute": "no substitute needed", 
      "unit": "tablespoon"
    }, 
    "oyster sauce": {
      "flour": "Safe", 
      "gluten": "no gluten here!", 
      "quantity": "3", 
      "substitute": "no substitute needed", 
      "unit": "tablespoons"
    }, 
    "racks baby back pork ribs (about 6 lb.)": {
      "flour": "Safe", 
      "gluten": "no gluten here!", 
      "quantity": "2", 
      "substitute": "no substitute needed", 
      "unit": ""
    }, 
    "smoked paprika": {
      "flour": "Safe", 
      "gluten": "no gluten here!", 
      "quantity": "2", 
      "substitute": "no substitute needed", 
      "unit": "teaspoons"
    }, 
    "sugar": {
      "flour": "Safe", 
      "gluten": "no gluten here!", 
      "quantity": "1", 
      "substitute": "no substitute needed", 
      "unit": "tablespoon"
    }, 
    "white wine vinegar": {
      "flour": "Safe", 
      "gluten": "no gluten here!", 
      "quantity": "\u00bc", 
      "substitute": "no substitute needed", 
      "unit": "cup"
    }
  }, 
  "instructions": [
    "Preheat oven to 350\u00b0. Toast coriander and fennel seeds in a dry small skillet over medium heat, tossing, until fragrant, about 3 minutes. Let cool, then finely chop with a knife or coarsely grind in a spice mill. Transfer to a small bowl and mix in salt, oregano, rosemary, sugar, chili powder, and paprika.", 
    "Place each rack of ribs on double-layered sheets of foil; sprinkle spice mixture all over ribs. Wrap and place on a rimmed baking sheet. Bake ribs until very tender but meat is not falling from the bone, about 2 hours.", 
    "Carefully unwrap ribs (there will be a lot of steam) and transfer to a platter; let cool. Pour any cooking juices from foil into a heatproof measuring cup; set aside.", 
    "DO AHEAD:Ribs can be baked 3 days ahead (the flavor will intensify and the cold ribs will hold together better when reheated). Cover and chill juices. Cover ribs and chill.", 
    "Prepare grill for high heat. Whisk apple juice, vinegar, oyster sauce, bourbon, brown sugar, oil, Dijon mustard, and Chinese mustard into reserved rib juices.", 
    "Grill ribs, turning and basting with sauce often, until heated through, glazed, and charred in spots, 8\u201310 minutes. Transfer to a cutting board; cut racks between bones into individual ribs. Transfer to a platter and serve with remaining sauce alongside."
  ], 
  "keywords": [
    "Barbecue", 
    "Bourbon", 
    "chef watson recipes", 
    "Chili", 
    "Coriander", 
    "Dijon", 
    "Fennel", 
    "Fourth Of July", 
    "Grilling Food", 
    "Mustard", 
    "Oregano", 
    "Oyster Sauce", 
    "Paprika", 
    "Pork", 
    "Ribs", 
    "Rosemary"
  ], 
  "name": "Fennel-Spiced Ribs with Tangy Apple-Mustard Barbecue Sauce", 
  "proteinContent": "", 
  "saturatedFatContent": "", 
  "servings": "Servings: 8", 
  "sodiumContent": "", 
  "sugarContent": "", 
  "url": "http://www.bonappetit.com/recipe/fennel-spiced-ribs-with-tangy-apple-mustard-barbecue-sauce"
}