{
  "calories": "", 
  "carbohydrateContent": "", 
  "cholesterolContent": "", 
  "description": "Store the finished nuts in an air-tight container to prevent stickiness.", 
  "fatContent": "", 
  "fiberContent": "", 
  "image": "http://www.bonappetit.com/wp-content/uploads/2014/09/five-spice-nuts-with-soy-sauce-and-sesame-940x600.jpg", 
  "ingredients": {
    "black sesame seeds": {
      "flour": "Safe", 
      "gluten": "no gluten here!", 
      "quantity": "2", 
      "substitute": "no substitute needed", 
      "unit": "teaspoons"
    }, 
    "cashews": {
      "flour": "Safe", 
      "gluten": "no gluten here!", 
      "quantity": "3", 
      "substitute": "no substitute needed", 
      "unit": "cups"
    }, 
    "cinnamon stick": {
      "flour": "Safe", 
      "gluten": "no gluten here!", 
      "quantity": "1", 
      "substitute": "no substitute needed", 
      "unit": ""
    }, 
    "fennel seeds": {
      "flour": "Safe", 
      "gluten": "no gluten here!", 
      "quantity": "1", 
      "substitute": "no substitute needed", 
      "unit": "teaspoon"
    }, 
    "light brown sugar": {
      "flour": "Safe", 
      "gluten": "no gluten here!", 
      "quantity": "1", 
      "substitute": "no substitute needed", 
      "unit": "tablespoon"
    }, 
    "of ground cloves": {
      "flour": "Safe", 
      "gluten": "no gluten here!", 
      "quantity": "Pinch", 
      "substitute": "no substitute needed", 
      "unit": ""
    }, 
    "sichuan peppercorns": {
      "flour": "Safe", 
      "gluten": "no gluten here!", 
      "quantity": "1", 
      "substitute": "no substitute needed", 
      "unit": "tablespoon"
    }, 
    "soy sauce": {
      "flour": "Safe", 
      "gluten": "gluten here!", 
      "quantity": "1", 
      "substitute": "gluten-free tamari", 
      "unit": "tablespoon"
    }, 
    "star anise pods": {
      "flour": "Safe", 
      "gluten": "no gluten here!", 
      "quantity": "2", 
      "substitute": "no substitute needed", 
      "unit": ""
    }, 
    "toasted sesame oil": {
      "flour": "Safe", 
      "gluten": "no gluten here!", 
      "quantity": "1", 
      "substitute": "no substitute needed", 
      "unit": "tablespoon"
    }, 
    "vegetable oil": {
      "flour": "Safe", 
      "gluten": "no gluten here!", 
      "quantity": "1", 
      "substitute": "no substitute needed", 
      "unit": "tablespoon"
    }
  }, 
  "instructions": [
    "Preheat oven to 325\u00b0. Heat vegetable oil in a large skillet over medium heat and cook star anise pods, cinnamon stick, peppercorns, and fennel seeds, stirring, until fragrant, about 1 minute. Remove from heat and add brown sugar, soy sauce, toasted sesame oil, cloves, and 1 Tbsp. water, stirring to dissolve sugar. Add cashews and toss to coat.", 
    "Spread mixture in an even layer on a rimmed baking sheet and sprinkle with black sesame seeds. Bake, tossing once, until nuts are golden brown and no longer sticky, 15\u201325 minutes."
  ], 
  "keywords": [
    "Anise", 
    "cashews", 
    "cocktail party food", 
    "Nuts", 
    "Party Food", 
    "Peppercorns", 
    "Sesame", 
    "Snack", 
    "Soy Sauce"
  ], 
  "name": "Five-Spice Nuts with Soy Sauce and Sesame", 
  "proteinContent": "", 
  "saturatedFatContent": "", 
  "servings": "Servings: 8", 
  "sodiumContent": "", 
  "sugarContent": "", 
  "url": "http://www.bonappetit.com/recipe/five-spice-nuts-with-soy-sauce-and-sesame"
}