{
  "calories": "", 
  "carbohydrateContent": "", 
  "cholesterolContent": "", 
  "fatContent": "", 
  "fiberContent": "", 
  "image": "http://www.bonappetit.com/wp-content/uploads/2012/09/fish_fillets_with_tomatoes_squash_and_basil_646.jpg", 
  "ingredients": {
    "6-ounce skinless white flaky fish fillets (such as atlantic cod or halibut)": {
      "flour": "Safe", 
      "gluten": "no gluten here!", 
      "quantity": "4", 
      "substitute": "no substitute needed", 
      "unit": ""
    }, 
    "cherry tomatoes, halved": {
      "flour": "Safe", 
      "gluten": "no gluten here!", 
      "quantity": "20", 
      "substitute": "no substitute needed", 
      "unit": ""
    }, 
    "dry white wine": {
      "flour": "Safe", 
      "gluten": "no gluten here!", 
      "quantity": "4", 
      "substitute": "no substitute needed", 
      "unit": "tablespoons"
    }, 
    "extra-virgin olive oil, divided": {
      "flour": "Safe", 
      "gluten": "no gluten here!", 
      "quantity": "4", 
      "substitute": "no substitute needed", 
      "unit": "tablespoons"
    }, 
    "kosher salt, freshly ground pepper": {
      "flour": "Safe", 
      "gluten": "no gluten here!", 
      "quantity": "", 
      "substitute": "no substitute needed", 
      "unit": ""
    }, 
    "thinly sliced fresh basil, divided, plus 1/4 cup basil leaves": {
      "flour": "Safe", 
      "gluten": "no gluten here!", 
      "quantity": "1/4", 
      "substitute": "no substitute needed", 
      "unit": "cup"
    }, 
    "thinly sliced shallots": {
      "flour": "Safe", 
      "gluten": "no gluten here!", 
      "quantity": "1/4", 
      "substitute": "no substitute needed", 
      "unit": "cup"
    }, 
    "very thinly sliced assorted summer squash (such as zucchini, yellow crookneck, and pattypan)": {
      "flour": "Safe", 
      "gluten": "no gluten here!", 
      "quantity": "2", 
      "substitute": "no substitute needed", 
      "unit": "cups"
    }
  }, 
  "instructions": [
    "Place four 14x12\" sheets of parchment paper, or heavy-duty foil if grilling, on a work surface. Divide squash among parchment sheets, arranging on one side of sheet in thin layers. Sprinkle shallots and sliced basil over, dividing equally. Scatter tomato halves around squash. Drizzle each packet with 1 Tbsp. wine and 1/2 Tbsp. oil (add 1/2 Tbsp. water to each if grilling). Season with salt and pepper. Place a fish fillet atop each portion. Season with salt and pepper; drizzle 1/2 Tbsp. oil over each.", 
    "Fold parchment over mixture and crimp  edges tightly to form a sealed packet.  DO AHEAD: Can be made 4 hours ahead. Chill. Let stand at room temperature for 15 minutes before continuing.", 
    "Preheat oven to 400\u00b0. Place packets in a single layer on a large rimmed baking sheet. Alternatively, build a medium fire in a charcoal grill, or heat a gas grill to medium-high. Bake or grill fish until just cooked through (a toothpick poked through the parchment will slide through fish easily), about 10 minutes. Carefully cut open packets (steam will escape). Garnish with basil leaves."
  ], 
  "keywords": [
    "Basil Recipes", 
    "Entrees", 
    "Fast Easy Fresh", 
    "Fish Recipes", 
    "Low-Calorie Recipes", 
    "Quick Recipes", 
    "Seafood Recipes", 
    "Squash Recipes", 
    "Tomato Recipes"
  ], 
  "name": "Fish Fillets with Tomatoes,  Squash, and Basil", 
  "proteinContent": "", 
  "saturatedFatContent": "", 
  "servings": "Servings: 4", 
  "sodiumContent": "", 
  "sugarContent": "", 
  "url": "http://www.bonappetit.com/recipe/fish-fillets-with-tomatoes-squash-and-basil"
}