{
  "calories": "", 
  "carbohydrateContent": "", 
  "cholesterolContent": "", 
  "fatContent": "", 
  "fiberContent": "", 
  "image": "http://www.bonappetit.com/wp-content/uploads/2007/06/grilled-short-ribs-with-miso-940x600.jpg", 
  "ingredients": {
    "(packed) dark brown sugar": {
      "flour": "Safe", 
      "gluten": "no gluten here!", 
      "quantity": "1/2", 
      "substitute": "no substitute needed", 
      "unit": "cup"
    }, 
    "asian sesame oil": {
      "flour": "Safe", 
      "gluten": "no gluten here!", 
      "quantity": "1", 
      "substitute": "no substitute needed", 
      "unit": "tablespoon"
    }, 
    "bone-in 1/3- to 1/2-inch-thick flanken-style short ribs": {
      "flour": "Safe", 
      "gluten": "no gluten here!", 
      "quantity": "12", 
      "substitute": "no substitute needed", 
      "unit": ""
    }, 
    "butter lettuce leaves": {
      "flour": "Safe", 
      "gluten": "no gluten here!", 
      "quantity": "", 
      "substitute": "no substitute needed", 
      "unit": ""
    }, 
    "garlic cloves, minced": {
      "flour": "Safe", 
      "gluten": "no gluten here!", 
      "quantity": "4", 
      "substitute": "no substitute needed", 
      "unit": ""
    }, 
    "red miso": {
      "flour": "Safe", 
      "gluten": "no gluten here!", 
      "quantity": "", 
      "substitute": "no substitute needed", 
      "unit": ""
    }, 
    "reduced-sodium soy sauce": {
      "flour": "Safe", 
      "gluten": "gluten here!", 
      "quantity": "1", 
      "substitute": "gluten-free tamari", 
      "unit": "cup"
    }, 
    "sticky rice (click for recipe)": {
      "flour": "Safe", 
      "gluten": "no gluten here!", 
      "quantity": "", 
      "substitute": "no substitute needed", 
      "unit": ""
    }
  }, 
  "instructions": [
    "Whisk soy sauce, sugar, garlic, and oil in 15x10x2-inch glass baking dish. DO AHEAD Can be made 2 hours ahead. Let stand at room temperature.", 
    "Add ribs to marinade; turn to coat. Let marinate 30 minutes at room temperature, turning occasionally.", 
    "Prepare barbecue (medium-high heat). Brush grill with oil. Grill ribs until cooked through, 2 to 3 minutes per side. Remove meat from bones and wrap in lettuce leaves with small amount of miso and Sticky Rice."
  ], 
  "keywords": [
    "Asian", 
    "Asian Food", 
    "Barbecue", 
    "Barbecue Recipes", 
    "Beef", 
    "Beef Recipes", 
    "Brown Sugar", 
    "Clove", 
    "Dinner", 
    "Do Ahead", 
    "Fathers Day", 
    "Garlic", 
    "Grilling", 
    "Grilling Food", 
    "Korean", 
    "Korean Food", 
    "Leafy Green", 
    "Lettuce", 
    "Main Course", 
    "Main Dishes", 
    "Marinade", 
    "Meat", 
    "Meat Recipes", 
    "Miso", 
    "Miso Recipes", 
    "Poker/Game Night", 
    "Ribs", 
    "Rice", 
    "Sesame Oil", 
    "Short Ribs", 
    "Soy Sauce", 
    "Summer", 
    "Summer Food", 
    "Superbowl"
  ], 
  "name": "Grilled Short Ribs with Miso", 
  "proteinContent": "", 
  "saturatedFatContent": "", 
  "servings": "Servings: 6", 
  "sodiumContent": "", 
  "sugarContent": "", 
  "url": "http://www.bonappetit.com/recipe/grilled-short-ribs-with-miso"
}