{
  "calories": "", 
  "carbohydrateContent": "", 
  "cholesterolContent": "", 
  "fatContent": "", 
  "fiberContent": "", 
  "image": "http://www.bonappetit.com/wp-content/uploads/2010/06/sea-bream-900x600.jpg", 
  "ingredients": {
    "1 1 1/4- to 1 1/2-pound whole sea bream, striped bass, or wild-caught rainbow snapper, cleaned, scaled, gutted (1 to 1 1/4 pounds after prep)": {
      "flour": "Safe", 
      "gluten": "no gluten here!", 
      "quantity": "", 
      "substitute": "no substitute needed", 
      "unit": ""
    }, 
    "1 1/2t teaspoons fish sauce (such as nam pla or nuoc nam)": {
      "flour": "Safe", 
      "gluten": "no gluten here!", 
      "quantity": "", 
      "substitute": "no substitute needed", 
      "unit": ""
    }, 
    "1 tablespoon chopped fresh cilantro plus additional for garnish": {
      "flour": "Safe", 
      "gluten": "no gluten here!", 
      "quantity": "", 
      "substitute": "no substitute needed", 
      "unit": ""
    }, 
    "1/2 cup grapefruit juice": {
      "flour": "Safe", 
      "gluten": "no gluten here!", 
      "quantity": "", 
      "substitute": "no substitute needed", 
      "unit": ""
    }, 
    "2 1/2 tablespoons chopped garlic": {
      "flour": "Safe", 
      "gluten": "no gluten here!", 
      "quantity": "", 
      "substitute": "no substitute needed", 
      "unit": ""
    }, 
    "2 1/2 tablespoons dark agave nectar (preferably organic)": {
      "flour": "Safe", 
      "gluten": "no gluten here!", 
      "quantity": "", 
      "substitute": "no substitute needed", 
      "unit": ""
    }, 
    "2 large dried ancho chiles": {
      "flour": "Safe", 
      "gluten": "no gluten here!", 
      "quantity": "", 
      "substitute": "no substitute needed", 
      "unit": ""
    }, 
    "3 1/2t tablespoons sugar": {
      "flour": "Safe", 
      "gluten": "no gluten here!", 
      "quantity": "", 
      "substitute": "no substitute needed", 
      "unit": ""
    }, 
    "3/4 cup orange juice": {
      "flour": "Safe", 
      "gluten": "no gluten here!", 
      "quantity": "", 
      "substitute": "no substitute needed", 
      "unit": ""
    }, 
    "5 tablespoons fresh lime juice": {
      "flour": "Safe", 
      "gluten": "no gluten here!", 
      "quantity": "", 
      "substitute": "no substitute needed", 
      "unit": ""
    }, 
    "6 guajillo chiles (about 1 ounce)": {
      "flour": "Safe", 
      "gluten": "no gluten here!", 
      "quantity": "", 
      "substitute": "no substitute needed", 
      "unit": ""
    }, 
    "cayenne pepper": {
      "flour": "Safe", 
      "gluten": "no gluten here!", 
      "quantity": "", 
      "substitute": "no substitute needed", 
      "unit": ""
    }, 
    "large grilling basket": {
      "flour": "Safe", 
      "gluten": "no gluten here!", 
      "quantity": "", 
      "substitute": "no substitute needed", 
      "unit": ""
    }, 
    "nonstick vegetable oil spray": {
      "flour": "Safe", 
      "gluten": "no gluten here!", 
      "quantity": "", 
      "substitute": "no substitute needed", 
      "unit": ""
    }
  }, 
  "instructions": [
    "Toast guajillo and ancho chiles in heavy large skillet over medium-high heat until slightly darker in color, 1 to 2 minutes per side for guajillo chiles and about 3 minutes per side for ancho chiles. Using tongs, carefully transfer toasted chiles to sheet of foil and cool. Remove stems and seeds from all chiles, then crumble chiles finely into small bowl.", 
    "Sprinkle sugar over bottom of heavy large saucepan. Cook over medium heat without stirring, occasionally swirling and tilting pan, until sugar dissolves and becomes medium golden brown syrup, 7 to 8 minutes. Turn off heat. Add chopped garlic and stir 20 seconds. Mix in agave nectar and crumbled chiles; stir 1 minute. Add all citrus juices. Bring mixture to boil over high heat, stirring occasionally. Reduce heat to medium-low and simmer until glaze thickens enough to coat spoon, about 20 minutes. Strain glaze into small microwave-safe bowl, pressing hard on chile solids to release all liquid. Discard solids in strainer. Mix in fish sauce. Season glaze to taste with salt and pepper. DO AHEAD Glaze can be prepared up to 3 days ahead. Cool, cover, and refrigerate. Rewarm glaze in microwave before continuing.", 
    "Mix 1 tablespoon chopped fresh cilantro into glaze.", 
    "Prepare barbecue (medium-high heat). Coat inside of large grilling basket with nonstick spray. Wipe fish dry inside and out. Score each side of fish 3 times, cutting to bone. Sprinkle fish inside and out with salt and cayenne.", 
    "Place fish in basket; place on grill rack. Close grill and cook 6 minutes. Turn basket and brush 2 tablespoons glaze over fish, opening basket if necessary and closing again. Cover grill. Cook fish until just opaque in center, about 7 minutes.", 
    "Turn fish out onto platter. Brush 2 tablespoons glaze over. Top with cilantro."
  ], 
  "keywords": [
    "Barbecue", 
    "Bream", 
    "Chile", 
    "Citrus", 
    "Fish", 
    "Fish Recipes", 
    "Grilling", 
    "Healthy", 
    "Low Cal", 
    "Low Fat", 
    "Low Saturated Fat", 
    "Main Course", 
    "Pepper", 
    "Seafood Recipes", 
    "Summer"
  ], 
  "name": "Grilled Whole Sea Bream with Chile Glaze", 
  "proteinContent": "", 
  "saturatedFatContent": "", 
  "servings": "Servings: 6", 
  "sodiumContent": "", 
  "sugarContent": "", 
  "url": "http://www.bonappetit.com/recipe/grilled-whole-sea-bream-with-chile-glaze"
}