{
  "calories": "Calories (kcal) 910", 
  "carbohydrateContent": "Carbohydrates (g) 88", 
  "cholesterolContent": "Cholesterol (mg) 95", 
  "description": "Slaw doesn't go with this fried chicken sandwich, it goes on the sandwich, along with a healthy dose of spicy mayo.", 
  "fatContent": "Fat (g) 42", 
  "fiberContent": "Dietary Fiber (g)  5", 
  "image": "http://www.bonappetit.com/wp-content/uploads/2013/03/fried-chicken-sandwiches-with-slaw-and-spicy-mayo-940x600.jpg", 
  "ingredients": {
    "8-ounce skinless, boneless chicken breasts, halved crosswise": {
      "flour": "Safe", 
      "gluten": "no gluten here!", 
      "quantity": "2", 
      "substitute": "no substitute needed", 
      "unit": ""
    }, 
    "a deep-fry thermometer": {
      "flour": "Safe", 
      "gluten": "no gluten here!", 
      "quantity": "", 
      "substitute": "no substitute needed", 
      "unit": ""
    }, 
    "all-purpose flour": {
      "flour": {
        "type": {
          "binder": {
            "type": "xanthum gum", 
            "weight": 0.5
          }, 
          "density": {
            "type": "brown rice flour", 
            "weight": 0.142
          }, 
          "fat": {
            "type": "almond flour", 
            "weight": 0.142
          }, 
          "leavener": "", 
          "lightness": {
            "type": "white rice flour", 
            "weight": 0.284
          }, 
          "protein": {
            "type": "sorghum flour", 
            "weight": 0.142
          }, 
          "starch": {
            "type": "potato starch", 
            "weight": 0.284
          }, 
          "stickiness": "", 
          "texture": ""
        }, 
        "weight": 125
      }, 
      "gluten": "gluten here!", 
      "quantity": "2", 
      "substitute": "flour ratio", 
      "unit": "cups"
    }, 
    "bread-and-butter pickle slices, plus 1/4 cup pickle juice": {
      "flour": "Safe", 
      "gluten": "no gluten here!", 
      "quantity": "1/2", 
      "substitute": "no substitute needed", 
      "unit": "cup"
    }, 
    "buttermilk": {
      "flour": "Safe", 
      "gluten": "no gluten here!", 
      "quantity": "1", 
      "substitute": "no substitute needed", 
      "unit": "cup"
    }, 
    "garlic clove, finely grated": {
      "flour": "Safe", 
      "gluten": "no gluten here!", 
      "quantity": "1", 
      "substitute": "no substitute needed", 
      "unit": ""
    }, 
    "ground black pepper": {
      "flour": "Safe", 
      "gluten": "no gluten here!", 
      "quantity": "1", 
      "substitute": "no substitute needed", 
      "unit": "tablespoon"
    }, 
    "jalape\u00f1o, thinly sliced": {
      "flour": "Safe", 
      "gluten": "no gluten here!", 
      "quantity": "1", 
      "substitute": "no substitute needed", 
      "unit": ""
    }, 
    "kosher salt plus more": {
      "flour": "Safe", 
      "gluten": "no gluten here!", 
      "quantity": "1/2", 
      "substitute": "no substitute needed", 
      "unit": "teaspoon"
    }, 
    "louisiana-style hot pepper sauce": {
      "flour": "Safe", 
      "gluten": "no gluten here!", 
      "quantity": "1", 
      "substitute": "no substitute needed", 
      "unit": "tablespoon"
    }, 
    "mayonnaise": {
      "flour": "Safe", 
      "gluten": "no gluten here!", 
      "quantity": "1/2", 
      "substitute": "no substitute needed", 
      "unit": "cup"
    }, 
    "peanut or vegetable oil (for frying)": {
      "flour": "Safe", 
      "gluten": "no gluten here!", 
      "quantity": "", 
      "substitute": "no substitute needed", 
      "unit": ""
    }, 
    "small red onion, thinly  sliced": {
      "flour": "Safe", 
      "gluten": "no gluten here!", 
      "quantity": "1/2", 
      "substitute": "no substitute needed", 
      "unit": ""
    }, 
    "thinly sliced cabbage": {
      "flour": "Safe", 
      "gluten": "no gluten here!", 
      "quantity": "4", 
      "substitute": "no substitute needed", 
      "unit": "cups"
    }, 
    "unsalted butter, room temperature": {
      "flour": "Safe", 
      "gluten": "no gluten here!", 
      "quantity": "2", 
      "substitute": "no substitute needed", 
      "unit": "tablespoons"
    }, 
    "white sandwich rolls": {
      "flour": "Safe", 
      "gluten": "no gluten here!", 
      "quantity": "4", 
      "substitute": "no substitute needed", 
      "unit": ""
    }
  }, 
  "instructions": [
    "Mix garlic, mayonnaise, and hot pepper sauce in a small bowl; cover and chill. Toss onion, jalape\u00f1o, cabbage, pickles, and pickle juice in a large bowl to combine; cover and chill.", 
    "Whisk flour, pepper, and 1/2 teaspoons salt in a shallow bowl. Pour buttermilk into another shallow bowl. Working with 1 piece at a time, dredge chicken in flour mixture, shaking off excess. Dip in buttermilk, allowing excess to drip back into bowl. Dredge again in flour mixture, shaking off excess.", 
    "Pour oil into a large heavy skillet to a depth of 1/2-inch. Prop deep-fry thermometer in oil so bulb is submerged. Heat over medium heat until thermometer registers 350\u00b0.", 
    "Fry chicken until golden brown and cooked through, about 3 minutes per side. Transfer to a wire rack set inside a baking sheet; season with salt.", 
    "Spread cut sides of rolls with butter. Heat another large skillet over medium heat. Working in batches, cook rolls buttered side down until browned and crisp, about 1 minute. Spread with spicy mayo. Build sandwiches with rolls, chicken, and cabbage slaw."
  ], 
  "keywords": [
    "Buttermilk", 
    "Cabbage", 
    "Chicken Recipes", 
    "Dinner", 
    "Jalapeno Recipes", 
    "Lunch", 
    "Sandwich Primer Recipes", 
    "Sandwich Recipes", 
    "Slaw Recipes", 
    "Southern Food"
  ], 
  "name": "Fried Chicken Sandwiches with Slaw and Spicy Mayo", 
  "proteinContent": "Protein (g) 42", 
  "saturatedFatContent": "Saturated Fat (g) 9", 
  "servings": "Servings: 4", 
  "sodiumContent": "Sodium (mg) 1090", 
  "sugarContent": "Total Sugars (g) 13", 
  "url": "http://www.bonappetit.com/recipe/fried-chicken-sandwiches-with-slaw-and-spicy-mayo"
}