{
  "calories": "", 
  "carbohydrateContent": "", 
  "cholesterolContent": "", 
  "fatContent": "", 
  "fiberContent": "", 
  "image": "http://www.bonappetit.com/wp-content/uploads/2009/01/baked-penne-with-farmhouse-cheddar-and-leeks-940x600.jpg", 
  "ingredients": {
    "(1/2 stick) butter": {
      "flour": "Safe", 
      "gluten": "no gluten here!", 
      "quantity": "1/4", 
      "substitute": "no substitute needed", 
      "unit": "cup"
    }, 
    "all purpose flour": {
      "flour": {
        "type": {
          "binder": {
            "type": "xanthum gum", 
            "weight": 0.5
          }, 
          "density": {
            "type": "brown rice flour", 
            "weight": 0.142
          }, 
          "fat": {
            "type": "almond flour", 
            "weight": 0.142
          }, 
          "leavener": "", 
          "lightness": {
            "type": "white rice flour", 
            "weight": 0.284
          }, 
          "protein": {
            "type": "sorghum flour", 
            "weight": 0.142
          }, 
          "starch": {
            "type": "potato starch", 
            "weight": 0.284
          }, 
          "stickiness": "", 
          "texture": ""
        }, 
        "weight": 125
      }, 
      "gluten": "gluten here!", 
      "quantity": "1/4", 
      "substitute": "flour ratio", 
      "unit": "cup"
    }, 
    "chopped leeks (white and pale green parts only; about 5 large)": {
      "flour": "Safe", 
      "gluten": "no gluten here!", 
      "quantity": "5", 
      "substitute": "no substitute needed", 
      "unit": "cups"
    }, 
    "dijon mustard": {
      "flour": "Safe", 
      "gluten": "no gluten here!", 
      "quantity": "1", 
      "substitute": "no substitute needed", 
      "unit": "tablespoon"
    }, 
    "extra-sharp cheddar cheese, coarsely grated (about 4 cups packed)": {
      "flour": "Safe", 
      "gluten": "no gluten here!", 
      "quantity": "1", 
      "substitute": "no substitute needed", 
      "unit": "pound"
    }, 
    "hot pepper sauce": {
      "flour": "Safe", 
      "gluten": "no gluten here!", 
      "quantity": "1", 
      "substitute": "no substitute needed", 
      "unit": "teaspoon"
    }, 
    "large eggs": {
      "flour": "Safe", 
      "gluten": "no gluten here!", 
      "quantity": "2", 
      "substitute": "no substitute needed", 
      "unit": ""
    }, 
    "penne pasta": {
      "flour": "Safe", 
      "gluten": "gluten here!", 
      "quantity": "1", 
      "substitute": "gluten-free pasta", 
      "unit": "pound"
    }, 
    "whole milk": {
      "flour": "Safe", 
      "gluten": "no gluten here!", 
      "quantity": "3 1/2", 
      "substitute": "no substitute needed", 
      "unit": "cups"
    }
  }, 
  "instructions": [
    "Lightly butter 15x10x2-inch baking dish. Melt 1/4 cup butter in heavy large saucepan over medium heat. Add leeks; stir to coat. Cover saucepan and cook until leeks are tender, stirring occasionally, about 12 minutes (do not brown). Uncover saucepan; add flour. Stir 2 minutes. Add milk; bring to simmer, stirring often. Add cheese, mustard, and pepper sauce. Stir until cheese melts. Remove from heat. Season cheese sauce to taste with salt.", 
    "Whisk eggs in medium bowl. Gradually whisk in 1 cup cheese sauce. Stir egg mixture into cheese sauce in saucepan.", 
    "Meanwhile, cook pasta in large pot of boiling salted water until just tender but still firm to bite, stirring occasionally. Drain. Return to pot.", 
    "Stir cheese sauce into pasta in pot. Transfer to prepared baking dish. DO AHEAD Can be made 2 hours ahead. Let stand at room temperature.", 
    "Preheat oven to 400\u00b0F. Bake pasta until cheese sauce is bubbling around edges and some ends of pasta are golden brown, 25 to 30 minutes.", 
    "Let stand 15 minutes. Serve hot.", 
    "Unlike classic mac and cheese, which is thickened by a roux (a flour and butter mixture), this one uses eggs to make a rich, gooey custard. But be careful when adding the hot cheese sauce to the eggs; you'll need to whisk the sauce in slowly so that the eggs don't curdle."
  ], 
  "keywords": [
    "Cheddar", 
    "Cheese", 
    "Dinner", 
    "Dinner Party", 
    "Do Ahead", 
    "English Food", 
    "English/Scottish", 
    "Extra-Sharp", 
    "Family Reunion", 
    "Fathers Day", 
    "High Fiber", 
    "Italian", 
    "Italian Food", 
    "Leek", 
    "Lunch", 
    "Mac &amp; Cheese", 
    "Mac And Cheese", 
    "Macaroni &amp; Cheese", 
    "Macaroni And Cheese", 
    "Main Course", 
    "Main Dishes", 
    "Pasta", 
    "Pasta Recipes", 
    "Potluck", 
    "Raw-Milk", 
    "Vegetarian"
  ], 
  "name": "Baked Penne with Farmhouse Cheddar and Leeks", 
  "proteinContent": "", 
  "saturatedFatContent": "", 
  "servings": "Servings: 6", 
  "sodiumContent": "", 
  "sugarContent": "", 
  "url": "http://www.bonappetit.com/recipe/baked-penne-with-farmhouse-cheddar-and-leeks"
}