{
  "calories": "Calories (kcal) 570", 
  "carbohydrateContent": "Carbohydrates (g) 390", 
  "cholesterolContent": "Cholesterol (mg) 220", 
  "fatContent": "Fat (g) 16", 
  "fiberContent": "Dietary Fiber (g)  0", 
  "image": "http://www.bonappetit.com/wp-content/uploads/2012/07/grilled-corvina.jpg", 
  "ingredients": {
    "4\u20135 lb. corvina, tilefish, or grouper, filleted, scales and skin left on": {
      "flour": "Safe", 
      "gluten": "no gluten here!", 
      "quantity": "1", 
      "substitute": "no substitute needed", 
      "unit": ""
    }, 
    "kosher salt and freshly ground black pepper": {
      "flour": "Safe", 
      "gluten": "no gluten here!", 
      "quantity": "", 
      "substitute": "no substitute needed", 
      "unit": ""
    }, 
    "unsalted butter, melted": {
      "flour": "Safe", 
      "gluten": "no gluten here!", 
      "quantity": "1/4", 
      "substitute": "no substitute needed", 
      "unit": "cup"
    }, 
    "vegetable oil (for brushing)": {
      "flour": "Safe", 
      "gluten": "no gluten here!", 
      "quantity": "", 
      "substitute": "no substitute needed", 
      "unit": ""
    }
  }, 
  "instructions": [
    "Build a medium fire in a charcoal grill, or heat a gas grill to medium-high. (If using charcoal, mound ash-covered coals on one side of grill and rake a shallow layer over bottom of grill to maintain medium heat. Start a batch of coals burning in a charcoal chimney to replenish coals when needed.) Thoroughly clean grill grate; brush with oil.", 
    "Season cut side of fish with salt and pepper; brush with butter. Grill fish, cut side down, over shallow layer of coals (if using charcoal) until flesh is cooked halfway through, 10\u201318 minutes depending on the size and thickness of the fish. (Use long tongs to rake more coals underneath fish and maintain medium heat.)", 
    "Using two metal spatulas, gently turn fish. Cook, scales side down, until fish is cooked through, 10\u201318 minutes longer, depending on size and thickness of fish. (The flesh will begin to separate from the skin. Insert a small knife into flesh; if it slides through without resistance, fish is done.)", 
    "Transfer to a platter and serve."
  ], 
  "keywords": [
    "Dinner", 
    "Fish", 
    "Fish Recipes", 
    "Grilling Food", 
    "Healthy Recipes", 
    "La Huella Recipes", 
    "Summer Food"
  ], 
  "name": "Grilled Corvina", 
  "proteinContent": "Protein (g) 99", 
  "saturatedFatContent": "Saturated Fat (g) 8", 
  "servings": "Servings: 4", 
  "sodiumContent": "Sodium (mg) 390", 
  "sugarContent": "Total Sugars (g) 0", 
  "url": "http://www.bonappetit.com/recipe/grilled-corvina"
}