{
  "calories": "", 
  "carbohydrateContent": "", 
  "cholesterolContent": "", 
  "fatContent": "", 
  "fiberContent": "", 
  "image": "http://www.bonappetit.com/wp-content/uploads/2013/04/grilled-fish-with-tangerine-and-marjoram-6461.jpg", 
  "ingredients": {
    "1 to 1 1/4-pound whole porgy, grap snapper, or branzino, cleaned": {
      "flour": "Safe", 
      "gluten": "no gluten here!", 
      "quantity": "2", 
      "substitute": "no substitute needed", 
      "unit": ""
    }, 
    "kosher salt and freshly ground black pepper": {
      "flour": "Safe", 
      "gluten": "no gluten here!", 
      "quantity": "", 
      "substitute": "no substitute needed", 
      "unit": ""
    }, 
    "olive oil": {
      "flour": "Safe", 
      "gluten": "no gluten here!", 
      "quantity": "2", 
      "substitute": "no substitute needed", 
      "unit": "tablespoons"
    }, 
    "sprigs fresh marjoram plus 1 tablespoon marjoram leaves": {
      "flour": "Safe", 
      "gluten": "no gluten here!", 
      "quantity": "8", 
      "substitute": "no substitute needed", 
      "unit": ""
    }, 
    "tangerines or small oranges, peeled, separated into segments, seeded": {
      "flour": "Safe", 
      "gluten": "no gluten here!", 
      "quantity": "2", 
      "substitute": "no substitute needed", 
      "unit": ""
    }
  }, 
  "instructions": [
    "Prepare a medium-hot fire in a charcoal grill, or heat a gas grill to medium-high. Make 3 diagonal slices spaced about 1 1/2\" apart on each side of fish. Season skin and cavity with salt and pepper. Stuff each fish with 4 herb sprigs and segments from 1/2 tangerine. Rub each fish with 1 tablespoon oil.", 
    "Grill fish until skin no longer sticks, 3-4 minutes. Using a metal spatula, carefully turn fish and grill until cooked through, about 3-4 more minutes. Transfer to platters and garnish with remaining tangerine segments and marjoram leaves."
  ], 
  "keywords": [
    "Barbecue", 
    "Branzino", 
    "Citrus Recipes", 
    "Dinner", 
    "Dinner Party Food", 
    "Fish", 
    "Fish Recipes", 
    "Fruit Recipes", 
    "Grilling Food", 
    "Herb Recipes", 
    "Main Course", 
    "Marjoram Recipes", 
    "Mexican Food", 
    "Seafood Recipes", 
    "Snapper Recipes", 
    "Summer Food", 
    "Tangerine Recipes"
  ], 
  "name": "Grilled Fish with Tangerine and Marjoram", 
  "proteinContent": "", 
  "saturatedFatContent": "", 
  "servings": "", 
  "sodiumContent": "", 
  "sugarContent": "", 
  "url": "http://www.bonappetit.com/recipe/grilled-fish-with-tangerine-and-marjoram"
}