{
  "calories": "", 
  "carbohydrateContent": "", 
  "cholesterolContent": "", 
  "fatContent": "", 
  "fiberContent": "", 
  "image": "http://www.bonappetit.com/wp-content/uploads/2013/05/fresh_corn_tortillas_646.jpg", 
  "ingredients": {
    "(or more) masa (corn tortilla mix; preferably maseca brand)": {
      "flour": "Safe", 
      "gluten": "no gluten here!", 
      "quantity": "2", 
      "substitute": "no substitute needed", 
      "unit": "cups"
    }, 
    "kosher salt": {
      "flour": "Safe", 
      "gluten": "no gluten here!", 
      "quantity": "1/2", 
      "substitute": "no substitute needed", 
      "unit": "teaspoon"
    }, 
    "vegetable oil (for brushing)": {
      "flour": "Safe", 
      "gluten": "no gluten here!", 
      "quantity": "", 
      "substitute": "no substitute needed", 
      "unit": ""
    }
  }, 
  "instructions": [
    "Whisk masa and salt in a medium bowl. Stir in 1 1/2 cups water; knead in bowl until dough forms. The dough should feel firm and springy and look slightly dry (think Play-Doh). Add more water by tablespoonfuls if too crumbly; add a little more masa if too wet.", 
    "Measure 1 heaping Tbsp. dough and roll into a ball. Flatten on a tortilla press lined with a plastic bag. If tortilla crumbles, dough is too dry (add more water); if it  sticks to the plastic, dough is too wet (add more masa). Repeat, pressing out 2 more tortillas.", 
    "Heat a large cast-iron skillet over medium-high heat; lightly brush with oil. Cook 2\u20133 tortillas until charred in spots and edges start to curl, 1\u20132 minutes. Turn; cook through, about 15 seconds. Transfer to a kitchen towel; fold over to keep warm. Repeat, in batches, with remaining dough."
  ], 
  "keywords": [
    "High Fiber", 
    "Low Cholesterol Recipes", 
    "Low Saturated Fat Recipes", 
    "Low-Calorie Recipes", 
    "Mexican Food", 
    "Taco Primer Recipes", 
    "Tortillas"
  ], 
  "name": "Fresh Corn Tortillas", 
  "proteinContent": "", 
  "saturatedFatContent": "", 
  "servings": "Servings: Makes 24", 
  "sodiumContent": "", 
  "sugarContent": "", 
  "url": "http://www.bonappetit.com/recipe/fresh-corn-tortillas"
}