{
  "calories": "", 
  "carbohydrateContent": "", 
  "cholesterolContent": "", 
  "fatContent": "", 
  "fiberContent": "", 
  "image": "http://www.bonappetit.com/wp-content/uploads/2013/07/fried-almonds-646.jpg", 
  "ingredients": {
    "coarse sea salt (such as maldon)": {
      "flour": "Safe", 
      "gluten": "no gluten here!", 
      "quantity": "", 
      "substitute": "no substitute needed", 
      "unit": ""
    }, 
    "olive oil": {
      "flour": "Safe", 
      "gluten": "no gluten here!", 
      "quantity": "1/2", 
      "substitute": "no substitute needed", 
      "unit": "cup"
    }, 
    "skin-on almonds": {
      "flour": "Safe", 
      "gluten": "no gluten here!", 
      "quantity": "3", 
      "substitute": "no substitute needed", 
      "unit": "cups"
    }
  }, 
  "instructions": [
    "Heat oil in a large skillet until hot but not smoking. Add almonds and cook, stirring occasionally, until browned and toasted through, 7\u20138 minutes. Using a slotted spoon, transfer to paper towels. Season generously to taste with salt. DO AHEAD Can be made 1 day ahead. Store cooled nuts airtight at room temperature."
  ], 
  "keywords": [
    "Almond", 
    "Appetizers", 
    "Canal House", 
    "Easter Sunday", 
    "High Fiber", 
    "Low Cholesterol Recipes", 
    "Low Saturated Fat Recipes", 
    "Vegetarian Food"
  ], 
  "name": "Fried Almonds", 
  "proteinContent": "", 
  "saturatedFatContent": "", 
  "servings": "Servings: Makes 3 cups", 
  "sodiumContent": "", 
  "sugarContent": "", 
  "url": "http://www.bonappetit.com/recipe/fried-almonds"
}