{
  "calories": "", 
  "carbohydrateContent": "", 
  "cholesterolContent": "", 
  "description": "Bonal is a French ap\u00e9ritif infused with gentiana, a low-growing wildflower common in many parts of France", 
  "fatContent": "", 
  "fiberContent": "", 
  "image": "http://www.bonappetit.com/wp-content/uploads/2014/06/Grilling-Recipes-14-of-15-940x600.jpg", 
  "ingredients": {
    "angostura bitters": {
      "flour": "Safe", 
      "gluten": "no gluten here!", 
      "quantity": "Dash", 
      "substitute": "no substitute needed", 
      "unit": ""
    }, 
    "blood orange or orange juice, freshly squeezed if possible": {
      "flour": "Safe", 
      "gluten": "no gluten here!", 
      "quantity": "\u00be", 
      "substitute": "no substitute needed", 
      "unit": "ounce"
    }, 
    "blood orange wedge, for garnish": {
      "flour": "Safe", 
      "gluten": "no gluten here!", 
      "quantity": "", 
      "substitute": "no substitute needed", 
      "unit": ""
    }, 
    "bonal or genepy de alpes": {
      "flour": "Safe", 
      "gluten": "no gluten here!", 
      "quantity": "\u00bd", 
      "substitute": "no substitute needed", 
      "unit": "ounce"
    }, 
    "rye, such as bulleit": {
      "flour": "Safe", 
      "gluten": "no gluten here!", 
      "quantity": "1", 
      "substitute": "no substitute needed", 
      "unit": "ounce"
    }, 
    "tepache (click here for recipe)": {
      "flour": "Safe", 
      "gluten": "no gluten here!", 
      "quantity": "1\u00bd", 
      "substitute": "no substitute needed", 
      "unit": "ounces"
    }, 
    "yellow chartreuse": {
      "flour": "Safe", 
      "gluten": "no gluten here!", 
      "quantity": "\u00bc", 
      "substitute": "no substitute needed", 
      "unit": "ounce"
    }
  }, 
  "instructions": [
    "Combine rye, blood orange juice, Bonal, and Chartreuse in a cocktail shaker; fill with ice. Swizzle (stir) until cold and strain into a chilled sour glass, top with crushed ice, and a dash of bitters."
  ], 
  "keywords": [
    "Bitters", 
    "chartreuse", 
    "Cocktails", 
    "Drinks", 
    "Orange", 
    "Rye", 
    "Summer Drinks", 
    "Tepache"
  ], 
  "name": "Gilded Youth", 
  "proteinContent": "", 
  "saturatedFatContent": "", 
  "servings": "Servings: Makes 1", 
  "sodiumContent": "", 
  "sugarContent": "", 
  "url": "http://www.bonappetit.com/recipe/gilded-youth"
}