{
  "calories": "", 
  "carbohydrateContent": "", 
  "cholesterolContent": "", 
  "description": "Loaded with oats and bananas, this is a great treat to have on hand after soccer or baseball practice.", 
  "fatContent": "", 
  "fiberContent": "", 
  "image": "http://www.bonappetit.com/wp-content/uploads/2014/07/Back-to-School-Banana-Nut-Brownies-940x600.jpg", 
  "ingredients": {
    "(packed) light brown sugar": {
      "flour": "Safe", 
      "gluten": "no gluten here!", 
      "quantity": "1\u00bc", 
      "substitute": "no substitute needed", 
      "unit": "cups"
    }, 
    "all-purpose flour": {
      "flour": {
        "type": {
          "binder": {
            "type": "xanthum gum", 
            "weight": 0.5
          }, 
          "density": {
            "type": "brown rice flour", 
            "weight": 0.142
          }, 
          "fat": {
            "type": "almond flour", 
            "weight": 0.142
          }, 
          "leavener": "", 
          "lightness": {
            "type": "white rice flour", 
            "weight": 0.284
          }, 
          "protein": {
            "type": "sorghum flour", 
            "weight": 0.142
          }, 
          "starch": {
            "type": "potato starch", 
            "weight": 0.284
          }, 
          "stickiness": "", 
          "texture": ""
        }, 
        "weight": 125
      }, 
      "gluten": "gluten here!", 
      "quantity": "1", 
      "substitute": "flour ratio", 
      "unit": "cup"
    }, 
    "baking powder": {
      "flour": "Safe", 
      "gluten": "no gluten here!", 
      "quantity": "2", 
      "substitute": "no substitute needed", 
      "unit": "teaspoons"
    }, 
    "bananas, chopped": {
      "flour": "Safe", 
      "gluten": "no gluten here!", 
      "quantity": "3", 
      "substitute": "no substitute needed", 
      "unit": ""
    }, 
    "ground cinnamon": {
      "flour": "Safe", 
      "gluten": "no gluten here!", 
      "quantity": "1", 
      "substitute": "no substitute needed", 
      "unit": "teaspoon"
    }, 
    "kosher salt": {
      "flour": "Safe", 
      "gluten": "no gluten here!", 
      "quantity": "1", 
      "substitute": "no substitute needed", 
      "unit": "teaspoon"
    }, 
    "large eggs": {
      "flour": "Safe", 
      "gluten": "no gluten here!", 
      "quantity": "2", 
      "substitute": "no substitute needed", 
      "unit": ""
    }, 
    "old-fashioned oats": {
      "flour": "Safe", 
      "gluten": "no gluten here!", 
      "quantity": "1\u00bd", 
      "substitute": "no substitute needed", 
      "unit": "cups"
    }, 
    "unsalted butter, cut into \u00bd\u201d pieces, melted, plus more for baking dish": {
      "flour": "Safe", 
      "gluten": "no gluten here!", 
      "quantity": "6", 
      "substitute": "no substitute needed", 
      "unit": "tablespoons"
    }, 
    "vanilla extract": {
      "flour": "Safe", 
      "gluten": "no gluten here!", 
      "quantity": "1", 
      "substitute": "no substitute needed", 
      "unit": "teaspoon"
    }
  }, 
  "instructions": [
    "Preheat oven to 350\u00b0. Lightly coat an 8x8\u201d baking dish with butter and line with parchment paper. Whisk oats, flour, baking powder, cinnamon, and salt in a large bowl; set aside. Whisk brown sugar, eggs, and vanilla in another large bowl until mixture is smooth.", 
    "Slowly stream butter into brown sugar mixture, whisking constantly until well blended. Add bananas to dry ingredients; toss to coat. Stir into brown sugar mixture (batter will be thick). Spread batter in prepared dish. Bake until cake is golden brown and the edges start to pull away from sides of dish, 35\u201340 minutes. Transfer to a wire rack and let cool completely in dish. Cut into 12 servings."
  ], 
  "keywords": [
    "Back To School", 
    "Banana", 
    "Cake Recipes", 
    "Cinnamon Recipes", 
    "Desserts", 
    "Kid-Friendly Recipes", 
    "Oat Recipes", 
    "Snack", 
    "Vanilla Recipes"
  ], 
  "name": "Banana-Oat Snack Cake", 
  "proteinContent": "", 
  "saturatedFatContent": "", 
  "servings": "Servings: 12", 
  "sodiumContent": "", 
  "sugarContent": "", 
  "url": "http://www.bonappetit.com/recipe/banana-oat-snack-cake"
}