{
  "calories": "", 
  "carbohydrateContent": "", 
  "cholesterolContent": "", 
  "description": "You can dress this salad about half an hour in advance to no ill effect\u2014the hearty greens can handle it.", 
  "fatContent": "", 
  "fiberContent": "", 
  "image": "http://www.bonappetit.com/wp-content/uploads/2013/09/greens-with-bacon-mushrooms-and-blue-cheese.jpg", 
  "ingredients": {
    "chanterelles or crimini (baby bella) mushrooms, cut into pieces": {
      "flour": "Safe", 
      "gluten": "no gluten here!", 
      "quantity": "\u00bd", 
      "substitute": "no substitute needed", 
      "unit": "pound"
    }, 
    "crumbled blue cheese": {
      "flour": "Safe", 
      "gluten": "no gluten here!", 
      "quantity": "\u00bd", 
      "substitute": "no substitute needed", 
      "unit": "cup"
    }, 
    "dijon mustard": {
      "flour": "Safe", 
      "gluten": "no gluten here!", 
      "quantity": "1", 
      "substitute": "no substitute needed", 
      "unit": "teaspoon"
    }, 
    "extra-virgin olive oil": {
      "flour": "Safe", 
      "gluten": "no gluten here!", 
      "quantity": "\u00bc", 
      "substitute": "no substitute needed", 
      "unit": "cup"
    }, 
    "garlic clove, finely grated": {
      "flour": "Safe", 
      "gluten": "no gluten here!", 
      "quantity": "1", 
      "substitute": "no substitute needed", 
      "unit": ""
    }, 
    "hearty greens (such as mustard greens, spinach, or baby kale), torn": {
      "flour": "Safe", 
      "gluten": "no gluten here!", 
      "quantity": "8", 
      "substitute": "no substitute needed", 
      "unit": "ounces"
    }, 
    "kosher salt and freshly ground black pepper": {
      "flour": "Safe", 
      "gluten": "no gluten here!", 
      "quantity": "", 
      "substitute": "no substitute needed", 
      "unit": ""
    }, 
    "red wine vinegar": {
      "flour": "Safe", 
      "gluten": "no gluten here!", 
      "quantity": "\u00bc", 
      "substitute": "no substitute needed", 
      "unit": "cup"
    }, 
    "slices thick-cut bacon, cut into 1&rdquo; pieces": {
      "flour": "Safe", 
      "gluten": "no gluten here!", 
      "quantity": "4", 
      "substitute": "no substitute needed", 
      "unit": "slices"
    }, 
    "small red onion, sliced \u00bc&rdquo; thick": {
      "flour": "Safe", 
      "gluten": "no gluten here!", 
      "quantity": "1", 
      "substitute": "no substitute needed", 
      "unit": ""
    }, 
    "sugar": {
      "flour": "Safe", 
      "gluten": "no gluten here!", 
      "quantity": "2", 
      "substitute": "no substitute needed", 
      "unit": "teaspoons"
    }
  }, 
  "instructions": [
    "Cook bacon in a large skillet over medium heat, stirring occasionally, until crisp, 8\u201310 minutes. Using a slotted spoon, transfer bacon to a paper towel\u2013lined plate.", 
    "Cook onion in same skillet, stirring occasionally, until softened and lightly browned, 6\u20138 minutes, using a slotted spoon, transfer to plate with bacon. Repeat with mushrooms. Remove skillet from heat. Add garlic, vinegar, sugar, and mustard, scraping up browned bits. Whisk in oil; season dressing with salt and pepper.", 
    "Toss greens, warm dressing, bacon, onion, and mushrooms in a large bowl; season with salt and pepper and top with cheese."
  ], 
  "keywords": [
    "Bacon Recipes", 
    "Blue Cheese", 
    "Breakfast", 
    "Brunch", 
    "Kale Recipes", 
    "Mushroom Recipes", 
    "Mustard Recipes", 
    "Side", 
    "Sides", 
    "Spinach Recipes", 
    "wake up and smell the coffee recipes"
  ], 
  "name": "Greens with Bacon, Mushrooms, and Blue Cheese", 
  "proteinContent": "", 
  "saturatedFatContent": "", 
  "servings": "Servings: 8", 
  "sodiumContent": "", 
  "sugarContent": "", 
  "url": "http://www.bonappetit.com/recipe/greens-with-bacon-mushrooms-and-blue-cheese"
}