{
  "calories": "", 
  "carbohydrateContent": "", 
  "cholesterolContent": "", 
  "description": "Try chocolate-covered espresso beans in place of the coffee beans for garnish.", 
  "fatContent": "", 
  "fiberContent": "", 
  "image": "http://www.bonappetit.com/wp-content/uploads/2014/02/irishcoffee_drinkwell-940x600.jpg", 
  "ingredients": {
    "amaro (such as luxardo amaro abano)": {
      "flour": "Safe", 
      "gluten": "no gluten here!", 
      "quantity": "3/4", 
      "substitute": "no substitute needed", 
      "unit": "ounce"
    }, 
    "bittermens new orleans coffee bitters (optional)": {
      "flour": "Safe", 
      "gluten": "no gluten here!", 
      "quantity": "4", 
      "substitute": "no substitute needed", 
      "unit": "dashes"
    }, 
    "coffee beans": {
      "flour": "Safe", 
      "gluten": "no gluten here!", 
      "quantity": "2", 
      "substitute": "no substitute needed", 
      "unit": ""
    }, 
    "fresh mint leaf": {
      "flour": "Safe", 
      "gluten": "no gluten here!", 
      "quantity": "1", 
      "substitute": "no substitute needed", 
      "unit": ""
    }, 
    "hot freshly brewed coffee": {
      "flour": "Safe", 
      "gluten": "no gluten here!", 
      "quantity": "4", 
      "substitute": "no substitute needed", 
      "unit": "ounces"
    }, 
    "redbreast irish whiskey": {
      "flour": "Safe", 
      "gluten": "no gluten here!", 
      "quantity": "1 1/2", 
      "substitute": "no substitute needed", 
      "unit": "ounces"
    }, 
    "simple syrup": {
      "flour": "Safe", 
      "gluten": "no gluten here!", 
      "quantity": "1", 
      "substitute": "no substitute needed", 
      "unit": "teaspoon"
    }, 
    "whipped cream, ground nutmeg, cinnamon, and allspice (for serving)": {
      "flour": "Safe", 
      "gluten": "no gluten here!", 
      "quantity": "", 
      "substitute": "no substitute needed", 
      "unit": ""
    }
  }, 
  "instructions": [
    "Stir coffee, whiskey, liqueur, simple syrup, and bitters in a glass to combine. Top with whipped cream, nutmeg, cinnamon, and allspice and garnish with mint leaf and coffee beans."
  ], 
  "keywords": [
    "Bitters", 
    "Cocktails", 
    "Coffee", 
    "Drink Recipes", 
    "Drinks", 
    "Mint Recipes", 
    "Whiskey Drinks"
  ], 
  "name": "Gort's Reprieve Irish Coffee", 
  "proteinContent": "", 
  "saturatedFatContent": "", 
  "servings": "Servings: Makes 1", 
  "sodiumContent": "", 
  "sugarContent": "", 
  "url": "http://www.bonappetit.com/recipe/gorts-reprieve-irish-coffee"
}