{
  "calories": "", 
  "carbohydrateContent": "", 
  "cholesterolContent": "", 
  "description": "Banana's naturally creamy texture gives this dairy-free frozen treat its delightful consistency.", 
  "fatContent": "", 
  "fiberContent": "", 
  "image": "http://www.bonappetit.com/wp-content/uploads/2013/03/banana-and-blueberry-ice-cream-646.jpg", 
  "ingredients": {
    "blueberries": {
      "flour": "Safe", 
      "gluten": "no gluten here!", 
      "quantity": "1", 
      "substitute": "no substitute needed", 
      "unit": "cup"
    }, 
    "firm ripe bananas, cut into chunks, frozen overnight": {
      "flour": "Safe", 
      "gluten": "no gluten here!", 
      "quantity": "4", 
      "substitute": "no substitute needed", 
      "unit": ""
    }, 
    "pinch of kosher salt": {
      "flour": "Safe", 
      "gluten": "no gluten here!", 
      "quantity": "", 
      "substitute": "no substitute needed", 
      "unit": ""
    }
  }, 
  "instructions": [
    "Pur\u00e9e bananas, blueberries, and salt in a food processor, scraping down sides as needed, until smooth and creamy.", 
    "DO AHEAD:Ice cream can be made 5 days ahead. Cover and freeze. Let sit at room temperature 10 minutes before serving."
  ], 
  "keywords": [
    "Banana", 
    "Blueberry", 
    "Frozen Dessert Recipes", 
    "Healthy Desserts", 
    "Healthy Recipes", 
    "Ice Cream Recipes", 
    "Summer Desserts", 
    "Summer Food"
  ], 
  "name": "Banana and Blueberry \u201cIce Cream\u201d", 
  "proteinContent": "", 
  "saturatedFatContent": "", 
  "servings": "Servings: 4", 
  "sodiumContent": "", 
  "sugarContent": "", 
  "url": "http://www.bonappetit.com/recipe/banana-and-blueberry-ice-cream"
}