{
  "calories": "", 
  "carbohydrateContent": "", 
  "cholesterolContent": "", 
  "description": "You can pack the peanut butter in a plastic pastry bag, but a resealable plastic bag works just as well.", 
  "fatContent": "", 
  "fiberContent": "", 
  "image": "http://www.bonappetit.com/wp-content/uploads/2014/07/Back-to-School-Cornflakes-and-Bananas-940x600.jpg", 
  "ingredients": {
    "banana": {
      "flour": "Safe", 
      "gluten": "no gluten here!", 
      "quantity": "1", 
      "substitute": "no substitute needed", 
      "unit": ""
    }, 
    "cornflakes": {
      "flour": "Safe", 
      "gluten": "no gluten here!", 
      "quantity": "1", 
      "substitute": "no substitute needed", 
      "unit": "cup"
    }, 
    "peanut butter": {
      "flour": "Safe", 
      "gluten": "no gluten here!", 
      "quantity": "2", 
      "substitute": "no substitute needed", 
      "unit": "tablespoons"
    }, 
    "raisins": {
      "flour": "Safe", 
      "gluten": "no gluten here!", 
      "quantity": "\u00bc", 
      "substitute": "no substitute needed", 
      "unit": "cup"
    }
  }, 
  "instructions": [
    "Slice \u00bc\u201d off the end of the unpeeled banana and slide in a wooden ice-pop stick (when peeled, it will look like a banana pop). Spoon peanut butter into a small resealable plastic bag, squeezing it as far toward one corner as possible without cutting the bag. Twist to seal and tie with kitchen twine, trimming excess plastic to make a mini pastry bag. Place cornflakes and raisins in separate containers.", 
    "To eat, peel banana. Snip the mini pastry bag and squeeze peanut butter onto banana, then dip into cornflakes and raisins."
  ], 
  "keywords": [
    "Back To School", 
    "Banana", 
    "Kid-Friendly Recipes", 
    "Lunch", 
    "Peanut Butter", 
    "Raisin Recipes"
  ], 
  "name": "Banana, Peanut Butter and Cornflakes", 
  "proteinContent": "", 
  "saturatedFatContent": "", 
  "servings": "Servings: 1", 
  "sodiumContent": "", 
  "sugarContent": "", 
  "url": "http://www.bonappetit.com/recipe/banana-peanut-butter-and-cornflakes"
}