{
  "calories": "", 
  "carbohydrateContent": "", 
  "cholesterolContent": "", 
  "description": "If you have a metal loaf pan, use it; it will conduct cold more efficiently than glass, reducing the time it takes to freeze this mixture.", 
  "fatContent": "", 
  "fiberContent": "", 
  "image": "http://www.bonappetit.com/wp-content/uploads/2014/02/frozen-pickled-onion-and-horseradish-mignotte-940x600.jpg", 
  "ingredients": {
    "champagne or white wine vinegar": {
      "flour": "Safe", 
      "gluten": "no gluten here!", 
      "quantity": "1/2", 
      "substitute": "no substitute needed", 
      "unit": "cup"
    }, 
    "freshly grated peeled horseradish or 1 tablespoon prepared horseradish": {
      "flour": "Safe", 
      "gluten": "no gluten here!", 
      "quantity": "2", 
      "substitute": "no substitute needed", 
      "unit": "tablespoons"
    }, 
    "kosher salt": {
      "flour": "Safe", 
      "gluten": "no gluten here!", 
      "quantity": "1/2", 
      "substitute": "no substitute needed", 
      "unit": "teaspoon"
    }, 
    "small red onion, thinly sliced": {
      "flour": "Safe", 
      "gluten": "no gluten here!", 
      "quantity": "1", 
      "substitute": "no substitute needed", 
      "unit": ""
    }, 
    "sugar": {
      "flour": "Safe", 
      "gluten": "no gluten here!", 
      "quantity": "1/4", 
      "substitute": "no substitute needed", 
      "unit": "cup"
    }
  }, 
  "instructions": [
    "Bring vinegar, sugar, and 1 cup water to a boil in a small saucepan, stirring to dissolve sugar. Add onion and cook until soft, about 5 minutes; drain onion.", 
    "Pur\u00e9e onion, horseradish, and 1/2 cup water in a blender until smooth. Strain through a fine-mesh sieve into a medium bowl, pressing on solids. Mix in salt.", 
    "Transfer mixture to a loaf pan and freeze 1 hour. Scrape mixture with a fork to break up frozen portions. Freeze, scraping and breaking up mixture every 30 minutes, until it resembles fluffy shaved ice, 2\u20134 hours.", 
    "DO AHEAD:Granita can be made 5 days ahead. Cover tightly with plastic wrap and keep frozen. Scrape before serving. (Serve alongside oysters.)"
  ], 
  "keywords": [
    "Condiments", 
    "Horseradish Recipes", 
    "Oyster Recipes", 
    "oysterland recipes", 
    "Pickle Recipes"
  ], 
  "name": "Frozen Pickled Onion and Horseradish Mignonette", 
  "proteinContent": "", 
  "saturatedFatContent": "", 
  "servings": "Servings: Makes about 1 cup", 
  "sodiumContent": "", 
  "sugarContent": "", 
  "url": "http://www.bonappetit.com/recipe/frozen-pickled-onion-and-horseradish-mignonette"
}