{
  "calories": "", 
  "carbohydrateContent": "", 
  "cholesterolContent": "", 
  "description": "Make a big batch of this rag\u00f9 on Sunday, serve it with pasta and a big green salad that night, then send the family off with leftovers for lunch the next day.", 
  "fatContent": "", 
  "fiberContent": "", 
  "image": "http://www.bonappetit.com/wp-content/uploads/2013/09/garganelli-with-fennel-and-pork-shoulder-ragu.jpg", 
  "ingredients": {
    "12-oz. can diced tomatoes": {
      "flour": "Safe", 
      "gluten": "no gluten here!", 
      "quantity": "1", 
      "substitute": "no substitute needed", 
      "unit": ""
    }, 
    "cups (or more) low-sodium chicken broth": {
      "flour": "Safe", 
      "gluten": "no gluten here!", 
      "quantity": "4", 
      "substitute": "no substitute needed", 
      "unit": "cups"
    }, 
    "cups dry white wine (from one 750-ml bottle)": {
      "flour": "Safe", 
      "gluten": "no gluten here!", 
      "quantity": "3", 
      "substitute": "no substitute needed", 
      "unit": "cups"
    }, 
    "cups minced fennel bulb": {
      "flour": "Safe", 
      "gluten": "no gluten here!", 
      "quantity": "3", 
      "substitute": "no substitute needed", 
      "unit": "cups"
    }, 
    "cups minced onions": {
      "flour": "Safe", 
      "gluten": "no gluten here!", 
      "quantity": "3", 
      "substitute": "no substitute needed", 
      "unit": "cups"
    }, 
    "extra-virgin olive oil": {
      "flour": "Safe", 
      "gluten": "no gluten here!", 
      "quantity": "", 
      "substitute": "no substitute needed", 
      "unit": ""
    }, 
    "finely grated parmesan": {
      "flour": "Safe", 
      "gluten": "no gluten here!", 
      "quantity": "", 
      "substitute": "no substitute needed", 
      "unit": ""
    }, 
    "freshly ground black pepper": {
      "flour": "Safe", 
      "gluten": "no gluten here!", 
      "quantity": "", 
      "substitute": "no substitute needed", 
      "unit": ""
    }, 
    "garlic clove, minced": {
      "flour": "Safe", 
      "gluten": "no gluten here!", 
      "quantity": "1", 
      "substitute": "no substitute needed", 
      "unit": "clove"
    }, 
    "lb. garganelli or penne": {
      "flour": "Safe", 
      "gluten": "gluten here!", 
      "quantity": "1", 
      "substitute": "gluten-free pasta", 
      "unit": "lb"
    }, 
    "lb. ground pork, preferably from shoulder": {
      "flour": "Safe", 
      "gluten": "no gluten here!", 
      "quantity": "2", 
      "substitute": "no substitute needed", 
      "unit": "lb"
    }, 
    "tbsp. olive oil, divided": {
      "flour": "Safe", 
      "gluten": "no gluten here!", 
      "quantity": "3", 
      "substitute": "no substitute needed", 
      "unit": "tablespoon"
    }, 
    "tsp. kosher salt plus more for seasoning": {
      "flour": "Safe", 
      "gluten": "no gluten here!", 
      "quantity": "2", 
      "substitute": "no substitute needed", 
      "unit": "teaspoon"
    }
  }, 
  "instructions": [
    "Using your hands, thoroughly mix ground pork and 2 tsp. salt in a large bowl until pork is sticky, about 3 minutes. Cover and chill for at least 2 hours or overnight.", 
    "Roll pork mixture into 16\u201318 large meatballs (about \u00bc-cupful each). Heat 1\u00bd Tbsp. olive oil in a large heavy pot over medium-high heat. Working in 2 batches and adding remaining 1\u00bd Tbsp. olive oil between batches, cook meatballs until all sides are brown, adjusting heat to prevent browned bits on bottom of pan from burning (they will flavor the sauce later), about 8 minutes per batch. Transfer meatballs to a paper towel\u2013lined plate to drain.", 
    "Reduce heat to medium. Return meatballs to pot. Scatter fennel, onions, and garlic over. Cook, stirring occasionally as needed to prevent scorching, until vegetables are translucent and juices have evaporated, about 25 minutes. (A flavorful browned layer may form on bottom of pan. The moisture from vegetables will help loosen it from the pot as you stir.)", 
    "Add wine, scraping up browned bits from bottom of pot, and bring to a simmer. Cook until wine has reduced by three-quarters, about 15 minutes. Add 4 cups broth and tomatoes. Return sauce to a simmer, scraping up all browned bits from bottom of pan. Simmer over medium-low heat, covered with lid slightly ajar and stirring occasionally, until meatballs are very tender, about 2\u00bd hours.", 
    "Using a potato masher or fork, break meatballs into small pieces. If sauce is too thick, add broth by \u00bd-cupfuls until desired consistency forms. Season rag\u00f9 to taste with salt and pepper.DO AHEAD:Rag\u00f9 can be made 3 days ahead. Let cool in pot; chill until cold. Cover and keep chilled. Return sauce to a simmer before continuing.", 
    "Bring a large pot of generously salted water to a boil. Cook garganelli, stirring occasionally, until al dente. Drain garganelli and transfer to pot with hot rag\u00f9. Stir until well incorporated.", 
    "Transfer pasta to a large wide bowl. Sprinkle with cheese; drizzle with extra-virgin olive oil."
  ], 
  "keywords": [
    "Dinner", 
    "Entrees", 
    "Fennel Recipes", 
    "High Fiber", 
    "Kid-Friendly Recipes", 
    "Parmesan Recipes", 
    "Pasta Recipes", 
    "Pork Recipes", 
    "Pork Shoulder", 
    "Rsvp", 
    "Tomato Recipes", 
    "White Wine Recipes"
  ], 
  "name": "Garganelli with Fennel and Pork Shoulder Rag\u00f9", 
  "proteinContent": "", 
  "saturatedFatContent": "", 
  "servings": "Servings: 6\u20138", 
  "sodiumContent": "", 
  "sugarContent": "", 
  "url": "http://www.bonappetit.com/recipe/garganelli-with-fennel-and-pork-shoulder-ragu"
}