{
  "calories": "", 
  "carbohydrateContent": "", 
  "cholesterolContent": "", 
  "description": "No ice cream maker? Use store-bought frozen yogurt, or serve this over lightly sweetened Greek yogurt.", 
  "fatContent": "", 
  "fiberContent": "", 
  "image": "http://www.bonappetit.com/wp-content/uploads/2014/07/frozen-yogurt-with-poached-peaches-940x600.jpg", 
  "ingredients": {
    "chopped unsalted, raw pistachios": {
      "flour": "Safe", 
      "gluten": "no gluten here!", 
      "quantity": "\u00bc", 
      "substitute": "no substitute needed", 
      "unit": "cup"
    }, 
    "cocchi aperitivo americano (italian aperitif wine)": {
      "flour": "Safe", 
      "gluten": "no gluten here!", 
      "quantity": "1\u00bd", 
      "substitute": "no substitute needed", 
      "unit": "cups"
    }, 
    "fresh lemon juice": {
      "flour": "Safe", 
      "gluten": "no gluten here!", 
      "quantity": "2", 
      "substitute": "no substitute needed", 
      "unit": "tablespoons"
    }, 
    "fresh lemon verbena leaves": {
      "flour": "Safe", 
      "gluten": "no gluten here!", 
      "quantity": "6", 
      "substitute": "no substitute needed", 
      "unit": ""
    }, 
    "heavy cream": {
      "flour": "Safe", 
      "gluten": "no gluten here!", 
      "quantity": "1", 
      "substitute": "no substitute needed", 
      "unit": "cup"
    }, 
    "honey": {
      "flour": "Safe", 
      "gluten": "no gluten here!", 
      "quantity": "\u00bd", 
      "substitute": "no substitute needed", 
      "unit": "cup"
    }, 
    "large ripe peaches (about 2 lb.)": {
      "flour": "Safe", 
      "gluten": "no gluten here!", 
      "quantity": "4", 
      "substitute": "no substitute needed", 
      "unit": ""
    }, 
    "of kosher salt": {
      "flour": "Safe", 
      "gluten": "no gluten here!", 
      "quantity": "Pinch", 
      "substitute": "no substitute needed", 
      "unit": ""
    }, 
    "plain whole-milk greek yogurt": {
      "flour": "Safe", 
      "gluten": "no gluten here!", 
      "quantity": "1", 
      "substitute": "no substitute needed", 
      "unit": "cup"
    }, 
    "sugar": {
      "flour": "Safe", 
      "gluten": "no gluten here!", 
      "quantity": "\u00bd", 
      "substitute": "no substitute needed", 
      "unit": "cup"
    }, 
    "whole milk": {
      "flour": "Safe", 
      "gluten": "no gluten here!", 
      "quantity": "1", 
      "substitute": "no substitute needed", 
      "unit": "cup"
    }
  }, 
  "instructions": [
    "Whisk cream, yogurt, milk, honey, lemon juice, and salt in a large bowl. Process in an ice cream maker according to manufacturer\u2019s instructions. Transfer frozen yogurt to an airtight container or a shallow baking pan; cover and freeze until firm, at least 2 hours.", 
    "DO AHEAD:Frozen yogurt can be made 1 week ahead. Keep frozen.", 
    "Using the tip of a paring knife, score an X in the bottom of each peach. Cook in a large pot of boiling water just until skins begin to peel back where cut, about 1 minute. Using a slotted spoon, transfer to a large bowl of ice water and let cool. Carefully peel peaches, reserving skins.", 
    "Bring lemon verbena, Cocchi Americano, sugar, reserved peach skins, and 1\u00bd cups water to a boil in a medium saucepan. Reduce heat and simmer until mixture has thickened slightly and looks syrupy, 10\u201312 minutes.", 
    "Add peaches, cover saucepan, reduce heat, and gently poach fruit until the tip of a paring knife easily slides through flesh, 12\u201315 minutes. (Very ripe fruit will take less time to cook.) Using a slotted spoon, transfer peaches to a plate and let cool. Cut into wedges.", 
    "Meanwhile, return poaching liquid to a boil and cook until reduced by half, 15\u201320 minutes. Let cool, then discard solids.", 
    "Scoop frozen yogurt into small glasses or bowls and serve topped with peaches, some reduced poaching syrup, and pistachios.", 
    "DO AHEAD:Peaches can be poached 3 days ahead. Cover and chill in poaching liquid. Bring peaches to room temperature and reduce poaching liquid just before using."
  ], 
  "keywords": [
    "Desserts", 
    "Frozen Desserts", 
    "hudson new york recipes", 
    "Lemon", 
    "pecahes", 
    "Pistachios", 
    "Summer Desserts", 
    "Wine", 
    "Yogurt"
  ], 
  "name": "Frozen Yogurt with Poached Peaches", 
  "proteinContent": "", 
  "saturatedFatContent": "", 
  "servings": "Servings: 8", 
  "sodiumContent": "", 
  "sugarContent": "", 
  "url": "http://www.bonappetit.com/recipe/frozen-yogurt-with-poached-peaches"
}