{
  "calories": "", 
  "carbohydrateContent": "", 
  "cholesterolContent": "", 
  "description": "Don\u2019t rush the browning of the onions\u2014it\u2019s essential to the finished soup\u2019s flavor.", 
  "fatContent": "", 
  "fiberContent": "", 
  "image": "http://www.bonappetit.com/wp-content/uploads/2013/09/french-onion-soup-with-comte.jpg", 
  "ingredients": {
    "(\u00bd stick) unsalted butter or duck fat": {
      "flour": "Safe", 
      "gluten": "no gluten here!", 
      "quantity": "4", 
      "substitute": "no substitute needed", 
      "unit": "tablespoons"
    }, 
    "bay leaf": {
      "flour": "Safe", 
      "gluten": "no gluten here!", 
      "quantity": "1", 
      "substitute": "no substitute needed", 
      "unit": ""
    }, 
    "dry vermouth or dry white wine": {
      "flour": "Safe", 
      "gluten": "no gluten here!", 
      "quantity": "\u00bd", 
      "substitute": "no substitute needed", 
      "unit": "cup"
    }, 
    "garlic cloves, finely chopped": {
      "flour": "Safe", 
      "gluten": "no gluten here!", 
      "quantity": "2", 
      "substitute": "no substitute needed", 
      "unit": ""
    }, 
    "kosher salt and freshly ground black pepper": {
      "flour": "Safe", 
      "gluten": "no gluten here!", 
      "quantity": "", 
      "substitute": "no substitute needed", 
      "unit": ""
    }, 
    "large onions (about 5 lb.), thinly sliced": {
      "flour": "Safe", 
      "gluten": "no gluten here!", 
      "quantity": "6", 
      "substitute": "no substitute needed", 
      "unit": ""
    }, 
    "large shallots, finely chopped": {
      "flour": "Safe", 
      "gluten": "no gluten here!", 
      "quantity": "2", 
      "substitute": "no substitute needed", 
      "unit": ""
    }, 
    "low-sodium chicken or vegetable broth": {
      "flour": "Safe", 
      "gluten": "no gluten here!", 
      "quantity": "8", 
      "substitute": "no substitute needed", 
      "unit": "cups"
    }, 
    "sliced comt\u00e9 cheese or gruy\u00e8re": {
      "flour": "Safe", 
      "gluten": "no gluten here!", 
      "quantity": "8", 
      "substitute": "no substitute needed", 
      "unit": "ounces"
    }, 
    "sprigs flat-leaf parsley": {
      "flour": "Safe", 
      "gluten": "no gluten here!", 
      "quantity": "4", 
      "substitute": "no substitute needed", 
      "unit": ""
    }, 
    "sprigs thyme": {
      "flour": "Safe", 
      "gluten": "no gluten here!", 
      "quantity": "2", 
      "substitute": "no substitute needed", 
      "unit": ""
    }, 
    "white wine vinegar": {
      "flour": "Safe", 
      "gluten": "no gluten here!", 
      "quantity": "1", 
      "substitute": "no substitute needed", 
      "unit": "tablespoon"
    }, 
    "\u00bc\"-thick slices country-style bread, toasted": {
      "flour": "Safe", 
      "gluten": "no gluten here!", 
      "quantity": "8", 
      "substitute": "no substitute needed", 
      "unit": "slices"
    }
  }, 
  "instructions": [
    "Eight 10\u201312 oz. ovenproof bowls", 
    "Heat butter in a large heavy pot over medium-high heat. Add onions, shallots, and garlic; season with salt and pepper and cook, stirring occasionally, until softened and dark brown, 60\u201370 minutes. Add vermouth and vinegar. Bring to a boil, reduce heat, and simmer until slightly reduced, about 3 minutes.", 
    "Tie parsley, thyme, and bay leaf with kitchen twine; add to pot along with broth. Bring to a boil, reduce heat, and simmer, stirring occasionally, until reduced to about 8 cups, 35\u201340 minutes; discard herb bundle.", 
    "Preheat oven to 450\u00b0. Place ovenproof bowls on a large rimmed baking sheet. Divide soup among bowls and top with toasts (cut to fit if necessary) and cheese. Bake until cheese is bubbling and golden brown, 6\u20138 minutes.", 
    "DO AHEAD:Soup can be made 2 days ahead. Let cool; cover and chill."
  ], 
  "keywords": [
    "Appetizers", 
    "French Food", 
    "Gruyere Recipes", 
    "mimi thorisson dinner recipes", 
    "Parsley Recipes", 
    "Shallot Recipes", 
    "Soup Recipes", 
    "Thyme Recipes", 
    "Vermouth Recipes", 
    "White Wine Recipes"
  ], 
  "name": "French Onion Soup with Comt\u00e9", 
  "proteinContent": "", 
  "saturatedFatContent": "", 
  "servings": "Servings: 8", 
  "sodiumContent": "", 
  "sugarContent": "", 
  "url": "http://www.bonappetit.com/recipe/french-onion-soup-with-comte"
}