{
  "calories": "", 
  "carbohydrateContent": "", 
  "cholesterolContent": "", 
  "fatContent": "", 
  "fiberContent": "", 
  "image": "http://www.bonappetit.com/wp-content/uploads/2008/04/grilled-octopus-with-gigante-beans-and-oregano-646.jpg", 
  "ingredients": {
    "750-ml bottles dry red wine": {
      "flour": "Safe", 
      "gluten": "no gluten here!", 
      "quantity": "2", 
      "substitute": "no substitute needed", 
      "unit": ""
    }, 
    "chopped fresh oregano": {
      "flour": "Safe", 
      "gluten": "no gluten here!", 
      "quantity": "1", 
      "substitute": "no substitute needed", 
      "unit": "tablespoon"
    }, 
    "cinnamon stick": {
      "flour": "Safe", 
      "gluten": "no gluten here!", 
      "quantity": "1", 
      "substitute": "no substitute needed", 
      "unit": ""
    }, 
    "extra-virgin olive oil, divided": {
      "flour": "Safe", 
      "gluten": "no gluten here!", 
      "quantity": "6", 
      "substitute": "no substitute needed", 
      "unit": "tablespoons"
    }, 
    "garlic cloves, peeled, crushed": {
      "flour": "Safe", 
      "gluten": "no gluten here!", 
      "quantity": "3", 
      "substitute": "no substitute needed", 
      "unit": ""
    }, 
    "gigante beans (click for recipe)": {
      "flour": "Safe", 
      "gluten": "no gluten here!", 
      "quantity": "", 
      "substitute": "no substitute needed", 
      "unit": ""
    }, 
    "large onion, quartered": {
      "flour": "Safe", 
      "gluten": "no gluten here!", 
      "quantity": "1", 
      "substitute": "no substitute needed", 
      "unit": ""
    }, 
    "octopus (preferably large tentacles only), thawed if frozen": {
      "flour": "Safe", 
      "gluten": "no gluten here!", 
      "quantity": "3", 
      "substitute": "no substitute needed", 
      "unit": "pounds"
    }, 
    "red wine vinegar": {
      "flour": "Safe", 
      "gluten": "no gluten here!", 
      "quantity": "2", 
      "substitute": "no substitute needed", 
      "unit": "tablespoons"
    }, 
    "turkish bay leaf": {
      "flour": "Safe", 
      "gluten": "no gluten here!", 
      "quantity": "1", 
      "substitute": "no substitute needed", 
      "unit": ""
    }
  }, 
  "instructions": [
    "Sprinkle octopus with salt and freshly ground black pepper. Heat 2 tablespoons oil in heavy large pot over medium-high heat. Add octopus to pot and cook uncovered until octopus releases its liquid and most of liquid in pot evaporates, turning occasionally with tongs, 20 to 25 minutes. Add wine, onion, garlic, cinnamon stick, and bay leaf to pot; bring to boil. Reduce heat to medium-low, cover, and simmer until octopus is very tender when pierced with fork, about 2 hours. Using tongs, transfer octopus to rimmed baking sheet and cool. If desired, rub off outer skin from octopus and discard. DO AHEAD Can be made 1 day ahead. Cover and chill.", 
    "Prepare barbecue (medium-high heat). Cut octopus tentacles crosswise into 1/2-inch-thick slices. Place on platter and brush with 2 tablespoons oil; sprinkle with salt and pepper. Grill octopus slices until heated through, about 2 minutes per side. Transfer to bowl and add remaining 2 tablespoons olive oil, red wine vinegar, and oregano; toss to coat.", 
    "Place Gigante Beans in large shallow bowl. Top with octopus mixture and serve."
  ], 
  "keywords": [
    "Appetizers", 
    "Bay Leaf", 
    "Bean Recipes", 
    "Cinnamon Recipes", 
    "Easter Food", 
    "Garlic Recipes", 
    "Gigante Bean Recipes", 
    "Greek Food", 
    "Grilled Seafood Recipes", 
    "Grilling Food", 
    "Herb Recipes", 
    "Large Groups", 
    "Mediterranean Food", 
    "Octopus Recipes", 
    "Oregano Recipes", 
    "Picnic Food", 
    "Potluck Food", 
    "Red Wine Recipes", 
    "Seafood Recipes", 
    "Spice Recipes", 
    "Summer Food"
  ], 
  "name": "Grilled Octopus with Gigante Beans and Oregano", 
  "proteinContent": "", 
  "saturatedFatContent": "", 
  "servings": "Servings: Makes 12", 
  "sodiumContent": "", 
  "sugarContent": "", 
  "url": "http://www.bonappetit.com/recipe/grilled-octopus-with-gigante-beans-and-oregano"
}