{
  "calories": "Calories (kcal)    363.9", 
  "carbohydrateContent": "Carbohydrates (g) 58.1", 
  "cholesterolContent": "Cholesterol (mg) 10.0", 
  "fatContent": "Fat (g) 13.1", 
  "fiberContent": "Dietary Fiber (g) 5.5", 
  "image": "http://www.bonappetit.com/wp-content/uploads/2008/08/garnet-yams-with-maple-syrup-walnuts-and-brandied-raisins-646.jpg", 
  "ingredients": {
    "(1/2 stick) unsalted butter": {
      "flour": "Safe", 
      "gluten": "no gluten here!", 
      "quantity": "1/4", 
      "substitute": "no substitute needed", 
      "unit": "cup"
    }, 
    "(packed) golden brown sugar": {
      "flour": "Safe", 
      "gluten": "no gluten here!", 
      "quantity": "1/2", 
      "substitute": "no substitute needed", 
      "unit": "cup"
    }, 
    "brandy": {
      "flour": "Safe", 
      "gluten": "no gluten here!", 
      "quantity": "1/4", 
      "substitute": "no substitute needed", 
      "unit": "cup"
    }, 
    "brown raisins": {
      "flour": "Safe", 
      "gluten": "no gluten here!", 
      "quantity": "1/2", 
      "substitute": "no substitute needed", 
      "unit": "cup"
    }, 
    "garnet yams or other yams (red-skinned sweet potatoes), peeled, cut into 3/4-inch cubes": {
      "flour": "Safe", 
      "gluten": "no gluten here!", 
      "quantity": "5", 
      "substitute": "no substitute needed", 
      "unit": "pounds"
    }, 
    "golden raisins": {
      "flour": "Safe", 
      "gluten": "no gluten here!", 
      "quantity": "1/2", 
      "substitute": "no substitute needed", 
      "unit": "cup"
    }, 
    "pure maple syrup": {
      "flour": "Safe", 
      "gluten": "no gluten here!", 
      "quantity": "3/4", 
      "substitute": "no substitute needed", 
      "unit": "cup"
    }, 
    "walnut pieces, toasted": {
      "flour": "Safe", 
      "gluten": "no gluten here!", 
      "quantity": "1 1/2", 
      "substitute": "no substitute needed", 
      "unit": "cups"
    }
  }, 
  "instructions": [
    "Combine brown raisins, golden raisins, and brandy in small bowl; toss to blend. Let soak at least 30 minutes and up to 1 hour.", 
    "Cook yams in large pot of boiling salted water until just barely tender, about 8 minutes. Using large slotted spoon, transfer yams to baking sheet to cool.", 
    "Meanwhile, bring 3/4 cup maple syrup, 1/2 cup brown sugar, and 1/4 cup unsalted butter to boil in heavy medium saucepan over medium heat, stirring until brown sugar dissolves. Boil 2 minutes.", 
    "Butter 15x10x2-inch glass baking dish. Drain raisins (reserve brandy for another use). Place raisins in very large bowl. Add cooked yams, then maple syrup mixture and toasted walnut pieces. Toss gently to coat evenly, being careful to keep yams intact. Transfer yam mixture to prepared baking dish. DO AHEAD Can be made 2 hours ahead. Let stand at room temperature.", 
    "Preheat oven to 350\u00b0F. Bake yams uncovered until syrup is thick and bubbling, basting occasionally, about 55 minutes. Let stand 10 minutes and serve."
  ], 
  "keywords": [
    "Brandy", 
    "Dinner", 
    "Dinner Party", 
    "Do Ahead", 
    "Fall", 
    "Family Reunion", 
    "Healthy", 
    "High Fiber", 
    "Large Group", 
    "Low Cholesterol", 
    "Maple Syrup", 
    "Nut", 
    "Potato Recipes", 
    "Potluck", 
    "Raisin", 
    "Side", 
    "Side Dishes", 
    "Sweet Potato", 
    "Sweet Potatoes", 
    "Sweet Yams", 
    "Take Along", 
    "Thanksgiving", 
    "Vegetable", 
    "Vegetarian", 
    "Vegetarian Recipes", 
    "Walnut", 
    "Yam", 
    "Yams"
  ], 
  "name": "Garnet Yams with Maple Syrup, Walnuts, and Brandied Raisins", 
  "proteinContent": "Protein (g) 6.4", 
  "saturatedFatContent": "Saturated Fat (g) 2.9", 
  "servings": "Servings: 12", 
  "sodiumContent": "", 
  "sugarContent": "Total Sugars (g) 38.1", 
  "url": "http://www.bonappetit.com/recipe/garnet-yams-with-maple-syrup-walnuts-and-brandied-raisins"
}