{
  "calories": "", 
  "carbohydrateContent": "", 
  "cholesterolContent": "", 
  "description": "Adding the veggies in phases, from longest cooking first to fastest last, guarantees the ideal texture for each.", 
  "fatContent": "", 
  "fiberContent": "", 
  "image": "http://www.bonappetit.com/wp-content/uploads/2014/05/green-minestrone-940x600.jpg", 
  "ingredients": {
    "(lightly packed) fresh flat-leaf parsley leaves": {
      "flour": "Safe", 
      "gluten": "no gluten here!", 
      "quantity": "1\u00bd", 
      "substitute": "no substitute needed", 
      "unit": "cups"
    }, 
    "celery stalks, thinly sliced": {
      "flour": "Safe", 
      "gluten": "no gluten here!", 
      "quantity": "2", 
      "substitute": "no substitute needed", 
      "unit": ""
    }, 
    "fregola, ditalini, or other tiny pasta": {
      "flour": "Safe", 
      "gluten": "gluten here!", 
      "quantity": "\u00bd", 
      "substitute": "gluten-free pasta", 
      "unit": "cup"
    }, 
    "fresh shelled peas or fava beans (from about 1 lb. pods) or frozen": {
      "flour": "Safe", 
      "gluten": "no gluten here!", 
      "quantity": "1", 
      "substitute": "no substitute needed", 
      "unit": "cup"
    }, 
    "kosher salt and freshly ground black pepper": {
      "flour": "Safe", 
      "gluten": "no gluten here!", 
      "quantity": "", 
      "substitute": "no substitute needed", 
      "unit": ""
    }, 
    "leek, white and pale-green parts only, chopped": {
      "flour": "Safe", 
      "gluten": "no gluten here!", 
      "quantity": "1", 
      "substitute": "no substitute needed", 
      "unit": ""
    }, 
    "low-sodium vegetable or chicken broth": {
      "flour": "Safe", 
      "gluten": "no gluten here!", 
      "quantity": "4", 
      "substitute": "no substitute needed", 
      "unit": "cups"
    }, 
    "olive oil, divided": {
      "flour": "Safe", 
      "gluten": "no gluten here!", 
      "quantity": "6", 
      "substitute": "no substitute needed", 
      "unit": "tablespoons"
    }, 
    "red pearl onions or \u00bc small red onion, thinly sliced": {
      "flour": "Safe", 
      "gluten": "no gluten here!", 
      "quantity": "2", 
      "substitute": "no substitute needed", 
      "unit": ""
    }, 
    "shallot, finely chopped": {
      "flour": "Safe", 
      "gluten": "no gluten here!", 
      "quantity": "\u00bd", 
      "substitute": "no substitute needed", 
      "unit": ""
    }, 
    "shaved parmesan (for serving)": {
      "flour": "Safe", 
      "gluten": "no gluten here!", 
      "quantity": "", 
      "substitute": "no substitute needed", 
      "unit": ""
    }, 
    "small carrots, peeled, thinly sliced lengthwise on a mandoline": {
      "flour": "Safe", 
      "gluten": "no gluten here!", 
      "quantity": "2", 
      "substitute": "no substitute needed", 
      "unit": ""
    }, 
    "small fennel bulb, finely chopped": {
      "flour": "Safe", 
      "gluten": "no gluten here!", 
      "quantity": "\u00bd", 
      "substitute": "no substitute needed", 
      "unit": ""
    }, 
    "small yellow onion, finely chopped": {
      "flour": "Safe", 
      "gluten": "no gluten here!", 
      "quantity": "\u00bd", 
      "substitute": "no substitute needed", 
      "unit": ""
    }
  }, 
  "instructions": [
    "Heat 2 Tbsp. oil in a large heavy pot over medium heat. Cook leek, fennel, yellow onion, and celery, stirring occasionally, until softened but not taking on any color, about 5 minutes. Add broth; bring to a boil, reduce heat, and simmer until vegetables are just tender, 10\u201315 minutes.", 
    "Add carrots and peas and simmer until carrots are just tender, about 5 minutes; season with salt and pepper.", 
    "Meanwhile, cook pasta in a large pot of boiling salted water, stirring occasionally, until al dente. Drain and add pasta to soup.", 
    "While pasta is cooking, process parsley and remaining 4 Tbsp. oil in a food processor to a coarse paste, transfer to a small bowl, and mix in shallot. Season pesto with salt and pepper. Serve soup topped with pesto, pearl onions, and Parmesan."
  ], 
  "keywords": [
    "Carrot Recipes", 
    "Celery", 
    "Fast Easy Fresh", 
    "Fennel Recipes", 
    "Healthy Recipes", 
    "Leek Recipes", 
    "Parsley Recipes", 
    "Pasta Recipes", 
    "Pea Recipes", 
    "Quick Recipes", 
    "shalloy recipes", 
    "Soup Recipes", 
    "Spring Food"
  ], 
  "name": "Green Minestrone", 
  "proteinContent": "", 
  "saturatedFatContent": "", 
  "servings": "Servings: 4", 
  "sodiumContent": "", 
  "sugarContent": "", 
  "url": "http://www.bonappetit.com/recipe/green-minestrone"
}