{
  "calories": "Calories (kcal) 220", 
  "carbohydrateContent": "Carbohydrates (g) 16", 
  "cholesterolContent": "Cholesterol (mg) 20", 
  "description": "Quickly grilling kale makes it crispy. Pairing it with fresh plums and ricotta transforms it into our new favorite salad.", 
  "fatContent": "Fat (g) 16", 
  "fiberContent": "Dietary Fiber (g)  2", 
  "image": "http://www.bonappetit.com/wp-content/uploads/2012/06/grilled-kale-salad-with-ricotta-and-plums.jpg", 
  "ingredients": {
    "balsamic vinegar": {
      "flour": "Safe", 
      "gluten": "no gluten here!", 
      "quantity": "3", 
      "substitute": "no substitute needed", 
      "unit": "tablespoons"
    }, 
    "chopped fresh thyme": {
      "flour": "Safe", 
      "gluten": "no gluten here!", 
      "quantity": "2", 
      "substitute": "no substitute needed", 
      "unit": "teaspoons"
    }, 
    "extra-virgin olive oil, divided": {
      "flour": "Safe", 
      "gluten": "no gluten here!", 
      "quantity": "4", 
      "substitute": "no substitute needed", 
      "unit": "tablespoons"
    }, 
    "fresh ricotta": {
      "flour": "Safe", 
      "gluten": "no gluten here!", 
      "quantity": "3/4", 
      "substitute": "no substitute needed", 
      "unit": "cup"
    }, 
    "honey": {
      "flour": "Safe", 
      "gluten": "no gluten here!", 
      "quantity": "1", 
      "substitute": "no substitute needed", 
      "unit": "teaspoon"
    }, 
    "kosher salt, freshly ground pepper": {
      "flour": "Safe", 
      "gluten": "no gluten here!", 
      "quantity": "", 
      "substitute": "no substitute needed", 
      "unit": ""
    }, 
    "large or 16 small curly kale leaves": {
      "flour": "Safe", 
      "gluten": "no gluten here!", 
      "quantity": "12", 
      "substitute": "no substitute needed", 
      "unit": ""
    }, 
    "medium plums, halved, pitted, thinly sliced": {
      "flour": "Safe", 
      "gluten": "no gluten here!", 
      "quantity": "4", 
      "substitute": "no substitute needed", 
      "unit": ""
    }
  }, 
  "instructions": [
    "Whisk 3 Tbsp. oil, vinegar, thyme, and honey in a medium bowl. Season vinaigrette to taste with salt and pepper. Add plums and toss to coat; transfer plums to a plate.", 
    "Build a medium-hot fire in a charcoal grill, or heat a gas grill to high. Brush kale leaves with remaining 1 Tbsp. oil; season with salt. Grill kale, turning once, until crispy and charred at edges, about 2 minutes. Transfer to a work surface; let stand until cool enough to handle. Remove large center stems with a knife and discard (just trim the tough ends from smaller, more tender kale stems).", 
    "Divide ricotta among plates; season with salt and pepper. Stir vinaigrette again. Tear larger kale leaves into pieces (leave smaller leaves whole). Place leaves in a large bowl and toss with some of the vinaigrette. Divide leaves among plates. Top with plums and drizzle some vinaigrette over."
  ], 
  "keywords": [
    "Fast Easy Fresh", 
    "Quick Recipes"
  ], 
  "name": "Grilled Kale Salad with Ricotta and Plums", 
  "proteinContent": "Protein (g) 6", 
  "saturatedFatContent": "Saturated Fat (g) 4.5", 
  "servings": "Servings: 4\u20136", 
  "sodiumContent": "Sodium (mg) 150", 
  "sugarContent": "Total Sugars (g) 9", 
  "url": "http://www.bonappetit.com/recipe/grilled-kale-salad-with-ricotta-and-plums"
}