{
  "calories": "", 
  "carbohydrateContent": "", 
  "cholesterolContent": "", 
  "description": "If puffing the quinoa feels like too much, swap in some chopped toasted nuts to get a similar crunchy texture.", 
  "fatContent": "", 
  "fiberContent": "", 
  "image": "http://www.bonappetit.com/wp-content/uploads/2014/05/grain-salad-with-puffed-red-quinoa-and-labneh-940x600.jpg", 
  "ingredients": {
    "chopped fresh chives": {
      "flour": "Safe", 
      "gluten": "no gluten here!", 
      "quantity": "3", 
      "substitute": "no substitute needed", 
      "unit": "tablespoons"
    }, 
    "cooked grains (such as farro, amaranth, bulgur, and/or barley; from about 1 cup dried)": {
      "flour": "Safe", 
      "gluten": "gluten here!", 
      "quantity": "3", 
      "substitute": "quinoa", 
      "unit": "cups"
    }, 
    "cooked red quinoa (from about \u00bd cup dried)": {
      "flour": "Safe", 
      "gluten": "no gluten here!", 
      "quantity": "1\u00bd", 
      "substitute": "no substitute needed", 
      "unit": "cups"
    }, 
    "flaky sea salt (such as maldon)": {
      "flour": "Safe", 
      "gluten": "no gluten here!", 
      "quantity": "", 
      "substitute": "no substitute needed", 
      "unit": ""
    }, 
    "fresh lemon juice, plus more": {
      "flour": "Safe", 
      "gluten": "no gluten here!", 
      "quantity": "3", 
      "substitute": "no substitute needed", 
      "unit": "tablespoons"
    }, 
    "kosher salt and freshly ground black pepper": {
      "flour": "Safe", 
      "gluten": "no gluten here!", 
      "quantity": "", 
      "substitute": "no substitute needed", 
      "unit": ""
    }, 
    "labneh (lebanese strained yogurt) or plain greek yogurt": {
      "flour": "Safe", 
      "gluten": "no gluten here!", 
      "quantity": "\u00be", 
      "substitute": "no substitute needed", 
      "unit": "cup"
    }, 
    "large shallot, finely chopped": {
      "flour": "Safe", 
      "gluten": "no gluten here!", 
      "quantity": "\u00bd", 
      "substitute": "no substitute needed", 
      "unit": ""
    }, 
    "mild sprouts (such as pea and/or sunflower), divided": {
      "flour": "Safe", 
      "gluten": "no gluten here!", 
      "quantity": "3", 
      "substitute": "no substitute needed", 
      "unit": "cups"
    }, 
    "olive oil, plus more": {
      "flour": "Safe", 
      "gluten": "no gluten here!", 
      "quantity": "\u00bd", 
      "substitute": "no substitute needed", 
      "unit": "cup"
    }, 
    "sugar": {
      "flour": "Safe", 
      "gluten": "no gluten here!", 
      "quantity": "\u00bc", 
      "substitute": "no substitute needed", 
      "unit": "teaspoon"
    }, 
    "vegetable oil": {
      "flour": "Safe", 
      "gluten": "no gluten here!", 
      "quantity": "2", 
      "substitute": "no substitute needed", 
      "unit": "tablespoons"
    }
  }, 
  "instructions": [
    "Preheat oven to 200\u00b0. Spread out \u00bd cup cooked quinoa on a rimmed baking sheet and bake, tossing once, until quinoa is dry and no longer sticks together, 30\u201345 minutes.", 
    "Heat vegetable oil in a large saucepan over medium-high heat until almost smoking (oil needs to be very hot). Remove from heat, add dried quinoa, and quickly cover. Cook, shaking saucepan vigorously, just until quinoa is puffed, which will happen almost immediately. Transfer quinoa to paper towels to drain.", 
    "Whisk sugar, \u00bd cup olive oil, and 3 Tbsp. lemon juice in a medium bowl; season with kosher salt and pepper. Toss in shallot, chives, cooked grains, remaining 1 cup cooked quinoa, and half of puffed quinoa; season with kosher salt and pepper.", 
    "Spread labneh on plates. Top with salad, sprouts, and remaining puffed quinoa. Drizzle with oil and lemon juice; season with sea salt."
  ], 
  "keywords": [
    "Amaranth", 
    "Barley", 
    "Bulgur", 
    "Chive", 
    "Grain Recipes", 
    "Healthy Recipes", 
    "labneh recipes", 
    "Quinoa Recipes", 
    "Rsvp", 
    "Salad", 
    "Salad Recipes", 
    "Vegetarian Recipes", 
    "Yogurt Recipes"
  ], 
  "name": "Grain Salad with Puffed Red Quinoa and Labneh", 
  "proteinContent": "", 
  "saturatedFatContent": "", 
  "servings": "Servings: 6", 
  "sodiumContent": "", 
  "sugarContent": "", 
  "url": "http://www.bonappetit.com/recipe/grain-salad-with-puffed-red-quinoa-and-labneh"
}