{
  "calories": "Calories (kcal) 730", 
  "carbohydrateContent": "Carbohydrates (g) 70", 
  "cholesterolContent": "Cholesterol (mg) 110", 
  "description": "This cake is perfect for beginners\u2014it\u2019s moist, forgiving, and easy. Jif creamy peanut butter is our favorite for the decadent frosting.", 
  "fatContent": "Fat (g) 48", 
  "fiberContent": "Dietary Fiber (g) 4", 
  "image": "http://www.bonappetit.com/wp-content/uploads/2013/09/banana-chocolate-chip-cake-with-peanut-butter-frosting-940x600.jpg", 
  "ingredients": {
    "(2 sticks) unsalted butter, room temperature": {
      "flour": "Safe", 
      "gluten": "no gluten here!", 
      "quantity": "1", 
      "substitute": "no substitute needed", 
      "unit": "cup"
    }, 
    "(packed) light brown sugar": {
      "flour": "Safe", 
      "gluten": "no gluten here!", 
      "quantity": "\u00bd", 
      "substitute": "no substitute needed", 
      "unit": "cup"
    }, 
    "10-oz. bag mini chocolate chips": {
      "flour": "Safe", 
      "gluten": "no gluten here!", 
      "quantity": "1", 
      "substitute": "no substitute needed", 
      "unit": ""
    }, 
    "all-purpose flour": {
      "flour": {
        "type": {
          "binder": {
            "type": "xanthum gum", 
            "weight": 0.5
          }, 
          "density": {
            "type": "brown rice flour", 
            "weight": 0.142
          }, 
          "fat": {
            "type": "almond flour", 
            "weight": 0.142
          }, 
          "leavener": "", 
          "lightness": {
            "type": "white rice flour", 
            "weight": 0.284
          }, 
          "protein": {
            "type": "sorghum flour", 
            "weight": 0.142
          }, 
          "starch": {
            "type": "potato starch", 
            "weight": 0.284
          }, 
          "stickiness": "", 
          "texture": ""
        }, 
        "weight": 125
      }, 
      "gluten": "gluten here!", 
      "quantity": "3", 
      "substitute": "flour ratio", 
      "unit": "cups"
    }, 
    "baking soda": {
      "flour": "Safe", 
      "gluten": "no gluten here!", 
      "quantity": "2", 
      "substitute": "no substitute needed", 
      "unit": "teaspoon"
    }, 
    "chocolate chips, mini chocolate chips, and chocolate kisses": {
      "flour": "Safe", 
      "gluten": "no gluten here!", 
      "quantity": "", 
      "substitute": "no substitute needed", 
      "unit": ""
    }, 
    "creamy peanut butter": {
      "flour": "Safe", 
      "gluten": "no gluten here!", 
      "quantity": "2", 
      "substitute": "no substitute needed", 
      "unit": "cups"
    }, 
    "kosher salt": {
      "flour": "Safe", 
      "gluten": "no gluten here!", 
      "quantity": "2", 
      "substitute": "no substitute needed", 
      "unit": "teaspoon"
    }, 
    "large eggs": {
      "flour": "Safe", 
      "gluten": "no gluten here!", 
      "quantity": "3", 
      "substitute": "no substitute needed", 
      "unit": ""
    }, 
    "mashed very ripe bananas": {
      "flour": "Safe", 
      "gluten": "no gluten here!", 
      "quantity": "2", 
      "substitute": "no substitute needed", 
      "unit": "cups"
    }, 
    "nonstick vegetable oil spray": {
      "flour": "Safe", 
      "gluten": "no gluten here!", 
      "quantity": "", 
      "substitute": "no substitute needed", 
      "unit": ""
    }, 
    "powdered sugar": {
      "flour": "Safe", 
      "gluten": "no gluten here!", 
      "quantity": "1\u00bd", 
      "substitute": "no substitute needed", 
      "unit": "cups"
    }, 
    "sour cream": {
      "flour": "Safe", 
      "gluten": "no gluten here!", 
      "quantity": "1", 
      "substitute": "no substitute needed", 
      "unit": "cup"
    }, 
    "sugar": {
      "flour": "Safe", 
      "gluten": "no gluten here!", 
      "quantity": "1\u00bd", 
      "substitute": "no substitute needed", 
      "unit": "cups"
    }, 
    "vanilla extract": {
      "flour": "Safe", 
      "gluten": "no gluten here!", 
      "quantity": "2\u00bd", 
      "substitute": "no substitute needed", 
      "unit": "teaspoons"
    }
  }, 
  "instructions": [
    "Preheat oven to 350\u00b0. Coat cake pans with nonstick spray. Line bottom of pans with parchment; coat paper. Whisk flour, baking soda, and salt in a medium bowl. Using an electric mixer, beat sugar, butter, and brown sugar in a large bowl until light and fluffy, about 3 minutes. Add eggs one at a time, beating to blend between additions and occasionally scraping down sides and bottom of bowl. Beat in vanilla.", 
    "Add dry ingredients; beat on low speed just to blend. Add bananas and sour cream; beat just to blend. Fold in mini chips. Divide batter evenly among pans; smooth tops.", 
    "Bake cakes until a tester inserted into the center comes out clean, about 35 minutes. Transfer to wire racks; let cool in pans for 10 minutes. Invert cakes onto racks; peel off parchment and let cool completely.", 
    "Using an electric mixer, beat first 4 ingredients in a medium bowl until a light and fluffy frosting forms, 2\u20133 minutes.", 
    "Place 1 cake on a platter. Spread 1\u00bc cups frosting over. Place remaining cake on top. Cover top and sides of cake with remaining frosting. Garnish with chocolate chips and kisses.  Cake can be made 2 days ahead. Cover and chill. Let stand at room temperature for 1 hour before serving."
  ], 
  "keywords": [
    "Banana", 
    "Cake", 
    "Cake Recipes", 
    "Chocolate Recipes", 
    "Desserts", 
    "Kid-Friendly Recipes", 
    "Layer It On Recipes", 
    "Peanut Butter", 
    "Sour Cream Recipes"
  ], 
  "name": "Banana\u2013Chocolate Chip Cake with Peanut Butter Frosting", 
  "proteinContent": "Protein (g) 13", 
  "saturatedFatContent": "Saturated Fat (g) 22", 
  "servings": "Servings: 16", 
  "sodiumContent": "Sodium (mg) 420", 
  "sugarContent": "Total Sugars (g) 46", 
  "url": "http://www.bonappetit.com/recipe/banana-chocolate-chip-cake-with-peanut-butter-frosting-2"
}