{
  "calories": "", 
  "carbohydrateContent": "", 
  "cholesterolContent": "", 
  "fatContent": "", 
  "fiberContent": "", 
  "image": "http://www.bonappetit.com/wp-content/uploads/2011/08/fricassee-of-chanterelles.jpg", 
  "ingredients": {
    "(3/4 stick) unsalted butter, divided": {
      "flour": "Safe", 
      "gluten": "no gluten here!", 
      "quantity": "6", 
      "substitute": "no substitute needed", 
      "unit": "tablespoons"
    }, 
    "chanterelles, brushed clean (halved if large)": {
      "flour": "Safe", 
      "gluten": "no gluten here!", 
      "quantity": "1", 
      "substitute": "no substitute needed", 
      "unit": "pound"
    }, 
    "dry white wine": {
      "flour": "Safe", 
      "gluten": "no gluten here!", 
      "quantity": "1/4", 
      "substitute": "no substitute needed", 
      "unit": "cup"
    }, 
    "extra-virgin olive oil, divided": {
      "flour": "Safe", 
      "gluten": "no gluten here!", 
      "quantity": "2", 
      "substitute": "no substitute needed", 
      "unit": "tablespoons"
    }, 
    "fresh lemon juice": {
      "flour": "Safe", 
      "gluten": "no gluten here!", 
      "quantity": "", 
      "substitute": "no substitute needed", 
      "unit": ""
    }, 
    "fresh oregano plus more for garnish": {
      "flour": "Safe", 
      "gluten": "no gluten here!", 
      "quantity": "1", 
      "substitute": "no substitute needed", 
      "unit": "teaspoon"
    }, 
    "garlic cloves, finely chopped": {
      "flour": "Safe", 
      "gluten": "no gluten here!", 
      "quantity": "3", 
      "substitute": "no substitute needed", 
      "unit": ""
    }, 
    "heavy cream": {
      "flour": "Safe", 
      "gluten": "no gluten here!", 
      "quantity": "1/2", 
      "substitute": "no substitute needed", 
      "unit": "cup"
    }, 
    "kosher salt, freshly ground pepper": {
      "flour": "Safe", 
      "gluten": "no gluten here!", 
      "quantity": "", 
      "substitute": "no substitute needed", 
      "unit": ""
    }, 
    "of freshly grated nutmeg": {
      "flour": "Safe", 
      "gluten": "no gluten here!", 
      "quantity": "", 
      "substitute": "no substitute needed", 
      "unit": ""
    }, 
    "pappardelle, cooked al dente, or 1 pound boiled new potatoes": {
      "flour": "Safe", 
      "gluten": "gluten here!", 
      "quantity": "1/4", 
      "substitute": "gluten-free pasta", 
      "unit": "pound"
    }, 
    "small yellow onion, finely chopped (about 1 cup)": {
      "flour": "Safe", 
      "gluten": "no gluten here!", 
      "quantity": "1", 
      "substitute": "no substitute needed", 
      "unit": ""
    }
  }, 
  "instructions": [
    "Melt 3 tablespoons butter with 1 tablespoon oil in a large skillet over medium-high heat. Add onion, season with salt and pepper, and cook, stirring occasionally, until softened and lightly golden, 4-5 minutes. Add garlic and cook for 1 minute. Stir in wine and cook until liquid is reduced by half, about 2 minutes. Add remaining 3 tablespoons butter, remaining 1 tablespoon oil, and mushrooms. Cook, stirring occasionally, until mushrooms are lightly golden, about 5 minutes. Add cream and nutmeg and cook until slightly thickened, about 2 minutes. Stir in 1 teaspoon oregano. Season to taste with salt, pepper, and lemon juice. Toss in a skillet with  cooked pasta, or serve over smashed boiled potatoes. Garnish with more oregano."
  ], 
  "keywords": [
    "Chanterelles", 
    "French Food", 
    "Mushroom Recipes", 
    "Sauce Recipes", 
    "Seasonal Cooks", 
    "Side", 
    "Spread Recipes"
  ], 
  "name": "Fricassee of Chanterelles", 
  "proteinContent": "", 
  "saturatedFatContent": "", 
  "servings": "Servings: 4", 
  "sodiumContent": "", 
  "sugarContent": "", 
  "url": "http://www.bonappetit.com/recipe/fricassee-of-chanterelles"
}