{
  "calories": "", 
  "carbohydrateContent": "", 
  "cholesterolContent": "", 
  "description": "\u201cI love the grilled cabbage, even if it is just a vehicle for the bacon vinaigrette.\u201d \u2014Dawn Perry, senior food editor", 
  "fatContent": "", 
  "fiberContent": "", 
  "image": "http://www.bonappetit.com/wp-content/uploads/2014/02/grilled-cabbage-with-bacon-940x600.jpg", 
  "ingredients": {
    "bacon, cooked, 1 tablespoon fat reserved": {
      "flour": "Safe", 
      "gluten": "no gluten here!", 
      "quantity": "6", 
      "substitute": "no substitute needed", 
      "unit": "slices"
    }, 
    "croutons (for serving)": {
      "flour": "Safe", 
      "gluten": "gluten here!", 
      "quantity": "", 
      "substitute": "gluten-free bread", 
      "unit": ""
    }, 
    "dijon mustard": {
      "flour": "Safe", 
      "gluten": "no gluten here!", 
      "quantity": "2", 
      "substitute": "no substitute needed", 
      "unit": "teaspoons"
    }, 
    "head green cabbage, cut into quarters": {
      "flour": "Safe", 
      "gluten": "no gluten here!", 
      "quantity": "1", 
      "substitute": "no substitute needed", 
      "unit": ""
    }, 
    "honey": {
      "flour": "Safe", 
      "gluten": "no gluten here!", 
      "quantity": "1", 
      "substitute": "no substitute needed", 
      "unit": "teaspoon"
    }, 
    "kosher salt and freshly ground black pepper": {
      "flour": "Safe", 
      "gluten": "no gluten here!", 
      "quantity": "", 
      "substitute": "no substitute needed", 
      "unit": ""
    }, 
    "olive oil, plus more": {
      "flour": "Safe", 
      "gluten": "no gluten here!", 
      "quantity": "\u00bc", 
      "substitute": "no substitute needed", 
      "unit": "cup"
    }, 
    "red wine vinegar": {
      "flour": "Safe", 
      "gluten": "no gluten here!", 
      "quantity": "1", 
      "substitute": "no substitute needed", 
      "unit": "tablespoon"
    }, 
    "small shallot, chopped": {
      "flour": "Safe", 
      "gluten": "no gluten here!", 
      "quantity": "\u00bd", 
      "substitute": "no substitute needed", 
      "unit": ""
    }
  }, 
  "instructions": [
    "Whisk together shallot, vinegar, mustard, and honey; gradually whisk in bacon fat and \u00bc cup oil. Crumble in bacon; season with salt and pepper and set aside.", 
    "Drizzle cabbage with oil; season with salt and pepper. Grill over medium heat, turning occasionally, until tender and lightly charred, 15\u201318 minutes. Serve topped with vinaigrette and croutons."
  ], 
  "keywords": [
    "Bacon Recipes", 
    "Cabbage", 
    "Grilled Vegetable Recipes", 
    "Grilling Food", 
    "Mustard Recipes"
  ], 
  "name": "Grilled Cabbage with Bacon", 
  "proteinContent": "", 
  "saturatedFatContent": "", 
  "servings": "Servings: 4", 
  "sodiumContent": "", 
  "sugarContent": "", 
  "url": "http://www.bonappetit.com/recipe/grilled-cabbage-with-bacon"
}