{
  "calories": "", 
  "carbohydrateContent": "", 
  "cholesterolContent": "", 
  "fatContent": "", 
  "fiberContent": "", 
  "image": "http://www.bonappetit.com/wp-content/uploads/2012/08/grilled-new-york-steaks-with-san-marzano-sauce-646-646x600.jpg", 
  "ingredients": {
    "10- to 11-ounce new york steaks (preferably prime; 1 1/4 inches thick)": {
      "flour": "Safe", 
      "gluten": "no gluten here!", 
      "quantity": "6", 
      "substitute": "no substitute needed", 
      "unit": ""
    }, 
    "5x3x1/2-inch slices pain rustique, ciabatta, or other rustic country-style bread": {
      "flour": "Safe", 
      "gluten": "gluten here!", 
      "quantity": "6", 
      "substitute": "gluten-free bread", 
      "unit": ""
    }, 
    "coarse kosher salt": {
      "flour": "Safe", 
      "gluten": "no gluten here!", 
      "quantity": "", 
      "substitute": "no substitute needed", 
      "unit": ""
    }, 
    "dried crushed red pepper": {
      "flour": "Safe", 
      "gluten": "no gluten here!", 
      "quantity": "1/2", 
      "substitute": "no substitute needed", 
      "unit": "teaspoon"
    }, 
    "extra-virgin olive oil plus additional for brushing": {
      "flour": "Safe", 
      "gluten": "no gluten here!", 
      "quantity": "1/4", 
      "substitute": "no substitute needed", 
      "unit": "cup"
    }, 
    "garlic cloves, peeled, crushed": {
      "flour": "Safe", 
      "gluten": "no gluten here!", 
      "quantity": "2", 
      "substitute": "no substitute needed", 
      "unit": ""
    }, 
    "large fresh basil sprigs plus additional for garnish": {
      "flour": "Safe", 
      "gluten": "no gluten here!", 
      "quantity": "6", 
      "substitute": "no substitute needed", 
      "unit": ""
    }, 
    "ripe plum tomatoes (preferably san marzano-style), coarsely chopped, or one 28-ounce can san marzano tomatoes in juice with basil leaves": {
      "flour": "Safe", 
      "gluten": "no gluten here!", 
      "quantity": "2", 
      "substitute": "no substitute needed", 
      "unit": "pounds"
    }
  }, 
  "instructions": [
    "Heat  1/4 cup olive oil in heavy large saucepan over medium heat. Add garlic and saut\u00e9 until golden, about 5 minutes. Add chopped fresh tomatoes or canned tomatoes with juice; coarsely crush tomatoes with potato masher. Add 6 basil sprigs and dried crushed red pepper; bring to boil. Reduce heat to low and simmer until mixture is reduced to thick sauce consistency (about 3 cups), stirring occasionally, about 15 minutes. Season sauce to taste with coarse kosher salt and freshly ground black pepper. DO AHEAD Can be made 1 day ahead. Cover and refrigerate. Rewarm over medium heat before serving.", 
    "Prepare barbecue (medium-high heat). Brush steaks and bread slices with olive oil. Sprinkle steaks with coarse kosher salt and freshly ground black pepper. Grill steaks to desired doneness, about 7 minutes per side for medium-rare. Grill bread slices until golden and grill marks appear, about 2 minutes per side.", 
    "Spoon some of warm sauce onto 6 plates, then top each with 1 steak. Spoon additional sauce over each steak. Cut bread in half on diagonal; place bread alongside steaks. Garnish with additional basil sprigs and serve.", 
    "A smooth red with good acidity, like the Marcarini 2004 'Ciabot Camerano' Barbera d'Alba, Italy ($18)."
  ], 
  "keywords": [
    "Barbecue", 
    "Basil", 
    "Beef", 
    "Beef Recipes", 
    "Birthday", 
    "Bread", 
    "Dinner", 
    "Dinner Party", 
    "Fall", 
    "Fathers Day", 
    "Garlic", 
    "Grilling", 
    "Grilling Food", 
    "Herb", 
    "Italian", 
    "Main Course", 
    "Main Dishes", 
    "Meat", 
    "Meat Dishes", 
    "New York Strip", 
    "Ny Strip", 
    "Pepper", 
    "Plum Tomatoes", 
    "Red Pepper", 
    "Sauce", 
    "Sauce Recipes", 
    "Steak", 
    "Summer Food", 
    "Tomato", 
    "Tomato Recipes", 
    "Tomatoes"
  ], 
  "name": "Grilled New York Steaks with San Marzano Sauce", 
  "proteinContent": "", 
  "saturatedFatContent": "", 
  "servings": "Servings: 6", 
  "sodiumContent": "", 
  "sugarContent": "", 
  "url": "http://www.bonappetit.com/recipe/grilled-new-york-steaks-with-san-marzano-sauce"
}