{
  "calories": "", 
  "carbohydrateContent": "", 
  "cholesterolContent": "", 
  "description": "Key when making this batter: Be sure your beer and club soda are ice cold, and chill the batter if prepping ahead.", 
  "fatContent": "", 
  "fiberContent": "", 
  "image": "http://www.bonappetit.com/wp-content/uploads/2013/08/fish-and-chips-with-malt-vinegar-mayonnaise.jpg", 
  "ingredients": {
    "cup chilled club soda": {
      "flour": "Safe", 
      "gluten": "no gluten here!", 
      "quantity": "1", 
      "substitute": "no substitute needed", 
      "unit": ""
    }, 
    "cup corn flour or all-purpose flour": {
      "flour": {
        "type": {
          "binder": {
            "type": "xanthum gum", 
            "weight": 0.5
          }, 
          "density": {
            "type": "brown rice flour", 
            "weight": 0.142
          }, 
          "fat": {
            "type": "almond flour", 
            "weight": 0.142
          }, 
          "leavener": "", 
          "lightness": {
            "type": "white rice flour", 
            "weight": 0.284
          }, 
          "protein": {
            "type": "sorghum flour", 
            "weight": 0.142
          }, 
          "starch": {
            "type": "potato starch", 
            "weight": 0.284
          }, 
          "stickiness": "", 
          "texture": ""
        }, 
        "weight": 125
      }, 
      "gluten": "gluten here!", 
      "quantity": "1", 
      "substitute": "flour ratio", 
      "unit": ""
    }, 
    "cup vegetable oil": {
      "flour": "Safe", 
      "gluten": "no gluten here!", 
      "quantity": "1", 
      "substitute": "no substitute needed", 
      "unit": ""
    }, 
    "cups all-purpose flour": {
      "flour": {
        "type": {
          "binder": {
            "type": "xanthum gum", 
            "weight": 0.5
          }, 
          "density": {
            "type": "brown rice flour", 
            "weight": 0.142
          }, 
          "fat": {
            "type": "almond flour", 
            "weight": 0.142
          }, 
          "leavener": "", 
          "lightness": {
            "type": "white rice flour", 
            "weight": 0.284
          }, 
          "protein": {
            "type": "sorghum flour", 
            "weight": 0.142
          }, 
          "starch": {
            "type": "potato starch", 
            "weight": 0.284
          }, 
          "stickiness": "", 
          "texture": ""
        }, 
        "weight": 125
      }, 
      "gluten": "gluten here!", 
      "quantity": "2", 
      "substitute": "flour ratio", 
      "unit": ""
    }, 
    "french fries (for serving; click for recipe)": {
      "flour": "Safe", 
      "gluten": "no gluten here!", 
      "quantity": "", 
      "substitute": "no substitute needed", 
      "unit": ""
    }, 
    "kosher salt and freshly ground black pepper": {
      "flour": "Safe", 
      "gluten": "no gluten here!", 
      "quantity": "", 
      "substitute": "no substitute needed", 
      "unit": ""
    }, 
    "large egg yolk*": {
      "flour": "Safe", 
      "gluten": "no gluten here!", 
      "quantity": "1", 
      "substitute": "no substitute needed", 
      "unit": ""
    }, 
    "lb. cod, haddock or pollack, cut into long, 1\u00bd&rdquo;-wide strips": {
      "flour": "Safe", 
      "gluten": "no gluten here!", 
      "quantity": "1\u00bd", 
      "substitute": "no substitute needed", 
      "unit": ""
    }, 
    "lemon wedges (for serving)": {
      "flour": "Safe", 
      "gluten": "no gluten here!", 
      "quantity": "", 
      "substitute": "no substitute needed", 
      "unit": ""
    }, 
    "old bay seasoning, flaky sea salt (such as maldon), and chopped fresh dill": {
      "flour": "Safe", 
      "gluten": "no gluten here!", 
      "quantity": "", 
      "substitute": "no substitute needed", 
      "unit": ""
    }, 
    "oz. (or more) chilled light lager": {
      "flour": "Safe", 
      "gluten": "gluten here!", 
      "quantity": "12", 
      "substitute": "gluten-free lager", 
      "unit": ""
    }, 
    "tbsp. malt vinegar": {
      "flour": "Safe", 
      "gluten": "gluten here!", 
      "quantity": "1", 
      "substitute": "sorry, we don't have a substitution recommendation at this time.", 
      "unit": ""
    }, 
    "tbsp. malt vinegar, divided": {
      "flour": "Safe", 
      "gluten": "gluten here!", 
      "quantity": "2", 
      "substitute": "sorry, we don't have a substitution recommendation at this time.", 
      "unit": ""
    }, 
    "tsp. baking powder": {
      "flour": "Safe", 
      "gluten": "no gluten here!", 
      "quantity": "2", 
      "substitute": "no substitute needed", 
      "unit": ""
    }, 
    "tsp. baking soda": {
      "flour": "Safe", 
      "gluten": "no gluten here!", 
      "quantity": "1", 
      "substitute": "no substitute needed", 
      "unit": ""
    }, 
    "tsp. freshly ground black pepper plus more": {
      "flour": "Safe", 
      "gluten": "no gluten here!", 
      "quantity": "\u00bd", 
      "substitute": "no substitute needed", 
      "unit": ""
    }, 
    "tsp. kosher salt plus more": {
      "flour": "Safe", 
      "gluten": "no gluten here!", 
      "quantity": "1", 
      "substitute": "no substitute needed", 
      "unit": ""
    }, 
    "vegetable oil (for frying; about 4 cups)": {
      "flour": "Safe", 
      "gluten": "no gluten here!", 
      "quantity": "", 
      "substitute": "no substitute needed", 
      "unit": ""
    }
  }, 
  "instructions": [
    "A deep-fry thermometer", 
    "Corn flour, which is more finely ground than cornmeal, is available at Latin markets, natural foods stores, and bobsredmill.com.", 
    "Whisk egg yolk and 1 Tbsp. vinegar in a small bowl. Whisking constantly, slowly drizzle in oil, drop by drop at first, until mayonnaise is thickened and smooth. Add remaining 1 Tbsp. vinegar; season with salt and pepper. Cover and chill.", 
    "Mayonnaise can be made 1 day ahead. Keep chilled.", 
    "Fit a large pot with thermometer; pour in oil to measure 3&rdquo;. Heat over medium-high heat until thermometer registers 375\u00b0.", 
    "Meanwhile, whisk all-purpose flour, baking powder, baking soda, 1 tsp. kosher salt, and \u00bd tsp. pepper in a large bowl. Whisking constantly, slowly add beer, club soda, and vinegar, adding more beer if batter is too thick (it should be the consistency of thin pancake batter).", 
    "Place corn flour in a shallow bowl. Season fish with kosher salt and pepper. Dredge fish in corn flour, shaking off excess, then dip in batter, letting excess drip back into bowl. Working in batches and returning oil to 375\u00b0 between batches, fry fish until golden brown and crisp, about 2 minutes per side. Transfer to paper towel\u2013lined baking sheet.", 
    "Season fish and fries with Old Bay, sea salt, and dill; serve with malt vinegar mayonnaise and lemon wedges.", 
    "*Raw egg is not recommended for infants, the elderly, pregnant women, people with weakened immune systems\u2026or people who don't like raw egg."
  ], 
  "keywords": [
    "Beer", 
    "Dill Recipes", 
    "Dinner", 
    "Fish Recipes", 
    "Haddock Recipes", 
    "hot 10 recipes 2013", 
    "Lemon Recipes", 
    "Mayonnaise Recipes", 
    "pollack recipes", 
    "Seafood Recipes", 
    "the optimist recipes"
  ], 
  "name": "Fish and Chips with Malt Vinegar Mayonnaise", 
  "proteinContent": "", 
  "saturatedFatContent": "", 
  "servings": "Servings: 4", 
  "sodiumContent": "", 
  "sugarContent": "", 
  "url": "http://www.bonappetit.com/recipe/fish-and-chips-with-malt-vinegar-mayonnaise"
}