{
  "calories": "", 
  "carbohydrateContent": "", 
  "cholesterolContent": "", 
  "fatContent": "", 
  "fiberContent": "", 
  "image": "http://www.bonappetit.com/wp-content/uploads/2009/08/highlands-fall-940x600.jpg", 
  "ingredients": {
    "blended scotch (such as johnnie walker black label or dewar's)": {
      "flour": "Safe", 
      "gluten": "no gluten here!", 
      "quantity": "1/4", 
      "substitute": "no substitute needed", 
      "unit": "cup"
    }, 
    "fresh lemon juice": {
      "flour": "Safe", 
      "gluten": "no gluten here!", 
      "quantity": "1 1/2", 
      "substitute": "no substitute needed", 
      "unit": "tablespoons"
    }, 
    "ice cubes": {
      "flour": "Safe", 
      "gluten": "no gluten here!", 
      "quantity": "", 
      "substitute": "no substitute needed", 
      "unit": ""
    }, 
    "smoky scotch (such as highland park or laphroaig)": {
      "flour": "Safe", 
      "gluten": "no gluten here!", 
      "quantity": "", 
      "substitute": "no substitute needed", 
      "unit": ""
    }, 
    "st-germain (elderflower liqueur)": {
      "flour": "Safe", 
      "gluten": "no gluten here!", 
      "quantity": "1 1/2", 
      "substitute": "no substitute needed", 
      "unit": "tablespoons"
    }
  }, 
  "instructions": [
    "Rinse coupe with smoky Scotch. Place all remaining ingredients in cocktail shaker. Cover and shake vigorously 20 times. Strain into prepared coupe and serve."
  ], 
  "keywords": [
    "Alcohol", 
    "Cocktail Party", 
    "Cocktails", 
    "Drink (Alcoholic)", 
    "Drinks", 
    "Elderflower Liqueur", 
    "Lemon Juice", 
    "Liqueur", 
    "Liquor", 
    "Low Cholesterol", 
    "Low Fat", 
    "Low Saturated Fat", 
    "Party", 
    "Scotch", 
    "Smoky Scotch", 
    "Summer"
  ], 
  "name": "Highland's Fall", 
  "proteinContent": "", 
  "saturatedFatContent": "", 
  "servings": "Servings: makes 1", 
  "sodiumContent": "", 
  "sugarContent": "", 
  "url": "http://www.bonappetit.com/recipe/highland-s-fall"
}