{
  "calories": "Calories (kcal) 404.3", 
  "carbohydrateContent": "Carbohydrates (g) 17.6", 
  "cholesterolContent": "Cholesterol (mg) 130.5", 
  "fatContent": "Fat (g) 27.9", 
  "fiberContent": "Dietary Fiber (g) 3.4", 
  "image": "http://www.bonappetit.com/wp-content/uploads/2010/05/grilled-shrimp-and-sausage-skewers-with-smoky-paprika-glaze.jpg", 
  "ingredients": {
    "1/2 teaspoon dried crushed red pepper": {
      "flour": "Safe", 
      "gluten": "no gluten here!", 
      "quantity": "", 
      "substitute": "no substitute needed", 
      "unit": ""
    }, 
    "1/2 teaspoon freshly ground black pepper": {
      "flour": "Safe", 
      "gluten": "no gluten here!", 
      "quantity": "", 
      "substitute": "no substitute needed", 
      "unit": ""
    }, 
    "12 2-layer sections of red onion wedges": {
      "flour": "Safe", 
      "gluten": "no gluten here!", 
      "quantity": "", 
      "substitute": "no substitute needed", 
      "unit": ""
    }, 
    "12 cherry tomatoes": {
      "flour": "Safe", 
      "gluten": "no gluten here!", 
      "quantity": "", 
      "substitute": "no substitute needed", 
      "unit": ""
    }, 
    "12 uncooked extra-large shrimp (13 to 15 per pound), peeled, deveined": {
      "flour": "Safe", 
      "gluten": "no gluten here!", 
      "quantity": "", 
      "substitute": "no substitute needed", 
      "unit": ""
    }, 
    "12t1-inch-long pieces andouille or other fully cooked smoked sausages (such as lingui\u00e7a; about 16 ounces)": {
      "flour": "Safe", 
      "gluten": "no gluten here!", 
      "quantity": "", 
      "substitute": "no substitute needed", 
      "unit": ""
    }, 
    "2 tablespoons chopped fresh thyme": {
      "flour": "Safe", 
      "gluten": "no gluten here!", 
      "quantity": "", 
      "substitute": "no substitute needed", 
      "unit": ""
    }, 
    "3/4 cup olive oil": {
      "flour": "Safe", 
      "gluten": "no gluten here!", 
      "quantity": "", 
      "substitute": "no substitute needed", 
      "unit": ""
    }, 
    "3/4 teaspoon salt": {
      "flour": "Safe", 
      "gluten": "no gluten here!", 
      "quantity": "", 
      "substitute": "no substitute needed", 
      "unit": ""
    }, 
    "4 large garlic cloves, pressed": {
      "flour": "Safe", 
      "gluten": "no gluten here!", 
      "quantity": "", 
      "substitute": "no substitute needed", 
      "unit": ""
    }, 
    "4 teaspoons sherry wine vinegar": {
      "flour": "Safe", 
      "gluten": "no gluten here!", 
      "quantity": "", 
      "substitute": "no substitute needed", 
      "unit": ""
    }, 
    "5 teaspoons smoked paprika": {
      "flour": "Safe", 
      "gluten": "no gluten here!", 
      "quantity": "", 
      "substitute": "no substitute needed", 
      "unit": ""
    }, 
    "6 long metal skewers": {
      "flour": "Safe", 
      "gluten": "no gluten here!", 
      "quantity": "", 
      "substitute": "no substitute needed", 
      "unit": ""
    }, 
    "nonstick vegetable oil spray": {
      "flour": "Safe", 
      "gluten": "no gluten here!", 
      "quantity": "", 
      "substitute": "no substitute needed", 
      "unit": ""
    }
  }, 
  "instructions": [
    "Whisk oil, garlic, thyme, smoked paprika, Sherry wine vinegar, salt, black pepper, and crushed red pepper in medium bowl to blend for glaze. Transfer half of glaze to small bowl and reserve for serving.", 
    "Alternately thread shrimp, sausage pieces, cherry tomatoes, and sections of onion wedges on each of 6 long metal skewers. Arrange skewers on large rimmed baking sheet. DO AHEAD Can be made up to 6 hours ahead. Cover and chill skewers and bowls of glaze separately.", 
    "Coat grill rack with nonstick spray and prepare barbecue (medium-high heat). Brush skewers on both sides with glaze from 1 bowl. Grill until shrimp are opaque in center, turning and brushing occasionally with more glaze, 6 to 8 minutes.", 
    "Arrange skewers on platter. Serve with remaining bowl of glaze."
  ], 
  "keywords": [
    "Barbecue", 
    "Cocktail Party", 
    "Dinner", 
    "Dinner Party", 
    "Fathers Day", 
    "Grilling", 
    "Hors Doeuvre", 
    "Main Course", 
    "Main Dishes", 
    "Meat Recipes", 
    "Paprika", 
    "Sausage", 
    "Seafood", 
    "Seafood Recipes", 
    "Shower", 
    "Shrimp", 
    "Skewer", 
    "Skewer And Kebab Recipes", 
    "Spanish", 
    "Spanish Food", 
    "Summer", 
    "Wedding"
  ], 
  "name": "Grilled Shrimp and Sausage Skewers with Smoky Paprika Glaze", 
  "proteinContent": "Protein (g) 21.1", 
  "saturatedFatContent": "Saturated Fat (g) 6.3", 
  "servings": "Servings: 6", 
  "sodiumContent": "", 
  "sugarContent": "Total Sugars (g) 7.4", 
  "url": "http://www.bonappetit.com/recipe/grilled-shrimp-and-sausage-skewers-with-smoky-paprika-glaze"
}