{
  "calories": "", 
  "carbohydrateContent": "", 
  "cholesterolContent": "", 
  "fatContent": "", 
  "fiberContent": "", 
  "image": "http://www.bonappetit.com/wp-content/uploads/2013/03/bacon-and-egg-sandwiches-with-pickled-spring-onions.jpg", 
  "ingredients": {
    "apple cider vinegar": {
      "flour": "Safe", 
      "gluten": "no gluten here!", 
      "quantity": "1/4", 
      "substitute": "no substitute needed", 
      "unit": "cup"
    }, 
    "arugula leaves": {
      "flour": "Safe", 
      "gluten": "no gluten here!", 
      "quantity": "1", 
      "substitute": "no substitute needed", 
      "unit": "cup"
    }, 
    "kosher salt": {
      "flour": "Safe", 
      "gluten": "no gluten here!", 
      "quantity": "1", 
      "substitute": "no substitute needed", 
      "unit": "teaspoon"
    }, 
    "kosher salt, ground pepper": {
      "flour": "Safe", 
      "gluten": "no gluten here!", 
      "quantity": "", 
      "substitute": "no substitute needed", 
      "unit": ""
    }, 
    "large eggs": {
      "flour": "Safe", 
      "gluten": "no gluten here!", 
      "quantity": "4", 
      "substitute": "no substitute needed", 
      "unit": ""
    }, 
    "mayonnaise": {
      "flour": "Safe", 
      "gluten": "no gluten here!", 
      "quantity": "1/4", 
      "substitute": "no substitute needed", 
      "unit": "cup"
    }, 
    "pure maple syrup": {
      "flour": "Safe", 
      "gluten": "no gluten here!", 
      "quantity": "2", 
      "substitute": "no substitute needed", 
      "unit": "tablespoons"
    }, 
    "slices thick-cut bacon": {
      "flour": "Safe", 
      "gluten": "no gluten here!", 
      "quantity": "12", 
      "substitute": "no substitute needed", 
      "unit": ""
    }, 
    "slices white sandwich bread, such as pullman": {
      "flour": "Safe", 
      "gluten": "no gluten here!", 
      "quantity": "8", 
      "substitute": "no substitute needed", 
      "unit": ""
    }, 
    "spring onions or 6 scallions, whites only, thinly sliced": {
      "flour": "Safe", 
      "gluten": "no gluten here!", 
      "quantity": "4", 
      "substitute": "no substitute needed", 
      "unit": ""
    }, 
    "sriracha": {
      "flour": "Safe", 
      "gluten": "no gluten here!", 
      "quantity": "1", 
      "substitute": "no substitute needed", 
      "unit": "tablespoon"
    }, 
    "sugar": {
      "flour": "Safe", 
      "gluten": "no gluten here!", 
      "quantity": "2", 
      "substitute": "no substitute needed", 
      "unit": "teaspoons"
    }, 
    "unsalted butter": {
      "flour": "Safe", 
      "gluten": "no gluten here!", 
      "quantity": "2", 
      "substitute": "no substitute needed", 
      "unit": "tablespoons"
    }
  }, 
  "instructions": [
    "Combine onions, vinegar, sugar, salt, and  1 tablespoon water in a small bowl  and toss to combine; let stand  for 30 minutes.", 
    "Preheat oven to 350\u00b0. Place bacon on a foil-lined large rimmed baking sheet; brush both sides with syrup. Bake until bacon begins to crisp but is still pliable, 20-25 minutes.", 
    "Mix mayonnaise and Sriracha in a small bowl to combine; set aside.", 
    "Spread 1 side of bread slices with plain mayonnaise. Heat a large skillet over medium-low heat. Working in batches, cook bread, mayonnaise side down, until brown and crisp, about 3 minutes. Wipe out skillet.", 
    "Melt butter in same skillet over medium heat; crack eggs into skillet. Cook, occasionally basting with butter in skillet, until whites are set, about 3 minutes. Season with salt and pepper.", 
    "Spread untoasted side of each bread slice with spicy mayo. Build sandwiches with bread, bacon, eggs, pickled spring onions, and arugula."
  ], 
  "keywords": [
    "Bacon Recipes", 
    "Breakfast", 
    "Brunch", 
    "Comfort Food", 
    "Mayo Recipes", 
    "Pickle Recipes", 
    "Sandwich Primer Recipes", 
    "Sandwich Recipes", 
    "Scallion Recipes", 
    "Spring Food"
  ], 
  "name": "Bacon and Egg Sandwiches with Pickled Spring Onions", 
  "proteinContent": "", 
  "saturatedFatContent": "", 
  "servings": "Servings: 4", 
  "sodiumContent": "", 
  "sugarContent": "", 
  "url": "http://www.bonappetit.com/recipe/bacon-and-egg-sandwiches-with-pickled-spring-onions"
}