{
  "calories": "", 
  "carbohydrateContent": "", 
  "cholesterolContent": "", 
  "description": "Ask for a thick center-cut piece of halibut, which makes for the nicest presentation.", 
  "fatContent": "", 
  "fiberContent": "", 
  "image": "http://www.bonappetit.com/wp-content/uploads/2014/09/halibut-confit-with-leeks-coriander-and-lemon-940x600.jpg", 
  "ingredients": {
    "3-lb. skinless halibut fillet, halved lengthwise": {
      "flour": "Safe", 
      "gluten": "no gluten here!", 
      "quantity": "1", 
      "substitute": "no substitute needed", 
      "unit": ""
    }, 
    "coriander seeds, plus more very coarsely chopped for serving": {
      "flour": "Safe", 
      "gluten": "no gluten here!", 
      "quantity": "1", 
      "substitute": "no substitute needed", 
      "unit": "tablespoon"
    }, 
    "kosher salt": {
      "flour": "Safe", 
      "gluten": "no gluten here!", 
      "quantity": "", 
      "substitute": "no substitute needed", 
      "unit": ""
    }, 
    "leeks, white and pale-green parts only, halved lengthwise, cut crosswise into 2&rdquo; pieces": {
      "flour": "Safe", 
      "gluten": "no gluten here!", 
      "quantity": "4", 
      "substitute": "no substitute needed", 
      "unit": ""
    }, 
    "lemon, thinly sliced, seeds removed": {
      "flour": "Safe", 
      "gluten": "no gluten here!", 
      "quantity": "1", 
      "substitute": "no substitute needed", 
      "unit": ""
    }, 
    "olive oil": {
      "flour": "Safe", 
      "gluten": "no gluten here!", 
      "quantity": "1", 
      "substitute": "no substitute needed", 
      "unit": "cup"
    }, 
    "sprigs cilantro, cut into 2&rdquo; pieces, plus leaves for serving": {
      "flour": "Safe", 
      "gluten": "no gluten here!", 
      "quantity": "8", 
      "substitute": "no substitute needed", 
      "unit": ""
    }
  }, 
  "instructions": [
    "Preheat oven to 375\u00b0. Coarsely grind 1 Tbsp. coriander seeds in a spice mill or with a mortar and pestle. (Alternatively, you can coarsely chop with a knife.)", 
    "Toss leeks, cilantro sprigs, oil, half of lemon slices, and 2 tsp. ground coriander in a large roasting pan; season with salt. Roast, tossing occasionally, until leeks are tender and starting to brown, 15\u201320 minutes. Remove roasting pan from oven and carefully pour infused oil into a large heatproof measuring cup.", 
    "Reduce oven temperature to 275\u00b0. Season halibut with salt and arrange over leeks in roasting pan. Top with remaining lemon slices and ground coriander and pour infused oil over fish. Roast until halibut is just cooked through and starting to flake, 30\u201335 minutes.", 
    "Cut halibut into large pieces and serve with leeks and lemon topped with chopped coriander seeds and cilantro leaves.", 
    "DO AHEAD:Halibut can be roasted 1 hour ahead. Let cool and cover."
  ], 
  "keywords": [
    "Cilantro", 
    "Coriander", 
    "Dinner", 
    "Dinner Party Food", 
    "Fish", 
    "Halibut", 
    "Leeks", 
    "Lemon", 
    "stand up dinner party recipes"
  ], 
  "name": "Halibut Confit with Leeks, Coriander, and Lemon", 
  "proteinContent": "", 
  "saturatedFatContent": "", 
  "servings": "Servings: 12", 
  "sodiumContent": "", 
  "sugarContent": "", 
  "url": "http://www.bonappetit.com/recipe/halibut-confit-with-leeks-coriander-and-lemon"
}