{
  "calories": "", 
  "carbohydrateContent": "", 
  "cholesterolContent": "", 
  "description": "\u201cAcid and texture are the most important things,\u201d says chef Eli Kulp,High Street on Market, Philadelphia. His hearty vegetarian breakfast sandwich\u2014with its mix of marinated mushrooms, soft eggs, melted cheese, and a buttery toasted roll\u2014proves his point.", 
  "fatContent": "", 
  "fiberContent": "", 
  "image": "http://www.bonappetit.com/wp-content/uploads/2014/08/forager-sandwich-940x600.jpg", 
  "ingredients": {
    "brioche, challah, or potato rolls, split, buttered, lightly toasted": {
      "flour": "Safe", 
      "gluten": "gluten here!", 
      "quantity": "4", 
      "substitute": "gluten-free bread", 
      "unit": ""
    }, 
    "crushed red pepper flakes": {
      "flour": "Safe", 
      "gluten": "no gluten here!", 
      "quantity": "\u00bd", 
      "substitute": "no substitute needed", 
      "unit": "teaspoon"
    }, 
    "dried mushrooms (such as black trumpets)": {
      "flour": "Safe", 
      "gluten": "no gluten here!", 
      "quantity": "\u00bc", 
      "substitute": "no substitute needed", 
      "unit": "cup"
    }, 
    "fresh lemon juice": {
      "flour": "Safe", 
      "gluten": "no gluten here!", 
      "quantity": "1", 
      "substitute": "no substitute needed", 
      "unit": "tablespoon"
    }, 
    "garlic cloves, finely chopped": {
      "flour": "Safe", 
      "gluten": "no gluten here!", 
      "quantity": "2", 
      "substitute": "no substitute needed", 
      "unit": ""
    }, 
    "green chile hot sauce (optional; for serving)": {
      "flour": "Safe", 
      "gluten": "no gluten here!", 
      "quantity": "", 
      "substitute": "no substitute needed", 
      "unit": ""
    }, 
    "kosher salt": {
      "flour": "Safe", 
      "gluten": "no gluten here!", 
      "quantity": "1\u00bd", 
      "substitute": "no substitute needed", 
      "unit": "teaspoons"
    }, 
    "kosher salt and freshly ground black pepper": {
      "flour": "Safe", 
      "gluten": "no gluten here!", 
      "quantity": "", 
      "substitute": "no substitute needed", 
      "unit": ""
    }, 
    "large bunches kale, ribs and stems removed, leaves chopped (about 6 cups)": {
      "flour": "Safe", 
      "gluten": "no gluten here!", 
      "quantity": "2", 
      "substitute": "no substitute needed", 
      "unit": ""
    }, 
    "large eggs": {
      "flour": "Safe", 
      "gluten": "no gluten here!", 
      "quantity": "4", 
      "substitute": "no substitute needed", 
      "unit": ""
    }, 
    "mayonnaise": {
      "flour": "Safe", 
      "gluten": "no gluten here!", 
      "quantity": "\u00bd", 
      "substitute": "no substitute needed", 
      "unit": "cup"
    }, 
    "medium onion, finely chopped": {
      "flour": "Safe", 
      "gluten": "no gluten here!", 
      "quantity": "1", 
      "substitute": "no substitute needed", 
      "unit": ""
    }, 
    "olive oil": {
      "flour": "Safe", 
      "gluten": "no gluten here!", 
      "quantity": "2", 
      "substitute": "no substitute needed", 
      "unit": "tablespoons"
    }, 
    "oz. king trumpet mushrooms (about 2), sliced \u00bc&rdquo; thick, lightly scored": {
      "flour": "Safe", 
      "gluten": "no gluten here!", 
      "quantity": "4", 
      "substitute": "no substitute needed", 
      "unit": ""
    }, 
    "shallot, thinly sliced": {
      "flour": "Safe", 
      "gluten": "no gluten here!", 
      "quantity": "\u00bd", 
      "substitute": "no substitute needed", 
      "unit": ""
    }, 
    "shallot, very finely chopped": {
      "flour": "Safe", 
      "gluten": "no gluten here!", 
      "quantity": "\u00bd", 
      "substitute": "no substitute needed", 
      "unit": ""
    }, 
    "sprig thyme": {
      "flour": "Safe", 
      "gluten": "no gluten here!", 
      "quantity": "1", 
      "substitute": "no substitute needed", 
      "unit": ""
    }, 
    "swiss cheese": {
      "flour": "Safe", 
      "gluten": "no gluten here!", 
      "quantity": "4", 
      "substitute": "no substitute needed", 
      "unit": "slices"
    }, 
    "unsalted butter": {
      "flour": "Safe", 
      "gluten": "no gluten here!", 
      "quantity": "1", 
      "substitute": "no substitute needed", 
      "unit": "tablespoon"
    }, 
    "very finely chopped rosemary": {
      "flour": "Safe", 
      "gluten": "no gluten here!", 
      "quantity": "1", 
      "substitute": "no substitute needed", 
      "unit": "teaspoon"
    }, 
    "white wine vinegar": {
      "flour": "Safe", 
      "gluten": "no gluten here!", 
      "quantity": "\u00bc", 
      "substitute": "no substitute needed", 
      "unit": "cup"
    }
  }, 
  "instructions": [
    "Toss shallot, thyme, mushrooms, oil, vinegar, and salt in a medium bowl. Let sit at room temperature 1 hour.", 
    "Heat oil in a large skillet over medium heat. Cook onion and garlic, stirring often, until onion is softened and just translucent and garlic is golden, about 4 minutes.", 
    "Working in batches, add kale, tossing and letting it wilt slightly before adding more. Reduce heat to medium-low and cook kale, tossing often, until tender, 12\u201315 minutes. Mix in red pepper flakes and season with salt and pepper.", 
    "Place dried mushrooms in a small bowl and cover with boiling water; let stand until rehydrated and pliable, 5\u20138 minutes. Drain, squeeze out excess moisture, and finely chop.", 
    "Mix mushrooms, shallot, mayonnaise, lemon juice, and rosemary in a small bowl; season with salt and pepper. Cover and chill.", 
    "DO AHEAD:Mayonnaise can be made 3 days ahead. Keep chilled.", 
    "Heat oil in a medium skillet over high heat. Drain marinated mushrooms, pat dry, and cook until deep golden brown, 6\u20138 minutes per side.", 
    "Meanwhile, heat butter in a medium nonstick skillet over low heat and cook eggs, stirring occasionally with a heatproof spatula, until just barely set, about 4 minutes (or cook over easy, if you prefer).", 
    "Heat broiler. Spread cut sides of rolls with mushroom mayo (you may have some left over). Place rolls, cut side up, on a broilerproof rimmed baking sheet. Layer bottom halves of rolls with marinated mushrooms, kale mixture, scrambled eggs, and cheese. Broil until cheese is melted.", 
    "Close sandwiches and serve with hot sauce, if desired."
  ], 
  "keywords": [
    "Eggs", 
    "high street on market recipes", 
    "Hot Sauce", 
    "hot ten 2014 recipes", 
    "Kale", 
    "Lunch", 
    "Mayonnaise", 
    "Mushrooms", 
    "Rosemary", 
    "Sandwich", 
    "Shallots", 
    "Thyme", 
    "Vegetarian Recipes"
  ], 
  "name": "Forager Sandwich", 
  "proteinContent": "", 
  "saturatedFatContent": "", 
  "servings": "Servings: Makes 4", 
  "sodiumContent": "", 
  "sugarContent": "", 
  "url": "http://www.bonappetit.com/recipe/forager-sandwich"
}