{
  "calories": "", 
  "carbohydrateContent": "", 
  "cholesterolContent": "", 
  "description": "This recipe fromThai-Kunmakes a generous amount of sauce, which you may find yourself finishing (we won\u2019t judge). Any leftover would be great on everything from white rice to noodles to\u2026well, more bread.", 
  "fatContent": "", 
  "fiberContent": "", 
  "image": "http://www.bonappetit.com/wp-content/uploads/2014/08/grilled-bread-with-peanut-curry-sauce-and-pickles-940x600.jpg", 
  "ingredients": {
    "13.5-oz. can unsweetened coconut milk": {
      "flour": "Safe", 
      "gluten": "no gluten here!", 
      "quantity": "1", 
      "substitute": "no substitute needed", 
      "unit": ""
    }, 
    "baguette, halved lengthwise, then crosswise": {
      "flour": "Safe", 
      "gluten": "gluten here!", 
      "quantity": "1", 
      "substitute": "gluten-free bread", 
      "unit": ""
    }, 
    "chunky peanut butter, preferably natural": {
      "flour": "Safe", 
      "gluten": "no gluten here!", 
      "quantity": "\u00bd", 
      "substitute": "no substitute needed", 
      "unit": "cup"
    }, 
    "distilled white vinegar": {
      "flour": "Safe", 
      "gluten": "no gluten here!", 
      "quantity": "3", 
      "substitute": "no substitute needed", 
      "unit": "tablespoons"
    }, 
    "english hothouse cucumber, quartered lengthwise, sliced \u215b&rdquo; thick": {
      "flour": "Safe", 
      "gluten": "no gluten here!", 
      "quantity": "1", 
      "substitute": "no substitute needed", 
      "unit": ""
    }, 
    "half-and-half": {
      "flour": "Safe", 
      "gluten": "no gluten here!", 
      "quantity": "1", 
      "substitute": "no substitute needed", 
      "unit": "cup"
    }, 
    "kosher salt": {
      "flour": "Safe", 
      "gluten": "no gluten here!", 
      "quantity": "", 
      "substitute": "no substitute needed", 
      "unit": ""
    }, 
    "medium red onion, thinly sliced": {
      "flour": "Safe", 
      "gluten": "no gluten here!", 
      "quantity": "\u00bd", 
      "substitute": "no substitute needed", 
      "unit": ""
    }, 
    "prepared massaman curry paste (preferably maesri)": {
      "flour": "Safe", 
      "gluten": "no gluten here!", 
      "quantity": "\u00bc", 
      "substitute": "no substitute needed", 
      "unit": "cup"
    }, 
    "serrano chiles, with seeds, thinly sliced": {
      "flour": "Safe", 
      "gluten": "no gluten here!", 
      "quantity": "2", 
      "substitute": "no substitute needed", 
      "unit": ""
    }, 
    "sugar": {
      "flour": "Safe", 
      "gluten": "no gluten here!", 
      "quantity": "\u2153", 
      "substitute": "no substitute needed", 
      "unit": "cup"
    }, 
    "thai red curry paste (preferably maesri)": {
      "flour": "Safe", 
      "gluten": "no gluten here!", 
      "quantity": "\u2153", 
      "substitute": "no substitute needed", 
      "unit": "cup"
    }, 
    "vegetable oil, divided, plus more for brushing": {
      "flour": "Safe", 
      "gluten": "no gluten here!", 
      "quantity": "\u00be", 
      "substitute": "no substitute needed", 
      "unit": "cup"
    }
  }, 
  "instructions": [
    "Pack cucumber, onion, and chiles into a 1-qt. jar. Heat vinegar, sugar, salt, and \u00bd cup water in a small saucepan over medium heat, stirring until sugar and salt are dissolved. Let cool, then pour over vegetables to submerge. Cover and chill at least 4 hours.", 
    "DO AHEAD:Vegetables can be pickled 1 day ahead. Keep chilled.", 
    "Heat \u00bc cup oil in a medium saucepan over medium heat. Add red curry paste and massaman curry paste and cook, stirring, until fragrant, about 1 minute. Whisk in coconut milk and bring to a simmer. Add half-and-half, peanut butter, sugar, and remaining \u00bd cup oil and return to a simmer, whisking constantly, until sugar is dissolved and mixture is combined. Continue to cook, whisking often, until sauce is thick and coats a spoon. Remove from heat and stir in vinegar; season with salt.", 
    "Meanwhile, prepare grill for medium heat. Lightly brush cut sides of bread with oil and grill, turning occasionally, until lightly toasted (or cook it, cut side down, in a dry skillet until browned). Serve with pickles and peanut sauce for dipping."
  ], 
  "keywords": [
    "Appetizers", 
    "Bread", 
    "Chile", 
    "Coconut", 
    "Cucumber", 
    "Curry", 
    "hot ten 2014 recipes", 
    "Peanut", 
    "Pickle", 
    "Side", 
    "Snack", 
    "Spicy Food", 
    "Thai Food", 
    "thai kun recipes"
  ], 
  "name": "Grilled Bread with Peanut Curry Sauce and Pickles", 
  "proteinContent": "", 
  "saturatedFatContent": "", 
  "servings": "Servings: 4", 
  "sodiumContent": "", 
  "sugarContent": "", 
  "url": "http://www.bonappetit.com/recipe/grilled-bread-with-peanut-curry-sauce-and-pickles"
}