{
  "calories": "", 
  "carbohydrateContent": "", 
  "cholesterolContent": "", 
  "description": "Save the drained tomato liquid and add to your next vegetable soup or braise, or use in place of water to make tomato rice.", 
  "fatContent": "", 
  "fiberContent": "", 
  "image": "http://www.bonappetit.com/wp-content/uploads/2014/09/fresh-tomato-pizza-sauce-940x600.jpg", 
  "ingredients": {
    "28-oz. can whole peeled tomatoes, drained": {
      "flour": "Safe", 
      "gluten": "no gluten here!", 
      "quantity": "1", 
      "substitute": "no substitute needed", 
      "unit": ""
    }, 
    "anchovy fillets packed in oil, drained": {
      "flour": "Safe", 
      "gluten": "no gluten here!", 
      "quantity": "2", 
      "substitute": "no substitute needed", 
      "unit": ""
    }, 
    "fresh basil leaves": {
      "flour": "Safe", 
      "gluten": "no gluten here!", 
      "quantity": "\u00bc", 
      "substitute": "no substitute needed", 
      "unit": "cup"
    }, 
    "garlic cloves": {
      "flour": "Safe", 
      "gluten": "no gluten here!", 
      "quantity": "2", 
      "substitute": "no substitute needed", 
      "unit": "cloves"
    }, 
    "kosher salt and freshly ground black pepper": {
      "flour": "Safe", 
      "gluten": "no gluten here!", 
      "quantity": "", 
      "substitute": "no substitute needed", 
      "unit": ""
    }, 
    "olive oil": {
      "flour": "Safe", 
      "gluten": "no gluten here!", 
      "quantity": "6", 
      "substitute": "no substitute needed", 
      "unit": "tablespoons"
    }
  }, 
  "instructions": [
    "Pulse tomatoes, anchovies, garlic, oil, and basil in a food processor or blender until mostly smooth (some texture is okay); season with salt and pepper."
  ], 
  "keywords": [
    "Anchovies", 
    "Basil", 
    "Italian Food", 
    "Pizza", 
    "Sauce", 
    "Tomato Sauce", 
    "Tomatoes"
  ], 
  "name": "Fresh Tomato Pizza Sauce", 
  "proteinContent": "", 
  "saturatedFatContent": "", 
  "servings": "Servings: Makes about 5 cups", 
  "sodiumContent": "", 
  "sugarContent": "", 
  "url": "http://www.bonappetit.com/recipe/fresh-tomato-pizza-sauce"
}