{
  "calories": "", 
  "carbohydrateContent": "", 
  "cholesterolContent": "", 
  "description": "A silky, subtly sweet little number that makes fall vegetables feel downright swanky.", 
  "fatContent": "", 
  "fiberContent": "", 
  "image": "http://www.bonappetit.com/wp-content/uploads/2014/10/fennel-and-carrot-soup-940x600.jpg", 
  "ingredients": {
    "bay leaf": {
      "flour": "Safe", 
      "gluten": "no gluten here!", 
      "quantity": "1", 
      "substitute": "no substitute needed", 
      "unit": ""
    }, 
    "carrots, peeled, chopped": {
      "flour": "Safe", 
      "gluten": "no gluten here!", 
      "quantity": "2", 
      "substitute": "no substitute needed", 
      "unit": ""
    }, 
    "coarsely chopped roasted chestnuts from a jar": {
      "flour": "Safe", 
      "gluten": "no gluten here!", 
      "quantity": "\u00bc", 
      "substitute": "no substitute needed", 
      "unit": "cup"
    }, 
    "cr\u00e8me fra\u00eeche": {
      "flour": "Safe", 
      "gluten": "no gluten here!", 
      "quantity": "\u00bc", 
      "substitute": "no substitute needed", 
      "unit": "cup"
    }, 
    "kosher salt and freshly ground black pepper": {
      "flour": "Safe", 
      "gluten": "no gluten here!", 
      "quantity": "", 
      "substitute": "no substitute needed", 
      "unit": ""
    }, 
    "large fennel bulb, thinly sliced": {
      "flour": "Safe", 
      "gluten": "no gluten here!", 
      "quantity": "1", 
      "substitute": "no substitute needed", 
      "unit": ""
    }, 
    "low-sodium vegetable broth": {
      "flour": "Safe", 
      "gluten": "no gluten here!", 
      "quantity": "4", 
      "substitute": "no substitute needed", 
      "unit": "cups"
    }, 
    "pure maple syrup": {
      "flour": "Safe", 
      "gluten": "no gluten here!", 
      "quantity": "1", 
      "substitute": "no substitute needed", 
      "unit": "tablespoon"
    }, 
    "small onion, thinly sliced": {
      "flour": "Safe", 
      "gluten": "no gluten here!", 
      "quantity": "1", 
      "substitute": "no substitute needed", 
      "unit": ""
    }, 
    "small yukon gold potato, peeled, halved": {
      "flour": "Safe", 
      "gluten": "no gluten here!", 
      "quantity": "1", 
      "substitute": "no substitute needed", 
      "unit": ""
    }, 
    "sprigs thyme": {
      "flour": "Safe", 
      "gluten": "no gluten here!", 
      "quantity": "2", 
      "substitute": "no substitute needed", 
      "unit": ""
    }, 
    "unsalted butter, divided": {
      "flour": "Safe", 
      "gluten": "no gluten here!", 
      "quantity": "6", 
      "substitute": "no substitute needed", 
      "unit": "tablespoons"
    }
  }, 
  "instructions": [
    "Heat 4 Tbsp. butter in a large heavy pot over medium. Add fennel, onion, carrots, potato, thyme, and bay leaf; season with salt and pepper. Reduce heat to medium-low, cover, and cook, stirring occasionally and reducing heat if needed, until vegetables are soft but not browned and have released their moisture, 45\u201360 minutes (this will give them deep flavor).", 
    "Add broth, bring to a boil, and season with salt and pepper. Reduce heat and simmer until potato is falling apart, 8\u201310 minutes. Let cool slightly. Remove herbs.", 
    "Working in batches, pur\u00e9e in a blender until smooth. Strain into a clean pot; season with salt and pepper.", 
    "Heat remaining 2 Tbsp. butter in a small saucepan over medium. Add chestnuts and cook, stirring often, until butter is browned and chestnuts are toasted, about 4 minutes.", 
    "Mix cr\u00e8me fra\u00eeche and maple syrup in a small bowl. Serve soup topped with maple cr\u00e8me fra\u00eeche and chestnuts.", 
    "DO AHEAD:Soup can be made 3 days ahead. Cover and chill."
  ], 
  "keywords": [
    "Carrots", 
    "chesnuts", 
    "Creme Fraiche", 
    "Fennel", 
    "Maple Syrup", 
    "Potatoes", 
    "Rsvp", 
    "Soup", 
    "Thyme"
  ], 
  "name": "Fennel and Carrot Soup", 
  "proteinContent": "", 
  "saturatedFatContent": "", 
  "servings": "Servings: 6", 
  "sodiumContent": "", 
  "sugarContent": "", 
  "url": "http://www.bonappetit.com/recipe/fennel-and-carrot-soup"
}