{
  "calories": "", 
  "carbohydrateContent": "", 
  "cholesterolContent": "", 
  "description": "Use this spicy vodka in a Bloody Mary for extra kick.", 
  "fatContent": "", 
  "fiberContent": "", 
  "image": "http://www.bonappetit.com/wp-content/uploads/2014/02/srirachaweek_horseradish_gibson-940x600.jpg", 
  "ingredients": {
    "cocktail onions (for serving)": {
      "flour": "Safe", 
      "gluten": "no gluten here!", 
      "quantity": "", 
      "substitute": "no substitute needed", 
      "unit": ""
    }, 
    "dry vermouth": {
      "flour": "Safe", 
      "gluten": "no gluten here!", 
      "quantity": "\u00bd", 
      "substitute": "no substitute needed", 
      "unit": "ounce"
    }, 
    "horseradish\u2013black pepper vodka (click for recipe)": {
      "flour": "Safe", 
      "gluten": "no gluten here!", 
      "quantity": "2 \u00bd", 
      "substitute": "no substitute needed", 
      "unit": "ounces"
    }
  }, 
  "instructions": [
    "Combine vodka and vermouth in a cocktail shaker; fill shaker with ice. Shake until outside of shaker is frosty, about 30 seconds. Strain into a chilled coupe glass and garnish with cocktail onions."
  ], 
  "keywords": [
    "Cocktails", 
    "Drink Recipes", 
    "Drinks", 
    "spicy drinks", 
    "Vermouth Drinks", 
    "Vodka Drinks"
  ], 
  "name": "Horseradish\u2013Black Pepper Gibson", 
  "proteinContent": "", 
  "saturatedFatContent": "", 
  "servings": "Servings: 1", 
  "sodiumContent": "", 
  "sugarContent": "", 
  "url": "http://www.bonappetit.com/recipe/horseradish-black-pepper-gibson"
}