{
  "calories": "", 
  "carbohydrateContent": "", 
  "cholesterolContent": "", 
  "fatContent": "", 
  "fiberContent": "", 
  "image": "http://www.bonappetit.com/wp-content/uploads/2011/11/gnocchi-gratin-with-gorgonzola-dolce-940x600.jpg", 
  "ingredients": {
    "(1/4 stick) unsalted butter, room temperature, divided": {
      "flour": "Safe", 
      "gluten": "no gluten here!", 
      "quantity": "2", 
      "substitute": "no substitute needed", 
      "unit": "tablespoons"
    }, 
    "1/4'-thick slice fresh ginger": {
      "flour": "Safe", 
      "gluten": "no gluten here!", 
      "quantity": "1", 
      "substitute": "no substitute needed", 
      "unit": ""
    }, 
    "all-purpose flour plus more": {
      "flour": {
        "type": {
          "binder": {
            "type": "xanthum gum", 
            "weight": 0.5
          }, 
          "density": {
            "type": "brown rice flour", 
            "weight": 0.142
          }, 
          "fat": {
            "type": "almond flour", 
            "weight": 0.142
          }, 
          "leavener": "", 
          "lightness": {
            "type": "white rice flour", 
            "weight": 0.284
          }, 
          "protein": {
            "type": "sorghum flour", 
            "weight": 0.142
          }, 
          "starch": {
            "type": "potato starch", 
            "weight": 0.284
          }, 
          "stickiness": "", 
          "texture": ""
        }, 
        "weight": 125
      }, 
      "gluten": "gluten here!", 
      "quantity": "1", 
      "substitute": "flour ratio", 
      "unit": "cup"
    }, 
    "fine dried breadcrumbs": {
      "flour": "Safe", 
      "gluten": "gluten here!", 
      "quantity": "3", 
      "substitute": "gluten-free breadcrumbs", 
      "unit": "tablespoons"
    }, 
    "freshly grated nutmeg": {
      "flour": "Safe", 
      "gluten": "no gluten here!", 
      "quantity": "1/2", 
      "substitute": "no substitute needed", 
      "unit": "teaspoon"
    }, 
    "gorgonzola dolce or other mild blue cheese": {
      "flour": "Safe", 
      "gluten": "no gluten here!", 
      "quantity": "4", 
      "substitute": "no substitute needed", 
      "unit": "ounces"
    }, 
    "heavy cream": {
      "flour": "Safe", 
      "gluten": "no gluten here!", 
      "quantity": "1", 
      "substitute": "no substitute needed", 
      "unit": "cup"
    }, 
    "kosher salt plus more": {
      "flour": "Safe", 
      "gluten": "no gluten here!", 
      "quantity": "1", 
      "substitute": "no substitute needed", 
      "unit": "teaspoon"
    }, 
    "large egg": {
      "flour": "Safe", 
      "gluten": "no gluten here!", 
      "quantity": "1", 
      "substitute": "no substitute needed", 
      "unit": ""
    }, 
    "large egg yolk": {
      "flour": "Safe", 
      "gluten": "no gluten here!", 
      "quantity": "1", 
      "substitute": "no substitute needed", 
      "unit": ""
    }, 
    "parmesan, finely grated, divided": {
      "flour": "Safe", 
      "gluten": "no gluten here!", 
      "quantity": "6", 
      "substitute": "no substitute needed", 
      "unit": "ounces"
    }, 
    "russet potatoes": {
      "flour": "Safe", 
      "gluten": "no gluten here!", 
      "quantity": "1", 
      "substitute": "no substitute needed", 
      "unit": "pound"
    }, 
    "sprig rosemary": {
      "flour": "Safe", 
      "gluten": "no gluten here!", 
      "quantity": "1", 
      "substitute": "no substitute needed", 
      "unit": ""
    }
  }, 
  "instructions": [
    "Place potatoes in a large pot. Add water to cover by 1\u201d; bring to a boil, reduce heat to medium, and simmer until tender, 25\u201330 minutes. Drain; set aside and let cool slightly.", 
    "Peel potatoes. Pass through ricer or a food mill or sieve, into a large bowl. Whisk egg and egg yolk in a small bowl to blend. Add egg mixture, 1/3 cup Parmesan, 1 cup flour, 1 tsp. salt, and nutmeg to potatoes. Using your hands, gently mix to form a soft but not sticky dough. Transfer dough to a floured surface. Gather into a ball, then divide into 4 pieces.", 
    "Line a rimmed baking sheet with parchment paper; dust with flour. Working with 1 piece at a time (keep other pieces covered with a damp kitchen towel), roll dough into a 24\u201d-long rope. Cut crosswise into 1\u201d pieces. Working with 1 piece at a time, press lightly on gnocchi with the back of the tines of a fork and gently roll gnocchi to create ridges on 1 side. Place on prepared baking sheet and lightly dust with flour. DO AHEAD: Can be made 4 hours ahead. Cover and chill. Cover and chill remaining grated cheese.", 
    "Bring cream, rosemary, and ginger to a boil in a small saucepan. Remove from  heat; cover and let steep for 30 minutes. Set aside.", 
    "Preheat oven to 375\u00b0. Bring a large pot of salted water to a boil. Working in batches of about 12 at a time, cook gnocchi until they float to the surface, 2\u20133 minutes. Using a slotted spoon, transfer gnocchi to a baking dish coated with 1 Tbsp. butter.", 
    "Mix 3 Tbsp. Parmesan, remaining 1 Tbsp. butter, and breadcrumbs in a small bowl. Strain reserved cream mixture into dish all over gnocchi. Break off small pieces of Gorgonzola; scatter over. Sprinkle the remaining Parmesan over, then the breadcrumb mixture.", 
    "Bake until the filling is bubbling and the topping is browned, 25\u201330 minutes."
  ], 
  "keywords": [
    "December 2011 Recipes", 
    "Dinner", 
    "Gnocchi Recipes", 
    "Gratin Recipes", 
    "Hot Potatoes", 
    "Potato Recipes", 
    "Recipes", 
    "Sides"
  ], 
  "name": "Gnocchi Gratin with Gorgonzola Dolce", 
  "proteinContent": "", 
  "saturatedFatContent": "", 
  "servings": "Servings: 4\u20136", 
  "sodiumContent": "", 
  "sugarContent": "", 
  "url": "http://www.bonappetit.com/recipe/gnocchi-gratin-with-gorgonzola-dolce"
}