{
  "calories": "", 
  "carbohydrateContent": "", 
  "cholesterolContent": "", 
  "fatContent": "", 
  "fiberContent": "", 
  "image": "", 
  "ingredients": {
    "(packed) coarsely chopped arugula (about 2 ounces)": {
      "flour": "Safe", 
      "gluten": "no gluten here!", 
      "quantity": "2", 
      "substitute": "no substitute needed", 
      "unit": "cups"
    }, 
    "chopped fresh basil": {
      "flour": "Safe", 
      "gluten": "no gluten here!", 
      "quantity": "2", 
      "substitute": "no substitute needed", 
      "unit": "tablespoons"
    }, 
    "chopped pitted kalamata olives or other brine-cured black olives": {
      "flour": "Safe", 
      "gluten": "no gluten here!", 
      "quantity": "1 1/2", 
      "substitute": "no substitute needed", 
      "unit": "tablespoons"
    }, 
    "diced seeded plum tomatoes": {
      "flour": "Safe", 
      "gluten": "no gluten here!", 
      "quantity": "1", 
      "substitute": "no substitute needed", 
      "unit": "cup"
    }, 
    "extra-virgin olive oil": {
      "flour": "Safe", 
      "gluten": "no gluten here!", 
      "quantity": "1", 
      "substitute": "no substitute needed", 
      "unit": "tablespoon"
    }, 
    "large hard-boiled eggs, peeled, sliced crosswise": {
      "flour": "Safe", 
      "gluten": "no gluten here!", 
      "quantity": "4", 
      "substitute": "no substitute needed", 
      "unit": ""
    }, 
    "small garlic clove, minced": {
      "flour": "Safe", 
      "gluten": "no gluten here!", 
      "quantity": "1", 
      "substitute": "no substitute needed", 
      "unit": ""
    }, 
    "sourdough bread, toasted": {
      "flour": "Safe", 
      "gluten": "gluten here!", 
      "quantity": "8", 
      "substitute": "gluten-free dough", 
      "unit": "slices"
    }, 
    "wide parmesan shavings (cut with vegetable peeler)": {
      "flour": "Safe", 
      "gluten": "no gluten here!", 
      "quantity": "8", 
      "substitute": "no substitute needed", 
      "unit": ""
    }
  }, 
  "instructions": [
    "Mix first 5 ingredients in small bowl. Season salsa to taste with salt and pepper.", 
    "Place 4 toast slices on work surface. Top each with 1/4 of salsa, 1/4 of egg slices, 1/2 cup arugula, and 2 cheese shavings. Cover with remaining bread slices. Cut each sandwich in half and serve."
  ], 
  "keywords": [
    "Arugula", 
    "Basil Recipes", 
    "Bread Recipes", 
    "Easy Recipes", 
    "Egg Recipes", 
    "Healthy Recipes", 
    "Olives", 
    "Parmesan Recipes", 
    "Quick Recipes", 
    "Sandwich Recipes", 
    "Vegetarian Recipes"
  ], 
  "name": "Hard-Boiled Eggs and Parmesan on Toasted Sourdough", 
  "proteinContent": "", 
  "saturatedFatContent": "", 
  "servings": "Servings: 4", 
  "sodiumContent": "", 
  "sugarContent": "", 
  "url": "http://www.bonappetit.com/recipe/hard-boiled-eggs-and-parmesan-on-toasted-sourdough"
}