{
  "calories": "", 
  "carbohydrateContent": "", 
  "cholesterolContent": "", 
  "description": "Yes, you can grill a whole turkey. The bird sits in a foil baking pan on top of the grates, so there\u2019s no danger of it burning. The hardest part is maintaining the grill temperature (a thermometer eliminates the guesswork). Need more convincing? Imagine Thanksgiving Day with the oven freed up!", 
  "fatContent": "", 
  "fiberContent": "", 
  "image": "http://www.bonappetit.com/wp-content/uploads/2013/10/grill-roasted-turkey-with-red-wine-gravy.jpg", 
  "ingredients": {
    "(or more) all-purpose flour": {
      "flour": {
        "type": {
          "binder": {
            "type": "xanthum gum", 
            "weight": 0.5
          }, 
          "density": {
            "type": "brown rice flour", 
            "weight": 0.142
          }, 
          "fat": {
            "type": "almond flour", 
            "weight": 0.142
          }, 
          "leavener": "", 
          "lightness": {
            "type": "white rice flour", 
            "weight": 0.284
          }, 
          "protein": {
            "type": "sorghum flour", 
            "weight": 0.142
          }, 
          "starch": {
            "type": "potato starch", 
            "weight": 0.284
          }, 
          "stickiness": "", 
          "texture": ""
        }, 
        "weight": 125
      }, 
      "gluten": "gluten here!", 
      "quantity": "2", 
      "substitute": "flour ratio", 
      "unit": "tablespoons"
    }, 
    "(or more) turkey stock or low-sodium chicken broth": {
      "flour": "Safe", 
      "gluten": "no gluten here!", 
      "quantity": "2", 
      "substitute": "no substitute needed", 
      "unit": "cups"
    }, 
    "12\u201314-lb. turkey, giblets and neck removed": {
      "flour": "Safe", 
      "gluten": "no gluten here!", 
      "quantity": "1", 
      "substitute": "no substitute needed", 
      "unit": ""
    }, 
    "coriander seeds": {
      "flour": "Safe", 
      "gluten": "no gluten here!", 
      "quantity": "1", 
      "substitute": "no substitute needed", 
      "unit": "teaspoon"
    }, 
    "crushed red pepper flakes": {
      "flour": "Safe", 
      "gluten": "no gluten here!", 
      "quantity": "1", 
      "substitute": "no substitute needed", 
      "unit": "teaspoon"
    }, 
    "dried bay leaves, crumbled": {
      "flour": "Safe", 
      "gluten": "no gluten here!", 
      "quantity": "6", 
      "substitute": "no substitute needed", 
      "unit": ""
    }, 
    "dry red wine (such as cabernet sauvignon)": {
      "flour": "Safe", 
      "gluten": "no gluten here!", 
      "quantity": "1\u00bd", 
      "substitute": "no substitute needed", 
      "unit": "cups"
    }, 
    "garlic, peeled, crushed": {
      "flour": "Safe", 
      "gluten": "no gluten here!", 
      "quantity": "4", 
      "substitute": "no substitute needed", 
      "unit": "cloves"
    }, 
    "kosher salt plus more": {
      "flour": "Safe", 
      "gluten": "no gluten here!", 
      "quantity": "\u00bc", 
      "substitute": "no substitute needed", 
      "unit": "cup"
    }, 
    "large shallots, quartered": {
      "flour": "Safe", 
      "gluten": "no gluten here!", 
      "quantity": "4", 
      "substitute": "no substitute needed", 
      "unit": ""
    }, 
    "medium onion, quartered": {
      "flour": "Safe", 
      "gluten": "no gluten here!", 
      "quantity": "1", 
      "substitute": "no substitute needed", 
      "unit": ""
    }, 
    "olive oil": {
      "flour": "Safe", 
      "gluten": "no gluten here!", 
      "quantity": "2", 
      "substitute": "no substitute needed", 
      "unit": "tablespoons"
    }, 
    "red seedless grapes, snipped into small clusters": {
      "flour": "Safe", 
      "gluten": "no gluten here!", 
      "quantity": "1", 
      "substitute": "no substitute needed", 
      "unit": "pound"
    }, 
    "sprigs rosemary, divided": {
      "flour": "Safe", 
      "gluten": "no gluten here!", 
      "quantity": "11", 
      "substitute": "no substitute needed", 
      "unit": ""
    }, 
    "unsalted butter, room temperature": {
      "flour": "Safe", 
      "gluten": "no gluten here!", 
      "quantity": "2", 
      "substitute": "no substitute needed", 
      "unit": "tablespoons"
    }, 
    "whole black peppercorns plus more freshly ground": {
      "flour": "Safe", 
      "gluten": "no gluten here!", 
      "quantity": "1", 
      "substitute": "no substitute needed", 
      "unit": "teaspoon"
    }
  }, 
  "instructions": [
    "A chimney starter (if using a charcoal grill), a large foil baking pan, and a grill thermometer", 
    "Place bay leaves, coriander seeds, red pepper flakes, and 1 tsp. peppercorns in a resealable plastic bag and crush with a rolling pin or the bottom of a heavy skillet; mix in \u00bc cup salt.", 
    "Season turkey inside and out with spice mixture. Chill, uncovered, at least 6 hours and up to 12 hours.", 
    "Prepare grill for medium-high, indirect heat (for a charcoal grill, bank coals \u2028on 1 side of grill; for a gas grill, leave 1 or 2 burners off). If using a charcoal grill, start more charcoal in chimney starter to add as needed to maintain heat while turkey is roasting.", 
    "Stuff turkey with onion, garlic, and 10 rosemary sprigs and place in baking pan. Place on grill over indirect heat and add stock to pan. Cover grill and fit with grill thermometer. Maintain a temperature of about 350\u00b0, opening vents to increase heat and closing them to decrease heat as needed. Roast turkey, basting with pan juices every 30 minutes, adding more broth as needed to maintain some liquid in pan, and adding more hot coals to grill as needed, until an instant-read thermometer inserted into the thickest part of thigh registers 165\u00b0, 3\u20133\u00bd hours. Transfer turkey to a platter; tent with foil. Let rest at least 30 minutes before carving.", 
    "Strain pan drippings through a fine-mesh sieve into a measuring cup. Let sit 30 minutes, then skim fat from surface (you should have about 2 cups drippings).", 
    "Meanwhile, heat a large cast-iron or other flameproof skillet on grill until hot. Toss shallots, grapes, and oil in a large bowl; season with salt and pepper. Transfer to hot skillet and cook, gently tossing occasionally, until shallots and grapes are lightly charred in spots and some grapes have burst, 8\u201310 minutes.", 
    "Bring wine to a boil in a medium saucepan and cook, stirring occasionally, until reduced to \u00bd cup, 12\u201315 minutes. Add pan drippings and return to a boil. Whisk flour and butter in a small bowl; whisk into wine mixture. Add remaining rosemary sprig, reduce heat, and simmer, stirring occasionally, until thickened, about 5 minutes. Remove rosemary sprig. Strain gravy again, if desired; season with salt and pepper.", 
    "Carve turkey and serve with grilled shallots and grapes and red wine gravy alongside."
  ], 
  "keywords": [
    "Coriander", 
    "Dinner", 
    "Fall Food", 
    "Grape Recipes", 
    "Grilling Food", 
    "Hot Pepper Recipes", 
    "mondavi wine country recipes", 
    "Peppercorn Recipes", 
    "Red Wine Recipes", 
    "Rosemary Recipes", 
    "Shallot Recipes", 
    "Thanksgiving", 
    "Turkey Recipes"
  ], 
  "name": "Grill-Roasted Turkey with Red Wine Gravy", 
  "proteinContent": "", 
  "saturatedFatContent": "", 
  "servings": "Servings: 8\u201310", 
  "sodiumContent": "", 
  "sugarContent": "", 
  "url": "http://www.bonappetit.com/recipe/grill-roasted-turkey-with-red-wine-gravy"
}