{
  "calories": "", 
  "carbohydrateContent": "", 
  "cholesterolContent": "", 
  "fatContent": "", 
  "fiberContent": "", 
  "image": "http://www.bonappetit.com/wp-content/uploads/2013/03/grilled-summer-squash-salad-646.jpg", 
  "ingredients": {
    "feta or goat cheese, crumbled": {
      "flour": "Safe", 
      "gluten": "no gluten here!", 
      "quantity": "1/4", 
      "substitute": "no substitute needed", 
      "unit": "cup"
    }, 
    "kosher salt, freshly ground pepper": {
      "flour": "Safe", 
      "gluten": "no gluten here!", 
      "quantity": "", 
      "substitute": "no substitute needed", 
      "unit": ""
    }, 
    "mesclun or mixed lettuces": {
      "flour": "Safe", 
      "gluten": "no gluten here!", 
      "quantity": "2", 
      "substitute": "no substitute needed", 
      "unit": "cups"
    }, 
    "olive oil, divided, plus more for grill": {
      "flour": "Safe", 
      "gluten": "no gluten here!", 
      "quantity": "4", 
      "substitute": "no substitute needed", 
      "unit": "tablespoons"
    }, 
    "red onion, thinly sliced": {
      "flour": "Safe", 
      "gluten": "no gluten here!", 
      "quantity": "1/4", 
      "substitute": "no substitute needed", 
      "unit": ""
    }, 
    "summer squash or zucchini, cut into 1/2-inch-thick wedges": {
      "flour": "Safe", 
      "gluten": "no gluten here!", 
      "quantity": "1", 
      "substitute": "no substitute needed", 
      "unit": "pound"
    }, 
    "white wine vinegar": {
      "flour": "Safe", 
      "gluten": "no gluten here!", 
      "quantity": "3", 
      "substitute": "no substitute needed", 
      "unit": "tablespoons"
    }
  }, 
  "instructions": [
    "Prepare grill for medium heat; lightly oil grill grates.", 
    "Combine onion and vinegar in a large bowl; let sit 5 minutes. Gradually whisk in 3 Tbsp. oil. Season with salt and pepper and set aside.", 
    "Brush squash with remaining 1 Tbsp. oil and season with salt and pepper. Grill until tender and charred in spots about 3 minutes per side. Let cool slightly and toss with onion and half of vinaigrette. Toss lettuce with remaining vinaigrette in a medium bowl and season with salt and pepper. Divide squash among plates and top with salad and feta."
  ], 
  "keywords": [
    "Feta Recipes", 
    "Grilling Food", 
    "Healthy Recipes", 
    "Salad", 
    "Salad Recipes", 
    "Sides", 
    "Squash Recipes", 
    "Summer Food", 
    "Summer Sides", 
    "Vegetarian Recipes", 
    "Zucchini Recpes"
  ], 
  "name": "Grilled Summer Squash Salad", 
  "proteinContent": "", 
  "saturatedFatContent": "", 
  "servings": "Servings: 4", 
  "sodiumContent": "", 
  "sugarContent": "", 
  "url": "http://www.bonappetit.com/recipe/grilled-summer-squash-salad"
}