{
  "calories": "", 
  "carbohydrateContent": "", 
  "cholesterolContent": "", 
  "description": "For stress-free, no-sweat hosting, grill the lamb a few hours ahead of time and slice it at room temperature.", 
  "fatContent": "", 
  "fiberContent": "", 
  "image": "http://www.bonappetit.com/wp-content/uploads/2014/07/grilled-leg-of-lamb-with-herb-salt-940x600.jpg", 
  "ingredients": {
    "anchovy mayonnaise (click for recipe)": {
      "flour": "Safe", 
      "gluten": "no gluten here!", 
      "quantity": "", 
      "substitute": "no substitute needed", 
      "unit": ""
    }, 
    "boneless leg of lamb": {
      "flour": "Safe", 
      "gluten": "no gluten here!", 
      "quantity": "4", 
      "substitute": "no substitute needed", 
      "unit": "pounds"
    }, 
    "herb salt (click for recipe)": {
      "flour": "Safe", 
      "gluten": "no gluten here!", 
      "quantity": "2\u00bd", 
      "substitute": "no substitute needed", 
      "unit": "tablespoons"
    }, 
    "olive oil": {
      "flour": "Safe", 
      "gluten": "no gluten here!", 
      "quantity": "2", 
      "substitute": "no substitute needed", 
      "unit": "tablespoons"
    }
  }, 
  "instructions": [
    "Cutting along seams where lamb leg naturally separates, portion into 4 large pieces, trimming any excess fat and sinew. Rub lamb with oil and Herb Salt. Let sit at room temperature 1 hour before grilling.", 
    "Prepare a grill for high heat. Grill lamb, turning often, until lightly charred and an instant-read thermometer registers 130\u00b0, 20\u201330 minutes. Transfer to a cutting board; let rest 10 minutes. Thinly slice against the grain and serve with Anchovy Mayonnaise.", 
    "DO AHEAD:Lamb can be seasoned 2 days ahead. Cover and chill."
  ], 
  "keywords": [
    "Dinner", 
    "Grilling Food", 
    "hudson new york recipes", 
    "Lamb", 
    "Mayonnaise", 
    "Summer Food"
  ], 
  "name": "Grilled Leg of Lamb with Herb Salt", 
  "proteinContent": "", 
  "saturatedFatContent": "", 
  "servings": "Servings: 8", 
  "sodiumContent": "", 
  "sugarContent": "", 
  "url": "http://www.bonappetit.com/recipe/grilled-leg-of-lamb-with-herb-salt"
}