{
  "calories": "", 
  "carbohydrateContent": "", 
  "cholesterolContent": "", 
  "fatContent": "", 
  "fiberContent": "", 
  "image": "http://www.bonappetit.com/wp-content/uploads/2009/03/ttss_frittata_with_bacon_fresh_ricotta_and_greens_h.jpg", 
  "ingredients": {
    "": {
      "flour": "Safe", 
      "gluten": "no gluten here!", 
      "quantity": "", 
      "substitute": "no substitute needed", 
      "unit": ""
    }, 
    "(packed; 12 ounces) assorted coarsely chopped greens (such as kale, chard, and mustard greens)": {
      "flour": "Safe", 
      "gluten": "no gluten here!", 
      "quantity": "12", 
      "substitute": "no substitute needed", 
      "unit": "cups"
    }, 
    "applewood-smoked bacon, cut into 1/2- to 3/4-inch pieces": {
      "flour": "Safe", 
      "gluten": "no gluten here!", 
      "quantity": "12", 
      "substitute": "no substitute needed", 
      "unit": "ounces"
    }, 
    "fresh whole-milk ricotta cheese (about 1 3/4 cups)": {
      "flour": "Safe", 
      "gluten": "no gluten here!", 
      "quantity": "12", 
      "substitute": "no substitute needed", 
      "unit": "ounces"
    }, 
    "freshly grated parmesan cheese, divided": {
      "flour": "Safe", 
      "gluten": "no gluten here!", 
      "quantity": "1", 
      "substitute": "no substitute needed", 
      "unit": "cup"
    }, 
    "kosher salt": {
      "flour": "Safe", 
      "gluten": "no gluten here!", 
      "quantity": "1/2", 
      "substitute": "no substitute needed", 
      "unit": "teaspoon"
    }, 
    "large eggs": {
      "flour": "Safe", 
      "gluten": "no gluten here!", 
      "quantity": "12", 
      "substitute": "no substitute needed", 
      "unit": ""
    }, 
    "sliced shallots": {
      "flour": "Safe", 
      "gluten": "no gluten here!", 
      "quantity": "1", 
      "substitute": "no substitute needed", 
      "unit": "cup"
    }
  }, 
  "instructions": [
    "Preheat oven to 350\u00b0F. Cook bacon in 12-inch-diameter ovenproof nonstick skillet over medium-high heat until crisp. Using slotted spoon, transfer bacon to paper towels to drain. Pour bacon drippings into bowl; reserve. Return 2 tablespoons drippings to skillet. Add shallots and saut\u00e9 over medium heat until golden, about 4 minutes. Add half of greens and toss until beginning to wilt, about 1 minute. Add remaining greens and saut\u00e9 until wilted, tender, and dry, about 15 minutes. Transfer greens to plate; cool.", 
    "Rinse and dry skillet. Beat eggs and salt to blend in large bowl. Whisk in 3/4 cup Parmesan, then greens and half of bacon. Stir in ricotta, leaving some clumps. Heat 1 tablespoon reserved drippings in skillet over medium heat. Pour in egg mixture; spread greens evenly. Sprinkle remaining bacon and 1/4 cup Parmesan over eggs. Cook over medium heat until frittata is just set at edges, about 10 minutes. Transfer to oven and bake until just set, about 20 minutes. Cut around frittata to loosen; slide out onto platter. Let cool 30 minutes. Slice into wedges and serve."
  ], 
  "keywords": [
    "American Food", 
    "Bacon Recipes", 
    "Breakfast", 
    "Brunch", 
    "Cheese Recipes", 
    "Dinner Party Food", 
    "Egg Recipes", 
    "Italian Food", 
    "Kale Recipes", 
    "Leafy Green Recipes", 
    "Lunch", 
    "Pork Recipes", 
    "Ricotta Recipes", 
    "Spring Food"
  ], 
  "name": "Frittata with Bacon, Fresh Ricotta, and Greens", 
  "proteinContent": "", 
  "saturatedFatContent": "", 
  "servings": "Servings: 6", 
  "sodiumContent": "", 
  "sugarContent": "", 
  "url": "http://www.bonappetit.com/recipe/frittata-with-bacon-fresh-ricotta-and-greens"
}