{
  "calories": "", 
  "carbohydrateContent": "", 
  "cholesterolContent": "", 
  "fatContent": "", 
  "fiberContent": "", 
  "image": "http://www.bonappetit.com/wp-content/uploads/2003/01/mare_grilled_ham_cheese_and_salami_with_caper_relish_h.jpg", 
  "ingredients": {
    "butter, room temperature": {
      "flour": "Safe", 
      "gluten": "no gluten here!", 
      "quantity": "3", 
      "substitute": "no substitute needed", 
      "unit": "tablespoons"
    }, 
    "capers, chopped": {
      "flour": "Safe", 
      "gluten": "no gluten here!", 
      "quantity": "3", 
      "substitute": "no substitute needed", 
      "unit": "tablespoons"
    }, 
    "finely chopped pitted brine-cured green olives": {
      "flour": "Safe", 
      "gluten": "no gluten here!", 
      "quantity": "3", 
      "substitute": "no substitute needed", 
      "unit": "tablespoons"
    }, 
    "large shallot, minced": {
      "flour": "Safe", 
      "gluten": "no gluten here!", 
      "quantity": "1", 
      "substitute": "no substitute needed", 
      "unit": ""
    }, 
    "minced fresh oregano": {
      "flour": "Safe", 
      "gluten": "no gluten here!", 
      "quantity": "4", 
      "substitute": "no substitute needed", 
      "unit": "teaspoons"
    }, 
    "minced peperoncini": {
      "flour": "Safe", 
      "gluten": "no gluten here!", 
      "quantity": "3", 
      "substitute": "no substitute needed", 
      "unit": "tablespoons"
    }, 
    "olive oil": {
      "flour": "Safe", 
      "gluten": "no gluten here!", 
      "quantity": "1/2", 
      "substitute": "no substitute needed", 
      "unit": "cup"
    }, 
    "rectangular 10x7x1 1/2-inch bread loaf (such as ciabatta)": {
      "flour": "Safe", 
      "gluten": "gluten here!", 
      "quantity": "1", 
      "substitute": "gluten-free bread", 
      "unit": ""
    }, 
    "sliced black forest ham": {
      "flour": "Safe", 
      "gluten": "no gluten here!", 
      "quantity": "4", 
      "substitute": "no substitute needed", 
      "unit": "ounces"
    }, 
    "sliced italian genoa salami": {
      "flour": "Safe", 
      "gluten": "no gluten here!", 
      "quantity": "4", 
      "substitute": "no substitute needed", 
      "unit": "ounces"
    }, 
    "sliced provolone cheese": {
      "flour": "Safe", 
      "gluten": "no gluten here!", 
      "quantity": "3", 
      "substitute": "no substitute needed", 
      "unit": "ounces"
    }, 
    "teleme or fontina cheese, grated (about 1 cup)": {
      "flour": "Safe", 
      "gluten": "no gluten here!", 
      "quantity": "3", 
      "substitute": "no substitute needed", 
      "unit": "ounces"
    }, 
    "thinly sliced iceberg lettuce": {
      "flour": "Safe", 
      "gluten": "no gluten here!", 
      "quantity": "1", 
      "substitute": "no substitute needed", 
      "unit": "cup"
    }, 
    "white wine vinegar": {
      "flour": "Safe", 
      "gluten": "no gluten here!", 
      "quantity": "3", 
      "substitute": "no substitute needed", 
      "unit": "tablespoons"
    }
  }, 
  "instructions": [
    "Whisk first 4 ingredients in small bowl; season dressing with salt and pepper.", 
    "Cut top crust (about 1/3 inch) off bread and discard. Cut bread horizontally in half. Arrange provolone cheese on cut side of bottom half, covering completely. Top with layer of salami, then ham. Mix olives, capers, and peperoncini in small bowl; spread relish over ham. Press top half of bread, cut side down, atop relish; spread with 1 1/2 tablespoons butter.", 
    "Heat heavy large skillet over medium heat 3 minutes. Place sandwich, buttered side down, in skillet. Using another skillet, press sandwich to compact slightly. Cook until golden, about 5 minutes. Spread top of sandwich with remaining 1 1/2 tablespoons butter. Using large spatula, turn sandwich over. Press again with second skillet. Cook until bottom is golden and cheese melts, about 5 minutes.", 
    "Transfer sandwich to work surface. Lift off bread top; sprinkle with Teleme cheese, lettuce, and dressing. Press bread top onto sandwich and cut into quarters."
  ], 
  "keywords": [
    "American Food", 
    "Bread Recipes", 
    "Capers", 
    "Cheese Recipes", 
    "Condiments", 
    "Grilling Food", 
    "Ham Recipes", 
    "Italian Food", 
    "Lunch", 
    "Main Course", 
    "Meat Recipes", 
    "Olives", 
    "Pepper Recipes", 
    "Pork Recipes", 
    "Sandwich Recipes"
  ], 
  "name": "Grilled Ham, Cheese, and Salami with Caper Relish", 
  "proteinContent": "", 
  "saturatedFatContent": "", 
  "servings": "Servings: 4", 
  "sodiumContent": "", 
  "sugarContent": "", 
  "url": "http://www.bonappetit.com/recipe/grilled-ham-cheese-and-salami-with-caper-relish"
}