{
  "calories": "Calories (kcal) 280", 
  "carbohydrateContent": "Carbohydrates (g) 7", 
  "cholesterolContent": "Cholesterol (mg) 5", 
  "fatContent": "Fat (g) 28", 
  "fiberContent": "Dietary Fiber (g) 4", 
  "image": "http://www.bonappetit.com/wp-content/uploads/2013/10/escarole-and-seared-radicchio-salad-with-pecan-vinaigrette-940x600.jpg", 
  "ingredients": {
    "citrus vinaigrette (click for recipe)": {
      "flour": "Safe", 
      "gluten": "no gluten here!", 
      "quantity": "\u00bd", 
      "substitute": "no substitute needed", 
      "unit": "cup"
    }, 
    "head escarole, torn into large pieces (about 10 cups)": {
      "flour": "Safe", 
      "gluten": "no gluten here!", 
      "quantity": "1", 
      "substitute": "no substitute needed", 
      "unit": ""
    }, 
    "heads treviso or other radicchio, each cut into 8 wedges with some core attached": {
      "flour": "Safe", 
      "gluten": "no gluten here!", 
      "quantity": "2", 
      "substitute": "no substitute needed", 
      "unit": ""
    }, 
    "kosher salt and freshly ground black pepper": {
      "flour": "Safe", 
      "gluten": "no gluten here!", 
      "quantity": "", 
      "substitute": "no substitute needed", 
      "unit": ""
    }, 
    "oz. ricotta salata (salted dry ricotta) or feta, crumbled (about 1/2 cup)": {
      "flour": "Safe", 
      "gluten": "no gluten here!", 
      "quantity": "2", 
      "substitute": "no substitute needed", 
      "unit": ""
    }, 
    "pecans": {
      "flour": "Safe", 
      "gluten": "no gluten here!", 
      "quantity": "\u00be", 
      "substitute": "no substitute needed", 
      "unit": "cup"
    }, 
    "vegetable oil": {
      "flour": "Safe", 
      "gluten": "no gluten here!", 
      "quantity": "1", 
      "substitute": "no substitute needed", 
      "unit": "tablespoon"
    }
  }, 
  "instructions": [
    "Preheat oven to 350\u00b0. Spread out pecans on a rimmed baking sheet and toast, tossing once, until fragrant, 8\u201310 minutes; let cool. Pulse \u00bd cup pecans in a food processor until coarsely ground; whisk with Citrus Vinaigrette in a small bowl. Season with salt and pepper.", 
    "Heat oil in a large heavy skillet over high heat until it begins to shimmer. Season radicchio with salt and pepper. Add radicchio to skillet. Cook, turning until both cut sides are golden brown and wilted, 2\u20133 minutes. Transfer to a plate and let cool slightly.", 
    "Place escarole in a large bowl; drizzle with some of the dressing and toss to coat. Season with salt and pepper. Transfer to a serving platter and tuck radicchio wedges into salad. Spoon remaining dressing over. Top salad with cheese and remaining \u00bc cup pecans."
  ], 
  "keywords": [
    "Easy Recipes", 
    "Escarole Recipes", 
    "Fast Easy Fresh", 
    "High Fiber", 
    "Low Cholesterol Recipes", 
    "Pecan Recipes", 
    "Quick Recipes", 
    "Radicchio Recipes", 
    "Ricotta Recipes", 
    "Salad", 
    "Salad Recipes", 
    "Vegetarian Recipes"
  ], 
  "name": "Escarole and Seared Radicchio Salad with Pecan Vinaigrette", 
  "proteinContent": "Protein (g) 4", 
  "saturatedFatContent": "Saturated Fat (g) 4", 
  "servings": "Servings: 8", 
  "sodiumContent": "Sodium (mg) 200", 
  "sugarContent": "Total Sugars (g) 1", 
  "url": "http://www.bonappetit.com/recipe/escarole-and-seared-radicchio-salad-with-pecan-vinaigrette"
}