{
  "calories": "", 
  "carbohydrateContent": "", 
  "cholesterolContent": "", 
  "description": "In this indulgent cake, apples are caramelized before being baked in buttery batter. Why stop there? Salted caramel sauce lets guests indulge even further.", 
  "fatContent": "", 
  "fiberContent": "", 
  "image": "http://www.bonappetit.com/wp-content/uploads/2013/09/gateau-breton-aux-pommes.jpg", 
  "ingredients": {
    "(1\u00bd sticks) unsalted butter, melted, slightly cooled, divided, plus more, room temperature, for pan": {
      "flour": "Safe", 
      "gluten": "no gluten here!", 
      "quantity": "12", 
      "substitute": "no substitute needed", 
      "unit": "tablespoons"
    }, 
    "all-purpose flour plus more for pan": {
      "flour": {
        "type": {
          "binder": {
            "type": "xanthum gum", 
            "weight": 0.5
          }, 
          "density": {
            "type": "brown rice flour", 
            "weight": 0.142
          }, 
          "fat": {
            "type": "almond flour", 
            "weight": 0.142
          }, 
          "leavener": "", 
          "lightness": {
            "type": "white rice flour", 
            "weight": 0.284
          }, 
          "protein": {
            "type": "sorghum flour", 
            "weight": 0.142
          }, 
          "starch": {
            "type": "potato starch", 
            "weight": 0.284
          }, 
          "stickiness": "", 
          "texture": ""
        }, 
        "weight": 125
      }, 
      "gluten": "gluten here!", 
      "quantity": "1\u00bc", 
      "substitute": "flour ratio", 
      "unit": "cups"
    }, 
    "baking powder": {
      "flour": "Safe", 
      "gluten": "no gluten here!", 
      "quantity": "1", 
      "substitute": "no substitute needed", 
      "unit": "teaspoon"
    }, 
    "cr\u00e8me fra\u00eeche (for serving)": {
      "flour": "Safe", 
      "gluten": "no gluten here!", 
      "quantity": "", 
      "substitute": "no substitute needed", 
      "unit": ""
    }, 
    "finely grated lemon zest": {
      "flour": "Safe", 
      "gluten": "no gluten here!", 
      "quantity": "1", 
      "substitute": "no substitute needed", 
      "unit": "teaspoon"
    }, 
    "firm, tart apples (such as pink lady or braeburn; about 2 lb.), peeled, cored, sliced \u00bd&rdquo; thick": {
      "flour": "Safe", 
      "gluten": "no gluten here!", 
      "quantity": "4", 
      "substitute": "no substitute needed", 
      "unit": ""
    }, 
    "heavy cream": {
      "flour": "Safe", 
      "gluten": "no gluten here!", 
      "quantity": "\u00bd", 
      "substitute": "no substitute needed", 
      "unit": "cup"
    }, 
    "kosher salt": {
      "flour": "Safe", 
      "gluten": "no gluten here!", 
      "quantity": "\u00be", 
      "substitute": "no substitute needed", 
      "unit": "teaspoon"
    }, 
    "large eggs": {
      "flour": "Safe", 
      "gluten": "no gluten here!", 
      "quantity": "3", 
      "substitute": "no substitute needed", 
      "unit": ""
    }, 
    "plus 1 cup plus sugar, divided": {
      "flour": "Safe", 
      "gluten": "no gluten here!", 
      "quantity": "2", 
      "substitute": "no substitute needed", 
      "unit": "tablespoons"
    }, 
    "sugar": {
      "flour": "Safe", 
      "gluten": "no gluten here!", 
      "quantity": "\u00bd", 
      "substitute": "no substitute needed", 
      "unit": "cup"
    }, 
    "tbsp. unsalted butter": {
      "flour": "Safe", 
      "gluten": "no gluten here!", 
      "quantity": "3", 
      "substitute": "no substitute needed", 
      "unit": "tablespoon"
    }
  }, 
  "instructions": [
    "An 8\"-diameter cake pan", 
    "Bring sugar and \u00bc cup water to a boil in a small saucepan over medium-high heat, stirring to dissolve sugar. Boil, swirling pan occasionally and brushing down sides with a wet pastry brush, until mixture turns a deep amber color, 8\u201310 minutes. Remove from heat and slowly add cream (mixture will bubble vigorously). Return to medium heat and cook, stirring occasionally, until smooth, about 2 minutes. Remove from heat and mix in butter and salt. Pour caramel sauce into a small heatproof jar or bowl; let cool.", 
    "DO AHEAD:Caramel sauce can be made 5 days ahead. Cover and chill.", 
    "Place rack in middle of oven and preheat to 350\u00b0. Butter and flour cake pan; set aside.", 
    "Heat 2 Tbsp. melted butter in a large skillet over medium heat. Add apples, sprinkle with 2 Tbsp. sugar, and cook, tossing occasionally, until apples are golden brown, 10\u201312 minutes. Arrange half of the apples in the bottom of prepared cake pan so most of it is covered (a few gaps are okay).", 
    "Whisk baking powder, salt, lemon zest, 1\u00bc cups flour, and remaining 1 cup sugar in a large bowl. Whisk in eggs and remaining 10 Tbsp. melted butter until smooth.", 
    "Pour half of batter over apples in cake pan, top with remaining apples, then pour remaining batter over. Bake cake until top is golden and a tester inserted into the center comes out clean, 40\u201350 minutes. Transfer pan to a wire rack and let cake cool slightly; turn out onto rack and let cool.", 
    "Serve cake with caramel sauce and cr\u00e8me fra\u00eeche.", 
    "DO AHEAD:Cake can be baked 1 day ahead. Keep wrapped tightly at room temperature."
  ], 
  "keywords": [
    "Cake Recipes", 
    "Caramel", 
    "Creme Fraiche Recipes", 
    "Desserts", 
    "French Food", 
    "Lemon Recipes", 
    "mimi thorisson dinner recipes", 
    "trail_07282014"
  ], 
  "name": "G\u00e2teau Breton aux Pommes", 
  "proteinContent": "", 
  "saturatedFatContent": "", 
  "servings": "Servings: 8", 
  "sodiumContent": "", 
  "sugarContent": "", 
  "url": "http://www.bonappetit.com/recipe/gateau-breton-aux-pommes"
}