{
  "calories": "Calories (kcal) 119", 
  "carbohydrateContent": "Carbohydrates (g) 6", 
  "cholesterolContent": "Cholesterol (mg) 1", 
  "description": "Sick of salsa verde? Meet salsa roja.", 
  "fatContent": "Fat (g) 10", 
  "fiberContent": "Dietary Fiber (g) 2", 
  "image": "http://www.bonappetit.com/wp-content/uploads/2014/06/grilled-tomato-salsa-940x600.jpg", 
  "ingredients": {
    "finely chopped boquer\u00f3nes (marinated white anchovies) or oil-packed anchovies": {
      "flour": "Safe", 
      "gluten": "no gluten here!", 
      "quantity": "1", 
      "substitute": "no substitute needed", 
      "unit": "teaspoon"
    }, 
    "finely chopped rinsed capers": {
      "flour": "Safe", 
      "gluten": "no gluten here!", 
      "quantity": "1", 
      "substitute": "no substitute needed", 
      "unit": "teaspoon"
    }, 
    "finely grated lemon zest": {
      "flour": "Safe", 
      "gluten": "no gluten here!", 
      "quantity": "1", 
      "substitute": "no substitute needed", 
      "unit": "teaspoon"
    }, 
    "fresh basil leaves, torn": {
      "flour": "Safe", 
      "gluten": "no gluten here!", 
      "quantity": "4", 
      "substitute": "no substitute needed", 
      "unit": ""
    }, 
    "garlic clove, grated": {
      "flour": "Safe", 
      "gluten": "no gluten here!", 
      "quantity": "1", 
      "substitute": "no substitute needed", 
      "unit": ""
    }, 
    "grilled tomatoes (click for recipe)": {
      "flour": "Safe", 
      "gluten": "no gluten here!", 
      "quantity": "", 
      "substitute": "no substitute needed", 
      "unit": ""
    }, 
    "kosher salt and freshly ground black pepper": {
      "flour": "Safe", 
      "gluten": "no gluten here!", 
      "quantity": "", 
      "substitute": "no substitute needed", 
      "unit": ""
    }, 
    "olive oil": {
      "flour": "Safe", 
      "gluten": "no gluten here!", 
      "quantity": "1", 
      "substitute": "no substitute needed", 
      "unit": "tablespoon"
    }
  }, 
  "instructions": [
    "Coarsely chop grilled tomatoes. Toss with garlic, basil, oil, boquer\u00f3nes, capers, and lemon zest, breaking up tomatoes to release juices; season with salt and pepper."
  ], 
  "keywords": [
    "Anchovy", 
    "Basil Recipes", 
    "Capers", 
    "Condiments", 
    "Dip Recipes", 
    "grilled tomato arsenal recipes", 
    "Grilling Food", 
    "Salsa Recipes", 
    "Summer Food", 
    "Tomato Recipes"
  ], 
  "name": "Grilled Tomato Salsa", 
  "proteinContent": "Protein (g) 1", 
  "saturatedFatContent": "Saturated Fat (g) 1", 
  "servings": "Servings: Makes about 2 cups", 
  "sodiumContent": "Sodium (mg) 60", 
  "sugarContent": "Total Sugars (g) 4", 
  "url": "http://www.bonappetit.com/recipe/grilled-tomato-salsa"
}