{
  "calories": "", 
  "carbohydrateContent": "", 
  "cholesterolContent": "", 
  "fatContent": "", 
  "fiberContent": "", 
  "image": "http://www.bonappetit.com/wp-content/uploads/2009/01/grilled_corned_beef_and_fontina_sandwiches-646.jpg", 
  "ingredients": {
    "(1/2 stick) butter, divided": {
      "flour": "Safe", 
      "gluten": "no gluten here!", 
      "quantity": "4", 
      "substitute": "no substitute needed", 
      "unit": "tablespoons"
    }, 
    "dijon mustard": {
      "flour": "Safe", 
      "gluten": "no gluten here!", 
      "quantity": "", 
      "substitute": "no substitute needed", 
      "unit": ""
    }, 
    "slices jewish-style rye bread, divided": {
      "flour": "Safe", 
      "gluten": "gluten here!", 
      "quantity": "8", 
      "substitute": "gluten-free bread", 
      "unit": ""
    }, 
    "sweet onion (such as maui or vidalia), thinly sliced": {
      "flour": "Safe", 
      "gluten": "no gluten here!", 
      "quantity": "1/2", 
      "substitute": "no substitute needed", 
      "unit": ""
    }, 
    "thinly sliced corned beef reserved from homemade irish corned beef and vegetables": {
      "flour": "Safe", 
      "gluten": "no gluten here!", 
      "quantity": "1", 
      "substitute": "no substitute needed", 
      "unit": "pound"
    }, 
    "thinly sliced fontina cheese": {
      "flour": "Safe", 
      "gluten": "no gluten here!", 
      "quantity": "8", 
      "substitute": "no substitute needed", 
      "unit": "ounces"
    }
  }, 
  "instructions": [
    "Place 4 bread slices on work surface. Spread mustard on 1 side of each. Divide corned beef among bread slices. Top with cheese and onion. Cover with remaining 4 bread slices, pressing slightly to adhere.", 
    "Melt 2 tablespoons butter in each of 2 large nonstick skillets over medium heat. Place 2 sandwiches in each skillet and cook until golden brown on bottom, pressing occasionally with spatula, about 3 minutes. Turn sandwiches over and cook until golden on bottom and cheese melts, about 3 minutes. Transfer sandwiches to plates, cut in half, and serve."
  ], 
  "keywords": [
    "Beef", 
    "Beef Recipes", 
    "Bread", 
    "Cheese", 
    "Corned Beef", 
    "Fontina", 
    "High Fiber", 
    "Irish", 
    "Irish Food", 
    "Lunch", 
    "Mustard", 
    "Onion", 
    "Poker/Game Night", 
    "Quick &amp; Easy", 
    "Saint Patricks Day Food", 
    "Sandwich", 
    "Sandwich Recipes", 
    "Sandwiches", 
    "Spring", 
    "St Patricks Day Food", 
    "St. Patricks Day", 
    "Winter"
  ], 
  "name": "Grilled Corned Beef and Fontina Sandwiches", 
  "proteinContent": "", 
  "saturatedFatContent": "", 
  "servings": "Servings: Makes 4", 
  "sodiumContent": "", 
  "sugarContent": "", 
  "url": "http://www.bonappetit.com/recipe/grilled-corned-beef-and-fontina-sandwiches"
}