{
  "calories": "", 
  "carbohydrateContent": "", 
  "cholesterolContent": "", 
  "fatContent": "", 
  "fiberContent": "", 
  "image": "http://www.bonappetit.com/wp-content/uploads/2011/07/grilled-panzanella-940.jpg", 
  "ingredients": {
    "12-ounce loaf rustic or sourdough bread, cut into 1/2'-thick slices": {
      "flour": "Safe", 
      "gluten": "gluten here!", 
      "quantity": "1", 
      "substitute": "gluten-free dough", 
      "unit": ""
    }, 
    "finely grated lemon zest": {
      "flour": "Safe", 
      "gluten": "no gluten here!", 
      "quantity": "2", 
      "substitute": "no substitute needed", 
      "unit": "teaspoons"
    }, 
    "fresh lemon juice": {
      "flour": "Safe", 
      "gluten": "no gluten here!", 
      "quantity": "2", 
      "substitute": "no substitute needed", 
      "unit": "tablespoons"
    }, 
    "garlic clove, halved": {
      "flour": "Safe", 
      "gluten": "no gluten here!", 
      "quantity": "1", 
      "substitute": "no substitute needed", 
      "unit": "pinch"
    }, 
    "kosher salt and freshly ground black pepper": {
      "flour": "Safe", 
      "gluten": "no gluten here!", 
      "quantity": "", 
      "substitute": "no substitute needed", 
      "unit": ""
    }, 
    "large shallot, thinly sliced": {
      "flour": "Safe", 
      "gluten": "no gluten here!", 
      "quantity": "1", 
      "substitute": "no substitute needed", 
      "unit": ""
    }, 
    "plus 2 tablespoons extra-virgin olive oil, divided": {
      "flour": "Safe", 
      "gluten": "no gluten here!", 
      "quantity": "2/3", 
      "substitute": "no substitute needed", 
      "unit": "cup"
    }, 
    "ripe tomatoes, assorted colors and sizes": {
      "flour": "Safe", 
      "gluten": "no gluten here!", 
      "quantity": "3", 
      "substitute": "no substitute needed", 
      "unit": "pounds"
    }, 
    "small fresno chile or red jalape\u00f1o, seeded, finely chopped": {
      "flour": "Safe", 
      "gluten": "no gluten here!", 
      "quantity": "1", 
      "substitute": "no substitute needed", 
      "unit": ""
    }, 
    "small to medium fresh basil leaves, divided": {
      "flour": "Safe", 
      "gluten": "no gluten here!", 
      "quantity": "1 1/2", 
      "substitute": "no substitute needed", 
      "unit": "cups"
    }
  }, 
  "instructions": [
    "Pur\u00e9e 3/4 cup basil leaves and 1/3 cup plus 2 tablespoons oil in a blender until smooth and only tiny flecks of basil remain. Set a fine-mesh strainer over a large bowl. Strain mixture into bowl, pressing on solids to extract as much oil as possible; discard solids in strainer. Add shallot, chile, lemon zest, and lemon juice to basil oil; whisk to blend. Season to taste with salt and pepper. DO AHEAD Dressing can be made 1 day ahead. Cover and chill. Return to room temperature and rewhisk before using.", 
    "Slice tomatoes into assorted wedges, rounds, and cubes; add to bowl with dressing. Toss to coat; let marinate at room temperature for 30 minutes.", 
    "Meanwhile, build a medium-hot fire in a charcoal grill, or preheat a gas grill to high. Brush bread with remaining 1/3 cup olive oil. Season with salt and pepper. Grill bread until charred in spots, about 2 minutes per side. Rub grilled bread with cut sides of garlic clove. Tear bread into 1\"-2\" pieces.", 
    "Add bread and remaining 3/4 cup basil leaves to bowl with tomato mixture; toss to coat. Season panzanella to taste with salt and pepper and serve."
  ], 
  "keywords": [
    "Bread Recipes", 
    "Dinner", 
    "Grilling Food", 
    "Healthy Recipes", 
    "Tomato Recipes", 
    "Vegetable Recipes", 
    "Vegetarian Recipes"
  ], 
  "name": "Grilled Panzanella", 
  "proteinContent": "", 
  "saturatedFatContent": "", 
  "servings": "Servings: 8", 
  "sodiumContent": "", 
  "sugarContent": "", 
  "url": "http://www.bonappetit.com/recipe/grilled-panzanella"
}