{
  "calories": "", 
  "carbohydrateContent": "", 
  "cholesterolContent": "", 
  "fatContent": "", 
  "fiberContent": "", 
  "image": "http://www.bonappetit.com/wp-content/uploads/2007/08/grilled-pork-chops-with-tomatillo-salsa.jpg", 
  "ingredients": {
    "": {
      "flour": "Safe", 
      "gluten": "no gluten here!", 
      "quantity": "", 
      "substitute": "no substitute needed", 
      "unit": ""
    }, 
    "(lightly packed) chopped fresh cilantro": {
      "flour": "Safe", 
      "gluten": "no gluten here!", 
      "quantity": "2/3", 
      "substitute": "no substitute needed", 
      "unit": "cup"
    }, 
    "1 1/4-inch-thick pork rib chops (14 ounces each with bone)": {
      "flour": "Safe", 
      "gluten": "no gluten here!", 
      "quantity": "6", 
      "substitute": "no substitute needed", 
      "unit": ""
    }, 
    "coarse kosher salt": {
      "flour": "Safe", 
      "gluten": "no gluten here!", 
      "quantity": "", 
      "substitute": "no substitute needed", 
      "unit": ""
    }, 
    "corn or flour tortillas": {
      "flour": "Safe", 
      "gluten": "no gluten here!", 
      "quantity": "12", 
      "substitute": "no substitute needed", 
      "unit": ""
    }, 
    "extra-virgin olive oil (for brushing)": {
      "flour": "Safe", 
      "gluten": "no gluten here!", 
      "quantity": "", 
      "substitute": "no substitute needed", 
      "unit": ""
    }, 
    "finely chopped white onion": {
      "flour": "Safe", 
      "gluten": "no gluten here!", 
      "quantity": "2/3", 
      "substitute": "no substitute needed", 
      "unit": "cup"
    }, 
    "garlic clove, peeled, halved": {
      "flour": "Safe", 
      "gluten": "no gluten here!", 
      "quantity": "1", 
      "substitute": "no substitute needed", 
      "unit": ""
    }, 
    "garlic cloves, peeled": {
      "flour": "Safe", 
      "gluten": "no gluten here!", 
      "quantity": "4", 
      "substitute": "no substitute needed", 
      "unit": ""
    }, 
    "jalape\u00f1o chiles": {
      "flour": "Safe", 
      "gluten": "no gluten here!", 
      "quantity": "2", 
      "substitute": "no substitute needed", 
      "unit": ""
    }, 
    "tomatillos, husked, rinsed": {
      "flour": "Safe", 
      "gluten": "no gluten here!", 
      "quantity": "12", 
      "substitute": "no substitute needed", 
      "unit": ""
    }
  }, 
  "instructions": [
    "Preheat broiler. Place tomatillos, 4 whole garlic cloves, and jalape\u00f1os on rimmed baking sheet. Broil until tender and vegetables are slightly charred, turning occasionally, about 7 minutes for garlic and 8 minutes for tomatillos and jalape\u00f1os. Transfer to plate and let stand until cool enough to handle. Stem and seed jalape\u00f1os. Place tomatillos, garlic, jalape\u00f1os, onion, and cilantro in processor. Puree until almost smooth. Season tomatillo salsa with salt and pepper. DO AHEAD  Salsa can be made 1 day ahead. Cover and chill. Return salsa to room temperature before serving.", 
    "Prepare barbecue (medium-high heat). Rub both sides of pork chops with halved garlic clove. Sprinkle with kosher salt and pepper; brush with oil. Grill until just cooked through, about 8 minutes per side. Transfer chops to plate; let rest 10 minutes. Grill tortillas until slightly charred, about 1 minute per side. Serve chops with tortillas and salsa."
  ], 
  "keywords": [
    "Barbecue", 
    "Barbecue Food", 
    "Dinner", 
    "Dinner Party Food", 
    "Fathers Day Food", 
    "Fourth Of July", 
    "Garlic Recipes", 
    "Grilled Pork Recipes", 
    "Grilling Food", 
    "High Fiber", 
    "Jalapeno Recipes", 
    "Meat Recipes", 
    "Pork Chop Recipes", 
    "Pork Recipes", 
    "Salsa Recipes", 
    "Sauce Recipes", 
    "Spanish Food", 
    "Summer Food", 
    "Tomatillo Recipes", 
    "Tortillas"
  ], 
  "name": "Grilled Pork Chops with Tomatillo Salsa", 
  "proteinContent": "", 
  "saturatedFatContent": "", 
  "servings": "Servings: 6", 
  "sodiumContent": "", 
  "sugarContent": "", 
  "url": "http://www.bonappetit.com/recipe/grilled-pork-chops-with-tomatillo-salsa"
}