{
  "calories": "", 
  "carbohydrateContent": "", 
  "cholesterolContent": "", 
  "description": "Use very ripe\u2014even overripe\u2014tomatoes; they\u2019ll give up even more juice.", 
  "fatContent": "", 
  "fiberContent": "", 
  "image": "http://www.bonappetit.com/wp-content/uploads/2014/07/grilled-bread-with-ricotta-and-tomatoes-940x600.jpg", 
  "ingredients": {
    "(loosely packed) coarsely chopped mixed tender herbs (such as basil, parsley, small dill sprigs, and/or chives)": {
      "flour": "Safe", 
      "gluten": "no gluten here!", 
      "quantity": "1", 
      "substitute": "no substitute needed", 
      "unit": "cup"
    }, 
    "assorted small tomatoes (such as cherry, sun gold, or green), halved, quartered if large": {
      "flour": "Safe", 
      "gluten": "no gluten here!", 
      "quantity": "\u00be", 
      "substitute": "no substitute needed", 
      "unit": "pound"
    }, 
    "freshly ground black pepper": {
      "flour": "Safe", 
      "gluten": "no gluten here!", 
      "quantity": "", 
      "substitute": "no substitute needed", 
      "unit": ""
    }, 
    "garlic clove": {
      "flour": "Safe", 
      "gluten": "no gluten here!", 
      "quantity": "1", 
      "substitute": "no substitute needed", 
      "unit": ""
    }, 
    "kosher salt": {
      "flour": "Safe", 
      "gluten": "no gluten here!", 
      "quantity": "", 
      "substitute": "no substitute needed", 
      "unit": ""
    }, 
    "olive oil, divided": {
      "flour": "Safe", 
      "gluten": "no gluten here!", 
      "quantity": "6", 
      "substitute": "no substitute needed", 
      "unit": "tablespoons"
    }, 
    "oz. whole-milk ricotta": {
      "flour": "Safe", 
      "gluten": "no gluten here!", 
      "quantity": "10", 
      "substitute": "no substitute needed", 
      "unit": ""
    }, 
    "red wine vinegar": {
      "flour": "Safe", 
      "gluten": "no gluten here!", 
      "quantity": "1", 
      "substitute": "no substitute needed", 
      "unit": "tablespoon"
    }, 
    "\u00be&rdquo;-thick country-style bread": {
      "flour": "Safe", 
      "gluten": "no gluten here!", 
      "quantity": "8", 
      "substitute": "no substitute needed", 
      "unit": "slices"
    }
  }, 
  "instructions": [
    "Finely chop garlic, sprinkle with a pinch of salt, then mash with the side of knife to a fine paste. Transfer to a medium bowl and whisk in vinegar and 2 Tbsp. oil. Add tomatoes; season with salt and pepper and toss to coat. Let sit, tossing occasionally, at least 15 minutes.", 
    "Meanwhile, prepare grill for medium-high heat. Brush both sides of bread with remaining 4 Tbsp. oil and grill until lightly charred, about 2 minutes per side.", 
    "Just before serving, toss herbs with tomato mixture. Spread ricotta on toast and top with tomato mixture; cut toast in half.", 
    "DO AHEAD:Tomato mixture (without herbs) can be made 12 hours ahead. Cover and chill."
  ], 
  "keywords": [
    "Appetizers", 
    "Basil", 
    "Bruschetta", 
    "Chive", 
    "Dill", 
    "Grilling Food", 
    "Herbs", 
    "hudson new york recipes", 
    "Parsley", 
    "Ricotta", 
    "Snack", 
    "Summer Food", 
    "Toast", 
    "Tomatoes"
  ], 
  "name": "Grilled Bread with Ricotta and Tomatoes", 
  "proteinContent": "", 
  "saturatedFatContent": "", 
  "servings": "Servings: 8", 
  "sodiumContent": "", 
  "sugarContent": "", 
  "url": "http://www.bonappetit.com/recipe/grilled-bread-with-ricotta-and-tomatoes"
}