{
  "calories": "", 
  "carbohydrateContent": "", 
  "cholesterolContent": "", 
  "description": "For this seasonal (and vegetarian) twist on carbonara, stir the yolk into your portion while the pasta is still steaming hot.", 
  "fatContent": "", 
  "fiberContent": "", 
  "image": "http://www.bonappetit.com/wp-content/uploads/2014/04/fettuccine-with-shiitakes-and-asparagus-940x600.jpg", 
  "ingredients": {
    "*raw egg is not recommended for infants, the elderly, pregnant women, people with weakened immune systems\u2026or people who don't like raw eggs.": {
      "flour": "Safe", 
      "gluten": "no gluten here!", 
      "quantity": "", 
      "substitute": "no substitute needed", 
      "unit": ""
    }, 
    "asparagus, trimmed, cut into 2&rdquo; pieces": {
      "flour": "Safe", 
      "gluten": "no gluten here!", 
      "quantity": "1", 
      "substitute": "no substitute needed", 
      "unit": "bunch"
    }, 
    "chopped fresh oregano": {
      "flour": "Safe", 
      "gluten": "no gluten here!", 
      "quantity": "1", 
      "substitute": "no substitute needed", 
      "unit": "teaspoon"
    }, 
    "chopped fresh thyme": {
      "flour": "Safe", 
      "gluten": "no gluten here!", 
      "quantity": "1", 
      "substitute": "no substitute needed", 
      "unit": "teaspoon"
    }, 
    "kosher salt and freshly ground black pepper": {
      "flour": "Safe", 
      "gluten": "no gluten here!", 
      "quantity": "", 
      "substitute": "no substitute needed", 
      "unit": ""
    }, 
    "large egg yolks*": {
      "flour": "Safe", 
      "gluten": "no gluten here!", 
      "quantity": "4", 
      "substitute": "no substitute needed", 
      "unit": ""
    }, 
    "olive oil, divided": {
      "flour": "Safe", 
      "gluten": "no gluten here!", 
      "quantity": "3", 
      "substitute": "no substitute needed", 
      "unit": "tablespoons"
    }, 
    "oz. dried or 1 lb. fresh fettuccine": {
      "flour": "Safe", 
      "gluten": "gluten here!", 
      "quantity": "12", 
      "substitute": "gluten-free pasta", 
      "unit": ""
    }, 
    "oz. parmesan, grated (about \u00be cup), plus more for serving": {
      "flour": "Safe", 
      "gluten": "no gluten here!", 
      "quantity": "3", 
      "substitute": "no substitute needed", 
      "unit": ""
    }, 
    "oz. shiitake mushrooms, stems removed, caps sliced": {
      "flour": "Safe", 
      "gluten": "no gluten here!", 
      "quantity": "8", 
      "substitute": "no substitute needed", 
      "unit": ""
    }, 
    "small shallot, finely chopped": {
      "flour": "Safe", 
      "gluten": "no gluten here!", 
      "quantity": "1", 
      "substitute": "no substitute needed", 
      "unit": ""
    }, 
    "unsalted butter": {
      "flour": "Safe", 
      "gluten": "no gluten here!", 
      "quantity": "2", 
      "substitute": "no substitute needed", 
      "unit": "tablespoons"
    }
  }, 
  "instructions": [
    "Heat 2 Tbsp. oil in a large skillet over medium-high heat. Add asparagus, season with salt and pepper, and cook, stirring occasionally, until just tender, about 4 minutes. Transfer to a plate.", 
    "Heat butter and remaining 1 Tbsp. oil in same skillet over medium-high heat. Add mushrooms, season with salt and pepper, and cook, tossing often, until tender, about 5 minutes. Add shallot and cook, tossing occasionally, until softened, about 2 minutes. Toss in oregano, thyme, and asparagus.", 
    "Meanwhile, cook pasta in a large pot of boiling salted water, stirring occasionally, until al dente. Drain, reserving 1 cup pasta cooking liquid.", 
    "Add pasta, \u00bd cup pasta cooking liquid, and 3 oz. Parmesan to skillet. Cook, tossing and adding more pasta cooking liquid as needed, until sauce coats pasta, about 2 minutes; season with salt and pepper.", 
    "Divide pasta among plates and top each with yolks and more Parmesan."
  ], 
  "keywords": [
    "Asparagus", 
    "beach plum inn recipes", 
    "Egg Recipes", 
    "Mushroom Recipes", 
    "Oregano Recipes", 
    "Parmesan Recipes", 
    "Pasta Recipes", 
    "Spring Food", 
    "Summer Food", 
    "Thyme Recipes"
  ], 
  "name": "Fettuccine with Shiitakes and Asparagus", 
  "proteinContent": "", 
  "saturatedFatContent": "", 
  "servings": "Servings: 4", 
  "sodiumContent": "", 
  "sugarContent": "", 
  "url": "http://www.bonappetit.com/recipe/fettuccine-with-shiitakes-and-asparagus"
}