{
  "calories": "", 
  "carbohydrateContent": "", 
  "cholesterolContent": "", 
  "fatContent": "", 
  "fiberContent": "", 
  "image": "http://www.bonappetit.com/wp-content/uploads/2013/04/horseradish-deviled-eggs-646.jpg", 
  "ingredients": {
    "champagne vinegar or white wine vinegar": {
      "flour": "Safe", 
      "gluten": "no gluten here!", 
      "quantity": "2", 
      "substitute": "no substitute needed", 
      "unit": "teaspoons"
    }, 
    "dijon mustard": {
      "flour": "Safe", 
      "gluten": "no gluten here!", 
      "quantity": "2", 
      "substitute": "no substitute needed", 
      "unit": "teaspoons"
    }, 
    "fine fresh breadcrumbs": {
      "flour": "Safe", 
      "gluten": "gluten here!", 
      "quantity": "1/4", 
      "substitute": "gluten-free breadcrumbs", 
      "unit": "cup"
    }, 
    "hard-boiled large eggs, peeled, halved lengthwise": {
      "flour": "Safe", 
      "gluten": "no gluten here!", 
      "quantity": "12", 
      "substitute": "no substitute needed", 
      "unit": ""
    }, 
    "kosher salt": {
      "flour": "Safe", 
      "gluten": "no gluten here!", 
      "quantity": "", 
      "substitute": "no substitute needed", 
      "unit": ""
    }, 
    "mayonnaise": {
      "flour": "Safe", 
      "gluten": "no gluten here!", 
      "quantity": "1/3", 
      "substitute": "no substitute needed", 
      "unit": "cup"
    }, 
    "prepared horseradish": {
      "flour": "Safe", 
      "gluten": "no gluten here!", 
      "quantity": "2", 
      "substitute": "no substitute needed", 
      "unit": "tablespoons"
    }
  }, 
  "instructions": [
    "Preheat broiler. Mash egg yolks with mayonnaise, horseradish, vinegar, and mustard in a medium bowl until smooth. Season with salt and spoon back into egg whites. Sprinkle breadcrumbs over.", 
    "Place eggs on a broiler-proof baking sheet and broil, watching closely to prevent burning, until breadcrumbs are toasted, about 3 minutes.", 
    "DO AHEAD: Deviled eggs can be filled (not sprinkled with breadcrumbs) up to 6 hours ahead. Cover and chill."
  ], 
  "keywords": [
    "Appetizers", 
    "Breadcrumbs", 
    "Egg Recipes", 
    "Low Saturated Fat Recipes", 
    "Low Sodium Recipes", 
    "Low-Calorie Recipes", 
    "Mayonnaise Recipes", 
    "Mustard Recipes", 
    "Rsvp"
  ], 
  "name": "Horseradish Deviled Eggs", 
  "proteinContent": "", 
  "saturatedFatContent": "", 
  "servings": "Servings: 24", 
  "sodiumContent": "", 
  "sugarContent": "", 
  "url": "http://www.bonappetit.com/recipe/horseradish-deviled-eggs"
}