{
  "calories": "Calories (kcal) 430.1", 
  "carbohydrateContent": "Carbohydrates (g) 50.4", 
  "cholesterolContent": "Cholesterol (mg) 109.2", 
  "fatContent": "Fat (g) 24.0", 
  "fiberContent": "Dietary Fiber (g) 0.5", 
  "image": "http://www.bonappetit.com/wp-content/uploads/2011/11/ginger-bread-cake-940x600.jpg", 
  "ingredients": {
    "(1 stick) unsalted butter, cut into 1/2' pieces": {
      "flour": "Safe", 
      "gluten": "no gluten here!", 
      "quantity": "1/2", 
      "substitute": "no substitute needed", 
      "unit": "cup"
    }, 
    "(packed) light brown sugar": {
      "flour": "Safe", 
      "gluten": "no gluten here!", 
      "quantity": "1/2", 
      "substitute": "no substitute needed", 
      "unit": "cup"
    }, 
    "all-purpose flour": {
      "flour": {
        "type": {
          "binder": {
            "type": "xanthum gum", 
            "weight": 0.5
          }, 
          "density": {
            "type": "brown rice flour", 
            "weight": 0.142
          }, 
          "fat": {
            "type": "almond flour", 
            "weight": 0.142
          }, 
          "leavener": "", 
          "lightness": {
            "type": "white rice flour", 
            "weight": 0.284
          }, 
          "protein": {
            "type": "sorghum flour", 
            "weight": 0.142
          }, 
          "starch": {
            "type": "potato starch", 
            "weight": 0.284
          }, 
          "stickiness": "", 
          "texture": ""
        }, 
        "weight": 125
      }, 
      "gluten": "gluten here!", 
      "quantity": "1 1/2", 
      "substitute": "flour ratio", 
      "unit": "cups"
    }, 
    "baking powder": {
      "flour": "Safe", 
      "gluten": "no gluten here!", 
      "quantity": "1/2", 
      "substitute": "no substitute needed", 
      "unit": "teaspoon"
    }, 
    "baking soda": {
      "flour": "Safe", 
      "gluten": "no gluten here!", 
      "quantity": "1/2", 
      "substitute": "no substitute needed", 
      "unit": "teaspoon"
    }, 
    "chilled heavy cream": {
      "flour": "Safe", 
      "gluten": "no gluten here!", 
      "quantity": "1", 
      "substitute": "no substitute needed", 
      "unit": "cup"
    }, 
    "finely grated lemon zest": {
      "flour": "Safe", 
      "gluten": "no gluten here!", 
      "quantity": "", 
      "substitute": "no substitute needed", 
      "unit": ""
    }, 
    "grated peeled ginger": {
      "flour": "Safe", 
      "gluten": "no gluten here!", 
      "quantity": "2", 
      "substitute": "no substitute needed", 
      "unit": "teaspoons"
    }, 
    "ground cinnamon": {
      "flour": "Safe", 
      "gluten": "no gluten here!", 
      "quantity": "3/4", 
      "substitute": "no substitute needed", 
      "unit": "teaspoon"
    }, 
    "ground ginger": {
      "flour": "Safe", 
      "gluten": "no gluten here!", 
      "quantity": "1", 
      "substitute": "no substitute needed", 
      "unit": "teaspoon"
    }, 
    "kosher salt": {
      "flour": "Safe", 
      "gluten": "no gluten here!", 
      "quantity": "3/4", 
      "substitute": "no substitute needed", 
      "unit": "teaspoon"
    }, 
    "large egg, beaten to blend": {
      "flour": "Safe", 
      "gluten": "no gluten here!", 
      "quantity": "1", 
      "substitute": "no substitute needed", 
      "unit": ""
    }, 
    "mild-flavored (light) molasses": {
      "flour": "Safe", 
      "gluten": "no gluten here!", 
      "quantity": "1/2", 
      "substitute": "no substitute needed", 
      "unit": "cup"
    }, 
    "nonstick vegetable oil spray": {
      "flour": "Safe", 
      "gluten": "no gluten here!", 
      "quantity": "", 
      "substitute": "no substitute needed", 
      "unit": ""
    }, 
    "powdered sugar": {
      "flour": "Safe", 
      "gluten": "no gluten here!", 
      "quantity": "1", 
      "substitute": "no substitute needed", 
      "unit": "tablespoon"
    }, 
    "store-bought lemon curd": {
      "flour": "Safe", 
      "gluten": "no gluten here!", 
      "quantity": "1/4", 
      "substitute": "no substitute needed", 
      "unit": "cup"
    }
  }, 
  "instructions": [
    "Preheat oven to 350\u00b0. Coat pan with nonstick spray. Line bottom with parchment paper; spray paper. Whisk flour and next 5 ingredients in a medium bowl. Place butter in a large bowl. Pour 1/2 cup boiling water over; whisk until melted. Whisk in sugar and next 3 ingredients. Add dry ingredients; whisk to blend. Transfer to prepared pan.", 
    "Bake until a tester inserted into center of cake comes out clean, about 25 minutes. Let cool in pan for 10 minutes. Invert onto a wire rack; let cool. Remove parchment.", 
    "Beat cream and sugar in a medium bowl until firm peaks form. Fold in curd, leaving swirls. Spread over cake. Garnish with zest."
  ], 
  "keywords": [
    "Cake Recipes", 
    "Christmas", 
    "December 2011 Recipes", 
    "Desserts", 
    "Fast Easy Fresh", 
    "Gingerbread", 
    "Quick Comfort", 
    "Recipes", 
    "Winter Food"
  ], 
  "name": "Gingerbread Cake", 
  "proteinContent": "Protein (g) 4.0", 
  "saturatedFatContent": "Saturated Fat (g) 14.8", 
  "servings": "Servings: 8", 
  "sodiumContent": "Sodium (mg) 300.2", 
  "sugarContent": "Total Sugars (g) 33.2", 
  "url": "http://www.bonappetit.com/recipe/gingerbread-cake"
}