{
  "calories": "", 
  "carbohydrateContent": "", 
  "cholesterolContent": "", 
  "description": "Slice into portions and freeze on a parchment-lined baking sheet the day of the party; serving dessert will be a cinch.", 
  "fatContent": "", 
  "fiberContent": "", 
  "image": "http://www.bonappetit.com/wp-content/uploads/2014/09/frozen-chocolate-mousse-with-cherry-sauce-940x600-1411157002.jpg", 
  "ingredients": {
    "a candy thermometer": {
      "flour": "Safe", 
      "gluten": "no gluten here!", 
      "quantity": "", 
      "substitute": "no substitute needed", 
      "unit": ""
    }, 
    "bittersweet or semisweet chocolate, melted, slightly cooled": {
      "flour": "Safe", 
      "gluten": "no gluten here!", 
      "quantity": "6", 
      "substitute": "no substitute needed", 
      "unit": "ounces"
    }, 
    "chilled heavy cream": {
      "flour": "Safe", 
      "gluten": "no gluten here!", 
      "quantity": "\u00be", 
      "substitute": "no substitute needed", 
      "unit": "cup"
    }, 
    "coarsely chopped unsalted, roasted pistachios": {
      "flour": "Safe", 
      "gluten": "no gluten here!", 
      "quantity": "\u2153", 
      "substitute": "no substitute needed", 
      "unit": "cup"
    }, 
    "cr\u00e8me fra\u00eeche": {
      "flour": "Safe", 
      "gluten": "no gluten here!", 
      "quantity": "\u00bd", 
      "substitute": "no substitute needed", 
      "unit": "cup"
    }, 
    "dried tart cherries": {
      "flour": "Safe", 
      "gluten": "no gluten here!", 
      "quantity": "1", 
      "substitute": "no substitute needed", 
      "unit": "cup"
    }, 
    "heavy cream": {
      "flour": "Safe", 
      "gluten": "no gluten here!", 
      "quantity": "1\u00bc", 
      "substitute": "no substitute needed", 
      "unit": "cups"
    }, 
    "kosher salt": {
      "flour": "Safe", 
      "gluten": "no gluten here!", 
      "quantity": "\u00bc", 
      "substitute": "no substitute needed", 
      "unit": "teaspoon"
    }, 
    "large egg yolks": {
      "flour": "Safe", 
      "gluten": "no gluten here!", 
      "quantity": "5", 
      "substitute": "no substitute needed", 
      "unit": ""
    }, 
    "light corn syrup": {
      "flour": "Safe", 
      "gluten": "no gluten here!", 
      "quantity": "\u00bc", 
      "substitute": "no substitute needed", 
      "unit": "cup"
    }, 
    "pinch of kosher salt": {
      "flour": "Safe", 
      "gluten": "no gluten here!", 
      "quantity": "", 
      "substitute": "no substitute needed", 
      "unit": ""
    }, 
    "pure cherry juice": {
      "flour": "Safe", 
      "gluten": "no gluten here!", 
      "quantity": "1", 
      "substitute": "no substitute needed", 
      "unit": "cup"
    }, 
    "sugar": {
      "flour": "Safe", 
      "gluten": "no gluten here!", 
      "quantity": "2", 
      "substitute": "no substitute needed", 
      "unit": "tablespoons"
    }, 
    "unflavored gelatin": {
      "flour": "Safe", 
      "gluten": "no gluten here!", 
      "quantity": "\u00bd", 
      "substitute": "no substitute needed", 
      "unit": "teaspoon"
    }, 
    "vanilla bean, split lengthwise": {
      "flour": "Safe", 
      "gluten": "no gluten here!", 
      "quantity": "\u00bd", 
      "substitute": "no substitute needed", 
      "unit": ""
    }
  }, 
  "instructions": [
    "Line an 8\u00bdx4\u00bd&rdquo; loaf pan with plastic wrap, leaving a generous overhang on all sides; smooth plastic to avoid lines in finished mousse. Place 1 Tbsp. water in a small bowl. Sprinkle gelatin over and let sit 5 minutes.", 
    "Using an electric mixer on high speed, beat egg yolks and salt in a large bowl until pale yellow and frothy, about 4 minutes.", 
    "Fit a small saucepan with thermometer and bring corn syrup, sugar, and \u00bc cup water to a boil. Cook until thermometer registers 238\u00b0. Remove from heat and add gelatin, stirring to dissolve. With mixer on medium-low, drizzle syrup into egg mixture. Mix in chocolate.", 
    "Using electric mixer with clean beaters, beat cream in a medium bowl to soft peaks. Mix one-third whipped cream into egg mixture. Fold in pistachios, then remaining whipped cream. Scrape mousse into prepared pan; cover tightly with plastic wrap. Freeze until solid, at least 5 hours.", 
    "DO AHEAD:Mousse can be frozen 4 days ahead. Keep frozen.", 
    "Combine cherries and 2 cups very hot water in a small bowl; let sit 10 minutes to soften.", 
    "Meanwhile, bring cherry juice, sugar, and \u00bd cup water to a boil in a small saucepan over medium-high heat. Reduce heat. Drain cherries and add to saucepan; simmer until sugar is dissolved and mixture is slightly thickened, 8\u201312 minutes. Let cool.", 
    "DO AHEAD:Cherry sauce can be made 3 days ahead. Cover and chill. Bring to room temperature before using.", 
    "Combine cream, cr\u00e8me fra\u00eeche, sugar, and salt in a medium bowl. Scrape in seeds from vanilla bean; discard pod. Beat to soft peaks.", 
    "Let mousse thaw 5\u201310 minutes, then unmold, unwrap, and slice with a hot knife. Serve with cherry sauce and topping.", 
    "DO AHEAD:Topping can be made 30 minutes ahead. Cover and chill."
  ], 
  "keywords": [
    "Cherries", 
    "Chocolate", 
    "Creme Fraiche", 
    "Desserts", 
    "Dinner Party Food", 
    "Frozen Desserts", 
    "grown up dinner party recipes", 
    "Heavy Cream", 
    "Pistachios", 
    "Vanilla"
  ], 
  "name": "Frozen Chocolate Mousse with Cherry Sauce", 
  "proteinContent": "", 
  "saturatedFatContent": "", 
  "servings": "Servings: 8", 
  "sodiumContent": "", 
  "sugarContent": "", 
  "url": "http://www.bonappetit.com/recipe/frozen-chocolate-mousse-with-cherry-sauce"
}