{
  "calories": "", 
  "carbohydrateContent": "", 
  "cholesterolContent": "", 
  "fatContent": "", 
  "fiberContent": "", 
  "image": "http://www.bonappetit.com/wp-content/uploads/2013/01/grilled-pizza-with-harissa-and-herb-salad-646.jpg", 
  "ingredients": {
    "": {
      "flour": "Safe", 
      "gluten": "no gluten here!", 
      "quantity": "", 
      "substitute": "no substitute needed", 
      "unit": ""
    }, 
    "(or more) all purpose flour, divided": {
      "flour": {
        "type": {
          "binder": {
            "type": "xanthum gum", 
            "weight": 0.5
          }, 
          "density": {
            "type": "brown rice flour", 
            "weight": 0.142
          }, 
          "fat": {
            "type": "almond flour", 
            "weight": 0.142
          }, 
          "leavener": "", 
          "lightness": {
            "type": "white rice flour", 
            "weight": 0.284
          }, 
          "protein": {
            "type": "sorghum flour", 
            "weight": 0.142
          }, 
          "starch": {
            "type": "potato starch", 
            "weight": 0.284
          }, 
          "stickiness": "", 
          "texture": ""
        }, 
        "weight": 125
      }, 
      "gluten": "gluten here!", 
      "quantity": "3", 
      "substitute": "flour ratio", 
      "unit": "cups"
    }, 
    "(packed) coarsely grated gruy\u00e8re cheese, divided": {
      "flour": "Safe", 
      "gluten": "no gluten here!", 
      "quantity": "1 1/2", 
      "substitute": "no substitute needed", 
      "unit": "cups"
    }, 
    "coarse kosher salt": {
      "flour": "Safe", 
      "gluten": "no gluten here!", 
      "quantity": "2 1/2", 
      "substitute": "no substitute needed", 
      "unit": "teaspoons"
    }, 
    "coarsely chopped assorted fresh herbs (such as chives, chervil, tarragon, and dill)": {
      "flour": "Safe", 
      "gluten": "no gluten here!", 
      "quantity": "1/2", 
      "substitute": "no substitute needed", 
      "unit": "cup"
    }, 
    "envelope (1/4 ounce) active dry yeast": {
      "flour": "Safe", 
      "gluten": "no gluten here!", 
      "quantity": "1", 
      "substitute": "no substitute needed", 
      "unit": ""
    }, 
    "extra-virgin olive oil": {
      "flour": "Safe", 
      "gluten": "no gluten here!", 
      "quantity": "1", 
      "substitute": "no substitute needed", 
      "unit": "tablespoon"
    }, 
    "extra-virgin olive oil plus additional for brushing": {
      "flour": "Safe", 
      "gluten": "no gluten here!", 
      "quantity": "1", 
      "substitute": "no substitute needed", 
      "unit": "tablespoon"
    }, 
    "fresh basil leaves, coarsely torn": {
      "flour": "Safe", 
      "gluten": "no gluten here!", 
      "quantity": "1", 
      "substitute": "no substitute needed", 
      "unit": "cup"
    }, 
    "fresh italian parsley leaves": {
      "flour": "Safe", 
      "gluten": "no gluten here!", 
      "quantity": "1", 
      "substitute": "no substitute needed", 
      "unit": "cup"
    }, 
    "freshly grated parmesan cheese, divided": {
      "flour": "Safe", 
      "gluten": "no gluten here!", 
      "quantity": "3/4", 
      "substitute": "no substitute needed", 
      "unit": "cup"
    }, 
    "harissa sauce*": {
      "flour": "Safe", 
      "gluten": "no gluten here!", 
      "quantity": "6", 
      "substitute": "no substitute needed", 
      "unit": "teaspoons"
    }, 
    "mixed baby greens": {
      "flour": "Safe", 
      "gluten": "no gluten here!", 
      "quantity": "4", 
      "substitute": "no substitute needed", 
      "unit": "cups"
    }, 
    "pine nuts, lightly toasted": {
      "flour": "Safe", 
      "gluten": "no gluten here!", 
      "quantity": "1/4", 
      "substitute": "no substitute needed", 
      "unit": "cup"
    }, 
    "sugar": {
      "flour": "Safe", 
      "gluten": "no gluten here!", 
      "quantity": "1/4", 
      "substitute": "no substitute needed", 
      "unit": "teaspoon"
    }, 
    "warm water (105\u00b0f to 115\u00b0f)": {
      "flour": "Safe", 
      "gluten": "no gluten here!", 
      "quantity": "1 1/4", 
      "substitute": "no substitute needed", 
      "unit": "cups"
    }, 
    "whole wheat flour": {
      "flour": {
        "type": {
          "binder": {
            "type": "xanthum gum", 
            "weight": 1
          }, 
          "density": {
            "type": "buckwheat flour", 
            "weight": 0.25
          }, 
          "fat": {
            "type": "walnut flour", 
            "weight": 0.125
          }, 
          "leavener": "", 
          "lightness": {
            "type": "oat flour", 
            "weight": 0.125
          }, 
          "protein": {
            "type": "sorghum flour", 
            "weight": 0.25
          }, 
          "starch": {
            "type": "potato starch", 
            "weight": 0.25
          }, 
          "stickiness": "", 
          "texture": ""
        }, 
        "weight": 120
      }, 
      "gluten": "gluten here!", 
      "quantity": "1/4", 
      "substitute": "flour ratio", 
      "unit": "cup"
    }
  }, 
  "instructions": [
    "Mix 1 1/4 cups warm water and sugar in large bowl; sprinkle yeast over. Let stand until yeast dissolves and mixture looks spongey, about 10 minutes. Whisk in 1 cup all purpose flour; let stand in warm draft-free area until mixture is bubbling, about 35 minutes.", 
    "Stir whole wheat flour, 1 tablespoon olive oil, and coarse salt into yeast mixture, then stir in 2 cups all purpose flour. Knead dough in bowl until almost smooth and beginning to pull away from sides of bowl, adding more all purpose flour by tablespoonfuls if dough is very sticky. Turn dough out onto lightly floured surface and knead until smooth and elastic, about 7 minutes. Form dough into ball. Place dough ball in oiled large bowl; turn dough to coat with oil. Cover with plastic wrap and let dough rise in warm draft-free area until doubled in volume, about 1 1/2 hours.", 
    "Punch down dough; divide into 6 equal pieces. Roll each dough piece on floured surface into ball. Cover dough balls loosely with plastic wrap and let rest 30 minutes.", 
    "Prepare barbecue (medium-high heat). Sprinkle 2 large baking sheets with flour. Roll out each dough ball on lightly floured work surface to 7- to 7 1/2-inch round, letting dough rest briefly if springing back. Transfer to floured baking sheets. Brush tops lightly with olive oil. Working in batches, grill dough rounds, oiled side up, until bottoms are firm and grill marks appear, watching to avoid burning, about 3 minutes. Turn crusts over, grilling until dough is set, about 2 minutes. Transfer crusts, grill-marked side up, to baking sheets. DO AHEAD  Can be made 8 hours ahead. Let stand at room temperature.", 
    "Prepare barbecue (medium heat). Spread 1 teaspoon harissa very thinly over top of each pizza crust. Sprinkle each with 1/4 cup Gruy\u00e9re and 2 tablespoons Parmesan cheese. Return pizzas to grill; cover and grill just until cheese melts, about 4 minutes.", 
    "Combine baby greens, parsley leaves, basil leaves, chopped assorted fresh herbs, and olive oil in medium bowl; toss to coat thoroughly with oil.", 
    "Place pizzas on platter. Divide salad among crusts; sprinkle with pine nuts."
  ], 
  "keywords": [
    "Appetizers", 
    "Barbecue", 
    "Barbecue Food", 
    "Cheese Recipes", 
    "Dinner", 
    "Dinner Party Food", 
    "Grilling Food", 
    "Herb Recipes", 
    "High Fiber", 
    "Italian Food", 
    "Lunch", 
    "Main Course", 
    "Middle Eastern Food", 
    "Nut Recipes", 
    "Parmesan Recipes", 
    "Pine Nut Recipes", 
    "Pizza", 
    "Pizza Recipes", 
    "Salad Recipes", 
    "Summer Food", 
    "Vegetarian Recipes"
  ], 
  "name": "Grilled Pizza with Harissa and Herb Salad", 
  "proteinContent": "", 
  "saturatedFatContent": "", 
  "servings": "Servings: Makes 6 individual pizzas", 
  "sodiumContent": "", 
  "sugarContent": "", 
  "url": "http://www.bonappetit.com/recipe/grilled-pizza-with-harissa-and-herb-salad"
}