{
  "calories": "", 
  "carbohydrateContent": "", 
  "cholesterolContent": "", 
  "description": "The traditional boozy glaze is punched up in this rendition with honey, molasses, and brassy red chiles", 
  "fatContent": "", 
  "fiberContent": "", 
  "image": "http://www.bonappetit.com/wp-content/uploads/2013/11/honey-and-rye-glazed-ham-940x600.jpg", 
  "ingredients": {
    "12\u201314-lb. cured smoked bone-in ham, skin removed if needed": {
      "flour": "Safe", 
      "gluten": "no gluten here!", 
      "quantity": "1", 
      "substitute": "no substitute needed", 
      "unit": ""
    }, 
    "coarsely ground black pepper": {
      "flour": "Safe", 
      "gluten": "no gluten here!", 
      "quantity": "\u00bd", 
      "substitute": "no substitute needed", 
      "unit": "teaspoon"
    }, 
    "crushed red pepper flakes": {
      "flour": "Safe", 
      "gluten": "no gluten here!", 
      "quantity": "1", 
      "substitute": "no substitute needed", 
      "unit": "teaspoon"
    }, 
    "honey": {
      "flour": "Safe", 
      "gluten": "no gluten here!", 
      "quantity": "\u00be", 
      "substitute": "no substitute needed", 
      "unit": "cup"
    }, 
    "mild-flavored (light) molasses": {
      "flour": "Safe", 
      "gluten": "no gluten here!", 
      "quantity": "\u00bc", 
      "substitute": "no substitute needed", 
      "unit": "cup"
    }, 
    "rye whiskey or bourbon or other whiskey": {
      "flour": "Safe", 
      "gluten": "no gluten here!", 
      "quantity": "1\u00bd", 
      "substitute": "no substitute needed", 
      "unit": "cups"
    }
  }, 
  "instructions": [
    "Preheat oven to 350\u00b0. Whisk rye whiskey, honey, molasses, red pepper flakes, and black pepper in a medium bowl.", 
    "Set ham on a rack in a large roasting pan and pour in 2 cups water. Score fat in a crosshatch pattern, cutting about \u00bd&rdquo; deep. Brush ham with rye whiskey mixture and roast, basting every 20 minutes with pan juices and tenting with foil if browning too quickly, until an instant-read thermometer inserted into thickest part of ham registers 135\u00b0, 1\u00bd\u20132 hours.", 
    "Transfer ham to a cutting board and let rest 10 minutes before slicing. Serve with pan juices."
  ], 
  "keywords": [
    "Christmas Food", 
    "Dinner", 
    "Fall Food", 
    "Ham Recipes", 
    "Holiday Food", 
    "Honey Recipes", 
    "Hot Pepper Recipes", 
    "Molasses Recipes", 
    "Pork Recipes", 
    "Rye Recipes", 
    "Whiskey Recipes", 
    "Winter Food"
  ], 
  "name": "Honey-and-Rye-Glazed Ham", 
  "proteinContent": "", 
  "saturatedFatContent": "", 
  "servings": "Servings: 16\u201320", 
  "sodiumContent": "", 
  "sugarContent": "", 
  "url": "http://www.bonappetit.com/recipe/honey-and-rye-glazed-ham"
}