{
  "calories": "Calories (kcal) 390", 
  "carbohydrateContent": "Carbohydrates (g) 4", 
  "cholesterolContent": "Cholesterol (mg) 100", 
  "description": "Grilling whole fish is not as tricky as it sounds. We tie ours with kitchen twine, which makes them easy to handle.", 
  "fatContent": "Fat (g) 24", 
  "fiberContent": "Dietary Fiber (g) 1", 
  "image": "http://www.bonappetit.com/wp-content/uploads/2013/08/grilled-branzino-with-cilantro-mint-relish.jpg", 
  "ingredients": {
    "cup finely chopped fresh cilantro": {
      "flour": "Safe", 
      "gluten": "no gluten here!", 
      "quantity": "\u00bd", 
      "substitute": "no substitute needed", 
      "unit": ""
    }, 
    "cup finely chopped fresh mint plus 4 sprigs for stuffing": {
      "flour": "Safe", 
      "gluten": "no gluten here!", 
      "quantity": "\u00bd", 
      "substitute": "no substitute needed", 
      "unit": ""
    }, 
    "cup fresh lime juice": {
      "flour": "Safe", 
      "gluten": "no gluten here!", 
      "quantity": "\u00bc", 
      "substitute": "no substitute needed", 
      "unit": ""
    }, 
    "cup plus 1 tbsp. vegetable oil": {
      "flour": "Safe", 
      "gluten": "no gluten here!", 
      "quantity": "\u2153", 
      "substitute": "no substitute needed", 
      "unit": ""
    }, 
    "kosher salt": {
      "flour": "Safe", 
      "gluten": "no gluten here!", 
      "quantity": "", 
      "substitute": "no substitute needed", 
      "unit": ""
    }, 
    "lime, thinly sliced": {
      "flour": "Safe", 
      "gluten": "no gluten here!", 
      "quantity": "1", 
      "substitute": "no substitute needed", 
      "unit": ""
    }, 
    "red chiles (such as fresno or serrano), with seeds, thinly sliced, divided": {
      "flour": "Safe", 
      "gluten": "no gluten here!", 
      "quantity": "2", 
      "substitute": "no substitute needed", 
      "unit": ""
    }, 
    "small white onion, finely chopped": {
      "flour": "Safe", 
      "gluten": "no gluten here!", 
      "quantity": "1/4", 
      "substitute": "no substitute needed", 
      "unit": ""
    }, 
    "tsp. grated peeled ginger": {
      "flour": "Safe", 
      "gluten": "no gluten here!", 
      "quantity": "1", 
      "substitute": "no substitute needed", 
      "unit": ""
    }, 
    "tsp. sugar": {
      "flour": "Safe", 
      "gluten": "no gluten here!", 
      "quantity": "1", 
      "substitute": "no substitute needed", 
      "unit": ""
    }, 
    "whole branzino or small red snapper, cleaned": {
      "flour": "Safe", 
      "gluten": "no gluten here!", 
      "quantity": "2", 
      "substitute": "no substitute needed", 
      "unit": ""
    }
  }, 
  "instructions": [
    "Prepare grill for medium-high heat. Mix onion, cilantro, lime juice, ginger, sugar, chopped mint, half of chiles, and \u2153 cup oil in a medium bowl; season with salt. Set relish aside.", 
    "Season inside of fish with salt. Stuff with mint sprigs, lime slices, and remaining chiles; tie with kitchen twine. Drizzle with remaining 1 Tbsp. oil; season with salt. Grill fish until skin is crisp and flesh is flaky and opaque down to the bone, about 5 minutes per side. (If a small knife slides easily through the thickest part of flesh, the fish is done.) Serve with relish.", 
    "DO AHEAD:Fish can be stuffed and tied and relish can be made 6 hours ahead. Cover separately and chill."
  ], 
  "keywords": [
    "Branzino", 
    "Chile", 
    "Cilantro", 
    "Dinner", 
    "Fish Recipes", 
    "Ginger Recipes", 
    "Hot Pepper Recipes", 
    "Lime Recipes", 
    "Mint Recipes", 
    "Ocean To Table Seafood Recipes", 
    "Summer Food"
  ], 
  "name": "Grilled Branzino with Cilantro-Mint Relish", 
  "proteinContent": "Protein (g) 41", 
  "saturatedFatContent": "Saturated Fat (g) 3.5", 
  "servings": "Servings: 4", 
  "sodiumContent": "Sodium (mg) 290", 
  "sugarContent": "Total Sugars (g) 2", 
  "url": "http://www.bonappetit.com/recipe/grilled-branzino-with-cilantro-mint-relish"
}