{
  "calories": "", 
  "carbohydrateContent": "", 
  "cholesterolContent": "", 
  "fatContent": "", 
  "fiberContent": "", 
  "image": "http://www.bonappetit.com/wp-content/uploads/2011/12/herb-chard-and-feta-soup1-940x600.jpg", 
  "ingredients": {
    "1 cup coarsely chopped flat-leaf parsley": {
      "flour": "Safe", 
      "gluten": "no gluten here!", 
      "quantity": "", 
      "substitute": "no substitute needed", 
      "unit": ""
    }, 
    "1 large onion, coarsely chopped": {
      "flour": "Safe", 
      "gluten": "no gluten here!", 
      "quantity": "", 
      "substitute": "no substitute needed", 
      "unit": ""
    }, 
    "1 pound swiss chard leaves (center ribs and stems removed) or spinach, coarsely chopped (about 10 cups)": {
      "flour": "Safe", 
      "gluten": "no gluten here!", 
      "quantity": "", 
      "substitute": "no substitute needed", 
      "unit": ""
    }, 
    "1 tablespoon dried mint": {
      "flour": "Safe", 
      "gluten": "no gluten here!", 
      "quantity": "", 
      "substitute": "no substitute needed", 
      "unit": ""
    }, 
    "1 tablespoon fresh lemon juice": {
      "flour": "Safe", 
      "gluten": "no gluten here!", 
      "quantity": "", 
      "substitute": "no substitute needed", 
      "unit": ""
    }, 
    "1 teaspoon freshly grated nutmeg": {
      "flour": "Safe", 
      "gluten": "no gluten here!", 
      "quantity": "", 
      "substitute": "no substitute needed", 
      "unit": ""
    }, 
    "1/2 cup coarsely chopped fresh cilantro": {
      "flour": "Safe", 
      "gluten": "no gluten here!", 
      "quantity": "", 
      "substitute": "no substitute needed", 
      "unit": ""
    }, 
    "1/2 cup mixed chopped herbs (such as parsley, cilantro, and mint), divided": {
      "flour": "Safe", 
      "gluten": "no gluten here!", 
      "quantity": "", 
      "substitute": "no substitute needed", 
      "unit": ""
    }, 
    "1/4 cup fresh mint leaves": {
      "flour": "Safe", 
      "gluten": "no gluten here!", 
      "quantity": "", 
      "substitute": "no substitute needed", 
      "unit": ""
    }, 
    "2 garlic cloves, crushed": {
      "flour": "Safe", 
      "gluten": "no gluten here!", 
      "quantity": "", 
      "substitute": "no substitute needed", 
      "unit": ""
    }, 
    "2 tablespoons olive oil": {
      "flour": "Safe", 
      "gluten": "no gluten here!", 
      "quantity": "", 
      "substitute": "no substitute needed", 
      "unit": ""
    }, 
    "3 1/2 cups vegetable broth": {
      "flour": "Safe", 
      "gluten": "no gluten here!", 
      "quantity": "", 
      "substitute": "no substitute needed", 
      "unit": ""
    }, 
    "4 ounces feta, crumbled, divided": {
      "flour": "Safe", 
      "gluten": "no gluten here!", 
      "quantity": "", 
      "substitute": "no substitute needed", 
      "unit": ""
    }, 
    "5 ounces plain greek-style yogurt (about 1/2 cup)": {
      "flour": "Safe", 
      "gluten": "no gluten here!", 
      "quantity": "", 
      "substitute": "no substitute needed", 
      "unit": ""
    }, 
    "fresh lemon juice (optional)": {
      "flour": "Safe", 
      "gluten": "no gluten here!", 
      "quantity": "", 
      "substitute": "no substitute needed", 
      "unit": ""
    }, 
    "kosher salt and freshly ground black pepper": {
      "flour": "Safe", 
      "gluten": "no gluten here!", 
      "quantity": "", 
      "substitute": "no substitute needed", 
      "unit": ""
    }, 
    "olive oil (optional)": {
      "flour": "Safe", 
      "gluten": "no gluten here!", 
      "quantity": "", 
      "substitute": "no substitute needed", 
      "unit": ""
    }
  }, 
  "instructions": [
    "Heat oil in a large saucepan over medium heat. Add onion and garlic and cook, stirring often, until translucent  and soft (do not brown), 7\u20138 minutes. Stir  in chard, broth, parsley, cilantro, fresh  and dried mint, and nutmeg. Bring to  a boil, reduce heat, and simmer, stirring occasionally, until chard is tender, about 10 minutes. Stir in lemon juice and season to taste with salt and pepper. Working in batches, pur\u00e9e soup in a blender until smooth. Return to pan. DO AHEAD: Can be made 8 hours ahead. Cover and chill. Rewarm soup before continuing.", 
    "Place 1/3 of yogurt in a medium bowl. Add 1/2 cup warm soup; whisk until smooth. Repeat process twice more, adding a total of 1 cup more soup. Whisk yogurt mixture into soup in saucepan. Stir 1/4 cup herbs and half of feta into soup. Season  to taste with salt, pepper, and lemon juice, if desired.", 
    "Ladle soup into bowls and garnish with remaining 1/4 cup herbs and 2 oz. feta. Drizzle with oil, if desired."
  ], 
  "keywords": [
    "Dinner", 
    "Healthy Recipes", 
    "Side", 
    "Soup", 
    "Soup Recipes", 
    "Swiss Chard", 
    "The New Veg", 
    "The New Veg Recipes", 
    "Vegetable Recipes", 
    "Winter Food"
  ], 
  "name": "Herb, Chard, and Feta Soup", 
  "proteinContent": "", 
  "saturatedFatContent": "", 
  "servings": "Servings: 4", 
  "sodiumContent": "", 
  "sugarContent": "", 
  "url": "http://www.bonappetit.com/recipe/herb-chard-and-feta-soup"
}