{
  "calories": "", 
  "carbohydrateContent": "", 
  "cholesterolContent": "", 
  "fatContent": "", 
  "fiberContent": "", 
  "image": "http://www.bonappetit.com/wp-content/uploads/2013/12/horseradish-cheddar-cheese-ball-940x600.jpg", 
  "ingredients": {
    "cream cheese, room temperature": {
      "flour": "Safe", 
      "gluten": "no gluten here!", 
      "quantity": "8", 
      "substitute": "no substitute needed", 
      "unit": "ounces"
    }, 
    "grated sharp cheddar (about 8 oz.)": {
      "flour": "Safe", 
      "gluten": "no gluten here!", 
      "quantity": "2", 
      "substitute": "no substitute needed", 
      "unit": "cups"
    }, 
    "kosher salt, freshly ground pepper": {
      "flour": "Safe", 
      "gluten": "no gluten here!", 
      "quantity": "", 
      "substitute": "no substitute needed", 
      "unit": ""
    }, 
    "pecans or walnuts": {
      "flour": "Safe", 
      "gluten": "no gluten here!", 
      "quantity": "1 1/2", 
      "substitute": "no substitute needed", 
      "unit": "cups"
    }, 
    "prepared horseradish": {
      "flour": "Safe", 
      "gluten": "no gluten here!", 
      "quantity": "2", 
      "substitute": "no substitute needed", 
      "unit": "tablespoons"
    }
  }, 
  "instructions": [
    "Process cheddar, cream cheese, and horseradish in a food processor until smooth; season with salt and pepper. Place cheese mixture on a piece of parchment paper or plastic wrap and use paper to shape into a ball; chill until firm, about 2 hours.", 
    "Meanwhile, preheat oven to 350\u00b0. Toast pecans on a rimmed baking sheet, tossing occasionally, until slightly darkened and fragrant, 6\u20138 minutes. Let cool; coarsely chop. Roll cheese ball in nuts. Let sit at room temperature 30 minutes before serving.", 
    "DO AHEAD:Cheese ball (without nuts) can be made 2 days ahead. Keep chilled. Nuts can be toasted 2 days ahead. Roll cheese ball in nuts 30 minutes before serving."
  ], 
  "keywords": [
    "Appetizers", 
    "Cheddar", 
    "cheese balls", 
    "Christmas Food", 
    "Cream Cheese Recipes", 
    "Dip Recipes", 
    "Horseradish Recipes", 
    "Party Food", 
    "Pecan Recipes", 
    "Walnut Recipes"
  ], 
  "name": "Horseradish-Cheddar Cheese Ball", 
  "proteinContent": "", 
  "saturatedFatContent": "", 
  "servings": "", 
  "sodiumContent": "", 
  "sugarContent": "", 
  "url": "http://www.bonappetit.com/recipe/horseradish-cheddar-cheese-ball"
}