{
  "calories": "", 
  "carbohydrateContent": "", 
  "cholesterolContent": "", 
  "fatContent": "", 
  "fiberContent": "", 
  "image": "http://www.bonappetit.com/wp-content/uploads/2012/04/green-beans-with-miso-butter-6461.jpg", 
  "ingredients": {
    "garlic clove, minced": {
      "flour": "Safe", 
      "gluten": "no gluten here!", 
      "quantity": "1", 
      "substitute": "no substitute needed", 
      "unit": ""
    }, 
    "kosher salt and freshly ground black pepper": {
      "flour": "Safe", 
      "gluten": "no gluten here!", 
      "quantity": "", 
      "substitute": "no substitute needed", 
      "unit": ""
    }, 
    "minced shallot": {
      "flour": "Safe", 
      "gluten": "no gluten here!", 
      "quantity": "2", 
      "substitute": "no substitute needed", 
      "unit": "teaspoons"
    }, 
    "miso": {
      "flour": "Safe", 
      "gluten": "no gluten here!", 
      "quantity": "2", 
      "substitute": "no substitute needed", 
      "unit": "teaspoons"
    }, 
    "plus 2 teaspoons room-temperature unsalted butter": {
      "flour": "Safe", 
      "gluten": "no gluten here!", 
      "quantity": "2", 
      "substitute": "no substitute needed", 
      "unit": "tablespoons"
    }, 
    "sake": {
      "flour": "Safe", 
      "gluten": "no gluten here!", 
      "quantity": "1/4", 
      "substitute": "no substitute needed", 
      "unit": "cup"
    }, 
    "sesame seeds (optional)": {
      "flour": "Safe", 
      "gluten": "no gluten here!", 
      "quantity": "", 
      "substitute": "no substitute needed", 
      "unit": ""
    }, 
    "trimmed green beans": {
      "flour": "Safe", 
      "gluten": "no gluten here!", 
      "quantity": "1/2", 
      "substitute": "no substitute needed", 
      "unit": "pound"
    }, 
    "vegetable broth (or water)": {
      "flour": "Safe", 
      "gluten": "no gluten here!", 
      "quantity": "1/4", 
      "substitute": "no substitute needed", 
      "unit": "cup"
    }, 
    "vegetable oil": {
      "flour": "Safe", 
      "gluten": "no gluten here!", 
      "quantity": "2", 
      "substitute": "no substitute needed", 
      "unit": "tablespoons"
    }
  }, 
  "instructions": [
    "Cook green beans in a large pot of boiling salted water until crisp-tender, 2\u20133 minutes; drain. Transfer to a bowl of ice water to cool; drain.", 
    "Whisk  butter with miso in a small bowl.", 
    "Heat vegetable oil in a large skillet over medium-high heat. Add beans; season with kosher salt and freshly ground black pepper. Toss to coat. Stir in shallot and garlic; cook for 1 minute. Add sake; cook until almost evaporated, 1\u20132 minutes. Add vegetable broth or water; cook until sauce thickens and reduces by half, about 1 minute.", 
    "Lower heat to medium; add miso butter and stir until a creamy sauce forms. Garnish with sesame seeds, if desired."
  ], 
  "keywords": [
    "Green Bean Recipes", 
    "Miso Recipes", 
    "Sides", 
    "The Challenge", 
    "Vegetarian Recipes"
  ], 
  "name": "Green Beans with Miso Butter", 
  "proteinContent": "", 
  "saturatedFatContent": "", 
  "servings": "Servings: 2", 
  "sodiumContent": "", 
  "sugarContent": "", 
  "url": "http://www.bonappetit.com/recipe/green-beans-with-miso-butter"
}