{
  "calories": "", 
  "carbohydrateContent": "", 
  "cholesterolContent": "", 
  "fatContent": "", 
  "fiberContent": "", 
  "image": "http://www.bonappetit.com/wp-content/uploads/2013/04/horseradish-salsa-verde-646.jpg", 
  "ingredients": {
    "(or more) white wine vinegar": {
      "flour": "Safe", 
      "gluten": "no gluten here!", 
      "quantity": "1", 
      "substitute": "no substitute needed", 
      "unit": "tablespoon"
    }, 
    "coarsely chopped flat-leaf parsley (about 1 bunch)": {
      "flour": "Safe", 
      "gluten": "no gluten here!", 
      "quantity": "1", 
      "substitute": "no substitute needed", 
      "unit": "cup"
    }, 
    "coarsely chopped fresh tarragon (about 1 bunch)": {
      "flour": "Safe", 
      "gluten": "no gluten here!", 
      "quantity": "1/3", 
      "substitute": "no substitute needed", 
      "unit": "cup"
    }, 
    "coarsely chopped fresh thyme leaves": {
      "flour": "Safe", 
      "gluten": "no gluten here!", 
      "quantity": "1", 
      "substitute": "no substitute needed", 
      "unit": "tablespoon"
    }, 
    "drained capers, coarsely chopped": {
      "flour": "Safe", 
      "gluten": "no gluten here!", 
      "quantity": "2", 
      "substitute": "no substitute needed", 
      "unit": "tablespoons"
    }, 
    "finely chopped garlic": {
      "flour": "Safe", 
      "gluten": "no gluten here!", 
      "quantity": "1/2", 
      "substitute": "no substitute needed", 
      "unit": "teaspoon"
    }, 
    "finely chopped shallot": {
      "flour": "Safe", 
      "gluten": "no gluten here!", 
      "quantity": "1", 
      "substitute": "no substitute needed", 
      "unit": "tablespoon"
    }, 
    "finely grated fresh horseradish or 3/4 cup prepared horseradish": {
      "flour": "Safe", 
      "gluten": "no gluten here!", 
      "quantity": "1/4", 
      "substitute": "no substitute needed", 
      "unit": "cup"
    }, 
    "freshly ground black pepper": {
      "flour": "Safe", 
      "gluten": "no gluten here!", 
      "quantity": "", 
      "substitute": "no substitute needed", 
      "unit": ""
    }, 
    "kosher salt plus more for seasoning": {
      "flour": "Safe", 
      "gluten": "no gluten here!", 
      "quantity": "1", 
      "substitute": "no substitute needed", 
      "unit": "teaspoon"
    }, 
    "olive oil": {
      "flour": "Safe", 
      "gluten": "no gluten here!", 
      "quantity": "1", 
      "substitute": "no substitute needed", 
      "unit": "cup"
    }
  }, 
  "instructions": [
    "Whisk first 9 ingredients and 1 tsp. salt in a medium bowl to blend. Season to taste with more salt, if desired, and pepper. DO AHEAD: Can be made 3 days ahead. Cover and chill. Return to room temperature and stir again before using."
  ], 
  "keywords": [
    "Condiments", 
    "Horseradish Recipes", 
    "Low Cholesterol Recipes", 
    "Low Saturated Fat Recipes", 
    "Low Sodium Recipes", 
    "Low-Calorie Recipes", 
    "Mexican Food", 
    "Rsvp", 
    "Salsa Recipes", 
    "Sauce Recipes", 
    "Spicy Food", 
    "Vegetarian Recipes"
  ], 
  "name": "Horseradish Salsa Verde", 
  "proteinContent": "", 
  "saturatedFatContent": "", 
  "servings": "Servings: Makes 2 cups", 
  "sodiumContent": "", 
  "sugarContent": "", 
  "url": "http://www.bonappetit.com/recipe/horseradish-salsa-verde"
}