{
  "calories": "", 
  "carbohydrateContent": "", 
  "cholesterolContent": "", 
  "description": "Our grilled version of panzanella boasts sweet-and-sour flavors and gets even better as it sits.", 
  "fatContent": "", 
  "fiberContent": "", 
  "image": "http://www.bonappetit.com/wp-content/uploads/2014/06/grilled-bread-salad-with-sweet-peppers-and-onions-940x600.jpg", 
  "ingredients": {
    "coarsely chopped fresh chives, plus more for serving": {
      "flour": "Safe", 
      "gluten": "no gluten here!", 
      "quantity": "2", 
      "substitute": "no substitute needed", 
      "unit": "tablespoons"
    }, 
    "kosher salt and freshly ground black pepper": {
      "flour": "Safe", 
      "gluten": "no gluten here!", 
      "quantity": "", 
      "substitute": "no substitute needed", 
      "unit": ""
    }, 
    "large red bell peppers, halved, ribs and seeds removed": {
      "flour": "Safe", 
      "gluten": "no gluten here!", 
      "quantity": "2", 
      "substitute": "no substitute needed", 
      "unit": ""
    }, 
    "olive oil, divided": {
      "flour": "Safe", 
      "gluten": "no gluten here!", 
      "quantity": "6", 
      "substitute": "no substitute needed", 
      "unit": "tablespoons"
    }, 
    "paprika, preferably smoked": {
      "flour": "Safe", 
      "gluten": "no gluten here!", 
      "quantity": "\u00bd", 
      "substitute": "no substitute needed", 
      "unit": "teaspoon"
    }, 
    "sherry vinegar or red wine vinegar": {
      "flour": "Safe", 
      "gluten": "no gluten here!", 
      "quantity": "3", 
      "substitute": "no substitute needed", 
      "unit": "tablespoons"
    }, 
    "small loaf country-style bread (about 6 oz.), crust removed, bread torn into large pieces": {
      "flour": "Safe", 
      "gluten": "no gluten here!", 
      "quantity": "\u00bc", 
      "substitute": "no substitute needed", 
      "unit": ""
    }, 
    "small red onions, peeled, quartered, with some root attached": {
      "flour": "Safe", 
      "gluten": "no gluten here!", 
      "quantity": "2", 
      "substitute": "no substitute needed", 
      "unit": ""
    }
  }, 
  "instructions": [
    "Prepare grill for medium-high heat. Toss bread with 2 Tbsp. oil in a medium bowl; season with salt and pepper. Toss bell peppers and onions with 2 Tbsp. oil; season with salt and pepper.", 
    "Grill bread, turning occasionally, until golden brown, 8\u201310 minutes. Transfer to a plate.", 
    "Grill vegetables, turning often, until very tender and charred in spots, 8\u201310 minutes for peppers and 10\u201312 minutes for onions; transfer to a cutting board.", 
    "Trim root end from onions and separate layers. Transfer to a large bowl, add vinegar and paprika, and toss to coat. Remove as much skin as possible from peppers; discard. Cut into 1\u00bd&rdquo; strips.", 
    "Add peppers, grilled bread, 2 Tbsp. chives, and remaining 2 Tbsp. oil to bowl with onions and toss to combine; season with salt, pepper, and more vinegar, if desired. Serve topped with more chives."
  ], 
  "keywords": [
    "Bell Pepper Recipes", 
    "Chive", 
    "grilled vegetable salad recipes", 
    "Grilling Food", 
    "panzanella recipes", 
    "Paprika Recipes", 
    "Salad Recipes", 
    "Summer Food", 
    "Summer Sides"
  ], 
  "name": "Grilled Bread Salad with Sweet Peppers and Onions", 
  "proteinContent": "", 
  "saturatedFatContent": "", 
  "servings": "Servings: 4", 
  "sodiumContent": "", 
  "sugarContent": "", 
  "url": "http://www.bonappetit.com/recipe/grilled-bread-salad-with-sweet-peppers-and-onions"
}