{
  "calories": "", 
  "carbohydrateContent": "", 
  "cholesterolContent": "", 
  "fatContent": "", 
  "fiberContent": "", 
  "image": "http://www.bonappetit.com/wp-content/uploads/2012/03/fettuccine-with-rabbit-artichokes-and-fava-beans1-940x600.jpg", 
  "ingredients": {
    "3-pound rabbit, cut into 8 pieces": {
      "flour": "Safe", 
      "gluten": "no gluten here!", 
      "quantity": "1", 
      "substitute": "no substitute needed", 
      "unit": ""
    }, 
    "chopped fresh tarragon, divided": {
      "flour": "Safe", 
      "gluten": "no gluten here!", 
      "quantity": "6", 
      "substitute": "no substitute needed", 
      "unit": "tablespoons"
    }, 
    "dried fettuccine": {
      "flour": "Safe", 
      "gluten": "gluten here!", 
      "quantity": "1", 
      "substitute": "gluten-free pasta", 
      "unit": "pound"
    }, 
    "dried porcini mushrooms": {
      "flour": "Safe", 
      "gluten": "no gluten here!", 
      "quantity": "1", 
      "substitute": "no substitute needed", 
      "unit": "ounce"
    }, 
    "dry white wine": {
      "flour": "Safe", 
      "gluten": "no gluten here!", 
      "quantity": "1", 
      "substitute": "no substitute needed", 
      "unit": "cup"
    }, 
    "frozen artichoke hearts, thawed": {
      "flour": "Safe", 
      "gluten": "no gluten here!", 
      "quantity": "1", 
      "substitute": "no substitute needed", 
      "unit": "pound"
    }, 
    "garlic cloves, sliced": {
      "flour": "Safe", 
      "gluten": "no gluten here!", 
      "quantity": "12", 
      "substitute": "no substitute needed", 
      "unit": ""
    }, 
    "grated parmesan, divided": {
      "flour": "Safe", 
      "gluten": "no gluten here!", 
      "quantity": "3/4", 
      "substitute": "no substitute needed", 
      "unit": "cup"
    }, 
    "kosher salt and freshly ground black pepper": {
      "flour": "Safe", 
      "gluten": "no gluten here!", 
      "quantity": "", 
      "substitute": "no substitute needed", 
      "unit": ""
    }, 
    "low-salt chicken broth": {
      "flour": "Safe", 
      "gluten": "no gluten here!", 
      "quantity": "5", 
      "substitute": "no substitute needed", 
      "unit": "cups"
    }, 
    "olive oil": {
      "flour": "Safe", 
      "gluten": "no gluten here!", 
      "quantity": "5", 
      "substitute": "no substitute needed", 
      "unit": "tablespoons"
    }, 
    "peeled cooked shelled (or frozen, thawed) fava beans": {
      "flour": "Safe", 
      "gluten": "no gluten here!", 
      "quantity": "1", 
      "substitute": "no substitute needed", 
      "unit": "cup"
    }, 
    "small carrots, finely chopped (about 3/4 cup)": {
      "flour": "Safe", 
      "gluten": "no gluten here!", 
      "quantity": "3", 
      "substitute": "no substitute needed", 
      "unit": ""
    }, 
    "sprigs thyme": {
      "flour": "Safe", 
      "gluten": "no gluten here!", 
      "quantity": "2", 
      "substitute": "no substitute needed", 
      "unit": ""
    }, 
    "tomato paste": {
      "flour": "Safe", 
      "gluten": "no gluten here!", 
      "quantity": "3", 
      "substitute": "no substitute needed", 
      "unit": "tablespoons"
    }
  }, 
  "instructions": [
    "Place mushrooms in a small bowl; add warm water to cover and let stand for 10 minutes to rehydrate. Drain mushrooms, reserving soaking liquid. Chop mushrooms and set aside.", 
    "Season rabbit with salt and pepper. Heat oil in a large pot over medium-high heat. Working in 2 batches, cook rabbit until brown, about 3 minutes per side. Transfer rabbit to paper towels.", 
    "Reduce heat to medium. Add carrots, garlic, and mushrooms; cook, stirring occasionally, until soft, about 8 minutes. Stir in tomato paste; cook for 2 minutes. Add wine and cook until wine has cooked off, about 1 minute. Add reserved mushroom soaking liquid, broth, 4 Tbsp. tarragon, and thyme sprigs. Return rabbit pieces to pot and bring liquid to a boil. Immediately reduce heat to medium-low and simmer, uncovered, until rabbit is very tender and liquid is reduced by half, 45\u201350 minutes.", 
    "Remove rabbit from cooking liquid; let cool slightly, then pull meat from the bones in large chunks.  Discard bones and return meat to pot.", 
    "Bring a large pot of salted water to a boil. Add pasta and cook, stirring occasionally, until al dente. Drain pasta and transfer to pot with rabbit. Add artichokes and fava beans. Return liquid to a simmer; season to taste with salt and pepper. Continue to cook pasta, tossing occasionally with tongs, until sauce begins to thicken and cling to pasta. Stir in remaining 2 Tbsp. tarragon and \u00bd cup Parmesan. Divide pasta among bowls and sprinkle remaining 1/4 cup Parmesan over, dividing evenly."
  ], 
  "keywords": [
    "Dinner", 
    "Easter Food", 
    "Entrees", 
    "Meat Recipes", 
    "Pasta Recipes", 
    "Rabbit Recipes"
  ], 
  "name": "Fettuccine with Rabbit, Artichokes, and Fava Beans", 
  "proteinContent": "", 
  "saturatedFatContent": "", 
  "servings": "", 
  "sodiumContent": "", 
  "sugarContent": "", 
  "url": "http://www.bonappetit.com/recipe/fettuccine-with-rabbit-artichokes-and-fava-beans"
}