{
  "calories": "", 
  "carbohydrateContent": "", 
  "cholesterolContent": "", 
  "fatContent": "", 
  "fiberContent": "", 
  "image": "http://www.bonappetit.com/wp-content/uploads/2013/09/escabeche-de-verduras.jpg", 
  "ingredients": {
    "apple cider vinegar": {
      "flour": "Safe", 
      "gluten": "no gluten here!", 
      "quantity": "1/2", 
      "substitute": "no substitute needed", 
      "unit": "cup"
    }, 
    "chipotle in adobo, thinly sliced": {
      "flour": "Safe", 
      "gluten": "no gluten here!", 
      "quantity": "1", 
      "substitute": "no substitute needed", 
      "unit": ""
    }, 
    "chopped hearty herbs (such as rosemary, thyme, and oregano)": {
      "flour": "Safe", 
      "gluten": "no gluten here!", 
      "quantity": "2", 
      "substitute": "no substitute needed", 
      "unit": "tablespoons"
    }, 
    "freshly ground black pepper": {
      "flour": "Safe", 
      "gluten": "no gluten here!", 
      "quantity": "", 
      "substitute": "no substitute needed", 
      "unit": ""
    }, 
    "garlic cloves, thinly sliced": {
      "flour": "Safe", 
      "gluten": "no gluten here!", 
      "quantity": "2", 
      "substitute": "no substitute needed", 
      "unit": ""
    }, 
    "green bell pepper, thinly sliced": {
      "flour": "Safe", 
      "gluten": "no gluten here!", 
      "quantity": "1/2", 
      "substitute": "no substitute needed", 
      "unit": ""
    }, 
    "kosher salt": {
      "flour": "Safe", 
      "gluten": "no gluten here!", 
      "quantity": "", 
      "substitute": "no substitute needed", 
      "unit": ""
    }, 
    "olive oil": {
      "flour": "Safe", 
      "gluten": "no gluten here!", 
      "quantity": "2", 
      "substitute": "no substitute needed", 
      "unit": "tablespoons"
    }, 
    "red bell pepper, thinly sliced": {
      "flour": "Safe", 
      "gluten": "no gluten here!", 
      "quantity": "1/2", 
      "substitute": "no substitute needed", 
      "unit": ""
    }, 
    "small carrots, thinly sliced on a diagonal": {
      "flour": "Safe", 
      "gluten": "no gluten here!", 
      "quantity": "2", 
      "substitute": "no substitute needed", 
      "unit": ""
    }, 
    "white onion, thinly sliced": {
      "flour": "Safe", 
      "gluten": "no gluten here!", 
      "quantity": "1/2", 
      "substitute": "no substitute needed", 
      "unit": ""
    }, 
    "yellow bell pepper, thinly sliced": {
      "flour": "Safe", 
      "gluten": "no gluten here!", 
      "quantity": "1/2", 
      "substitute": "no substitute needed", 
      "unit": ""
    }
  }, 
  "instructions": [
    "Cook carrots in a large pot of salted water until bright orange, about 2 minutes; drain and run under cold water until cool.", 
    "Heat oil in a large skillet over medium heat. Add garlic and cook, stirring, until golden brown, about 2 minutes. Add bell peppers, onion, and herbs and cook, stirring, until crisp-tender, about 5 minutes. Add carrots, chipotles, vinegar, and 1 1/4 cups water. Bring to a boil, reduce heat, and simmer until vegetables are soft, about 5 minutes. Season with salt; let cool.", 
    "DO AHEAD:Escabeche can be made 2 weeks. Let cool; cover and chill."
  ], 
  "keywords": [
    "Bell Pepper Recipes", 
    "Carrot Recipes", 
    "Chicken Recipes", 
    "Condiments", 
    "Latin Food", 
    "Oregano Recipes", 
    "Rosemary Recipes", 
    "Spicy Food", 
    "Thyme Recipes", 
    "Vegetarian Recipes"
  ], 
  "name": "Escabeche de Verduras", 
  "proteinContent": "", 
  "saturatedFatContent": "", 
  "servings": "Servings: Makes about 2 1/2 cups", 
  "sodiumContent": "", 
  "sugarContent": "", 
  "url": "http://www.bonappetit.com/recipe/escabeche-de-verduras"
}