{
  "calories": "", 
  "carbohydrateContent": "", 
  "cholesterolContent": "", 
  "fatContent": "", 
  "fiberContent": "", 
  "image": "http://www.bonappetit.com/wp-content/uploads/2008/12/mare_herb_crusted_rack_of_lamb_h.jpg", 
  "ingredients": {
    "": {
      "flour": "Safe", 
      "gluten": "no gluten here!", 
      "quantity": "", 
      "substitute": "no substitute needed", 
      "unit": ""
    }, 
    "1 1/2-pound rack of lamb, trimmed": {
      "flour": "Safe", 
      "gluten": "no gluten here!", 
      "quantity": "1", 
      "substitute": "no substitute needed", 
      "unit": ""
    }, 
    "chopped fresh basil": {
      "flour": "Safe", 
      "gluten": "no gluten here!", 
      "quantity": "1/2", 
      "substitute": "no substitute needed", 
      "unit": "cup"
    }, 
    "dijon mustard": {
      "flour": "Safe", 
      "gluten": "no gluten here!", 
      "quantity": "1 1/2", 
      "substitute": "no substitute needed", 
      "unit": "tablespoons"
    }, 
    "freshly grated pecorino romano cheese": {
      "flour": "Safe", 
      "gluten": "no gluten here!", 
      "quantity": "1/2", 
      "substitute": "no substitute needed", 
      "unit": "cup"
    }, 
    "herbes de provence*": {
      "flour": "Safe", 
      "gluten": "no gluten here!", 
      "quantity": "2", 
      "substitute": "no substitute needed", 
      "unit": "tablespoons"
    }, 
    "large garlic clove": {
      "flour": "Safe", 
      "gluten": "no gluten here!", 
      "quantity": "1", 
      "substitute": "no substitute needed", 
      "unit": ""
    }, 
    "olive oil": {
      "flour": "Safe", 
      "gluten": "no gluten here!", 
      "quantity": "2 1/2", 
      "substitute": "no substitute needed", 
      "unit": "tablespoons"
    }, 
    "plain dry breadcrumbs": {
      "flour": "Safe", 
      "gluten": "gluten here!", 
      "quantity": "1/3", 
      "substitute": "gluten-free breadcrumbs", 
      "unit": "cup"
    }
  }, 
  "instructions": [
    "Mince garlic in processor. Add next 5 ingredients. Using on/off turns, process just until basil is finely chopped. Drizzle oil over. Process until mixture is blended. DO AHEAD Can be made 4 hours ahead. Cover; chill.", 
    "Preheat oven to 425\u00b0F. Sprinkle lamb with salt and pepper. Arrange, bone side down, on small rimmed baking sheet. Press breadcrumb mixture onto lamb, coating completely. Roast until meat thermometer inserted into center of lamb registers 135\u00b0F for medium-rare, about 30 minutes. Let lamb rest 15 minutes.", 
    "Transfer lamb to cutting board. Cut between bones into individual or double chops. Divide between 2 plates; serve."
  ], 
  "keywords": [
    "American Food", 
    "Breadcrumbs", 
    "Cheese Recipes", 
    "Cooking For 2", 
    "Dinner", 
    "Dinner Party Food", 
    "Garlic Recipes", 
    "Herb Recipes", 
    "Lamb Recipes", 
    "Meat Recipes", 
    "Mustard Recipes", 
    "Valentines Day Food", 
    "Winter Food"
  ], 
  "name": "Herb-Crusted Rack of Lamb", 
  "proteinContent": "", 
  "saturatedFatContent": "", 
  "servings": "Servings: 2", 
  "sodiumContent": "", 
  "sugarContent": "", 
  "url": "http://www.bonappetit.com/recipe/herb-crusted-rack-of-lamb"
}