{
  "calories": "", 
  "carbohydrateContent": "", 
  "cholesterolContent": "", 
  "fatContent": "", 
  "fiberContent": "", 
  "image": "http://www.bonappetit.com/wp-content/uploads/2007/10/ginger-squash-cake-with-white-chocolate-frosting.jpg", 
  "ingredients": {
    "(packed) golden brown sugar": {
      "flour": "Safe", 
      "gluten": "no gluten here!", 
      "quantity": "3/4", 
      "substitute": "no substitute needed", 
      "unit": "cup"
    }, 
    "all purpose flour": {
      "flour": {
        "type": {
          "binder": {
            "type": "xanthum gum", 
            "weight": 0.5
          }, 
          "density": {
            "type": "brown rice flour", 
            "weight": 0.142
          }, 
          "fat": {
            "type": "almond flour", 
            "weight": 0.142
          }, 
          "leavener": "", 
          "lightness": {
            "type": "white rice flour", 
            "weight": 0.284
          }, 
          "protein": {
            "type": "sorghum flour", 
            "weight": 0.142
          }, 
          "starch": {
            "type": "potato starch", 
            "weight": 0.284
          }, 
          "stickiness": "", 
          "texture": ""
        }, 
        "weight": 125
      }, 
      "gluten": "gluten here!", 
      "quantity": "1", 
      "substitute": "flour ratio", 
      "unit": "cup"
    }, 
    "baking powder": {
      "flour": "Safe", 
      "gluten": "no gluten here!", 
      "quantity": "1", 
      "substitute": "no substitute needed", 
      "unit": "teaspoon"
    }, 
    "chopped toasted hazelnuts (about 4 ounces), divided": {
      "flour": "Safe", 
      "gluten": "no gluten here!", 
      "quantity": "3/4", 
      "substitute": "no substitute needed", 
      "unit": "cup"
    }, 
    "finely grated peeled fresh ginger": {
      "flour": "Safe", 
      "gluten": "no gluten here!", 
      "quantity": "2", 
      "substitute": "no substitute needed", 
      "unit": "tablespoons"
    }, 
    "finely shredded peeled butternut squash": {
      "flour": "Safe", 
      "gluten": "no gluten here!", 
      "quantity": "1", 
      "substitute": "no substitute needed", 
      "unit": "cup"
    }, 
    "ground allspice": {
      "flour": "Safe", 
      "gluten": "no gluten here!", 
      "quantity": "1/4", 
      "substitute": "no substitute needed", 
      "unit": "teaspoon"
    }, 
    "ground cinnamon": {
      "flour": "Safe", 
      "gluten": "no gluten here!", 
      "quantity": "1", 
      "substitute": "no substitute needed", 
      "unit": "teaspoon"
    }, 
    "ground ginger": {
      "flour": "Safe", 
      "gluten": "no gluten here!", 
      "quantity": "1/2", 
      "substitute": "no substitute needed", 
      "unit": "teaspoon"
    }, 
    "high-quality white chocolate (such as lindt or perugina)": {
      "flour": "Safe", 
      "gluten": "no gluten here!", 
      "quantity": "3", 
      "substitute": "no substitute needed", 
      "unit": "ounces"
    }, 
    "large egg": {
      "flour": "Safe", 
      "gluten": "no gluten here!", 
      "quantity": "1", 
      "substitute": "no substitute needed", 
      "unit": ""
    }, 
    "nonstick vegetable oil spray": {
      "flour": "Safe", 
      "gluten": "no gluten here!", 
      "quantity": "", 
      "substitute": "no substitute needed", 
      "unit": ""
    }, 
    "salt": {
      "flour": "Safe", 
      "gluten": "no gluten here!", 
      "quantity": "1/2", 
      "substitute": "no substitute needed", 
      "unit": "teaspoon"
    }, 
    "unsalted butter, melted": {
      "flour": "Safe", 
      "gluten": "no gluten here!", 
      "quantity": "1/3", 
      "substitute": "no substitute needed", 
      "unit": "cup"
    }, 
    "vanilla extract, divided": {
      "flour": "Safe", 
      "gluten": "no gluten here!", 
      "quantity": "1 1/4", 
      "substitute": "no substitute needed", 
      "unit": "teaspoons"
    }, 
    "whipping cream": {
      "flour": "Safe", 
      "gluten": "no gluten here!", 
      "quantity": "3", 
      "substitute": "no substitute needed", 
      "unit": "tablespoons"
    }
  }, 
  "instructions": [
    "Preheat oven to 350\u00b0F. Spray 9x9x2-inch metal baking pan with nonstick spray. Whisk flour and next 5 ingredients in medium bowl. Using electric mixer, beat squash, brown sugar, butter, egg, ginger, and 1 teaspoon vanilla in large bowl to blend. Fold in flour mixture and 1/2 cup hazelnuts. Transfer to pan, spreading to edges (layer will be thin). Bake cake until tester inserted into center comes out clean, about 30 minutes. Cool.", 
    "Bring cream just to boil in small saucepan over medium heat. Remove from heat. Add white chocolate and remaining 1/4 teaspoon vanilla; whisk until smooth. Let stand at room temperature until thick enough to spread, about 20 minutes. Spread over cake (layer will be thin). Sprinkle remaining 1/4 cup nuts over. DO AHEAD Can be made 1 day ahead. Let stand at room temperature. Cut into 16 squares and serve."
  ], 
  "keywords": [
    "Cake Recipes", 
    "Desserts", 
    "Do Ahead", 
    "Squash"
  ], 
  "name": "Ginger-Squash Cake with White Chocolate Frosting", 
  "proteinContent": "", 
  "saturatedFatContent": "", 
  "servings": "Servings: Makes 8", 
  "sodiumContent": "", 
  "sugarContent": "", 
  "url": "http://www.bonappetit.com/recipe/ginger-squash-cake-with-white-chocolate-frosting"
}