{
  "calories": "Calories (kcal) 140.9", 
  "carbohydrateContent": "Carbohydrates (g) 26.3", 
  "cholesterolContent": "Cholesterol (mg) 14.5", 
  "fatContent": "Fat (g) 3.6", 
  "fiberContent": "Dietary Fiber (g) 0.3", 
  "image": "http://www.bonappetit.com/wp-content/uploads/2011/12/grapefruit-creamsicle-940x600.jpg", 
  "ingredients": {
    "1  1/4 tcups sugar": {
      "flour": "Safe", 
      "gluten": "no gluten here!", 
      "quantity": "", 
      "substitute": "no substitute needed", 
      "unit": ""
    }, 
    "1 tquart store-bought vanilla ice cream, softened": {
      "flour": "Safe", 
      "gluten": "no gluten here!", 
      "quantity": "", 
      "substitute": "no substitute needed", 
      "unit": ""
    }, 
    "2thibiscus tea bags or 2 teaspoons dried hibiscus flowers": {
      "flour": "Safe", 
      "gluten": "no gluten here!", 
      "quantity": "", 
      "substitute": "no substitute needed", 
      "unit": ""
    }, 
    "finely grated grapefruit zest plus 1 1/2 cups fresh grapefruit juice": {
      "flour": "Safe", 
      "gluten": "no gluten here!", 
      "quantity": "1", 
      "substitute": "no substitute needed", 
      "unit": "tablespoon"
    }
  }, 
  "instructions": [
    "Scoop ice cream into an 8x4x2 1/2\" loaf pan; pack ice cream along one long side to fill half of pan. Cover and freeze until firm, at least 1 hour.", 
    "Meanwhile, bring sugar and 1 1/4 cups water to a boil in a small pot, stirring to dissolve sugar. Remove from heat; add tea bags and zest. Let steep for 10 minutes. Remove tea bags; discard. Stir in grapefruit juice. Cover and chill grapefruit mixture  until cold, about 1 hour.", 
    "Process grapefruit mixture in an ice cream maker according to manufacturer's instructions. Pour sorbet into empty side  of pan alongside ice cream. Cover and freeze until firm, about 2 hours.", 
    "To serve, spoon across ice cream and sorbet to form swirled scoops."
  ], 
  "keywords": [
    "Citrus", 
    "Citrus Supreme Recipes", 
    "Dessert", 
    "Grapefruit Recipes", 
    "Sorbet Recipes"
  ], 
  "name": "Grapefruit \u201dCreamsicle\u201d", 
  "proteinContent": "Protein (g) 1.2", 
  "saturatedFatContent": "Saturated Fat (g) 2.2", 
  "servings": "Servings: Makes 2 quarts", 
  "sodiumContent": "Sodium (mg) 26.6", 
  "sugarContent": "Total Sugars (g) 25.3", 
  "url": "http://www.bonappetit.com/recipe/grapefruit-creamsicle"
}