{
  "calories": "", 
  "carbohydrateContent": "", 
  "cholesterolContent": "", 
  "description": "While the restaurant makes its own mayonnaise and pickles, we used our favorite store-bought koshers and Hellmann's mayo\u2014and won raves.", 
  "fatContent": "", 
  "fiberContent": "", 
  "image": "http://www.bonappetit.com/wp-content/uploads/2012/12/fried-pickles-with-spicy-mayo-940x600.jpg", 
  "ingredients": {
    "(or more) seltzer water or club soda": {
      "flour": "Safe", 
      "gluten": "no gluten here!", 
      "quantity": "3/4", 
      "substitute": "no substitute needed", 
      "unit": "cup"
    }, 
    "all-purpose flour": {
      "flour": {
        "type": {
          "binder": {
            "type": "xanthum gum", 
            "weight": 0.5
          }, 
          "density": {
            "type": "brown rice flour", 
            "weight": 0.142
          }, 
          "fat": {
            "type": "almond flour", 
            "weight": 0.142
          }, 
          "leavener": "", 
          "lightness": {
            "type": "white rice flour", 
            "weight": 0.284
          }, 
          "protein": {
            "type": "sorghum flour", 
            "weight": 0.142
          }, 
          "starch": {
            "type": "potato starch", 
            "weight": 0.284
          }, 
          "stickiness": "", 
          "texture": ""
        }, 
        "weight": 125
      }, 
      "gluten": "gluten here!", 
      "quantity": "3/4", 
      "substitute": "flour ratio", 
      "unit": "cup"
    }, 
    "baking powder": {
      "flour": "Safe", 
      "gluten": "no gluten here!", 
      "quantity": "1", 
      "substitute": "no substitute needed", 
      "unit": "teaspoon"
    }, 
    "cornstarch": {
      "flour": "Safe", 
      "gluten": "no gluten here!", 
      "quantity": "2", 
      "substitute": "no substitute needed", 
      "unit": "teaspoons"
    }, 
    "cucumber pickles, cut into 1/4-inch-thick rounds and patted dry": {
      "flour": "Safe", 
      "gluten": "no gluten here!", 
      "quantity": "3", 
      "substitute": "no substitute needed", 
      "unit": ""
    }, 
    "deep fryer": {
      "flour": "Safe", 
      "gluten": "no gluten here!", 
      "quantity": "", 
      "substitute": "no substitute needed", 
      "unit": ""
    }, 
    "fresh lemon juice": {
      "flour": "Safe", 
      "gluten": "no gluten here!", 
      "quantity": "1", 
      "substitute": "no substitute needed", 
      "unit": "teaspoon"
    }, 
    "garlic clove, mashed to a pastet": {
      "flour": "Safe", 
      "gluten": "no gluten here!", 
      "quantity": "1/2", 
      "substitute": "no substitute needed", 
      "unit": ""
    }, 
    "grapeseed or vegetable oil": {
      "flour": "Safe", 
      "gluten": "no gluten here!", 
      "quantity": "2", 
      "substitute": "no substitute needed", 
      "unit": "cups"
    }, 
    "kosher salt": {
      "flour": "Safe", 
      "gluten": "no gluten here!", 
      "quantity": "", 
      "substitute": "no substitute needed", 
      "unit": ""
    }, 
    "mayonnaise": {
      "flour": "Safe", 
      "gluten": "no gluten here!", 
      "quantity": "1/2", 
      "substitute": "no substitute needed", 
      "unit": "cup"
    }, 
    "sriracha": {
      "flour": "Safe", 
      "gluten": "no gluten here!", 
      "quantity": "1 1/2", 
      "substitute": "no substitute needed", 
      "unit": "teaspoons"
    }
  }, 
  "instructions": [
    "Whisk mayonnaise, Sriracha, lemon juice, and garlic in a small bowl; season with salt.", 
    "Pour grapeseed oil into a medium heavy saucepan; fit with deep-fry thermometer. Heat over medium heat until thermometer registers 350\u00b0.", 
    "Whisk flour, cornstarch, and baking powder in a medium bowl. Whisk in 3/4 cup seltzer water. Whisk in more seltzer, if needed, until batter is the consistency of heavy cream.", 
    "Working in batches, coat pickle slices with batter, letting excess drip off, and add to oil one by one (to prevent them from sticking to one another). Fry, turning halfway through, until golden brown and crisp  on both sides, about 3 minutes per batch.", 
    "Using a slotted spoon, transfer to a paper towel-lined plate. Serve with spicy mayo."
  ], 
  "keywords": [
    "Appetizers", 
    "Cocktail Party", 
    "Comfort Food", 
    "Cucumber Recipes", 
    "Lemon Recipes", 
    "Low Cholesterol Recipes", 
    "Low Sodum Recipes", 
    "Mayonnaise Recipes", 
    "Pickle Recipes", 
    "Rsvp", 
    "Snack", 
    "Southern Food", 
    "Sriracha Recipes", 
    "Vegetarian Recipes"
  ], 
  "name": "Fried Pickles with Spicy Mayo", 
  "proteinContent": "", 
  "saturatedFatContent": "", 
  "servings": "Servings: 4-6", 
  "sodiumContent": "", 
  "sugarContent": "", 
  "url": "http://www.bonappetit.com/recipe/fried-pickles-with-spicy-mayo"
}