{
  "calories": "", 
  "carbohydrateContent": "", 
  "cholesterolContent": "", 
  "fatContent": "", 
  "fiberContent": "", 
  "image": "http://www.bonappetit.com/wp-content/uploads/2012/04/greek-vegetable-casserole-646.jpg", 
  "ingredients": {
    "14-ounce can peeled whole tomatoes, cut into quarters, juices reserved": {
      "flour": "Safe", 
      "gluten": "no gluten here!", 
      "quantity": "1", 
      "substitute": "no substitute needed", 
      "unit": ""
    }, 
    "chopped fresh dill": {
      "flour": "Safe", 
      "gluten": "no gluten here!", 
      "quantity": "2", 
      "substitute": "no substitute needed", 
      "unit": "tablespoon"
    }, 
    "crumbled feta": {
      "flour": "Safe", 
      "gluten": "no gluten here!", 
      "quantity": "1/4", 
      "substitute": "no substitute needed", 
      "unit": "cup"
    }, 
    "dried oregano": {
      "flour": "Safe", 
      "gluten": "no gluten here!", 
      "quantity": "1", 
      "substitute": "no substitute needed", 
      "unit": "tablespoon"
    }, 
    "fresh lemon juice": {
      "flour": "Safe", 
      "gluten": "no gluten here!", 
      "quantity": "1", 
      "substitute": "no substitute needed", 
      "unit": "tablespoon"
    }, 
    "garlic cloves, sliced": {
      "flour": "Safe", 
      "gluten": "no gluten here!", 
      "quantity": "4", 
      "substitute": "no substitute needed", 
      "unit": ""
    }, 
    "green beans, trimmed": {
      "flour": "Safe", 
      "gluten": "no gluten here!", 
      "quantity": "1/2", 
      "substitute": "no substitute needed", 
      "unit": "pound"
    }, 
    "kosher salt": {
      "flour": "Safe", 
      "gluten": "no gluten here!", 
      "quantity": "", 
      "substitute": "no substitute needed", 
      "unit": ""
    }, 
    "olive oil, divided": {
      "flour": "Safe", 
      "gluten": "no gluten here!", 
      "quantity": "4", 
      "substitute": "no substitute needed", 
      "unit": "tablespoons"
    }, 
    "small red onion, cut into 1/2-inch wedges": {
      "flour": "Safe", 
      "gluten": "no gluten here!", 
      "quantity": "1", 
      "substitute": "no substitute needed", 
      "unit": ""
    }, 
    "yukon gold potatoes, cut into 1-inch wedges": {
      "flour": "Safe", 
      "gluten": "no gluten here!", 
      "quantity": "1", 
      "substitute": "no substitute needed", 
      "unit": "pound"
    }, 
    "zucchini (about 8 ounces), cut crosswise into four sections, then lengthwise into quarters": {
      "flour": "Safe", 
      "gluten": "no gluten here!", 
      "quantity": "1", 
      "substitute": "no substitute needed", 
      "unit": ""
    }
  }, 
  "instructions": [
    "Preheat oven to 450\u00b0. Place zucchini, onion, and 1 Tbsp. oil in a medium bowl; toss to coat. Season with salt. Transfer to a large baking dish (9x13\" or larger) and roast until zucchini is slightly dried and beginning to turn brown, 12\u201315 minutes. Transfer zucchini and onion to a wire rack.", 
    "Meanwhile, toss remaining 3 Tbsp. oil, potatoes, green beans, tomatoes with their juices, garlic, lemon juice, and oregano in a medium bowl. Season with salt. Place mixture in same baking dish; top with roasted zucchini and onion. Cover with foil and bake for 30 minutes. Remove foil and stir vegetables; bake until pan is nearly dry and potatoes are tender and beginning to brown, 25\u201335 minutes longer.", 
    "Sprinkle dill over and let casserole sit for 10 minutes. Garnish with feta and serve."
  ], 
  "keywords": [
    "Cheap Eats", 
    "Deals On Meals", 
    "Tax Day Dinners"
  ], 
  "name": "Greek-Style Vegetable Casserole", 
  "proteinContent": "", 
  "saturatedFatContent": "", 
  "servings": "Servings: 6", 
  "sodiumContent": "", 
  "sugarContent": "", 
  "url": "http://www.bonappetit.com/recipe/greek-style-vegetable-casserole"
}