{
  "calories": "", 
  "carbohydrateContent": "", 
  "cholesterolContent": "", 
  "description": "Pack this main dish into single-serving containers the day before travel. The flavor will improve overnight (and sturdy kale won't wilt). We like to keep meals cool with disposable ice packs, which we throw away just before security; the salad will be good for a couple of hours at room temperature. Don't forget the plastic forks!", 
  "fatContent": "", 
  "fiberContent": "", 
  "image": "http://www.bonappetit.com/wp-content/uploads/2012/10/barley-and-kale-salad-with-golden-beets-and-feta-940x600.jpg", 
  "ingredients": {
    "(or more) unseasoned rice vinegar": {
      "flour": "Safe", 
      "gluten": "no gluten here!", 
      "quantity": "2", 
      "substitute": "no substitute needed", 
      "unit": "teaspoons"
    }, 
    "(packed) light brown sugar": {
      "flour": "Safe", 
      "gluten": "no gluten here!", 
      "quantity": "2", 
      "substitute": "no substitute needed", 
      "unit": "tablespoons"
    }, 
    "feta, crumbled": {
      "flour": "Safe", 
      "gluten": "no gluten here!", 
      "quantity": "4", 
      "substitute": "no substitute needed", 
      "unit": "ounces"
    }, 
    "finely grated orange zest": {
      "flour": "Safe", 
      "gluten": "no gluten here!", 
      "quantity": "1/2", 
      "substitute": "no substitute needed", 
      "unit": "teaspoon"
    }, 
    "kosher salt, freshly ground pepper": {
      "flour": "Safe", 
      "gluten": "no gluten here!", 
      "quantity": "", 
      "substitute": "no substitute needed", 
      "unit": ""
    }, 
    "medium golden beets (about 1 bunch), trimmed": {
      "flour": "Safe", 
      "gluten": "no gluten here!", 
      "quantity": "3", 
      "substitute": "no substitute needed", 
      "unit": ""
    }, 
    "minced shallots": {
      "flour": "Safe", 
      "gluten": "no gluten here!", 
      "quantity": "1/4", 
      "substitute": "no substitute needed", 
      "unit": "cup"
    }, 
    "pearl barley": {
      "flour": "Safe", 
      "gluten": "gluten here!", 
      "quantity": "1 1/4", 
      "substitute": "quinoa", 
      "unit": "cups"
    }, 
    "plus 2 tbsp. extra-virgin olive oil; more for drizzling": {
      "flour": "Safe", 
      "gluten": "no gluten here!", 
      "quantity": "1/4", 
      "substitute": "no substitute needed", 
      "unit": "cup"
    }, 
    "tuscan kale, center ribs and stems removed, leaves cut into 1-inch squares": {
      "flour": "Safe", 
      "gluten": "no gluten here!", 
      "quantity": "1", 
      "substitute": "no substitute needed", 
      "unit": "bunch"
    }, 
    "white wine vinegar": {
      "flour": "Safe", 
      "gluten": "no gluten here!", 
      "quantity": "2", 
      "substitute": "no substitute needed", 
      "unit": "tablespoons"
    }
  }, 
  "instructions": [
    "Tuscan kale, also called black kale, dinosaur kale, Lacinato kale, or cavolo nero, has long, narrow, very dark green bumpy leaves and is available at farmers' markets and some supermarkets.j", 
    "Whisk 1/4 cup oil, white wine vinegar, sugar, and orange zest in a large bowl to blend; season with salt and pepper. Add kale and shallots; mix until completely coated. Cover and chill until kale is tender, at least 3 hours.", 
    "Meanwhile, preheat oven to 375\u00b0. Arrange beets in a small baking dish and drizzle with a little oil. Season with salt and turn beets to coat. Cover with foil. Bake beets until tender when pierced with a thin knife, about 45 minutes. Let cool completely. Peel beets. Cut into 1/4-inch pieces (you should have about 2 cups).", 
    "Cook barley in a large pot of boiling salted water until just tender, about 45 minutes. Drain barley and spread out on a rimmed baking sheet; let cool completely.", 
    "Add beets, barley, and feta to kale. Drizzle salad with remaining 2 tablespoons oil and 2 tablespoons rice vinegar; fold gently to combine. Season to taste with pepper and more rice vinegar, if desired.", 
    "DO AHEADSalad can be made 2 days ahead. Cover and chill."
  ], 
  "keywords": [
    "Barley", 
    "Beet Recipes", 
    "Good Health", 
    "Healthy Recipes", 
    "High Fiber", 
    "Kale Recipes", 
    "Low Cholesterol Recipes", 
    "Salad", 
    "Salad Recipes", 
    "Vegetarian Recipes"
  ], 
  "name": "Barley and Kale Salad with Golden Beets and Feta", 
  "proteinContent": "", 
  "saturatedFatContent": "", 
  "servings": "Servings: 4", 
  "sodiumContent": "", 
  "sugarContent": "", 
  "url": "http://www.bonappetit.com/recipe/barley-and-kale-salad-with-golden-beets-and-feta"
}