{
  "calories": "", 
  "carbohydrateContent": "", 
  "cholesterolContent": "", 
  "fatContent": "", 
  "fiberContent": "", 
  "image": "http://www.bonappetit.com/wp-content/uploads/2003/07/ttss_grilledpotatosalad_01_h.jpg", 
  "ingredients": {
    "additional olive oil": {
      "flour": "Safe", 
      "gluten": "no gluten here!", 
      "quantity": "", 
      "substitute": "no substitute needed", 
      "unit": ""
    }, 
    "bunches watercress, stems trimmed": {
      "flour": "Safe", 
      "gluten": "no gluten here!", 
      "quantity": "2", 
      "substitute": "no substitute needed", 
      "unit": ""
    }, 
    "crumbled blue cheese": {
      "flour": "Safe", 
      "gluten": "no gluten here!", 
      "quantity": "1/2", 
      "substitute": "no substitute needed", 
      "unit": "cup"
    }, 
    "dijon mustard": {
      "flour": "Safe", 
      "gluten": "no gluten here!", 
      "quantity": "2", 
      "substitute": "no substitute needed", 
      "unit": "teaspoons"
    }, 
    "green onions, chopped": {
      "flour": "Safe", 
      "gluten": "no gluten here!", 
      "quantity": "3", 
      "substitute": "no substitute needed", 
      "unit": ""
    }, 
    "large shallot, chopped": {
      "flour": "Safe", 
      "gluten": "no gluten here!", 
      "quantity": "1", 
      "substitute": "no substitute needed", 
      "unit": ""
    }, 
    "medium red-skinned potatoes, unpeeled (about 2 3/4 pounds)": {
      "flour": "Safe", 
      "gluten": "no gluten here!", 
      "quantity": "12", 
      "substitute": "no substitute needed", 
      "unit": ""
    }, 
    "olive oil": {
      "flour": "Safe", 
      "gluten": "no gluten here!", 
      "quantity": "1/2", 
      "substitute": "no substitute needed", 
      "unit": "cup"
    }, 
    "sherry wine vinegar": {
      "flour": "Safe", 
      "gluten": "no gluten here!", 
      "quantity": "1/4", 
      "substitute": "no substitute needed", 
      "unit": "cups"
    }
  }, 
  "instructions": [
    "Combine vinegar, shallot, and mustard in medium bowl. Gradually whisk in oil. Mix in cheese. Season vinaigrette to taste with salt and pepper.", 
    "Cook potatoes in large pot of boiling salted water until almost tender, about 16 minutes. Drain; cool completely. Cut potatoes into 1/4- to 1/2-inch-thick rounds. Brush rounds on both sides with oil; sprinkle with salt and pepper.", 
    "Prepare barbecue (medium-high heat). Arrange watercress on platter. Grill potatoes until golden and cooked through, about 3 minutes per side. Mound warm potatoes atop watercress; sprinkle with green onions. Spoon vinaigrette over potatoes."
  ], 
  "keywords": [
    "4th Of July Food", 
    "Appetizers", 
    "Barbecue", 
    "Blue Cheese", 
    "Bobby Flay", 
    "Cheese", 
    "Dinner", 
    "Fourth Of July", 
    "Grilled Vegetable Recipes", 
    "Grilled Vegetables", 
    "Grilled Veggie Recipes", 
    "Grilled Veggies", 
    "Grilling Food", 
    "July Fourth Food", 
    "Leafy Green", 
    "Potato", 
    "Potato Recipes", 
    "Salad", 
    "Side", 
    "Side Dishes", 
    "Summer Food", 
    "Vegetarian Recipes", 
    "Watercress Recipes"
  ], 
  "name": "Grilled Potato Salad with Watercress, Green Onions, and Blue Cheese Vinaigrette", 
  "proteinContent": "", 
  "saturatedFatContent": "", 
  "servings": "Servings: Makes 4 to 6", 
  "sodiumContent": "", 
  "sugarContent": "", 
  "url": "http://www.bonappetit.com/recipe/grilled-potato-salad-with-watercress-green-onions-and-blue-cheese-vinaigrette"
}