{
  "calories": "", 
  "carbohydrateContent": "", 
  "cholesterolContent": "", 
  "fatContent": "", 
  "fiberContent": "", 
  "image": "http://www.bonappetit.com/wp-content/uploads/2012/06/salmon-with-blueberry-pan-sauce-491.jpg", 
  "ingredients": {
    "1 cup fresh blueberries": {
      "flour": "Safe", 
      "gluten": "no gluten here!", 
      "quantity": "", 
      "substitute": "no substitute needed", 
      "unit": ""
    }, 
    "1 garlic clove, thinly sliced": {
      "flour": "Safe", 
      "gluten": "no gluten here!", 
      "quantity": "", 
      "substitute": "no substitute needed", 
      "unit": ""
    }, 
    "1 tablespoon balsamic vinegar": {
      "flour": "Safe", 
      "gluten": "no gluten here!", 
      "quantity": "", 
      "substitute": "no substitute needed", 
      "unit": ""
    }, 
    "1 tablespoon olive oil plus additional for brushing": {
      "flour": "Safe", 
      "gluten": "no gluten here!", 
      "quantity": "", 
      "substitute": "no substitute needed", 
      "unit": ""
    }, 
    "1/4 cup water": {
      "flour": "Safe", 
      "gluten": "no gluten here!", 
      "quantity": "", 
      "substitute": "no substitute needed", 
      "unit": ""
    }, 
    "1/4 teaspoon chopped fresh thyme plus additional for seasoning": {
      "flour": "Safe", 
      "gluten": "no gluten here!", 
      "quantity": "", 
      "substitute": "no substitute needed", 
      "unit": ""
    }, 
    "1/4 teaspoon coarse kosher salt plus additional for seasoning": {
      "flour": "Safe", 
      "gluten": "no gluten here!", 
      "quantity": "", 
      "substitute": "no substitute needed", 
      "unit": ""
    }, 
    "1/8 teaspoon ground allspice plus additional for seasoning": {
      "flour": "Safe", 
      "gluten": "no gluten here!", 
      "quantity": "", 
      "substitute": "no substitute needed", 
      "unit": ""
    }, 
    "3 tablespoons thinly sliced fresh mint, divided": {
      "flour": "Safe", 
      "gluten": "no gluten here!", 
      "quantity": "", 
      "substitute": "no substitute needed", 
      "unit": ""
    }, 
    "3/4 cup sliced shallots": {
      "flour": "Safe", 
      "gluten": "no gluten here!", 
      "quantity": "", 
      "substitute": "no substitute needed", 
      "unit": ""
    }, 
    "4 7-ounce salmon steaks or fillets with skin (each about 3/4 inch thick)": {
      "flour": "Safe", 
      "gluten": "no gluten here!", 
      "quantity": "", 
      "substitute": "no substitute needed", 
      "unit": ""
    }
  }, 
  "instructions": [
    "Heat 1 tablespoon oil in large skillet over medium heat. Add shallots; saut\u00e9 until softened, about 5 minutes. Add garlic, 1/4 teaspoon coarse salt, 1/4 teaspoon thyme, and 1/8 teaspoon allspice. Stir until fragrant, about 30 seconds. Add blueberries, 1/4 cup water, and vinegar. Stir to blend. Mash berries with potato masher or back of fork and cook until sauce thickens, stirring often, 3 to 4 minutes. Season with freshly ground black pepper. Remove from heat. DO AHEAD Can be made 2 hours ahead. Let stand at room temperature. Rewarm before using.", 
    "Brush grill rack with oil. Prepare barbecue (medium-high heat). Brush salmon on both sides with oil; sprinkle with coarse salt, thyme, allspice, and black pepper.", 
    "Grill salmon until just opaque in center, 4 to 5 minutes per side. Transfer to plates. Stir 2 tablespoons sliced mint into warm blueberry sauce. Spoon sauce over salmon and sprinkle with remaining 1 tablespoon mint. Serve immediately."
  ], 
  "keywords": [
    "Blueberry", 
    "Dinner", 
    "Fish", 
    "Fish Recipes", 
    "Healthy Recipes", 
    "Low Cal Recipes", 
    "Main Dishes", 
    "Salmon Recipes", 
    "Sauce Recipes", 
    "Seafood Recipes"
  ], 
  "name": "Grilled Salmon with Quick Blueberry Pan Sauce", 
  "proteinContent": "", 
  "saturatedFatContent": "", 
  "servings": "Servings: 4", 
  "sodiumContent": "", 
  "sugarContent": "", 
  "url": "http://www.bonappetit.com/recipe/grilled-salmon-with-quick-blueberry-pan-sauce"
}