{
  "calories": "", 
  "carbohydrateContent": "", 
  "cholesterolContent": "", 
  "description": "The vinegared shallots and fresh herbs cut through the richness of this steak recipe fromTosca.", 
  "fatContent": "", 
  "fiberContent": "", 
  "image": "http://www.bonappetit.com/wp-content/uploads/2014/08/hanger-steak-with-shallots-and-jerusalem-artichokes-940x600.jpg", 
  "ingredients": {
    "coarsely ground black pepper": {
      "flour": "Safe", 
      "gluten": "no gluten here!", 
      "quantity": "\u00bc", 
      "substitute": "no substitute needed", 
      "unit": "teaspoon"
    }, 
    "finely chopped fresno chile": {
      "flour": "Safe", 
      "gluten": "no gluten here!", 
      "quantity": "1", 
      "substitute": "no substitute needed", 
      "unit": "teaspoon"
    }, 
    "fresh flat-leaf parsley leaves with tender stems": {
      "flour": "Safe", 
      "gluten": "no gluten here!", 
      "quantity": "\u00bc", 
      "substitute": "no substitute needed", 
      "unit": "cup"
    }, 
    "fresh mint leaves": {
      "flour": "Safe", 
      "gluten": "no gluten here!", 
      "quantity": "2", 
      "substitute": "no substitute needed", 
      "unit": "tablespoons"
    }, 
    "freshly ground black pepper": {
      "flour": "Safe", 
      "gluten": "no gluten here!", 
      "quantity": "", 
      "substitute": "no substitute needed", 
      "unit": ""
    }, 
    "hanger steak, center membrane removed, cut into 4 pieces": {
      "flour": "Safe", 
      "gluten": "no gluten here!", 
      "quantity": "1\u00bd", 
      "substitute": "no substitute needed", 
      "unit": "pound"
    }, 
    "heavy cream": {
      "flour": "Safe", 
      "gluten": "no gluten here!", 
      "quantity": "3", 
      "substitute": "no substitute needed", 
      "unit": "tablespoons"
    }, 
    "jerusalem artichokes (sunchokes), cut into \u00bd&rdquo; pieces": {
      "flour": "Safe", 
      "gluten": "no gluten here!", 
      "quantity": "1", 
      "substitute": "no substitute needed", 
      "unit": "pound"
    }, 
    "kosher salt": {
      "flour": "Safe", 
      "gluten": "no gluten here!", 
      "quantity": "", 
      "substitute": "no substitute needed", 
      "unit": ""
    }, 
    "kosher salt, plus more": {
      "flour": "Safe", 
      "gluten": "no gluten here!", 
      "quantity": "1", 
      "substitute": "no substitute needed", 
      "unit": "teaspoon"
    }, 
    "lemons, halved": {
      "flour": "Safe", 
      "gluten": "no gluten here!", 
      "quantity": "2", 
      "substitute": "no substitute needed", 
      "unit": ""
    }, 
    "olive oil": {
      "flour": "Safe", 
      "gluten": "no gluten here!", 
      "quantity": "", 
      "substitute": "no substitute needed", 
      "unit": ""
    }, 
    "plus \u00bc cup red wine vinegar": {
      "flour": "Safe", 
      "gluten": "no gluten here!", 
      "quantity": "2", 
      "substitute": "no substitute needed", 
      "unit": "tablespoons"
    }, 
    "shallots, peeled, roots left intact": {
      "flour": "Safe", 
      "gluten": "no gluten here!", 
      "quantity": "1", 
      "substitute": "no substitute needed", 
      "unit": "pound"
    }, 
    "torn fennel fronds": {
      "flour": "Safe", 
      "gluten": "no gluten here!", 
      "quantity": "2", 
      "substitute": "no substitute needed", 
      "unit": "tablespoons"
    }, 
    "unsalted butter": {
      "flour": "Safe", 
      "gluten": "no gluten here!", 
      "quantity": "1", 
      "substitute": "no substitute needed", 
      "unit": "tablespoon"
    }
  }, 
  "instructions": [
    "Preheat oven to 350\u00b0. Heat butter in a large ovenproof skillet over medium heat. Cook shallots, tossing occasionally, until golden brown, 8\u201310 minutes. Add pepper, 1 tsp. salt, and 2 Tbsp. vinegar and toss. Roast shallots in oven, checking after 10 minutes and shaking pan to turn and adding a splash or so of water if butter is burning, until tender, 10\u201320 minutes.", 
    "Meanwhile, whisk oil, chile, and remaining \u00bc cup vinegar in a large bowl; season with salt (vinaigrette will separate as it sits).", 
    "When shallots are done cooking, whisk vinaigrette, add shallots, and toss gently.", 
    "Cook Jerusalem artichokes in a large saucepan of boiling, generously salted water until tender, 10\u201312 minutes. Drain; return to saucepan. Cook over medium heat, tossing, until dry, about 2 minutes. Remove from heat, add cream and butter, and stir to combine. Pur\u00e9e in a blender. With motor running, gradually add oil and blend until emulsified; season with salt. Strain through a fine-mesh sieve into a large bowl; discard solids.", 
    "Prepare grill for medium-high heat. Season steaks with salt and grill, turning occasionally, until lightly charred and an instant-read thermometer registers 130\u00b0 for medium-rare, 8\u201310 minutes. Transfer to a cutting board. Squeeze lemons over and drizzle with oil; season with pepper. Let rest 5\u201310 minutes before slicing.", 
    "Spoon pur\u00e9e onto plates and place steak around. Top with shallots, leaving vinaigrette in pan. Toss herbs and fennel fronds in vinaigrette; season with salt. Top steak with salad and drizzle with oil."
  ], 
  "keywords": [
    "April Bloomfield", 
    "Beef", 
    "Chile", 
    "Dinner", 
    "Fennel", 
    "Heavy Cream", 
    "hot ten 2014 recipes", 
    "Jerusalem Artichokes", 
    "Lemon", 
    "Mint", 
    "Parsley", 
    "Shallots", 
    "Steak", 
    "Sunchokes", 
    "tosca recipes"
  ], 
  "name": "Hanger Steak with Shallots and Jerusalem Artichokes", 
  "proteinContent": "", 
  "saturatedFatContent": "", 
  "servings": "Servings: 4", 
  "sodiumContent": "", 
  "sugarContent": "", 
  "url": "http://www.bonappetit.com/recipe/hanger-steak-with-shallots-and-jerusalem-artichokes"
}