{
  "calories": "Calories (kcal) 410", 
  "carbohydrateContent": "Carbohydrates (g) 41", 
  "cholesterolContent": "Cholesterol (mg) 75", 
  "fatContent": "Fat (g) 27", 
  "fiberContent": "Dietary Fiber (g) 2", 
  "image": "http://www.bonappetit.com/wp-content/uploads/2013/10/hot-cocoa-affogato-with-peppermint-ice-cream-940x600.jpg", 
  "ingredients": {
    "(loosely packed) natural unsweetened cocoa powder": {
      "flour": "Safe", 
      "gluten": "no gluten here!", 
      "quantity": "1/3", 
      "substitute": "no substitute needed", 
      "unit": "cup"
    }, 
    "chilled heavy cream, divided": {
      "flour": "Safe", 
      "gluten": "no gluten here!", 
      "quantity": "1", 
      "substitute": "no substitute needed", 
      "unit": "cup"
    }, 
    "finely ground espresso or dark-roast coffee beans": {
      "flour": "Safe", 
      "gluten": "no gluten here!", 
      "quantity": "1", 
      "substitute": "no substitute needed", 
      "unit": "tablespoon"
    }, 
    "large pinch of kosher salt": {
      "flour": "Safe", 
      "gluten": "no gluten here!", 
      "quantity": "1", 
      "substitute": "no substitute needed", 
      "unit": ""
    }, 
    "peppermint or mint chip ice cream": {
      "flour": "Safe", 
      "gluten": "no gluten here!", 
      "quantity": "2", 
      "substitute": "no substitute needed", 
      "unit": "pints"
    }, 
    "semisweet or bittersweet chocolate (do not exceed 72% cacao), chopped": {
      "flour": "Safe", 
      "gluten": "no gluten here!", 
      "quantity": "5", 
      "substitute": "no substitute needed", 
      "unit": "ounces"
    }, 
    "small candy canes (optional)": {
      "flour": "Safe", 
      "gluten": "no gluten here!", 
      "quantity": "8", 
      "substitute": "no substitute needed", 
      "unit": ""
    }, 
    "sugar": {
      "flour": "Safe", 
      "gluten": "no gluten here!", 
      "quantity": "1/3", 
      "substitute": "no substitute needed", 
      "unit": "cup"
    }, 
    "vanilla bean, split lengthwise": {
      "flour": "Safe", 
      "gluten": "no gluten here!", 
      "quantity": "1", 
      "substitute": "no substitute needed", 
      "unit": ""
    }, 
    "whole milk": {
      "flour": "Safe", 
      "gluten": "no gluten here!", 
      "quantity": "3", 
      "substitute": "no substitute needed", 
      "unit": "cups"
    }
  }, 
  "instructions": [
    "Combine milk, 1/2 cup cream, sugar, salt, and 1/4 cup water in a large heavy saucepan. Scrape in seeds from vanilla bean; add bean. Bring to a boil, stirring to dissolve sugar. Add chocolate and cocoa powder; whisk until chocolate melts and mixture just comes to a boil. DO AHEAD: Cocoa can be made 1 day ahead. Let cool; cover and chill. Bring to a simmer before continuing.", 
    "Whisk remaining 1/2 cup cream and ground coffee in a small bowl until firm peaks form. DO AHEAD: Whipped cream can be made 2 hours ahead. Cover and chill. Rewhisk if needed before using.", 
    "Remove vanilla bean from hot cocoa; discard. Transfer cocoa to a blender and pur\u00e9e until thick and foamy, about 2 minutes.", 
    "Scoop ice cream into teacups; pour hot cocoa into cups, dividing evenly. Top each with a small dollop of coffee whipped cream. Garnish with a small candy cane, if desired."
  ], 
  "keywords": [
    "Chocolate Recipes", 
    "Christmas", 
    "Coffee", 
    "Desserts", 
    "Ice Cream Recipes", 
    "Italian Food", 
    "Let It Snow Recipes", 
    "Mint Recipes", 
    "Peppermint Recipes", 
    "Vanilla Recipes", 
    "Winter Desserts"
  ], 
  "name": "Hot-Cocoa Affogato with Peppermint Ice Cream", 
  "proteinContent": "Protein (g) 7", 
  "saturatedFatContent": "Saturated Fat (g) 16", 
  "servings": "Servings: 8", 
  "sodiumContent": "Sodium (mg) 160", 
  "sugarContent": "Total Sugars (g) 34", 
  "url": "http://www.bonappetit.com/recipe/hot-cocoa-affogato-with-peppermint-ice-cream"
}