{
  "calories": "", 
  "carbohydrateContent": "", 
  "cholesterolContent": "", 
  "description": "Cleaning soft-shell crabs is a breeze, but you can always have your fishmonger do it for you. Just be sure to eat them the day they are cleaned.", 
  "fatContent": "", 
  "fiberContent": "", 
  "image": "http://www.bonappetit.com/wp-content/uploads/2014/05/soft-shell-crab-620x600.jpg", 
  "ingredients": {
    "all-purpose flour": {
      "flour": {
        "type": {
          "binder": {
            "type": "xanthum gum", 
            "weight": 0.5
          }, 
          "density": {
            "type": "brown rice flour", 
            "weight": 0.142
          }, 
          "fat": {
            "type": "almond flour", 
            "weight": 0.142
          }, 
          "leavener": "", 
          "lightness": {
            "type": "white rice flour", 
            "weight": 0.284
          }, 
          "protein": {
            "type": "sorghum flour", 
            "weight": 0.142
          }, 
          "starch": {
            "type": "potato starch", 
            "weight": 0.284
          }, 
          "stickiness": "", 
          "texture": ""
        }, 
        "weight": 125
      }, 
      "gluten": "gluten here!", 
      "quantity": "\u00bd", 
      "substitute": "flour ratio", 
      "unit": "cup"
    }, 
    "cayenne pepper": {
      "flour": "Safe", 
      "gluten": "no gluten here!", 
      "quantity": "\u00bc", 
      "substitute": "no substitute needed", 
      "unit": "teaspoon"
    }, 
    "dijon mustard": {
      "flour": "Safe", 
      "gluten": "no gluten here!", 
      "quantity": "1", 
      "substitute": "no substitute needed", 
      "unit": "tablespoon"
    }, 
    "fresno chile, halved lengthwise, thinly sliced crosswise": {
      "flour": "Safe", 
      "gluten": "no gluten here!", 
      "quantity": "1", 
      "substitute": "no substitute needed", 
      "unit": ""
    }, 
    "kosher salt, freshly ground pepper": {
      "flour": "Safe", 
      "gluten": "no gluten here!", 
      "quantity": "", 
      "substitute": "no substitute needed", 
      "unit": ""
    }, 
    "large eggs, beaten to blend": {
      "flour": "Safe", 
      "gluten": "no gluten here!", 
      "quantity": "2", 
      "substitute": "no substitute needed", 
      "unit": ""
    }, 
    "mayonnaise": {
      "flour": "Safe", 
      "gluten": "no gluten here!", 
      "quantity": "\u00bc", 
      "substitute": "no substitute needed", 
      "unit": "cup"
    }, 
    "old bay seasoning": {
      "flour": "Safe", 
      "gluten": "no gluten here!", 
      "quantity": "\u00bc", 
      "substitute": "no substitute needed", 
      "unit": "teaspoon"
    }, 
    "old bay seasoning, divided": {
      "flour": "Safe", 
      "gluten": "no gluten here!", 
      "quantity": "2", 
      "substitute": "no substitute needed", 
      "unit": "tablespoons"
    }, 
    "panko (japanese breadcrumbs)": {
      "flour": "Safe", 
      "gluten": "gluten here!", 
      "quantity": "1\u00bc", 
      "substitute": "gluten-free panko", 
      "unit": "cups"
    }, 
    "soft buns, warmed": {
      "flour": "Safe", 
      "gluten": "no gluten here!", 
      "quantity": "4", 
      "substitute": "no substitute needed", 
      "unit": ""
    }, 
    "soft-shell crabs, cleaned": {
      "flour": "Safe", 
      "gluten": "no gluten here!", 
      "quantity": "4", 
      "substitute": "no substitute needed", 
      "unit": ""
    }, 
    "thinly sliced cabbage": {
      "flour": "Safe", 
      "gluten": "no gluten here!", 
      "quantity": "2", 
      "substitute": "no substitute needed", 
      "unit": "cups"
    }, 
    "unseasoned rice vinegar": {
      "flour": "Safe", 
      "gluten": "no gluten here!", 
      "quantity": "1", 
      "substitute": "no substitute needed", 
      "unit": "tablespoon"
    }, 
    "vegetable oil (for frying; about 2 cups)": {
      "flour": "Safe", 
      "gluten": "no gluten here!", 
      "quantity": "", 
      "substitute": "no substitute needed", 
      "unit": ""
    }, 
    "whole grain mustard": {
      "flour": "Safe", 
      "gluten": "no gluten here!", 
      "quantity": "1", 
      "substitute": "no substitute needed", 
      "unit": "tablespoon"
    }
  }, 
  "instructions": [
    "Whisk mayonnaise, Dijon mustard, whole grain mustard, and Old Bay seasoning in small bowl.", 
    "DO AHEAD:Sauce can be made 2 days ahead. Cover and chill.", 
    "Whisk vinegar and mustard in medium bowl. Add cabbage and chile and toss to combine; season with salt and pepper.", 
    "Pour oil into a large skillet, preferably cast iron, to a depth of 1/2\" and heat over medium-high heat until oil bubbles immediately when a pinch of flour is added.", 
    "Meanwhile, whisk flour, cayenne, and 1 tsp. Old Bay seasoning in a shallow bowl; season with salt and pepper. Place eggs into another shallow bowl. Whisk panko and remaining 1 tsp. Old Bay seasoning in a third shallow bowl; season with salt and pepper.", 
    "Dredge crabs in flour mixture, shaking off excess, then dip in egg, letting excess drip back into bowl. Coat in panko mixture.", 
    "Working in 2 batches, place crabs, shell side down, in skillet and cook until golden brown, about 4 minutes per side. Transfer to paper towels to drain. Season with salt.", 
    "Build sandwiches with buns, sauce, crabs, and slaw."
  ], 
  "keywords": [
    "Breadcrumbs", 
    "Cabbage", 
    "Cayenne", 
    "Crab Recipes", 
    "Mustard Recipes", 
    "Panko Recipes", 
    "Sandwich Recipes", 
    "Seafood Recipes", 
    "Summer Food"
  ], 
  "name": "Fried Soft-Shell Crab Sandwich", 
  "proteinContent": "", 
  "saturatedFatContent": "", 
  "servings": "Servings: 4", 
  "sodiumContent": "", 
  "sugarContent": "", 
  "url": "http://www.bonappetit.com/recipe/fried-soft-shell-crab-sandwich"
}