{
  "calories": "", 
  "carbohydrateContent": "", 
  "cholesterolContent": "", 
  "fatContent": "", 
  "fiberContent": "", 
  "image": "http://www.bonappetit.com/wp-content/uploads/2010/05/honeydew-kiwi-smoothie.jpg", 
  "ingredients": {
    "1 1/4 cups 1/2-inch cubes peeled kiwi": {
      "flour": "Safe", 
      "gluten": "no gluten here!", 
      "quantity": "", 
      "substitute": "no substitute needed", 
      "unit": ""
    }, 
    "1 tablespoon fresh lime juice": {
      "flour": "Safe", 
      "gluten": "no gluten here!", 
      "quantity": "", 
      "substitute": "no substitute needed", 
      "unit": ""
    }, 
    "1 tablespoon honey": {
      "flour": "Safe", 
      "gluten": "no gluten here!", 
      "quantity": "", 
      "substitute": "no substitute needed", 
      "unit": ""
    }, 
    "10 large fresh mint leaves": {
      "flour": "Safe", 
      "gluten": "no gluten here!", 
      "quantity": "", 
      "substitute": "no substitute needed", 
      "unit": ""
    }, 
    "2 cups 1-inch cubes peeled seeded honeydew melon": {
      "flour": "Safe", 
      "gluten": "no gluten here!", 
      "quantity": "", 
      "substitute": "no substitute needed", 
      "unit": ""
    }, 
    "2 cups crushed ice": {
      "flour": "Safe", 
      "gluten": "no gluten here!", 
      "quantity": "", 
      "substitute": "no substitute needed", 
      "unit": ""
    }
  }, 
  "instructions": [
    "Combine all ingredients in blender and process until smooth. Divide smoothie between 2 glasses and serve."
  ], 
  "keywords": [
    "Breakfast", 
    "Drink (Non-Alcoholic)", 
    "Drinks", 
    "Easy Recipes", 
    "Fruit", 
    "Fruit Recipes", 
    "Healthy", 
    "Honeydew", 
    "Honeydew Melon", 
    "Kiwi", 
    "Lime", 
    "Melon", 
    "Mint", 
    "Quick &amp; Easy", 
    "Smoothie", 
    "Smoothies", 
    "Snack", 
    "Summer"
  ], 
  "name": "Honeydew-Kiwi Smoothie", 
  "proteinContent": "", 
  "saturatedFatContent": "", 
  "servings": "Servings: 2", 
  "sodiumContent": "", 
  "sugarContent": "", 
  "url": "http://www.bonappetit.com/recipe/honeydew-kiwi-smoothie"
}