{
  "calories": "", 
  "carbohydrateContent": "", 
  "cholesterolContent": "", 
  "description": "Tailor this blue plate special to your taste\u2014you could add spice to the potatoes, sub sausages for bacon, scramble the eggs, omit the onions, or add fresh herbs. While it\u2019s great for brunch (chase it with a nap), we\u2019d also love to eat this for breakfast or dinner.", 
  "fatContent": "", 
  "fiberContent": "", 
  "image": "http://www.bonappetit.com/wp-content/uploads/2014/02/hangtown-fry-940x600.jpg", 
  "ingredients": {
    "all-purpose flour": {
      "flour": {
        "type": {
          "binder": {
            "type": "xanthum gum", 
            "weight": 0.5
          }, 
          "density": {
            "type": "brown rice flour", 
            "weight": 0.142
          }, 
          "fat": {
            "type": "almond flour", 
            "weight": 0.142
          }, 
          "leavener": "", 
          "lightness": {
            "type": "white rice flour", 
            "weight": 0.284
          }, 
          "protein": {
            "type": "sorghum flour", 
            "weight": 0.142
          }, 
          "starch": {
            "type": "potato starch", 
            "weight": 0.284
          }, 
          "stickiness": "", 
          "texture": ""
        }, 
        "weight": 125
      }, 
      "gluten": "gluten here!", 
      "quantity": "1", 
      "substitute": "flour ratio", 
      "unit": "cup"
    }, 
    "cayenne pepper": {
      "flour": "Safe", 
      "gluten": "no gluten here!", 
      "quantity": "1/4", 
      "substitute": "no substitute needed", 
      "unit": "teaspoon"
    }, 
    "cornmeal": {
      "flour": "Safe", 
      "gluten": "no gluten here!", 
      "quantity": "1", 
      "substitute": "no substitute needed", 
      "unit": "cup"
    }, 
    "dozen oysters, freshly shucked": {
      "flour": "Safe", 
      "gluten": "no gluten here!", 
      "quantity": "2", 
      "substitute": "no substitute needed", 
      "unit": ""
    }, 
    "fingerling potatoes, scrubbed, halved if large": {
      "flour": "Safe", 
      "gluten": "no gluten here!", 
      "quantity": "1 1/2", 
      "substitute": "no substitute needed", 
      "unit": "pounds"
    }, 
    "garlic cloves, finely chopped": {
      "flour": "Safe", 
      "gluten": "no gluten here!", 
      "quantity": "4", 
      "substitute": "no substitute needed", 
      "unit": ""
    }, 
    "garlic powder": {
      "flour": "Safe", 
      "gluten": "no gluten here!", 
      "quantity": "1", 
      "substitute": "no substitute needed", 
      "unit": "tablespoon"
    }, 
    "hot sauce (for serving)": {
      "flour": "Safe", 
      "gluten": "no gluten here!", 
      "quantity": "", 
      "substitute": "no substitute needed", 
      "unit": ""
    }, 
    "kosher salt, freshly ground pepper": {
      "flour": "Safe", 
      "gluten": "no gluten here!", 
      "quantity": "", 
      "substitute": "no substitute needed", 
      "unit": ""
    }, 
    "large eggs, poached or fried": {
      "flour": "Safe", 
      "gluten": "no gluten here!", 
      "quantity": "4", 
      "substitute": "no substitute needed", 
      "unit": ""
    }, 
    "olive oil, divided": {
      "flour": "Safe", 
      "gluten": "no gluten here!", 
      "quantity": "6", 
      "substitute": "no substitute needed", 
      "unit": "tablespoons"
    }, 
    "onion powder": {
      "flour": "Safe", 
      "gluten": "no gluten here!", 
      "quantity": "1", 
      "substitute": "no substitute needed", 
      "unit": "tablespoon"
    }, 
    "scallions, sliced": {
      "flour": "Safe", 
      "gluten": "no gluten here!", 
      "quantity": "4", 
      "substitute": "no substitute needed", 
      "unit": ""
    }, 
    "sweet onion (such as maui or walla walla), thinly sliced": {
      "flour": "Safe", 
      "gluten": "no gluten here!", 
      "quantity": "1/2", 
      "substitute": "no substitute needed", 
      "unit": ""
    }, 
    "thick-cut bacon": {
      "flour": "Safe", 
      "gluten": "no gluten here!", 
      "quantity": "12", 
      "substitute": "no substitute needed", 
      "unit": "slices"
    }, 
    "vegetable oil (for frying; about 5 cups)": {
      "flour": "Safe", 
      "gluten": "no gluten here!", 
      "quantity": "", 
      "substitute": "no substitute needed", 
      "unit": ""
    }
  }, 
  "instructions": [
    "Heat oven to 450\u00b0. Toss potatoes and 4 Tbsp. olive oil on a rimmed baking sheet; season with salt and pepper. Roast, tossing once, until golden brown and tender, 25\u201330 minutes; set aside.", 
    "Whisk flour, cornmeal, garlic powder, onion powder, and cayenne in a medium bowl; season with salt and pepper. Working in batches, toss oysters in flour mixture; transfer to a plate.", 
    "Working in batches, cook bacon in a large skillet, preferably cast iron, over medium heat until crisp, 10\u201312 minutes per batch; drain on paper towels.", 
    "Pour oil into skillet with bacon fat to a depth of 1\" and heat over medium-high heat until oil bubbles immediately when a pinch of cornmeal mixture is added. Working in batches, fry oysters, turning occasionally, until golden brown and crisp, about 4 minutes. Drain on paper towels; season with salt and pepper.", 
    "Heat remaining 2 Tbsp. oil in another large skillet and cook onion and garlic, stirring occasionally, until softened, about 5 minutes. Add reserved potatoes and toss until heated through.", 
    "Serve potato mixture with bacon, fried oysters, eggs, and scallions; season with salt and pepper. Serve with hot sauce alongside.", 
    "DO AHEAD:Potatoes can be roasted 4 hours ahead. Let cool and cover. Store at room temperature."
  ], 
  "keywords": [
    "Bacon Recipes", 
    "Breakfast", 
    "Brunch", 
    "Cornmeal Recipes", 
    "Egg Recipes", 
    "Oyster Recipes", 
    "oysterland recipes", 
    "Potato Recipes"
  ], 
  "name": "Hangtown Fry", 
  "proteinContent": "", 
  "saturatedFatContent": "", 
  "servings": "Servings: 4", 
  "sodiumContent": "", 
  "sugarContent": "", 
  "url": "http://www.bonappetit.com/recipe/hangtown-fry"
}