{
  "calories": "", 
  "carbohydrateContent": "", 
  "cholesterolContent": "", 
  "description": "Too-cold doughs can crack and split when rolled; let this sit at room temperature for five minutes first.", 
  "fatContent": "", 
  "fiberContent": "", 
  "image": "http://www.bonappetit.com/wp-content/uploads/2014/10/chocolate-caramel-pecan-tart-940x600.jpg", 
  "ingredients": {
    "all-purpose flour, plus more for surface": {
      "flour": {
        "type": {
          "binder": {
            "type": "xanthum gum", 
            "weight": 0.5
          }, 
          "density": {
            "type": "brown rice flour", 
            "weight": 0.142
          }, 
          "fat": {
            "type": "almond flour", 
            "weight": 0.142
          }, 
          "leavener": "", 
          "lightness": {
            "type": "white rice flour", 
            "weight": 0.284
          }, 
          "protein": {
            "type": "sorghum flour", 
            "weight": 0.142
          }, 
          "starch": {
            "type": "potato starch", 
            "weight": 0.284
          }, 
          "stickiness": "", 
          "texture": ""
        }, 
        "weight": 125
      }, 
      "gluten": "gluten here!", 
      "quantity": "1", 
      "substitute": "flour ratio", 
      "unit": "cup"
    }, 
    "chilled unsalted butter, cut into pieces": {
      "flour": "Safe", 
      "gluten": "no gluten here!", 
      "quantity": "6", 
      "substitute": "no substitute needed", 
      "unit": "tablespoons"
    }, 
    "kosher salt": {
      "flour": "Safe", 
      "gluten": "no gluten here!", 
      "quantity": "\u00bd", 
      "substitute": "no substitute needed", 
      "unit": "teaspoon"
    }, 
    "large egg, beaten to blend": {
      "flour": "Safe", 
      "gluten": "no gluten here!", 
      "quantity": "1", 
      "substitute": "no substitute needed", 
      "unit": ""
    }, 
    "sugar": {
      "flour": "Safe", 
      "gluten": "no gluten here!", 
      "quantity": "1", 
      "substitute": "no substitute needed", 
      "unit": "tablespoon"
    }
  }, 
  "instructions": [
    "Whisk sugar, salt, and 1 cup flour in a medium bowl. Add butter and rub in with your fingers until mixture resembles coarse meal with a few pea-size pieces remaining. Drizzle egg over butter mixture and mix gently with a fork until dough just comes together.", 
    "Turn out dough onto a lightly floured surface and knead until smooth (a few dry spots are okay). Form dough into a disk. Wrap in plastic and chill until firm, at least 2 hours.", 
    "DO AHEAD:Dough can be made 2 days ahead. Keep chilled, or freeze up to 1 month."
  ], 
  "keywords": [
    "Butter", 
    "Crust", 
    "Desserts", 
    "Dough", 
    "Eggs", 
    "Tart"
  ], 
  "name": "Basic Tart Dough", 
  "proteinContent": "", 
  "saturatedFatContent": "", 
  "servings": "Servings: makes enough for one 10&rdquo;-diameter tart or one 14x10\" galette", 
  "sodiumContent": "", 
  "sugarContent": "", 
  "url": "http://www.bonappetit.com/recipe/basic-tart-dough"
}