{
  "calories": "", 
  "carbohydrateContent": "", 
  "cholesterolContent": "", 
  "fatContent": "", 
  "fiberContent": "", 
  "image": "http://www.bonappetit.com/wp-content/uploads/2011/09/baked-hawaiian-islands.jpg", 
  "ingredients": {
    "(packed) dark brown sugar": {
      "flour": "Safe", 
      "gluten": "no gluten here!", 
      "quantity": "3/4", 
      "substitute": "no substitute needed", 
      "unit": "cup"
    }, 
    "1/2' cubes fresh pineapple (cut from two 4-lb. pineapples)": {
      "flour": "Safe", 
      "gluten": "no gluten here!", 
      "quantity": "6 3/4", 
      "substitute": "no substitute needed", 
      "unit": "cups"
    }, 
    "all-purpose flour": {
      "flour": {
        "type": {
          "binder": {
            "type": "xanthum gum", 
            "weight": 0.5
          }, 
          "density": {
            "type": "brown rice flour", 
            "weight": 0.142
          }, 
          "fat": {
            "type": "almond flour", 
            "weight": 0.142
          }, 
          "leavener": "", 
          "lightness": {
            "type": "white rice flour", 
            "weight": 0.284
          }, 
          "protein": {
            "type": "sorghum flour", 
            "weight": 0.142
          }, 
          "starch": {
            "type": "potato starch", 
            "weight": 0.284
          }, 
          "stickiness": "", 
          "texture": ""
        }, 
        "weight": 125
      }, 
      "gluten": "gluten here!", 
      "quantity": "2/3", 
      "substitute": "flour ratio", 
      "unit": "cup"
    }, 
    "baking powder": {
      "flour": "Safe", 
      "gluten": "no gluten here!", 
      "quantity": "2", 
      "substitute": "no substitute needed", 
      "unit": "teaspoons"
    }, 
    "coconut rum (such as malibu)": {
      "flour": "Safe", 
      "gluten": "no gluten here!", 
      "quantity": "1", 
      "substitute": "no substitute needed", 
      "unit": "teaspoon"
    }, 
    "cream of tartar": {
      "flour": "Safe", 
      "gluten": "no gluten here!", 
      "quantity": "1/4", 
      "substitute": "no substitute needed", 
      "unit": "teaspoon"
    }, 
    "dark rum (such as gosling's)": {
      "flour": "Safe", 
      "gluten": "no gluten here!", 
      "quantity": "3", 
      "substitute": "no substitute needed", 
      "unit": "tablespoons"
    }, 
    "egg whites (from about 7 large eggs), room temperature": {
      "flour": "Safe", 
      "gluten": "no gluten here!", 
      "quantity": "1", 
      "substitute": "no substitute needed", 
      "unit": "cup"
    }, 
    "finely grated lime zest": {
      "flour": "Safe", 
      "gluten": "no gluten here!", 
      "quantity": "2", 
      "substitute": "no substitute needed", 
      "unit": "teaspoons"
    }, 
    "fresh lime juice": {
      "flour": "Safe", 
      "gluten": "no gluten here!", 
      "quantity": "3", 
      "substitute": "no substitute needed", 
      "unit": "tablespoons"
    }, 
    "kosher salt": {
      "flour": "Safe", 
      "gluten": "no gluten here!", 
      "quantity": "2", 
      "substitute": "no substitute needed", 
      "unit": "teaspoons"
    }, 
    "large eggs, separated": {
      "flour": "Safe", 
      "gluten": "no gluten here!", 
      "quantity": "4", 
      "substitute": "no substitute needed", 
      "unit": ""
    }, 
    "ripe (wrinkled) passion fruits, halved, pulp scooped out": {
      "flour": "Safe", 
      "gluten": "no gluten here!", 
      "quantity": "4", 
      "substitute": "no substitute needed", 
      "unit": ""
    }, 
    "sugar": {
      "flour": "Safe", 
      "gluten": "no gluten here!", 
      "quantity": "3/4", 
      "substitute": "no substitute needed", 
      "unit": "cup"
    }, 
    "sugar, divided": {
      "flour": "Safe", 
      "gluten": "no gluten here!", 
      "quantity": "3/4", 
      "substitute": "no substitute needed", 
      "unit": "cup"
    }, 
    "unsalted butter (for pan)": {
      "flour": "Safe", 
      "gluten": "no gluten here!", 
      "quantity": "", 
      "substitute": "no substitute needed", 
      "unit": ""
    }, 
    "unsweetened shredded coconut": {
      "flour": "Safe", 
      "gluten": "no gluten here!", 
      "quantity": "1/2", 
      "substitute": "no substitute needed", 
      "unit": "cup"
    }, 
    "vegetable oil": {
      "flour": "Safe", 
      "gluten": "no gluten here!", 
      "quantity": "1/2", 
      "substitute": "no substitute needed", 
      "unit": "cup"
    }, 
    "whole macadamia nuts": {
      "flour": "Safe", 
      "gluten": "no gluten here!", 
      "quantity": "1/4", 
      "substitute": "no substitute needed", 
      "unit": "cup"
    }, 
    "xanthan gum (optional)": {
      "flour": "Safe", 
      "gluten": "no gluten here!", 
      "quantity": "1/8", 
      "substitute": "no substitute needed", 
      "unit": "teaspoon"
    }
  }, 
  "instructions": [
    "Preheat oven to 350\u00b0. Line a 13x9x2\" metal baking pan with parchment paper and grease with butter. Whisk flour, baking powder, and salt in a medium bowl to blend. Whisk egg yolks, 1/2 cup sugar, oil, and 1/2 cup water in a large bowl. Beat in flour mixture. Stir in coconut. Using an electric mixer fitted with clean, dry beaters, beat egg whites in another medium bowl until soft peaks form. Gradually beat in remaining 1/4 cup sugar. Fold into batter just to blend. Pour into prepared pan and bake until puffed, lightly golden, and a tester inserted into center of cake comes out clean, about 30 minutes. Let cool in pan on rack (cake may fall slightly).", 
    "Set a strainer over a large bowl; set aside. Combine pineapple, sugar, and  3 cups water in a saucepan and bring to a boil, stirring to dissolve sugar. Pur \u00e9e in a blender until smooth. Pour through strainer; press on solids to extract as much liquid as possible; discard solids. Stir in rum and lime juice. Process in an ice cream maker according to manufacturer's instructions.", 
    "Preheat oven to 325\u00b0. Combine sugar, salt, and \u00be cup water in a small saucepan and bring to a boil. Reduce heat to medium and stir in nuts. Cook for 5 minutes, stirring occasionally. Strain, then transfer nuts to a parchment paper-lined baking sheet. Cook until golden and roasted, 10\u201312 minutes. Let cool.", 
    "In a stand mixer fitted with a whisk attachment, beat egg whites with cream of tartar until foamy. With machine running on medium speed, gradually add sugar, 1 Tbsp. at a time. Add rum and xanthan gum gum (if using); continue beating until firm peaks form.", 
    "Invert cake onto a work surface; peel off parchment. Using a ramekin as a guide, cut cake into 6 rounds, so that each will fit into an 8-oz. ramekin.", 
    "Working with 1 ramekin at a time, spoon 3/4 cup sorbet into ramekin; smooth top and place 1 cake round over, pressing to adhere; immediately transfer to freezer. Repeat with remaining ramekins. Freeze for 4 hours.", 
    "Run a thin knife around 1 ramekin. Invert onto a work surface. Spread 1 scant cup meringue over top and sides of cake with an offset spatula. Transfer to a rimmed baking sheet and freeze for 30 minutes. Repeat with remaining cakes and meringues; add each to rimmed baking sheet in freezer. DO AHEAD: Assembled cakes can be made 3 days ahead. Cover and keep frozen.", 
    "Preheat oven to 450\u00b0. Transfer cakes on sheet pan to oven. Bake until meringue is toasted, 1\u20132 minutes. Using a large spatula, transfer cakes to plates. Spoon passion fruit juice and pulp around plate. Sprinkle lime zest over meringue. Garnish with macadamia nuts, if using."
  ], 
  "keywords": [
    "Cake Recipes", 
    "Coconut", 
    "Dessert", 
    "Meringue Recipes", 
    "Pineapple Recipes"
  ], 
  "name": "Baked Hawaiian Islands", 
  "proteinContent": "", 
  "saturatedFatContent": "", 
  "servings": "Servings: Makes 6", 
  "sodiumContent": "", 
  "sugarContent": "", 
  "url": "http://www.bonappetit.com/recipe/baked-hawaiian-islands"
}