{
  "calories": "Calories (kcal) 150", 
  "carbohydrateContent": "Carbohydrates (g) 17", 
  "cholesterolContent": "Cholesterol (mg) 20", 
  "fatContent": "Fat (g) 9", 
  "fiberContent": "Dietary Fiber (g)  1", 
  "image": "http://www.bonappetit.com/wp-content/uploads/2013/10/garlic-oregano-knots-940x600.jpg", 
  "ingredients": {
    "(1 stick) unsalted butter plus more for baking sheet": {
      "flour": "Safe", 
      "gluten": "no gluten here!", 
      "quantity": "1/2", 
      "substitute": "no substitute needed", 
      "unit": "cup"
    }, 
    "dried oregano": {
      "flour": "Safe", 
      "gluten": "no gluten here!", 
      "quantity": "1 1/2", 
      "substitute": "no substitute needed", 
      "unit": "tablespoons"
    }, 
    "flaky sea salt (such as maldon)": {
      "flour": "Safe", 
      "gluten": "no gluten here!", 
      "quantity": "", 
      "substitute": "no substitute needed", 
      "unit": ""
    }, 
    "minced garlic": {
      "flour": "Safe", 
      "gluten": "no gluten here!", 
      "quantity": "3", 
      "substitute": "no substitute needed", 
      "unit": "tablespoons"
    }, 
    "store-bought fresh (or frozen, thawed) pizza dough, at room temperature for 30 minutes": {
      "flour": "Safe", 
      "gluten": "gluten here!", 
      "quantity": "1", 
      "substitute": "gluten-free dough", 
      "unit": "pound"
    }
  }, 
  "instructions": [
    "Lightly butter a baking sheet. Roll out dough on a lightly floured surface into a 12-inch square. Cut dough in half. Cut each half crosswise into 1-inch-thick strips (for 24 strips total). Tie each strip into a knot, gently stretching dough as needed. Place on prepared sheet. Loosely cover with plastic wrap; let rise in a warm place until slightly puffed, 1-1 1/2 hours.", 
    "Preheat oven to 375\u00b0. Bake knots until cooked through and golden, 25-30 minutes.", 
    "Meanwhile, heat 1/2 cup butter with garlic in a small saucepan over medium heat, stirring occasionally, until garlic is fragrant, about 3 minutes. Transfer garlic butter to a large bowl; stir in oregano.", 
    "Place warm bread knots in bowl with garlic butter; toss until well coated. Transfer to a platter. Sprinkle with flaky salt.", 
    "To scale up, double or triple the ingredients. Arrange racks in upper and lower thirds of oven. Bake knots, rotating pans halfway through (work in batches if tripling). Serve half of knots. When platter runs low, rewarm remaining knots in a 350\u00b0 oven."
  ], 
  "keywords": [
    "Bread Recipes", 
    "Dinner Party Food", 
    "Garlic Recipes", 
    "Holiday Party Food", 
    "Low Cholesterol Recipes", 
    "Low-Calorie Recipes", 
    "Oregano Recipes", 
    "Rsvp", 
    "Snack", 
    "Vegetarian Recipes"
  ], 
  "name": "Garlic Oregano Knots", 
  "proteinContent": "Protein (g) 3", 
  "saturatedFatContent": "Saturated Fat (g) 4.5", 
  "servings": "Servings: Makes 24", 
  "sodiumContent": "Sodium (mg) 170", 
  "sugarContent": "Total Sugars (g) 1", 
  "url": "http://www.bonappetit.com/recipe/garlic-oregano-knots"
}