{
  "calories": "", 
  "carbohydrateContent": "", 
  "cholesterolContent": "", 
  "description": "The ginger \u201cbug,\u201d which jump-starts the fermentation in this recipe from chef Cortney Burns, Bar Tartine, San Francisco, specifically uses organic ginger because it\u2019s rich in microbes. You\u2019ll have extra bug; use it to make more grape soda, or try 4 cups fresh unpasteurized apple juice in place of grape.", 
  "fatContent": "", 
  "fiberContent": "", 
  "image": "http://www.bonappetit.com/wp-content/uploads/2013/08/fermented-grape-soda1.jpg", 
  "ingredients": {
    "lb. red seedless grapes": {
      "flour": "Safe", 
      "gluten": "no gluten here!", 
      "quantity": "3", 
      "substitute": "no substitute needed", 
      "unit": ""
    }, 
    "tsp. finely grated washed organic ginger, divided (grate 1 tsp. at a time over 4 days)": {
      "flour": "Safe", 
      "gluten": "no gluten here!", 
      "quantity": "4", 
      "substitute": "no substitute needed", 
      "unit": ""
    }, 
    "tsp. sugar, divided": {
      "flour": "Safe", 
      "gluten": "no gluten here!", 
      "quantity": "4", 
      "substitute": "no substitute needed", 
      "unit": ""
    }
  }, 
  "instructions": [
    "A clean 1-liter plastic soda bottle with cap; cheesecloth", 
    "Stir 1 tsp. ginger, 1 tsp. sugar, and 4 cups water in a 32-oz. canning jar to combine. Cover jar with cheesecloth; secure with a canning jar band (without lid). Let sit 1 day out of direct sunlight at room temperature.", 
    "Stir in 1 tsp. ginger and 1 tsp. sugar and let sit 1 day. Repeat twice more. Mixture (ginger bug) should have bubbles throughout and release more when agitated.", 
    "After 3 days, pur\u00e9e grapes in a blender until smooth. Strain, pressing on solids (you should have about 4 cups juice).", 
    "Combine juice and \u00bd cup ginger bug in a large nonreactive bowl. Cover with cheesecloth; secure with a large rubber band. Let sit out of direct sunlight at room temperature, skimming white mold from surface, until mixture is slightly foamy and releases bubbles when stirred, 3\u20134 days. Strain into bottle, cap, and let sit at room temperature until bottle feels pressurized, about 1 day longer. Chill.", 
    "DO AHEAD:Soda can be made 2 weeks ahead. Keep chilled."
  ], 
  "keywords": [
    "Drink Recipes", 
    "Drinks", 
    "Ginger Recipes", 
    "Good Health", 
    "Grape Recipes", 
    "Healthy Recipes", 
    "High Fiber", 
    "Low Cholesterol Recipes", 
    "Low Saturated Fat Recipes", 
    "nonalcoholic drinks recipes"
  ], 
  "name": "Fermented Grape Soda", 
  "proteinContent": "", 
  "saturatedFatContent": "", 
  "servings": "Servings: Makes 1 quart", 
  "sodiumContent": "", 
  "sugarContent": "", 
  "url": "http://www.bonappetit.com/recipe/fermented-grape-soda"
}