{
  "calories": "", 
  "carbohydrateContent": "", 
  "cholesterolContent": "", 
  "description": "This hazelnut butter cake is covered in a decadent sea salt caramel that will fit in a small saucepan, but make sure you use something larger\u2014the molten sauce bubbles up quite a lot.", 
  "fatContent": "", 
  "fiberContent": "", 
  "image": "http://www.bonappetit.com/wp-content/uploads/2013/11/hazelnut-butter-cake-with-sea-salt-caramel-940x600.jpg", 
  "ingredients": {
    "(1 stick) unsalted butter, room temperature, plus more": {
      "flour": "Safe", 
      "gluten": "no gluten here!", 
      "quantity": "\u00bd", 
      "substitute": "no substitute needed", 
      "unit": "cup"
    }, 
    "all-purpose flour, plus more": {
      "flour": {
        "type": {
          "binder": {
            "type": "xanthum gum", 
            "weight": 0.5
          }, 
          "density": {
            "type": "brown rice flour", 
            "weight": 0.142
          }, 
          "fat": {
            "type": "almond flour", 
            "weight": 0.142
          }, 
          "leavener": "", 
          "lightness": {
            "type": "white rice flour", 
            "weight": 0.284
          }, 
          "protein": {
            "type": "sorghum flour", 
            "weight": 0.142
          }, 
          "starch": {
            "type": "potato starch", 
            "weight": 0.284
          }, 
          "stickiness": "", 
          "texture": ""
        }, 
        "weight": 125
      }, 
      "gluten": "gluten here!", 
      "quantity": "1", 
      "substitute": "flour ratio", 
      "unit": "cup"
    }, 
    "baking powder": {
      "flour": "Safe", 
      "gluten": "no gluten here!", 
      "quantity": "1", 
      "substitute": "no substitute needed", 
      "unit": "teaspoon"
    }, 
    "blanched hazelnuts": {
      "flour": "Safe", 
      "gluten": "no gluten here!", 
      "quantity": "\u00bd", 
      "substitute": "no substitute needed", 
      "unit": "cup"
    }, 
    "flaky sea salt (such as maldon)": {
      "flour": "Safe", 
      "gluten": "no gluten here!", 
      "quantity": "\u00bd", 
      "substitute": "no substitute needed", 
      "unit": "tablespoon"
    }, 
    "granulated sugar": {
      "flour": "Safe", 
      "gluten": "no gluten here!", 
      "quantity": "\u00be", 
      "substitute": "no substitute needed", 
      "unit": "cup"
    }, 
    "granulated sugar, divided": {
      "flour": "Safe", 
      "gluten": "no gluten here!", 
      "quantity": "1", 
      "substitute": "no substitute needed", 
      "unit": "cup"
    }, 
    "heavy cream": {
      "flour": "Safe", 
      "gluten": "no gluten here!", 
      "quantity": "\u00be", 
      "substitute": "no substitute needed", 
      "unit": "cup"
    }, 
    "kosher salt": {
      "flour": "Safe", 
      "gluten": "no gluten here!", 
      "quantity": "\u00bd", 
      "substitute": "no substitute needed", 
      "unit": "teaspoon"
    }, 
    "large eggs": {
      "flour": "Safe", 
      "gluten": "no gluten here!", 
      "quantity": "3", 
      "substitute": "no substitute needed", 
      "unit": ""
    }, 
    "light corn syrup": {
      "flour": "Safe", 
      "gluten": "no gluten here!", 
      "quantity": "1", 
      "substitute": "no substitute needed", 
      "unit": "tablespoon"
    }, 
    "raw or granulated sugar": {
      "flour": "Safe", 
      "gluten": "no gluten here!", 
      "quantity": "1", 
      "substitute": "no substitute needed", 
      "unit": "tablespoon"
    }, 
    "unsalted butter": {
      "flour": "Safe", 
      "gluten": "no gluten here!", 
      "quantity": "1", 
      "substitute": "no substitute needed", 
      "unit": "tablespoon"
    }
  }, 
  "instructions": [
    "Preheat oven to 350\u00b0. Butter an 8&rdquo;-diameter cake pan. Line with a parchment round; butter parchment. Dust pan with flour.", 
    "Pulse hazelnuts and 1 Tbsp. granulated sugar in a food processor until finely ground; set aside 2 Tbsp. nut mixture. Whisk baking powder, salt, 1 cup flour, and remaining nut mixture in a medium bowl.", 
    "Using an electric mixer on high speed, beat \u00bd cup butter and remaining granulated sugar in a large bowl until light and fluffy, about 3 minutes. Add eggs one at a time, beating to blend between additions. Reduce speed to low and mix in dry ingredients. Scrape batter into prepared pan, and sprinkle with reserved nut mixture and raw sugar.", 
    "Bake until cake is golden brown and a tester inserted into the center of cake comes out clean, 40\u201345 minutes. Transfer pan to a wire rack; let cake cool in pan before turning out.", 
    "DO AHEAD:Cake can be baked 1 day ahead. Keep wrapped tightly at room temperature.", 
    "Bring granulated sugar, corn syrup, and 2 Tbsp. water to a boil in a medium saucepan over medium-high heat, stirring to dissolve sugar. Boil, swirling pan occasionally, until mixture turns a deep amber color, 8\u201310 minutes. Remove from heat and gradually add cream (mixture will bubble vigorously). Cook over medium heat, stirring occasionally, until smooth, about 2 minutes. Remove from heat and mix in butter and salt. Let cool slightly before serving with cake.", 
    "DO AHEAD:Caramel sauce can be made 5 days ahead. Cover and chill. Bring to room temperature before serving."
  ], 
  "keywords": [
    "Cake Recipes", 
    "Desserts", 
    "Fall Desserts", 
    "Hazelnut Recipes", 
    "Rsvp", 
    "Winter Desserts"
  ], 
  "name": "Hazelnut Butter Cake with Sea Salt Caramel", 
  "proteinContent": "", 
  "saturatedFatContent": "", 
  "servings": "Servings: 8", 
  "sodiumContent": "", 
  "sugarContent": "", 
  "url": "http://www.bonappetit.com/recipe/hazelnut-butter-cake-with-sea-salt-caramel"
}