{
  "calories": "", 
  "carbohydrateContent": "", 
  "cholesterolContent": "", 
  "description": "You\u2019ll never be tempted to buy packaged again.", 
  "fatContent": "", 
  "fiberContent": "", 
  "image": "http://www.bonappetit.com/wp-content/uploads/2014/10/herb-powder-940x600.jpg", 
  "ingredients": {
    "bunches tender herbs (such as dill, basil, cilantro, or tarragon)": {
      "flour": "Safe", 
      "gluten": "no gluten here!", 
      "quantity": "2", 
      "substitute": "no substitute needed", 
      "unit": ""
    }
  }, 
  "instructions": [
    "Preheat oven to 150\u00b0 or as low as it will go. Spread out herbs on a wire rack set inside a rimmed baking sheet and bake until dry and brittle, 1\u20131\u00bd hours. Working in batches, grind herbs in a spice mill to a fine powder.", 
    "DO AHEAD:Powder can be made 1 month ahead. Store airtight at room temperature."
  ], 
  "keywords": [
    "Basil", 
    "Cilantro", 
    "Condiments", 
    "Dill", 
    "Herbs", 
    "powder", 
    "Tarragon"
  ], 
  "name": "Herb Powder", 
  "proteinContent": "", 
  "saturatedFatContent": "", 
  "servings": "Servings: Makes about \u00bc cup", 
  "sodiumContent": "", 
  "sugarContent": "", 
  "url": "http://www.bonappetit.com/recipe/herb-powder"
}