{
  "calories": "", 
  "carbohydrateContent": "", 
  "cholesterolContent": "", 
  "fatContent": "", 
  "fiberContent": "", 
  "image": "http://www.bonappetit.com/wp-content/uploads/2013/01/hoisin-glazed-meatloaf-sandwiches-646.jpg", 
  "ingredients": {
    "(or more) vegetable oil, divided": {
      "flour": "Safe", 
      "gluten": "no gluten here!", 
      "quantity": "4", 
      "substitute": "no substitute needed", 
      "unit": "teaspoons"
    }, 
    "1-inch piece ginger, peeled, minced": {
      "flour": "Safe", 
      "gluten": "no gluten here!", 
      "quantity": "1", 
      "substitute": "no substitute needed", 
      "unit": ""
    }, 
    "1/2-inch cubes day-old crustless white bread (from 2 slices)": {
      "flour": "Safe", 
      "gluten": "gluten here!", 
      "quantity": "2", 
      "substitute": "gluten-free bread", 
      "unit": "cups"
    }, 
    "4-inch piece ginger, peeled, minced": {
      "flour": "Safe", 
      "gluten": "no gluten here!", 
      "quantity": "1", 
      "substitute": "no substitute needed", 
      "unit": ""
    }, 
    "celery stalks, minced (about 1 cup)": {
      "flour": "Safe", 
      "gluten": "no gluten here!", 
      "quantity": "3", 
      "substitute": "no substitute needed", 
      "unit": ""
    }, 
    "chopped fresh cilantro": {
      "flour": "Safe", 
      "gluten": "no gluten here!", 
      "quantity": "1", 
      "substitute": "no substitute needed", 
      "unit": "cup"
    }, 
    "each matchstick-size pieces peeled carrots, cucumbers, and radishes": {
      "flour": "Safe", 
      "gluten": "no gluten here!", 
      "quantity": "1", 
      "substitute": "no substitute needed", 
      "unit": "cup"
    }, 
    "freshly ground black pepper": {
      "flour": "Safe", 
      "gluten": "no gluten here!", 
      "quantity": "1", 
      "substitute": "no substitute needed", 
      "unit": "teaspoon"
    }, 
    "garlic clove, minced": {
      "flour": "Safe", 
      "gluten": "no gluten here!", 
      "quantity": "1", 
      "substitute": "no substitute needed", 
      "unit": ""
    }, 
    "garlic cloves, minced": {
      "flour": "Safe", 
      "gluten": "no gluten here!", 
      "quantity": "7", 
      "substitute": "no substitute needed", 
      "unit": ""
    }, 
    "ground beef": {
      "flour": "Safe", 
      "gluten": "no gluten here!", 
      "quantity": "1", 
      "substitute": "no substitute needed", 
      "unit": "pound"
    }, 
    "ground pork": {
      "flour": "Safe", 
      "gluten": "no gluten here!", 
      "quantity": "1", 
      "substitute": "no substitute needed", 
      "unit": "pound"
    }, 
    "hoisin sauce": {
      "flour": "Safe", 
      "gluten": "no gluten here!", 
      "quantity": "3/4", 
      "substitute": "no substitute needed", 
      "unit": "cup"
    }, 
    "kosher salt": {
      "flour": "Safe", 
      "gluten": "no gluten here!", 
      "quantity": "2", 
      "substitute": "no substitute needed", 
      "unit": "teaspoons"
    }, 
    "large eggs, beaten to blend": {
      "flour": "Safe", 
      "gluten": "no gluten here!", 
      "quantity": "2", 
      "substitute": "no substitute needed", 
      "unit": ""
    }, 
    "low-salt chicken broth": {
      "flour": "Safe", 
      "gluten": "no gluten here!", 
      "quantity": "1/2", 
      "substitute": "no substitute needed", 
      "unit": "cup"
    }, 
    "nonstick vegetable oil spray": {
      "flour": "Safe", 
      "gluten": "no gluten here!", 
      "quantity": "", 
      "substitute": "no substitute needed", 
      "unit": ""
    }, 
    "of kosher salt": {
      "flour": "Safe", 
      "gluten": "no gluten here!", 
      "quantity": "", 
      "substitute": "no substitute needed", 
      "unit": ""
    }, 
    "of sugar": {
      "flour": "Safe", 
      "gluten": "no gluten here!", 
      "quantity": "", 
      "substitute": "no substitute needed", 
      "unit": ""
    }, 
    "slices bacon, minced": {
      "flour": "Safe", 
      "gluten": "no gluten here!", 
      "quantity": "4", 
      "substitute": "no substitute needed", 
      "unit": ""
    }, 
    "thick slices white sandwich bread, toasted": {
      "flour": "Safe", 
      "gluten": "no gluten here!", 
      "quantity": "12", 
      "substitute": "no substitute needed", 
      "unit": ""
    }, 
    "thinly sliced scallions (dark green parts separated)": {
      "flour": "Safe", 
      "gluten": "no gluten here!", 
      "quantity": "1 1/3", 
      "substitute": "no substitute needed", 
      "unit": "cups"
    }, 
    "unseasoned rice vinegar": {
      "flour": "Safe", 
      "gluten": "no gluten here!", 
      "quantity": "3/4", 
      "substitute": "no substitute needed", 
      "unit": "cup"
    }, 
    "whole star anise, finely ground in a spice mill (about 2 teaspoons ground), or 1 teaspoon chinese five-spice powder": {
      "flour": "Safe", 
      "gluten": "no gluten here!", 
      "quantity": "3", 
      "substitute": "no substitute needed", 
      "unit": ""
    }
  }, 
  "instructions": [
    "Bring all ingredients to a boil in a medium saucepan; reduce heat to low and cook, stirring often, until sauce thickens to a glaze, 8\u201310 minutes.", 
    "Preheat oven to 375\u00b0. Coat the bottom and sides of loaf pan with nonstick spray and set aside. In a large bowl, soak bread cubes in chicken broth, stirring frequently, until liquid is absorbed and bread is beginning to fall apart, 4\u20135 minutes. Cook bacon in a large heavy skillet over medium heat until fat is rendered and bacon is starting to crisp. Add scallions (white and pale-green parts only), celery, ginger, and garlic; cook, stirring often, until vegetables begin to soften, 3\u20134 minutes. Let cool in pan for 5 minutes.", 
    "Combine scallion and bread mixtures in a large bowl. Add 2 Tbsp. hoisin glaze, remaining scallions (dark-green parts), beef, pork, and remaining 4 ingredients. Using your hands, work all ingredients together until very well incorporated and mixture is beginning to get sticky. Pack mixture into prepared pan, pressing to eliminate any air pockets and mounding in center. Cover with foil. Line a rimmed baking sheet with foil; place loaf pan on top.", 
    "Bake meatloaf for 30 minutes. Uncover and spread 2 Tbsp. hoisin glaze over top. Bake until an instant-read thermometer registers 165\u00b0 when inserted into center of meatloaf, about 1 hour longer.", 
    "Let meatloaf rest for 20 minutes. Using flexible spatulas, transfer meatloaf to a platter or cutting board. DO AHEAD: Can be made 1 day ahead. Let cool, cover, and chill.", 
    "Toss vegetables, next 3 ingredients, and 2 tsp. oil in a medium bowl to coat. Cover and chill, tossing occasionally, for  1 hour or up to 1 day ahead.", 
    "Cut meatloaf into 12 slices. Heat 2 tsp. oil in a large nonstick skillet over medium heat. Working in batches and adding additional oil by teaspoonfuls as needed, fry meatloaf slices until browned in spots and heated through, about 2 minutes per side.", 
    "Place toasts on plates; brush with hoisin glaze and top with a meatloaf slice. Drain salad, if using; mound on top of meatloaf, dividing equally. Garnish with cilantro."
  ], 
  "keywords": [
    "Beef Recipes", 
    "Comfort Food", 
    "Dinner", 
    "Entrees", 
    "Meat Recipes", 
    "Meatloaf Recipes", 
    "Modern Comforts", 
    "Pork Recipes", 
    "Sandwich Recipes"
  ], 
  "name": "Hoisin-Glazed Meatloaf Sandwiches", 
  "proteinContent": "", 
  "saturatedFatContent": "", 
  "servings": "Servings: 12", 
  "sodiumContent": "", 
  "sugarContent": "", 
  "url": "http://www.bonappetit.com/recipe/hoisin-glazed-meatloaf-sandwiches"
}