{
  "calories": "", 
  "carbohydrateContent": "", 
  "cholesterolContent": "", 
  "fatContent": "", 
  "fiberContent": "", 
  "image": "http://www.bonappetit.com/wp-content/uploads/2013/09/fresh-peach-chutney.jpg", 
  "ingredients": {
    "1\" piece ginger, peeled, julienned": {
      "flour": "Safe", 
      "gluten": "no gluten here!", 
      "quantity": "1", 
      "substitute": "no substitute needed", 
      "unit": ""
    }, 
    "bay leaves": {
      "flour": "Safe", 
      "gluten": "no gluten here!", 
      "quantity": "2", 
      "substitute": "no substitute needed", 
      "unit": ""
    }, 
    "cinnamon stick": {
      "flour": "Safe", 
      "gluten": "no gluten here!", 
      "quantity": "1", 
      "substitute": "no substitute needed", 
      "unit": ""
    }, 
    "cumin seeds": {
      "flour": "Safe", 
      "gluten": "no gluten here!", 
      "quantity": "1", 
      "substitute": "no substitute needed", 
      "unit": "teaspoon"
    }, 
    "kosher salt": {
      "flour": "Safe", 
      "gluten": "no gluten here!", 
      "quantity": "1", 
      "substitute": "no substitute needed", 
      "unit": "teaspoon"
    }, 
    "medium sweet onion (such as vidalia or maui), chopped": {
      "flour": "Safe", 
      "gluten": "no gluten here!", 
      "quantity": "1", 
      "substitute": "no substitute needed", 
      "unit": ""
    }, 
    "mustard seeds": {
      "flour": "Safe", 
      "gluten": "no gluten here!", 
      "quantity": "1", 
      "substitute": "no substitute needed", 
      "unit": "teaspoon"
    }, 
    "paprika": {
      "flour": "Safe", 
      "gluten": "no gluten here!", 
      "quantity": "1", 
      "substitute": "no substitute needed", 
      "unit": "tsp"
    }, 
    "ripe peaches (about 1\u00bd lb.), unpeeled, cut into small pieces": {
      "flour": "Safe", 
      "gluten": "no gluten here!", 
      "quantity": "4", 
      "substitute": "no substitute needed", 
      "unit": ""
    }, 
    "sugar": {
      "flour": "Safe", 
      "gluten": "no gluten here!", 
      "quantity": "2", 
      "substitute": "no substitute needed", 
      "unit": "tablespoons"
    }, 
    "vegetable oil": {
      "flour": "Safe", 
      "gluten": "no gluten here!", 
      "quantity": "4", 
      "substitute": "no substitute needed", 
      "unit": "tablespoons"
    }, 
    "whole star anise pods": {
      "flour": "Safe", 
      "gluten": "no gluten here!", 
      "quantity": "4", 
      "substitute": "no substitute needed", 
      "unit": ""
    }
  }, 
  "instructions": [
    "Heat oil in a large skillet over medium-high heat. Add onion and ginger and cook, stirring occasionally, until golden brown, 8\u201310 minutes. Add star anise, bay leaves, cinnamon stick, sugar, cumin seeds, mustard seeds, paprika, and salt and cook, stirring, until fragrant, about 3 minutes. Add peaches and cook, stirring occasionally, until softened and beginning to release their juices (but still hold their shape), about 5 minutes. Let cool slightly.", 
    "Serve withKerala-Style Fried Chicken (click for recipe).", 
    "DO AHEAD:Chutney can be made 5 days. Let cool; cover and chill."
  ], 
  "keywords": [
    "Anise", 
    "Chicken Recipes", 
    "Cinnamon Recipes", 
    "Condiments", 
    "Cumin Recipes", 
    "Ginger Recipes", 
    "Indian Food", 
    "Paprika Recipes", 
    "Peach Recipes"
  ], 
  "name": "Fresh Peach Chutney", 
  "proteinContent": "", 
  "saturatedFatContent": "", 
  "servings": "Servings: Makes about 2 1/2 cups", 
  "sodiumContent": "", 
  "sugarContent": "", 
  "url": "http://www.bonappetit.com/recipe/fresh-peach-chutney"
}