{
  "calories": "", 
  "carbohydrateContent": "", 
  "cholesterolContent": "", 
  "description": "We try to have hard-boiled on hand, but when we're time-pressed, this omelet takes just five minutes before work", 
  "fatContent": "", 
  "fiberContent": "", 
  "image": "http://www.bonappetit.com/wp-content/uploads/2014/03/fluffy-omelet-940x600.jpg", 
  "ingredients": {
    "kosher salt and freshly ground black pepper": {
      "flour": "Safe", 
      "gluten": "no gluten here!", 
      "quantity": "", 
      "substitute": "no substitute needed", 
      "unit": ""
    }, 
    "large eggs": {
      "flour": "Safe", 
      "gluten": "no gluten here!", 
      "quantity": "2", 
      "substitute": "no substitute needed", 
      "unit": ""
    }, 
    "olive oil": {
      "flour": "Safe", 
      "gluten": "no gluten here!", 
      "quantity": "1", 
      "substitute": "no substitute needed", 
      "unit": "tablespoon"
    }
  }, 
  "instructions": [
    "Whisk eggs until frothy; season with salt and pepper. Heat oil in a small nonstick skillet over medium heat. Add eggs and, using a heatproof rubber spatula, cook, lifting edges and tilting skillet to let uncooked egg run underneath, until mostly set, 2\u20133 minutes. Flip omelet and cook until set, about 30 seconds longer. Let cool slightly before slicing into \u00bd&rdquo;-thick strips."
  ], 
  "keywords": [
    "Breakfast", 
    "Brunch", 
    "Egg Recipes", 
    "Lunch", 
    "lunch al desko recipes"
  ], 
  "name": "Fluffy Omelet", 
  "proteinContent": "", 
  "saturatedFatContent": "", 
  "servings": "Servings: Makes 1 omelet", 
  "sodiumContent": "", 
  "sugarContent": "", 
  "url": "http://www.bonappetit.com/recipe/fluffy-omelet"
}