{
  "calories": "Calories (kcal) 240", 
  "carbohydrateContent": "Carbohydrates (g) 1", 
  "cholesterolContent": "Cholesterol (mg) 0", 
  "fatContent": "Fat (g) 28", 
  "fiberContent": "Dietary Fiber (g)  0", 
  "image": "http://www.bonappetit.com/wp-content/uploads/2012/06/green-charmoula.jpg", 
  "ingredients": {
    "(loosely packed) fresh cilantro leaves": {
      "flour": "Safe", 
      "gluten": "no gluten here!", 
      "quantity": "1/2", 
      "substitute": "no substitute needed", 
      "unit": "cup"
    }, 
    "(loosely packed) fresh mint leaves": {
      "flour": "Safe", 
      "gluten": "no gluten here!", 
      "quantity": "1/2", 
      "substitute": "no substitute needed", 
      "unit": "cup"
    }, 
    "chopped peeled ginger": {
      "flour": "Safe", 
      "gluten": "no gluten here!", 
      "quantity": "1/2", 
      "substitute": "no substitute needed", 
      "unit": "teaspoon"
    }, 
    "extra-virgin olive oil": {
      "flour": "Safe", 
      "gluten": "no gluten here!", 
      "quantity": "1", 
      "substitute": "no substitute needed", 
      "unit": "cup"
    }, 
    "flat-leaf parsley leaves": {
      "flour": "Safe", 
      "gluten": "no gluten here!", 
      "quantity": "1/2", 
      "substitute": "no substitute needed", 
      "unit": "cup"
    }, 
    "jalape\u00f1o, stemmed, seeded": {
      "flour": "Safe", 
      "gluten": "no gluten here!", 
      "quantity": "1", 
      "substitute": "no substitute needed", 
      "unit": ""
    }, 
    "kosher salt and freshly ground black pepper": {
      "flour": "Safe", 
      "gluten": "no gluten here!", 
      "quantity": "", 
      "substitute": "no substitute needed", 
      "unit": ""
    }
  }, 
  "instructions": [
    "Pulse first 6 ingredients in a blender or food processor until a coarse pur\u00e9e forms. Season to taste with salt and pepper. DO AHEAD: Sauce can be made 1 day ahead. Cover and chill. Let come to room temperature before using."
  ], 
  "keywords": [
    "Chile", 
    "Condiments", 
    "Ginger Recipes", 
    "Herb Recipes", 
    "Low Cholesterol Recipes", 
    "Low Sodium Recipes", 
    "Salad", 
    "Sauce Recipes", 
    "Spicy Food", 
    "Spread Recipes", 
    "Vegetarian Recipes"
  ], 
  "name": "Green Charmoula", 
  "proteinContent": "Protein (g) 0", 
  "saturatedFatContent": "Saturated Fat (g) 4", 
  "servings": "Servings: Makes 1 cup", 
  "sodiumContent": "Sodium (mg) 75", 
  "sugarContent": "Total Sugars (g) 0", 
  "url": "http://www.bonappetit.com/recipe/green-charmoula"
}