{
  "calories": "", 
  "carbohydrateContent": "", 
  "cholesterolContent": "", 
  "fatContent": "", 
  "fiberContent": "", 
  "image": "http://www.bonappetit.com/wp-content/uploads/2008/02/balsamic-bean-dip-with-fresh-veggies-940x600.jpg", 
  "ingredients": {
    "15-ounce can cannellini (white kidney beans), drained": {
      "flour": "Safe", 
      "gluten": "no gluten here!", 
      "quantity": "1", 
      "substitute": "no substitute needed", 
      "unit": ""
    }, 
    "assorted crudit\u00e9s": {
      "flour": "Safe", 
      "gluten": "no gluten here!", 
      "quantity": "", 
      "substitute": "no substitute needed", 
      "unit": ""
    }, 
    "balsamic vinegar plus extra for drizzling": {
      "flour": "Safe", 
      "gluten": "no gluten here!", 
      "quantity": "1", 
      "substitute": "no substitute needed", 
      "unit": "tablespoon"
    }, 
    "oil from jar of sun-dried tomatoes": {
      "flour": "Safe", 
      "gluten": "no gluten here!", 
      "quantity": "", 
      "substitute": "no substitute needed", 
      "unit": ""
    }, 
    "olive oil": {
      "flour": "Safe", 
      "gluten": "no gluten here!", 
      "quantity": "2", 
      "substitute": "no substitute needed", 
      "unit": "tablespoons"
    }, 
    "pita bread, cut into wedges": {
      "flour": "Safe", 
      "gluten": "gluten here!", 
      "quantity": "", 
      "substitute": "gluten-free bread", 
      "unit": ""
    }
  }, 
  "instructions": [
    "Puree beans, olive oil, and 1 tablespoon vinegar in processor until smooth. Season with salt and pepper. Transfer to bowl. Drizzle with tomato oil and a few drops of vinegar. Serve with crudit\u00e9s and pita wedges."
  ], 
  "keywords": [
    "Appetizers", 
    "Bison", 
    "Dinner", 
    "Earth-Friendly", 
    "Green", 
    "Meat Recipes", 
    "Middle Eastern Food", 
    "Sauce Recipes"
  ], 
  "name": "Balsamic Bean Dip with Fresh Veggies", 
  "proteinContent": "", 
  "saturatedFatContent": "", 
  "servings": "Servings: Makes 4", 
  "sodiumContent": "", 
  "sugarContent": "", 
  "url": "http://www.bonappetit.com/recipe/balsamic-bean-dip-with-fresh-veggies"
}