{
  "calories": "Calories (kcal) 46.9", 
  "carbohydrateContent": "Carbohydrates (g) 1.4", 
  "cholesterolContent": "Cholesterol (mg) 8.5", 
  "description": "In January 2010, the owners of Perbacco in the city's Financial District transformed a nearby deli into Barbacco Eno Trattoria, a casual spot inspired by a trattoria on Italy's Ligurian coast. Order a glass of wine and these incredible stuffed olives at the marble bar\u2014and prepare to be transported.", 
  "fatContent": "Fat (g) 4.3", 
  "fiberContent": "Dietary Fiber (g) 0.1", 
  "image": "http://www.bonappetit.com/wp-content/uploads/2010/08/fried-sausage-stuffed-green-olives.jpg", 
  "ingredients": {
    "1 1/2 teaspoons chopped fresh italian parsley": {
      "flour": "Safe", 
      "gluten": "no gluten here!", 
      "quantity": "", 
      "substitute": "no substitute needed", 
      "unit": ""
    }, 
    "1 large egg": {
      "flour": "Safe", 
      "gluten": "no gluten here!", 
      "quantity": "", 
      "substitute": "no substitute needed", 
      "unit": ""
    }, 
    "1 small garlic clove, pressed": {
      "flour": "Safe", 
      "gluten": "no gluten here!", 
      "quantity": "", 
      "substitute": "no substitute needed", 
      "unit": ""
    }, 
    "1 teaspoon water": {
      "flour": "Safe", 
      "gluten": "no gluten here!", 
      "quantity": "", 
      "substitute": "no substitute needed", 
      "unit": ""
    }, 
    "all purpose flour": {
      "flour": {
        "type": {
          "binder": {
            "type": "xanthum gum", 
            "weight": 0.5
          }, 
          "density": {
            "type": "brown rice flour", 
            "weight": 0.142
          }, 
          "fat": {
            "type": "almond flour", 
            "weight": 0.142
          }, 
          "leavener": "", 
          "lightness": {
            "type": "white rice flour", 
            "weight": 0.284
          }, 
          "protein": {
            "type": "sorghum flour", 
            "weight": 0.142
          }, 
          "starch": {
            "type": "potato starch", 
            "weight": 0.284
          }, 
          "stickiness": "", 
          "texture": ""
        }, 
        "weight": 125
      }, 
      "gluten": "gluten here!", 
      "quantity": "1/2", 
      "substitute": "flour ratio", 
      "unit": "cup"
    }, 
    "1/2 teaspoon dried crushed red pepper": {
      "flour": "Safe", 
      "gluten": "no gluten here!", 
      "quantity": "", 
      "substitute": "no substitute needed", 
      "unit": ""
    }, 
    "1/2 teaspoon finely grated lemon peel": {
      "flour": "Safe", 
      "gluten": "no gluten here!", 
      "quantity": "", 
      "substitute": "no substitute needed", 
      "unit": ""
    }, 
    "1/8 teaspoon freshly ground black pepper": {
      "flour": "Safe", 
      "gluten": "no gluten here!", 
      "quantity": "", 
      "substitute": "no substitute needed", 
      "unit": ""
    }, 
    "1/8 teaspoon salt": {
      "flour": "Safe", 
      "gluten": "no gluten here!", 
      "quantity": "", 
      "substitute": "no substitute needed", 
      "unit": ""
    }, 
    "2 tablespoons grated parmesan cheese": {
      "flour": "Safe", 
      "gluten": "no gluten here!", 
      "quantity": "", 
      "substitute": "no substitute needed", 
      "unit": ""
    }, 
    "3/4 cup panko (japanese breadcrumbs)": {
      "flour": "Safe", 
      "gluten": "gluten here!", 
      "quantity": "", 
      "substitute": "gluten-free panko", 
      "unit": ""
    }, 
    "30 large green pitted olives (such as cerignola)": {
      "flour": "Safe", 
      "gluten": "no gluten here!", 
      "quantity": "", 
      "substitute": "no substitute needed", 
      "unit": ""
    }, 
    "4 ounces sweet italian sausage, casings removed": {
      "flour": "Safe", 
      "gluten": "no gluten here!", 
      "quantity": "", 
      "substitute": "no substitute needed", 
      "unit": ""
    }, 
    "vegetable oil (for frying)": {
      "flour": "Safe", 
      "gluten": "no gluten here!", 
      "quantity": "", 
      "substitute": "no substitute needed", 
      "unit": ""
    }
  }, 
  "instructions": [
    "Mix first 8 ingredients in medium bowl until well incorporated. Cut slit lengthwise down 1 side of each olive. Stuff olives with sausage mixture, about generous 1/2 teaspoon per olive, pressing gently on olive to seal (some sausage will show).", 
    "Grind panko in processor until finely ground; sprinkle 1/4 cup over rimmed baking sheet and set aside. Place remaining panko in shallow bowl. Place flour in another shallow bowl. Place egg in third shallow bowl; add 1 teaspoon water to egg and whisk to blend. Working with a few olives at a time, roll in flour to coat, then beaten egg, then panko in shallow bowl. Place on sheet. DO AHEAD Can be made 4 hours ahead. Cover; chill.", 
    "Add enough oil to heavy large saucepan to reach depth of 3 inches. Attach deep-fry thermometer to edge of saucepan. Heat over medium heat to 350\u00b0F. Working in 3 batches, add olives to saucepan and cook until deep golden brown and sausage is cooked through, about 7 minutes, stirring occasionally. Using slotted spoon, transfer fried olives to paper towels to drain. Serve warm.", 
    "Pour a Ravello Bianco"
  ], 
  "keywords": [
    "Bar Food", 
    "Italian Food", 
    "Low Cal Recipes", 
    "Olives", 
    "Sausage Recipes", 
    "Snack"
  ], 
  "name": "Fried Sausage-Stuffed Green Olives", 
  "proteinContent": "Protein (g) 0.9", 
  "saturatedFatContent": "Saturated Fat (g) 0.5", 
  "servings": "Servings: Makes 30", 
  "sodiumContent": "Sodium (mg) 154.9", 
  "sugarContent": "Total Sugars (g) 0.0", 
  "url": "http://www.bonappetit.com/recipe/fried-sausage-stuffed-green-olives"
}