{
  "calories": "", 
  "carbohydrateContent": "", 
  "cholesterolContent": "", 
  "fatContent": "", 
  "fiberContent": "", 
  "image": "http://www.bonappetit.com/wp-content/uploads/2009/06/grilled-chicken-breasts-with-honeydew-salsa-940x600.jpg", 
  "ingredients": {
    "boneless chicken breast halves with skin": {
      "flour": "Safe", 
      "gluten": "no gluten here!", 
      "quantity": "4", 
      "substitute": "no substitute needed", 
      "unit": ""
    }, 
    "finely chopped fresh cilantro plus 1/4 cup cilantro leaves": {
      "flour": "Safe", 
      "gluten": "no gluten here!", 
      "quantity": "1/4", 
      "substitute": "no substitute needed", 
      "unit": "cup"
    }, 
    "finely chopped seeded serrano chile": {
      "flour": "Safe", 
      "gluten": "no gluten here!", 
      "quantity": "1", 
      "substitute": "no substitute needed", 
      "unit": "teaspoon"
    }, 
    "finely diced peeled seeded honeydew or other melon": {
      "flour": "Safe", 
      "gluten": "no gluten here!", 
      "quantity": "1 1/3", 
      "substitute": "no substitute needed", 
      "unit": "cups"
    }, 
    "finely diced red onion": {
      "flour": "Safe", 
      "gluten": "no gluten here!", 
      "quantity": "1/4", 
      "substitute": "no substitute needed", 
      "unit": "cup"
    }, 
    "finely grated lime peel": {
      "flour": "Safe", 
      "gluten": "no gluten here!", 
      "quantity": "2", 
      "substitute": "no substitute needed", 
      "unit": "teaspoons"
    }, 
    "fresh lime juice": {
      "flour": "Safe", 
      "gluten": "no gluten here!", 
      "quantity": "2", 
      "substitute": "no substitute needed", 
      "unit": "tablespoons"
    }, 
    "nonstick vegetable oil spray": {
      "flour": "Safe", 
      "gluten": "no gluten here!", 
      "quantity": "", 
      "substitute": "no substitute needed", 
      "unit": ""
    }, 
    "olive oil": {
      "flour": "Safe", 
      "gluten": "no gluten here!", 
      "quantity": "2", 
      "substitute": "no substitute needed", 
      "unit": "tablespoons"
    }
  }, 
  "instructions": [
    "Combine diced melon, 1/4 cup chopped cilantro, finely diced red onion, lime juice, olive oil, grated lime peel, and chopped serrano chile in medium bowl. Toss to  blend flavors. Season melon salsa to taste with salt and pepper.", 
    "Spray grill with nonstick vegetable oil spray; prepare barbecue (medium heat). Sprinkle chicken breasts with salt and pepper. Grill chicken breasts until skin is crisp and brown and chicken is cooked through, about 5 minutes per side.", 
    "Slice chicken breasts and arrange on plates. Top with melon salsa and cilantro leaves and serve."
  ], 
  "keywords": [
    "Barbecue", 
    "Chicken Recipes", 
    "Chile Pepper", 
    "Cooking With Melon", 
    "Dinner", 
    "Dinner Party", 
    "Fruit", 
    "Grilling", 
    "Grilling Food", 
    "Healthy", 
    "Herb", 
    "Honeydew", 
    "Low Cal", 
    "Main Course", 
    "Main Dishes", 
    "Melon", 
    "Melons", 
    "Onion", 
    "Poultry", 
    "Salsa", 
    "Salsa Recipes", 
    "Summer", 
    "Summer Food", 
    "Weeknight"
  ], 
  "name": "Grilled Chicken Breasts with Honeydew Salsa", 
  "proteinContent": "", 
  "saturatedFatContent": "", 
  "servings": "Servings: 4", 
  "sodiumContent": "", 
  "sugarContent": "", 
  "url": "http://www.bonappetit.com/recipe/grilled-chicken-breasts-with-honeydew-salsa"
}