{
  "calories": "", 
  "carbohydrateContent": "", 
  "cholesterolContent": "", 
  "fatContent": "", 
  "fiberContent": "", 
  "image": "http://www.bonappetit.com/wp-content/uploads/2012/02/beer-ss-ginger-cake-with-crystallized-ginger-frosting-646.jpg", 
  "ingredients": {
    "(2 sticks) unsalted butter, room temperature": {
      "flour": "Safe", 
      "gluten": "no gluten here!", 
      "quantity": "1", 
      "substitute": "no substitute needed", 
      "unit": "cup"
    }, 
    "(packed) golden brown sugar": {
      "flour": "Safe", 
      "gluten": "no gluten here!", 
      "quantity": "1 1/4", 
      "substitute": "no substitute needed", 
      "unit": "cups"
    }, 
    "all purpose flour": {
      "flour": {
        "type": {
          "binder": {
            "type": "xanthum gum", 
            "weight": 0.5
          }, 
          "density": {
            "type": "brown rice flour", 
            "weight": 0.142
          }, 
          "fat": {
            "type": "almond flour", 
            "weight": 0.142
          }, 
          "leavener": "", 
          "lightness": {
            "type": "white rice flour", 
            "weight": 0.284
          }, 
          "protein": {
            "type": "sorghum flour", 
            "weight": 0.142
          }, 
          "starch": {
            "type": "potato starch", 
            "weight": 0.284
          }, 
          "stickiness": "", 
          "texture": ""
        }, 
        "weight": 125
      }, 
      "gluten": "gluten here!", 
      "quantity": "2 1/2", 
      "substitute": "flour ratio", 
      "unit": "cups"
    }, 
    "baking soda": {
      "flour": "Safe", 
      "gluten": "no gluten here!", 
      "quantity": "2", 
      "substitute": "no substitute needed", 
      "unit": "teaspoons"
    }, 
    "chilled whipping cream": {
      "flour": "Safe", 
      "gluten": "no gluten here!", 
      "quantity": "3", 
      "substitute": "no substitute needed", 
      "unit": "cups"
    }, 
    "crystallized ginger slices": {
      "flour": "Safe", 
      "gluten": "no gluten here!", 
      "quantity": "", 
      "substitute": "no substitute needed", 
      "unit": ""
    }, 
    "fresh cranberries": {
      "flour": "Safe", 
      "gluten": "no gluten here!", 
      "quantity": "", 
      "substitute": "no substitute needed", 
      "unit": ""
    }, 
    "ground cinnamon": {
      "flour": "Safe", 
      "gluten": "no gluten here!", 
      "quantity": "2", 
      "substitute": "no substitute needed", 
      "unit": "teaspoons"
    }, 
    "ground cloves": {
      "flour": "Safe", 
      "gluten": "no gluten here!", 
      "quantity": "1/2", 
      "substitute": "no substitute needed", 
      "unit": "teaspoon"
    }, 
    "ground ginger": {
      "flour": "Safe", 
      "gluten": "no gluten here!", 
      "quantity": "2", 
      "substitute": "no substitute needed", 
      "unit": "teaspoons"
    }, 
    "large eggs": {
      "flour": "Safe", 
      "gluten": "no gluten here!", 
      "quantity": "2", 
      "substitute": "no substitute needed", 
      "unit": ""
    }, 
    "mild-flavored (light) molasses": {
      "flour": "Safe", 
      "gluten": "no gluten here!", 
      "quantity": "1", 
      "substitute": "no substitute needed", 
      "unit": "cup"
    }, 
    "minced crystallized ginger": {
      "flour": "Safe", 
      "gluten": "no gluten here!", 
      "quantity": "3", 
      "substitute": "no substitute needed", 
      "unit": "tablespoons"
    }, 
    "orange slices, quartered": {
      "flour": "Safe", 
      "gluten": "no gluten here!", 
      "quantity": "", 
      "substitute": "no substitute needed", 
      "unit": ""
    }, 
    "powdered sugar": {
      "flour": "Safe", 
      "gluten": "no gluten here!", 
      "quantity": "6", 
      "substitute": "no substitute needed", 
      "unit": "tablespoons"
    }, 
    "salt": {
      "flour": "Safe", 
      "gluten": "no gluten here!", 
      "quantity": "1/2", 
      "substitute": "no substitute needed", 
      "unit": "teaspoon"
    }, 
    "stout (beer), flat, room temperature": {
      "flour": "Safe", 
      "gluten": "gluten here!", 
      "quantity": "3/4", 
      "substitute": "gluten-free beer", 
      "unit": "cup"
    }
  }, 
  "instructions": [
    "Preheat oven to 350\u00b0F. Butter and flour two 9-inch-diameter cake pans with 2-inch-high sides. Sift first 6 ingredients into medium bowl; set aside. Using electric mixer, beat butter and brown sugar in large bowl until light and fluffy. Add eggs 1 at a time, beating well after each addition. Beat in molasses. Beat in flour mixture alternately with stout in 3 additions each (mixture may look curdled). Beat just until smooth. Divide batter between prepared pans; smooth tops.", 
    "Bake cakes until tester inserted into center comes out clean, about 40 minutes. Cool cakes in pans on rack 10 minutes. Turn cakes out onto racks; cool completely. DO AHEAD Can be made 1 day ahead. Wrap in plastic; let stand at room temperature.", 
    "Using electric mixer, beat cream and powdered sugar in large bowl until peaks form. Fold in minced crystallized ginger. Place 1 cake layer on platter. Spread 2 cups frosting over top. Top with second cake layer. Spread remaining frosting over top and sides of cake. Arrange orange slices, ginger slices and cranberries on top. DO AHEAD Can be made 2 hours ahead. Chill. Let stand at room temperature 20 minutes before serving."
  ], 
  "keywords": [
    "American", 
    "Beer", 
    "Cake", 
    "Cake Recipes", 
    "Christmas", 
    "Christmas Food", 
    "Cooking With Beer", 
    "Cream", 
    "Dessert", 
    "Desserts", 
    "Egg", 
    "Frosting/Icing", 
    "Ginger", 
    "Gingerbread", 
    "Guinness", 
    "Orange", 
    "St Patricks Day Food", 
    "Stout"
  ], 
  "name": "Ginger Cake with Crystallized Ginger Frosting", 
  "proteinContent": "", 
  "saturatedFatContent": "", 
  "servings": "Servings: 10", 
  "sodiumContent": "", 
  "sugarContent": "", 
  "url": "http://www.bonappetit.com/recipe/ginger-cake-with-crystallized-ginger-frosting"
}