{
  "calories": "Calories (kcal) 537.8", 
  "carbohydrateContent": "Carbohydrates (g) 30.8", 
  "cholesterolContent": "Cholesterol (mg) 88.0", 
  "description": "A healthful take on chiles rellenos, this wonderful vegetarian entr\u00e9e is baked, not fried", 
  "fatContent": "Fat (g) 36.7", 
  "fiberContent": "Dietary Fiber (g) 5.8", 
  "image": "", 
  "ingredients": {
    "4 x 1/4 x 1/4-inch pieces monterey jack cheese or mozzarella cheese": {
      "flour": "Safe", 
      "gluten": "no gluten here!", 
      "quantity": "8", 
      "substitute": "no substitute needed", 
      "unit": ""
    }, 
    "anaheim chiles are also known as california chiles.": {
      "flour": "Safe", 
      "gluten": "no gluten here!", 
      "quantity": "", 
      "substitute": "no substitute needed", 
      "unit": ""
    }, 
    "cotijais a salty cheese that crumbles easily (if unavailable, mild feta can be used). these ingredients are sold at some supermarkets and at latin markets.": {
      "flour": "Safe", 
      "gluten": "no gluten here!", 
      "quantity": "", 
      "substitute": "no substitute needed", 
      "unit": ""
    }, 
    "crema mexicana or sour cream": {
      "flour": "Safe", 
      "gluten": "no gluten here!", 
      "quantity": "", 
      "substitute": "no substitute needed", 
      "unit": ""
    }, 
    "crema mexicanais a cultured cream with the consistency of thin sour cream.": {
      "flour": "Safe", 
      "gluten": "no gluten here!", 
      "quantity": "", 
      "substitute": "no substitute needed", 
      "unit": ""
    }, 
    "crumbled cotija cheese": {
      "flour": "Safe", 
      "gluten": "no gluten here!", 
      "quantity": "", 
      "substitute": "no substitute needed", 
      "unit": ""
    }, 
    "cup imported dry sherry": {
      "flour": "Safe", 
      "gluten": "no gluten here!", 
      "quantity": "1/4", 
      "substitute": "no substitute needed", 
      "unit": ""
    }, 
    "cup minced shallot": {
      "flour": "Safe", 
      "gluten": "no gluten here!", 
      "quantity": "1/4", 
      "substitute": "no substitute needed", 
      "unit": ""
    }, 
    "cups assorted sliced mushrooms (such as crimini and stemmed shiitake)": {
      "flour": "Safe", 
      "gluten": "no gluten here!", 
      "quantity": "6", 
      "substitute": "no substitute needed", 
      "unit": ""
    }, 
    "large egg white, whisked to loosen": {
      "flour": "Safe", 
      "gluten": "no gluten here!", 
      "quantity": "", 
      "substitute": "no substitute needed", 
      "unit": ""
    }, 
    "large fresh anaheim chiles": {
      "flour": "Safe", 
      "gluten": "no gluten here!", 
      "quantity": "8", 
      "substitute": "no substitute needed", 
      "unit": ""
    }, 
    "ounces soft fresh goat cheese, crumbled": {
      "flour": "Safe", 
      "gluten": "no gluten here!", 
      "quantity": "4", 
      "substitute": "no substitute needed", 
      "unit": ""
    }, 
    "red chile sauce (click for recipe)": {
      "flour": "Safe", 
      "gluten": "no gluten here!", 
      "quantity": "", 
      "substitute": "no substitute needed", 
      "unit": ""
    }, 
    "sliced avocado": {
      "flour": "Safe", 
      "gluten": "no gluten here!", 
      "quantity": "", 
      "substitute": "no substitute needed", 
      "unit": ""
    }, 
    "tablespoons (1/4 stick) butter": {
      "flour": "Safe", 
      "gluten": "no gluten here!", 
      "quantity": "2", 
      "substitute": "no substitute needed", 
      "unit": ""
    }, 
    "all purpose flour": {
      "flour": {
        "type": {
          "binder": {
            "type": "xanthum gum", 
            "weight": 0.5
          }, 
          "density": {
            "type": "brown rice flour", 
            "weight": 0.142
          }, 
          "fat": {
            "type": "almond flour", 
            "weight": 0.142
          }, 
          "leavener": "", 
          "lightness": {
            "type": "white rice flour", 
            "weight": 0.284
          }, 
          "protein": {
            "type": "sorghum flour", 
            "weight": 0.142
          }, 
          "starch": {
            "type": "potato starch", 
            "weight": 0.284
          }, 
          "stickiness": "", 
          "texture": ""
        }, 
        "weight": 125
      }, 
      "gluten": "gluten here!", 
      "quantity": "1/8", 
      "substitute": "flour ratio", 
      "unit": "cup"
    }, 
    "tablespoons chopped fresh cilantro": {
      "flour": "Safe", 
      "gluten": "no gluten here!", 
      "quantity": "2", 
      "substitute": "no substitute needed", 
      "unit": ""
    }, 
    "tablespoons cornstarch": {
      "flour": "Safe", 
      "gluten": "no gluten here!", 
      "quantity": "3", 
      "substitute": "no substitute needed", 
      "unit": ""
    }, 
    "teaspoons minced fresh thyme": {
      "flour": "Safe", 
      "gluten": "no gluten here!", 
      "quantity": "1 1/2", 
      "substitute": "no substitute needed", 
      "unit": ""
    }, 
    "vegetable oil (for brushing)": {
      "flour": "Safe", 
      "gluten": "no gluten here!", 
      "quantity": "", 
      "substitute": "no substitute needed", 
      "unit": ""
    }
  }, 
  "instructions": [
    "Char chiles directly over gas flame or in broiler until blackened on all sides. Enclose in plastic bag and let steam 10 minutes. Using small knife, scrape off blackened skin, taking care not to tear chiles. Carefully cut slit in each chile, from stem end to tip. Remove seeds, keeping chile intact.", 
    "Melt butter in heavy large skillet over medium-high heat. Add shallot and thyme; saut\u00e9 until shallot is translucent, about 2 minutes. Add mushrooms; sprinkle with salt and pepper. Saut\u00e9 until mushrooms are browned, about 7 minutes. Add Sherry; stir until almost dry, 1 to 2 minutes. Refrigerate mixture 10 minutes. Add goat cheese and cilantro; stir to incorporate.", 
    "Place 1 piece Monterey Jack cheese lengthwise inside each chile. Divide mushroom mixture among chiles; press openings to seal.", 
    "DO AHEAD:Can be made 1 day ahead. Cover and chill.", 
    "Preheat oven to 450\u00b0F. Generously brush rimmed baking sheet with oil. Whisk flour and cornstarch in shallow bowl. Brush chiles with egg white; roll in flour mixture to coat. Transfer to prepared sheet.", 
    "Bake chiles until browned and Jack cheese melts, about 8 minutes per side. Ladle 1/4 cup Red Chile Sauce onto each plate (reserve remaining sauce for another use) and top with 2 chiles. Garnish with avocado, crema, and Cotija cheese.", 
    "", 
    "", 
    ""
  ], 
  "keywords": [
    "Cheese Recipes", 
    "Chile", 
    "Dinner", 
    "Goat Cheese Recipes", 
    "Mexican Food", 
    "Mushroom Recipes", 
    "Spicy Food", 
    "Vegetarian Recipes"
  ], 
  "name": "Goat Cheese and Mushroom Chiles Rellenos with Red Chile Sauce", 
  "proteinContent": "Protein (g) 26.8", 
  "saturatedFatContent": "Saturated Fat (g) 18.3", 
  "servings": "Servings: makes about 2 cups", 
  "sodiumContent": "", 
  "sugarContent": "Total Sugars (g) 6.4", 
  "url": "http://www.bonappetit.com/recipe/goat-cheese-and-mushroom-chiles-rellenos-with-red-chile-sauce"
}