{
  "calories": "", 
  "carbohydrateContent": "", 
  "cholesterolContent": "", 
  "description": "A dry brine with garlic and herbs can be applied directly to your turkey's skin for a few hours, delivering big flavor and less hassle.", 
  "fatContent": "", 
  "fiberContent": "", 
  "image": "http://www.bonappetit.com/wp-content/uploads/2013/10/garlic-and-herb-dry-brine.jpg", 
  "ingredients": {
    "celery seeds": {
      "flour": "Safe", 
      "gluten": "no gluten here!", 
      "quantity": "2", 
      "substitute": "no substitute needed", 
      "unit": "teaspoons"
    }, 
    "coarsely ground black pepper": {
      "flour": "Safe", 
      "gluten": "no gluten here!", 
      "quantity": "\u00bd", 
      "substitute": "no substitute needed", 
      "unit": "teaspoon"
    }, 
    "kosher salt": {
      "flour": "Safe", 
      "gluten": "no gluten here!", 
      "quantity": "\u00bd", 
      "substitute": "no substitute needed", 
      "unit": "cup"
    }, 
    "large cloves garlic, chopped": {
      "flour": "Safe", 
      "gluten": "no gluten here!", 
      "quantity": "4", 
      "substitute": "no substitute needed", 
      "unit": ""
    }, 
    "sprigs rosemary": {
      "flour": "Safe", 
      "gluten": "no gluten here!", 
      "quantity": "4", 
      "substitute": "no substitute needed", 
      "unit": ""
    }, 
    "sprigs sage": {
      "flour": "Safe", 
      "gluten": "no gluten here!", 
      "quantity": "6", 
      "substitute": "no substitute needed", 
      "unit": ""
    }, 
    "sprigs thyme": {
      "flour": "Safe", 
      "gluten": "no gluten here!", 
      "quantity": "10", 
      "substitute": "no substitute needed", 
      "unit": ""
    }, 
    "sugar": {
      "flour": "Safe", 
      "gluten": "no gluten here!", 
      "quantity": "2", 
      "substitute": "no substitute needed", 
      "unit": "tablespoons"
    }
  }, 
  "instructions": [
    "Chop thyme, sage, and rosemary sprigs and pulse in a food processor with garlic, celery seeds, and pepper until a coarse paste forms. Add salt and sugar and pulse until blended, about 30 seconds.", 
    "DO AHEAD:Dry brine can be made 3 days ahead. Cover and chill."
  ], 
  "keywords": [
    "25 Ways to Reinvent Your Thanksgiving", 
    "Brine", 
    "Rosemary Recipes", 
    "Sage Recipes", 
    "Thanksgiving", 
    "Thanksgiving brine recipes", 
    "Thanksgiving brines", 
    "Thyme Recipes"
  ], 
  "name": "Garlic and Herb Dry Brine", 
  "proteinContent": "", 
  "saturatedFatContent": "", 
  "servings": "Servings: Makes enough for one 12\u201314-lb. Turkey", 
  "sodiumContent": "", 
  "sugarContent": "", 
  "url": "http://www.bonappetit.com/recipe/garlic-and-herb-dry-brine"
}