{
  "calories": "Calories (kcal) 268", 
  "carbohydrateContent": "Carbohydrates (g) 18", 
  "cholesterolContent": "Cholesterol (mg) 0", 
  "description": "Because flavors become muted in cold dishes, season this soup as you go and taste again after chilling.", 
  "fatContent": "Fat (g) 19", 
  "fiberContent": "Dietary Fiber (g) 3", 
  "image": "http://www.bonappetit.com/wp-content/uploads/2014/06/green-gazpacho-940x600.jpg", 
  "ingredients": {
    "fresh lime juice": {
      "flour": "Safe", 
      "gluten": "no gluten here!", 
      "quantity": "2", 
      "substitute": "no substitute needed", 
      "unit": "tablespoons"
    }, 
    "garlic cloves, finely grated": {
      "flour": "Safe", 
      "gluten": "no gluten here!", 
      "quantity": "2", 
      "substitute": "no substitute needed", 
      "unit": ""
    }, 
    "green bell pepper, coarsely chopped": {
      "flour": "Safe", 
      "gluten": "no gluten here!", 
      "quantity": "1", 
      "substitute": "no substitute needed", 
      "unit": ""
    }, 
    "jalape\u00f1os, seeds removed, chopped": {
      "flour": "Safe", 
      "gluten": "no gluten here!", 
      "quantity": "2", 
      "substitute": "no substitute needed", 
      "unit": ""
    }, 
    "kosher salt, plus more": {
      "flour": "Safe", 
      "gluten": "no gluten here!", 
      "quantity": "\u00be", 
      "substitute": "no substitute needed", 
      "unit": "teaspoon"
    }, 
    "large tomatillos (about 12 oz.), husked, quartered": {
      "flour": "Safe", 
      "gluten": "no gluten here!", 
      "quantity": "4", 
      "substitute": "no substitute needed", 
      "unit": ""
    }, 
    "medium english hothouse cucumber, halved lengthwise, seeds removed, cut into large pieces": {
      "flour": "Safe", 
      "gluten": "no gluten here!", 
      "quantity": "1", 
      "substitute": "no substitute needed", 
      "unit": ""
    }, 
    "olive oil, plus more for drizzling": {
      "flour": "Safe", 
      "gluten": "no gluten here!", 
      "quantity": "\u00bd", 
      "substitute": "no substitute needed", 
      "unit": "cup"
    }, 
    "oz. ciabatta or country-style bread, crust removed, bread torn into 1&rdquo; pieces (about 2\u00bd cups)": {
      "flour": "Safe", 
      "gluten": "gluten here!", 
      "quantity": "4", 
      "substitute": "gluten-free bread", 
      "unit": ""
    }, 
    "piment d\u2019espelette or hungarian hot paprika (for serving)": {
      "flour": "Safe", 
      "gluten": "no gluten here!", 
      "quantity": "", 
      "substitute": "no substitute needed", 
      "unit": ""
    }, 
    "scallions, cut into 1&rdquo; pieces": {
      "flour": "Safe", 
      "gluten": "no gluten here!", 
      "quantity": "4", 
      "substitute": "no substitute needed", 
      "unit": ""
    }, 
    "white wine vinegar": {
      "flour": "Safe", 
      "gluten": "no gluten here!", 
      "quantity": "\u00bc", 
      "substitute": "no substitute needed", 
      "unit": "cup"
    }, 
    "whole-milk plain greek yogurt, divided": {
      "flour": "Safe", 
      "gluten": "no gluten here!", 
      "quantity": "1\u00bd", 
      "substitute": "no substitute needed", 
      "unit": "cups"
    }
  }, 
  "instructions": [
    "Whisk vinegar, lime juice, 1 cup yogurt, and \u00bd cup oil in a large bowl until smooth. Add bread, cucumber, bell pepper, tomatillos, scallions, jalape\u00f1os, garlic, and \u00be tsp. salt and toss to coat (make sure bread is well coated so it can soak up as much flavor as possible). Cover and chill at least 4 hours.", 
    "Working in batches, pur\u00e9e bread and vegetable mixture in a blender until very smooth; transfer to a large bowl and season gazpacho with salt.", 
    "Whisk remaining \u00bd cup yogurt in a small bowl, thinning with water a tablespoonful at a time, until the consistency of heavy cream; season with salt.", 
    "Serve soup in chilled bowls. Drizzle with thinned yogurt and more oil and sprinkle with piment d\u2019Espelette.", 
    "DO AHEAD:Gazpacho can be made 1 day ahead; cover and chill. Mix well before serving."
  ], 
  "keywords": [
    "Bell Pepper Recipes", 
    "Cucumber Recipes", 
    "Gazpacho", 
    "Jalapeno Recipes", 
    "Lime Recipes", 
    "Rsvp", 
    "Scallion Recipes", 
    "Soup Recipes", 
    "Summer Food", 
    "Tomatillo Recipes", 
    "Yogurt Recipes"
  ], 
  "name": "Green Gazpacho", 
  "proteinContent": "Protein (g) 8", 
  "saturatedFatContent": "Saturated Fat (g) 2", 
  "servings": "Servings: 6", 
  "sodiumContent": "Sodium (mg) 350", 
  "sugarContent": "Total Sugars (g) 6", 
  "url": "http://www.bonappetit.com/recipe/green-gazpacho"
}