{
  "calories": "Calories (kcal) 278.0", 
  "carbohydrateContent": "Carbohydrates (g) 17.0", 
  "cholesterolContent": "Cholesterol (mg) 50.5", 
  "fatContent": "Fat (g) 6.4", 
  "fiberContent": "Dietary Fiber (g) 0.0", 
  "image": "http://www.bonappetit.com/wp-content/uploads/2011/11/holiday-ham-with-riesling-and-mustard-940x600.jpg", 
  "ingredients": {
    "(1/4 stick) unsalted butter": {
      "flour": "Safe", 
      "gluten": "no gluten here!", 
      "quantity": "2", 
      "substitute": "no substitute needed", 
      "unit": "tablespoons"
    }, 
    "14\u201316 lb. whole cured, smoked bone-in ham": {
      "flour": "Safe", 
      "gluten": "no gluten here!", 
      "quantity": "1", 
      "substitute": "no substitute needed", 
      "unit": ""
    }, 
    "finely chopped shallots": {
      "flour": "Safe", 
      "gluten": "no gluten here!", 
      "quantity": "1/4", 
      "substitute": "no substitute needed", 
      "unit": "cup"
    }, 
    "freshly ground black pepper": {
      "flour": "Safe", 
      "gluten": "no gluten here!", 
      "quantity": "1/2", 
      "substitute": "no substitute needed", 
      "unit": "teaspoon"
    }, 
    "honey": {
      "flour": "Safe", 
      "gluten": "no gluten here!", 
      "quantity": "1", 
      "substitute": "no substitute needed", 
      "unit": "tablespoon"
    }, 
    "small pinch of kosher salt": {
      "flour": "Safe", 
      "gluten": "no gluten here!", 
      "quantity": "", 
      "substitute": "no substitute needed", 
      "unit": ""
    }, 
    "sprigs thyme plus 2 tsp. fresh thyme leaves": {
      "flour": "Safe", 
      "gluten": "no gluten here!", 
      "quantity": "3", 
      "substitute": "no substitute needed", 
      "unit": ""
    }, 
    "sweet (auslese) riesling, divided": {
      "flour": "Safe", 
      "gluten": "no gluten here!", 
      "quantity": "2", 
      "substitute": "no substitute needed", 
      "unit": "cups"
    }, 
    "whole grain mustard": {
      "flour": "Safe", 
      "gluten": "no gluten here!", 
      "quantity": "1/2", 
      "substitute": "no substitute needed", 
      "unit": "cup"
    }
  }, 
  "instructions": [
    "Arrange rack in lowest level of oven; preheat to 300\u00b0. Leaving fat in tact, remove outer rind from most of ham, leaving a band around the end of the shank bone. Score fat crosswise (do not cut into meat) on top of ham with parallel cuts spaced 1/2\u201d apart. Place ham in a large roasting pan. Boil 1 cup Riesling and 7 cups water in a saucepan for 5 minutes. Pour into bottom of roasting pan. Bake ham, basting with pan juices occasionally, until an instant-read thermometer inserted into the center of the ham registers 110\u00b0, 2 1/2\u20133 hours.", 
    "Meanwhile, melt butter in a medium skillet over medium heat. Add shallots and thyme sprigs; cook, stirring often, until shallots are very soft, about 10 minutes. Remove pan from heat; stir in the remaining 1 cup Riesling. Return to stove. Increase heat to medium-high, bring to a simmer, and cook until reduced to 1/4 cup, about 8 minutes. Remove the thyme sprigs and transfer mixture to a food processor. Add thyme leaves, mustard, honey, pepper, and salt. Process until well blended.", 
    "Remove pan from oven and increase heat to 350\u00b0. Using a pastry brush, spread Riesling mixture over ham. Return pan to oven and bake ham, tenting with foil if browning too quickly, until internal temperature registers 135\u00b0 and crust is golden brown, 15-30 minutes.", 
    "transfer ham to a large platter. Let rest for 30 minutes before carving. Skim fat from pan juices, reheat, and pour juices into a medium pitcher; serve alongside."
  ], 
  "keywords": [
    "Christmas", 
    "December 2011 Recipes", 
    "Dinner", 
    "Entrees", 
    "Ham Recipes", 
    "Home For The Holidays", 
    "Meat Recipes", 
    "Recipes"
  ], 
  "name": "Holiday Ham with Riesling and Mustard", 
  "proteinContent": "Protein (g) 38.2", 
  "saturatedFatContent": "Saturated Fat (g) 2.7", 
  "servings": "", 
  "sodiumContent": "Sodium (mg) 2026.0", 
  "sugarContent": "Total Sugars (g) 1.1", 
  "url": "http://www.bonappetit.com/recipe/holiday-ham-with-riesling-and-mustard"
}