{
  "calories": "Calories (kcal) 225.3", 
  "carbohydrateContent": "Carbohydrates (g) 10.5", 
  "cholesterolContent": "Cholesterol (mg) 0", 
  "description": "Feeding a crowd? This expandable or contractible recipe can be multiplied to serve as many as you need.", 
  "fatContent": "Fat (g)    20.0", 
  "fiberContent": "Dietary Fiber (g) 4.3", 
  "image": "http://www.bonappetit.com/wp-content/uploads/2011/11/escarole-and-butter-lettuce-salad-with-pomegranate-seeds.jpg", 
  "ingredients": {
    "champagne vinegar or white wine vinegar": {
      "flour": "Safe", 
      "gluten": "no gluten here!", 
      "quantity": "1/4", 
      "substitute": "no substitute needed", 
      "unit": "cup"
    }, 
    "finely grated lemon peel": {
      "flour": "Safe", 
      "gluten": "no gluten here!", 
      "quantity": "1", 
      "substitute": "no substitute needed", 
      "unit": "teaspoon"
    }, 
    "finely grated lime peel": {
      "flour": "Safe", 
      "gluten": "no gluten here!", 
      "quantity": "1", 
      "substitute": "no substitute needed", 
      "unit": "teaspoon"
    }, 
    "finely grated orange peel": {
      "flour": "Safe", 
      "gluten": "no gluten here!", 
      "quantity": "1", 
      "substitute": "no substitute needed", 
      "unit": "teaspoon"
    }, 
    "fresh lemon juice": {
      "flour": "Safe", 
      "gluten": "no gluten here!", 
      "quantity": "1 1/2", 
      "substitute": "no substitute needed", 
      "unit": "teaspoons"
    }, 
    "fresh lime juice": {
      "flour": "Safe", 
      "gluten": "no gluten here!", 
      "quantity": "1", 
      "substitute": "no substitute needed", 
      "unit": "teaspoon"
    }, 
    "fresh orange juice": {
      "flour": "Safe", 
      "gluten": "no gluten here!", 
      "quantity": "1/4", 
      "substitute": "no substitute needed", 
      "unit": "cup"
    }, 
    "fresh pomegranate seeds": {
      "flour": "Safe", 
      "gluten": "no gluten here!", 
      "quantity": "1", 
      "substitute": "no substitute needed", 
      "unit": "cup"
    }, 
    "granny smith apple, quartered, cored, thinly sliced": {
      "flour": "Safe", 
      "gluten": "no gluten here!", 
      "quantity": "1", 
      "substitute": "no substitute needed", 
      "unit": ""
    }, 
    "grapeseed oil or olive oil": {
      "flour": "Safe", 
      "gluten": "no gluten here!", 
      "quantity": "1/2", 
      "substitute": "no substitute needed", 
      "unit": "cup"
    }, 
    "hazelnuts, toasted, husked": {
      "flour": "Safe", 
      "gluten": "no gluten here!", 
      "quantity": "2/3", 
      "substitute": "no substitute needed", 
      "unit": "cup"
    }, 
    "head of butter lettuce, coarsely torn": {
      "flour": "Safe", 
      "gluten": "no gluten here!", 
      "quantity": "1", 
      "substitute": "no substitute needed", 
      "unit": ""
    }, 
    "large head of escarole, coarsely torn": {
      "flour": "Safe", 
      "gluten": "no gluten here!", 
      "quantity": "1", 
      "substitute": "no substitute needed", 
      "unit": ""
    }
  }, 
  "instructions": [
    "Combine vinegar and next 6 ingredients in small bowl. Gradually whisk in oil. Season dressing to taste with salt and pepper.", 
    "Mix all ingredients in very large bowl. Toss with enough dressing to coat."
  ], 
  "keywords": [
    "Appetizers", 
    "Apple", 
    "Citrus", 
    "Cooking Club", 
    "Dinner", 
    "Dinner Party", 
    "Dressing", 
    "Easy Recipes", 
    "Escarole", 
    "Family Reunion", 
    "Family Style", 
    "First Course", 
    "Hazelnut", 
    "High Fiber", 
    "Large Group", 
    "Lettuce", 
    "Low Cal", 
    "Low Cholesterol", 
    "Lunch", 
    "Pomegranate", 
    "Potluck", 
    "Quick &amp; Easy", 
    "Salad", 
    "Side", 
    "Side Dishes", 
    "Tree Trimming Party", 
    "Vegetable", 
    "Vegetable Recipes", 
    "Vegetarian", 
    "Vegetarian Recipes", 
    "Winter"
  ], 
  "name": "Escarole and Butter Lettuce Salad with Pomegranate Seeds and Hazelnuts", 
  "proteinContent": "Protein (g) 2.7", 
  "saturatedFatContent": "Saturated Fat (g) 2.4", 
  "servings": "Servings: 8", 
  "sodiumContent": "", 
  "sugarContent": "Total Sugars (g) 5.4", 
  "url": "http://www.bonappetit.com/recipe/escarole-and-butter-lettuce-salad-with-pomegranate-seeds-and-hazelnuts"
}