{
  "calories": "", 
  "carbohydrateContent": "", 
  "cholesterolContent": "", 
  "fatContent": "", 
  "fiberContent": "", 
  "image": "http://www.bonappetit.com/wp-content/uploads/2005/12/hot-buttered-rum-cheesecakes-with-rum-caramel-sauce.jpg", 
  "ingredients": {
    "": {
      "flour": "Safe", 
      "gluten": "no gluten here!", 
      "quantity": "", 
      "substitute": "no substitute needed", 
      "unit": ""
    }, 
    "(2 sticks) unsalted butter, melted": {
      "flour": "Safe", 
      "gluten": "no gluten here!", 
      "quantity": "1", 
      "substitute": "no substitute needed", 
      "unit": "cup"
    }, 
    "(packed) golden brown sugar": {
      "flour": "Safe", 
      "gluten": "no gluten here!", 
      "quantity": "1/4", 
      "substitute": "no substitute needed", 
      "unit": "cup"
    }, 
    "8-ounce packages cream cheese, room temperature": {
      "flour": "Safe", 
      "gluten": "no gluten here!", 
      "quantity": "4", 
      "substitute": "no substitute needed", 
      "unit": ""
    }, 
    "dark rum": {
      "flour": "Safe", 
      "gluten": "no gluten here!", 
      "quantity": "1/2", 
      "substitute": "no substitute needed", 
      "unit": "cup"
    }, 
    "finely ground gingersnap cookies (about 1 3/4 pounds)": {
      "flour": "Safe", 
      "gluten": "gluten here!", 
      "quantity": "5 1/2", 
      "substitute": "gluten-free cookies", 
      "unit": "cups"
    }, 
    "ground cinnamon": {
      "flour": "Safe", 
      "gluten": "no gluten here!", 
      "quantity": "1", 
      "substitute": "no substitute needed", 
      "unit": "teaspoon"
    }, 
    "ground cloves": {
      "flour": "Safe", 
      "gluten": "no gluten here!", 
      "quantity": "1/2", 
      "substitute": "no substitute needed", 
      "unit": "teaspoon"
    }, 
    "ground nutmeg": {
      "flour": "Safe", 
      "gluten": "no gluten here!", 
      "quantity": "1", 
      "substitute": "no substitute needed", 
      "unit": "teaspoon"
    }, 
    "large eggs": {
      "flour": "Safe", 
      "gluten": "no gluten here!", 
      "quantity": "4", 
      "substitute": "no substitute needed", 
      "unit": ""
    }, 
    "rum caramel sauce (click for recipe)": {
      "flour": "Safe", 
      "gluten": "no gluten here!", 
      "quantity": "", 
      "substitute": "no substitute needed", 
      "unit": ""
    }, 
    "sour cream": {
      "flour": "Safe", 
      "gluten": "no gluten here!", 
      "quantity": "2 1/2", 
      "substitute": "no substitute needed", 
      "unit": "cups"
    }, 
    "sugar": {
      "flour": "Safe", 
      "gluten": "no gluten here!", 
      "quantity": "7", 
      "substitute": "no substitute needed", 
      "unit": "tablespoons"
    }, 
    "vanilla extract": {
      "flour": "Safe", 
      "gluten": "no gluten here!", 
      "quantity": "1 3/4", 
      "substitute": "no substitute needed", 
      "unit": "teaspoons"
    }, 
    "whipping cream": {
      "flour": "Safe", 
      "gluten": "no gluten here!", 
      "quantity": "1/3", 
      "substitute": "no substitute needed", 
      "unit": "cup"
    }
  }, 
  "instructions": [
    "Blend ground cookies and both sugars in processor. Add butter and process to blend. Divide cookie mixture among ten 4 1/2-inch-diameter springform pans with 1 1/2-inch-high sides (about 1/2 cup packed per pan). Press crust onto bottoms and up sides of pans.", 
    "Position racks in top and bottom thirds of oven; preheat to 325\u00b0F. Boil rum in small saucepan until reduced to 1/4 cup, about 1 minute. Cool.", 
    "Using electric mixer, beat cream cheese in large bowl on low speed until smooth. Gradually beat in sugar. Add eggs 1 at a time, beating on low speed just to blend after each addition, occasionally scraping sides of bowl. Beat in spices, then cream, vanilla, and cooled rum just to blend. Divide filling among prepared crusts (about 1 cup per pan).", 
    "Place cheesecakes on 2 rimmed baking sheets. Bake until tops appear set, puffed, and golden at edges but still move slightly in center when shaken, reversing sheets after 20 minutes, about 40 minutes total. Cool 5 minutes.", 
    "Whisk sour cream, sugar, and vanilla in large bowl. Divide topping among hot cheesecakes, about 1/4 cup each, spreading to meet edges of crusts. Bake 10 minutes. Run knife around each cake to loosen crust from pan. Place hot cheesecakes directly in refrigerator. Chill uncovered overnight. DO AHEAD Can be made 2 days ahead. Cover; keep chilled. Serve with Rum-Caramel Sauce."
  ], 
  "keywords": [
    "Cake", 
    "Cake Recipes", 
    "Caramel", 
    "Christmas Food", 
    "Cream Cheese Recipes", 
    "Desserts", 
    "Fall Food", 
    "Fruit Recipes", 
    "Rum Recipes", 
    "Spice Recipes", 
    "Thanksgiving", 
    "Winter Food"
  ], 
  "name": "Hot Buttered Rum Cheesecakes with Rum-Caramel Sauce", 
  "proteinContent": "", 
  "saturatedFatContent": "", 
  "servings": "Servings: Makes ten 4 1/2-inch cheesecakes", 
  "sodiumContent": "", 
  "sugarContent": "", 
  "url": "http://www.bonappetit.com/recipe/hot-buttered-rum-cheesecakes-with-rum-caramel-sauce"
}