{
  "calories": "", 
  "carbohydrateContent": "", 
  "cholesterolContent": "", 
  "fatContent": "", 
  "fiberContent": "", 
  "image": "http://www.bonappetit.com/wp-content/uploads/2007/12/balsamic-fig-chutney.jpg", 
  "ingredients": {
    "aged balsamic vinegar": {
      "flour": "Safe", 
      "gluten": "no gluten here!", 
      "quantity": "2", 
      "substitute": "no substitute needed", 
      "unit": "tablespoons"
    }, 
    "black tea chai tea bags": {
      "flour": "Safe", 
      "gluten": "no gluten here!", 
      "quantity": "2", 
      "substitute": "no substitute needed", 
      "unit": ""
    }, 
    "coarse kosher salt": {
      "flour": "Safe", 
      "gluten": "no gluten here!", 
      "quantity": "1/2", 
      "substitute": "no substitute needed", 
      "unit": "teaspoon"
    }, 
    "dried calimyrna figs, stemmed, quartered": {
      "flour": "Safe", 
      "gluten": "no gluten here!", 
      "quantity": "1", 
      "substitute": "no substitute needed", 
      "unit": "pound"
    }, 
    "extra-virgin olive oil, divided": {
      "flour": "Safe", 
      "gluten": "no gluten here!", 
      "quantity": "2", 
      "substitute": "no substitute needed", 
      "unit": "teaspoons"
    }, 
    "garlic cloves, minced": {
      "flour": "Safe", 
      "gluten": "no gluten here!", 
      "quantity": "3", 
      "substitute": "no substitute needed", 
      "unit": ""
    }, 
    "green onions, thinly sliced": {
      "flour": "Safe", 
      "gluten": "no gluten here!", 
      "quantity": "2", 
      "substitute": "no substitute needed", 
      "unit": ""
    }, 
    "ground black pepper": {
      "flour": "Safe", 
      "gluten": "no gluten here!", 
      "quantity": "1/4", 
      "substitute": "no substitute needed", 
      "unit": "teaspoon"
    }, 
    "orange": {
      "flour": "Safe", 
      "gluten": "no gluten here!", 
      "quantity": "1", 
      "substitute": "no substitute needed", 
      "unit": ""
    }, 
    "pitted large black olives, quartered": {
      "flour": "Safe", 
      "gluten": "no gluten here!", 
      "quantity": "12", 
      "substitute": "no substitute needed", 
      "unit": ""
    }, 
    "pitted large green olives (such as cerignola), cut into strips (about 1 cup)": {
      "flour": "Safe", 
      "gluten": "no gluten here!", 
      "quantity": "12", 
      "substitute": "no substitute needed", 
      "unit": ""
    }, 
    "stemmed seedless red grapes": {
      "flour": "Safe", 
      "gluten": "no gluten here!", 
      "quantity": "2", 
      "substitute": "no substitute needed", 
      "unit": "cups"
    }, 
    "water": {
      "flour": "Safe", 
      "gluten": "no gluten here!", 
      "quantity": "2", 
      "substitute": "no substitute needed", 
      "unit": "cups"
    }
  }, 
  "instructions": [
    "Preheat oven to 425\u00b0F. Place grapes on rimmed baking sheet. Toss with 1 teaspoon oil. Roast until shiny and plump, about 10 minutes; set aside.", 
    "Using vegetable peeler, remove peel (orange part only) from orange in long strips. Thinly slice strips lengthwise. Juice orange. Measure 1/3 cup (reserve leftover juice for another use). Heat 1 teaspoon oil in large saucepan over medium-high heat. Add garlic; stir 30 seconds. Add 2 cups water and tea bags. Increase heat; bring to boil. Remove tea bags, squeezing to release liquid. Add figs to pan; cover. Reduce heat to medium-low; simmer until figs are soft, about 10 minutes. Uncover pan; boil until liquid is reduced almost to glaze and just covers bottom of pan, about 2 minutes. Remove from heat. Stir in remaining ingredients. Fold in grapes, juice, and peel. Ladle into jars. Cool. Cover; chill. DO AHEAD Can be made 1 month ahead; gently shake jars occasionally. Chill."
  ], 
  "keywords": [
    "Chutney", 
    "Condiments", 
    "Do Ahead", 
    "Dried Fruit", 
    "Edible Gift", 
    "Fall", 
    "Fig", 
    "Figs", 
    "Fruit", 
    "Garlic", 
    "Grape", 
    "Green Onion/Scallion", 
    "Low Cal", 
    "Low Cholestrol", 
    "Low Fat", 
    "Olives", 
    "Onion", 
    "Orange", 
    "Sauce", 
    "Sauce Recipes", 
    "Stew", 
    "Tea", 
    "Vegetarian", 
    "Vegetarian Recipes", 
    "Vinegar", 
    "Winter"
  ], 
  "name": "Balsamic Fig Chutney with Roasted Grapes", 
  "proteinContent": "", 
  "saturatedFatContent": "", 
  "servings": "Servings: Makes 1 quart", 
  "sodiumContent": "", 
  "sugarContent": "", 
  "url": "http://www.bonappetit.com/recipe/balsamic-fig-chutney-with-roasted-grapes-2"
}