{
  "calories": "Calories (kcal) 190", 
  "carbohydrateContent": "Carbohydrates (g) 29", 
  "cholesterolContent": "Cholesterol (mg) 15", 
  "description": "In this creamy, risotto-like side, arborio rice is replaced with healthier whole-grain farro.", 
  "fatContent": "Fat (g) 10", 
  "fiberContent": "Dietary Fiber (g) 4", 
  "image": "http://www.bonappetit.com/wp-content/uploads/2013/09/farro-with-wild-mushrooms-and-herbs.jpg", 
  "ingredients": {
    "(about 8 oz.) assorted fresh mushrooms (such as chanterelle, porcini, lobster, maitake, and crimini), cut into 1&rdquo; pieces": {
      "flour": "Safe", 
      "gluten": "no gluten here!", 
      "quantity": "4", 
      "substitute": "no substitute needed", 
      "unit": "cups"
    }, 
    "(or more) olive oil": {
      "flour": "Safe", 
      "gluten": "no gluten here!", 
      "quantity": "2", 
      "substitute": "no substitute needed", 
      "unit": "tablespoons"
    }, 
    "(\u00bd stick) unsalted butter, cut into \u00bd&rdquo; cubes": {
      "flour": "Safe", 
      "gluten": "no gluten here!", 
      "quantity": "\u00bc", 
      "substitute": "no substitute needed", 
      "unit": "cup"
    }, 
    "chopped flat-leaf parsley": {
      "flour": "Safe", 
      "gluten": "no gluten here!", 
      "quantity": "2", 
      "substitute": "no substitute needed", 
      "unit": "tablespoons"
    }, 
    "chopped fresh chives": {
      "flour": "Safe", 
      "gluten": "no gluten here!", 
      "quantity": "2", 
      "substitute": "no substitute needed", 
      "unit": "tablespoons"
    }, 
    "chopped fresh thyme": {
      "flour": "Safe", 
      "gluten": "no gluten here!", 
      "quantity": "2", 
      "substitute": "no substitute needed", 
      "unit": "tablespoons"
    }, 
    "freshly ground black pepper": {
      "flour": "Safe", 
      "gluten": "no gluten here!", 
      "quantity": "", 
      "substitute": "no substitute needed", 
      "unit": ""
    }, 
    "kosher salt": {
      "flour": "Safe", 
      "gluten": "no gluten here!", 
      "quantity": "", 
      "substitute": "no substitute needed", 
      "unit": ""
    }, 
    "low-sodium chicken broth": {
      "flour": "Safe", 
      "gluten": "no gluten here!", 
      "quantity": "1", 
      "substitute": "no substitute needed", 
      "unit": "cup"
    }, 
    "semi-pearled farro": {
      "flour": "Safe", 
      "gluten": "gluten here!", 
      "quantity": "2", 
      "substitute": "quinoa", 
      "unit": "cups"
    }
  }, 
  "instructions": [
    "Cook farro in boiling salted water until tender, about 20 minutes. Drain, let cool, and set aside.DO AHEAD:Farro can be made 2 days ahead. Cover and chill.", 
    "Heat 2 Tbsp. oil in a large heavy skillet over medium-high heat until it shimmers (the oil needs to be very hot to crisp the mushrooms). Working in batches, and adding more oil if needed, place a single layer of mushrooms in skillet. Cook, turning once, until crisp and cooked through, 4\u20135 minutes. Transfer to a plate; season with salt and pepper.", 
    "Bring broth to a simmer in a medium saucepan over medium heat. Add farro and cook, stirring often, until heated through. Season farro with salt and pepper. Add butter and stir vigorously to combine and create a creamy texture. Add mushrooms, parsley, chives, and thyme; stir just to evenly incorporate. Serve immediately."
  ], 
  "keywords": [
    "Apple Harvest Party Recipes", 
    "Fall Food", 
    "Healthy Recipes", 
    "High Fiber", 
    "Low Cholesterol Recipes", 
    "Low Sodium Recipes", 
    "Low-Calorie Recipes", 
    "Mushroom Recipes", 
    "Salad", 
    "Side", 
    "Thyme Recipes", 
    "Whole Grain Recipes", 
    "Winter Food"
  ], 
  "name": "Farro with Wild Mushrooms and Herbs", 
  "proteinContent": "Protein (g) 5", 
  "saturatedFatContent": "Saturated Fat (g) 4", 
  "servings": "Servings: 8", 
  "sodiumContent": "Sodium (mg) 140", 
  "sugarContent": "Total Sugars (g) 1", 
  "url": "http://www.bonappetit.com/recipe/farro-with-wild-mushrooms-and-herbs"
}