{
  "calories": "", 
  "carbohydrateContent": "", 
  "cholesterolContent": "", 
  "description": "Because this dough is eggless, it has great al dente texture. If you can\u2019t find durum wheat flour, all-purpose will work well, too.", 
  "fatContent": "", 
  "fiberContent": "", 
  "image": "http://www.bonappetit.com/wp-content/uploads/2013/08/fresh-pasta.jpg", 
  "ingredients": {
    "cup plus 2 tbsp. fine durum wheat flour or all-purpose flour plus more for dusting": {
      "flour": {
        "type": {
          "binder": {
            "type": "xanthum gum", 
            "weight": 1
          }, 
          "density": {
            "type": "buckwheat flour", 
            "weight": 0.25
          }, 
          "fat": {
            "type": "walnut flour", 
            "weight": 0.125
          }, 
          "leavener": "", 
          "lightness": {
            "type": "oat flour", 
            "weight": 0.125
          }, 
          "protein": {
            "type": "sorghum flour", 
            "weight": 0.25
          }, 
          "starch": {
            "type": "potato starch", 
            "weight": 0.25
          }, 
          "stickiness": "", 
          "texture": ""
        }, 
        "weight": 125
      }, 
      "gluten": "gluten here!", 
      "quantity": "1", 
      "substitute": "flour ratio", 
      "unit": ""
    }, 
    "cup semolina flour (pasta flour)": {
      "flour": {
        "type": {
          "binder": {
            "type": "xanthum gum", 
            "weight": 1
          }, 
          "density": {
            "type": "buckwheat flour", 
            "weight": 0.25
          }, 
          "fat": {
            "type": "walnut flour", 
            "weight": 0.125
          }, 
          "leavener": "", 
          "lightness": {
            "type": "oat flour", 
            "weight": 0.125
          }, 
          "protein": {
            "type": "sorghum flour", 
            "weight": 0.25
          }, 
          "starch": {
            "type": "potato starch", 
            "weight": 0.25
          }, 
          "stickiness": "", 
          "texture": ""
        }, 
        "weight": 167
      }, 
      "gluten": "gluten here!", 
      "quantity": "1", 
      "substitute": "flour ratio", 
      "unit": ""
    }
  }, 
  "instructions": [
    "Fine durum wheat flour is available at natural foods stores and some specialty foods stores. Semolina flour is available at Italian markets, specialty foods stores, and some supermarkets.", 
    "Combine durum wheat flour and semolina flour in a large bowl. Bring a small saucepan of water to a bare simmer. Add \u2154 cup hot water to flours and mix with a fork until mixture just comes together. Turn out dough onto a surface lightly dusted with durum wheat flour and knead until smooth and elastic, 8\u201310 minutes (alternatively, using a stand mixer fitted with a dough hook, mix on low speed, about 5 minutes). Wrap tightly in plastic wrap; let sit 1 hour at room temperature.", 
    "DO AHEAD:Pasta dough can be made 1 day ahead. Wrap tightly and chill."
  ], 
  "keywords": [
    "Dinner", 
    "hot 10 recipes 2013", 
    "Pasta Recipes", 
    "rolf and daugters recipes"
  ], 
  "name": "Fresh Pasta", 
  "proteinContent": "", 
  "saturatedFatContent": "", 
  "servings": "Servings: 4  (Makes 12 oz.)", 
  "sodiumContent": "", 
  "sugarContent": "", 
  "url": "http://www.bonappetit.com/recipe/fresh-pasta"
}