{
  "calories": "", 
  "carbohydrateContent": "", 
  "cholesterolContent": "", 
  "description": "Yes, gravy should be lump-free (always whisk, don\u2019t stir), but it\u2019s the flavor of the roux that makes or breaks what gets passed at the table. Toasting flour in butter is what develops its deep, nutty taste. You\u2019ll know it\u2019s done when it\u2019s the color of graham crackers and smells like popcorn.", 
  "fatContent": "", 
  "fiberContent": "", 
  "image": "http://www.bonappetit.com/wp-content/uploads/2013/10/hard-cider-gravy1-940x600.jpg", 
  "ingredients": {
    "(1\u00bc sticks) unsalted butter, divided": {
      "flour": "Safe", 
      "gluten": "no gluten here!", 
      "quantity": "10", 
      "substitute": "no substitute needed", 
      "unit": "tablespoons"
    }, 
    "all-purpose flour": {
      "flour": {
        "type": {
          "binder": {
            "type": "xanthum gum", 
            "weight": 0.5
          }, 
          "density": {
            "type": "brown rice flour", 
            "weight": 0.142
          }, 
          "fat": {
            "type": "almond flour", 
            "weight": 0.142
          }, 
          "leavener": "", 
          "lightness": {
            "type": "white rice flour", 
            "weight": 0.284
          }, 
          "protein": {
            "type": "sorghum flour", 
            "weight": 0.142
          }, 
          "starch": {
            "type": "potato starch", 
            "weight": 0.284
          }, 
          "stickiness": "", 
          "texture": ""
        }, 
        "weight": 125
      }, 
      "gluten": "gluten here!", 
      "quantity": "\u00bd", 
      "substitute": "flour ratio", 
      "unit": "cup"
    }, 
    "garlic cloves, peeled, crushed": {
      "flour": "Safe", 
      "gluten": "no gluten here!", 
      "quantity": "8", 
      "substitute": "no substitute needed", 
      "unit": ""
    }, 
    "hard cider": {
      "flour": "Safe", 
      "gluten": "no gluten here!", 
      "quantity": "2", 
      "substitute": "no substitute needed", 
      "unit": "cups"
    }, 
    "kosher salt and freshly ground black pepper": {
      "flour": "Safe", 
      "gluten": "no gluten here!", 
      "quantity": "", 
      "substitute": "no substitute needed", 
      "unit": ""
    }, 
    "low-sodium chicken broth": {
      "flour": "Safe", 
      "gluten": "no gluten here!", 
      "quantity": "4", 
      "substitute": "no substitute needed", 
      "unit": "cups"
    }, 
    "neck and giblets from 1 turkey (optional)": {
      "flour": "Safe", 
      "gluten": "no gluten here!", 
      "quantity": "", 
      "substitute": "no substitute needed", 
      "unit": ""
    }, 
    "roast turkey pan drippings (optional)": {
      "flour": "Safe", 
      "gluten": "no gluten here!", 
      "quantity": "\u00bc\u2013\u00bd", 
      "substitute": "no substitute needed", 
      "unit": "cup"
    }, 
    "sprigs rosemary": {
      "flour": "Safe", 
      "gluten": "no gluten here!", 
      "quantity": "4", 
      "substitute": "no substitute needed", 
      "unit": ""
    }
  }, 
  "instructions": [
    "Heat 1 Tbsp. butter in a medium saucepan over medium-high heat. Add turkey neck and giblets, if using, and cook, turning occasionally, until golden brown and browned bits form on bottom of saucepan, 5\u20138 minutes. Add garlic and rosemary, and cook, stirring, until fragrant, about 2 minutes.", 
    "Add broth and bring to a broil; reduce heat and simmer until reduced to about 2\u00bd cups, 20\u201325 minutes. Strain stock through a fine-mesh sieve into a large measuring cup or medium bowl; discard solids. Cover and keep stock warm.", 
    "Heat remaining 9 Tbsp. butter in another medium saucepan over medium heat. Add flour and cook, whisking constantly, until flour is a deep golden brown, 8\u201310 minutes. Gradually whisk in warm stock. Add cider and pan drippings and bring to a boil. Reduce heat and simmer until flavors meld and stock is thickened, 25\u201330 minutes; season with salt and pepper."
  ], 
  "keywords": [
    "Cider", 
    "Condiments", 
    "Gravy Recipes", 
    "Rosemary Recipes", 
    "Sauce Recipes", 
    "Thanksgiving", 
    "Turkey Recipes"
  ], 
  "name": "Hard-Cider Gravy", 
  "proteinContent": "", 
  "saturatedFatContent": "", 
  "servings": "Servings: Makes 3 cups", 
  "sodiumContent": "", 
  "sugarContent": "", 
  "url": "http://www.bonappetit.com/recipe/hard-cider-gravy"
}