{
  "calories": "Calories (kcal) 530", 
  "carbohydrateContent": "Carbohydrates (g) 40", 
  "cholesterolContent": "Cholesterol (mg) 175", 
  "fatContent": "Fat (g) 25", 
  "fiberContent": "Dietary Fiber (g)  10", 
  "image": "http://www.bonappetit.com/wp-content/uploads/2012/09/garlic-shrimp-and-white-beans.jpg", 
  "ingredients": {
    "15-ounce cans white beans (such as cannellini), rinsed, drained": {
      "flour": "Safe", 
      "gluten": "no gluten here!", 
      "quantity": "2", 
      "substitute": "no substitute needed", 
      "unit": ""
    }, 
    "bay leaf, preferably fresh": {
      "flour": "Safe", 
      "gluten": "no gluten here!", 
      "quantity": "1", 
      "substitute": "no substitute needed", 
      "unit": ""
    }, 
    "chopped flat-leaf parsley": {
      "flour": "Safe", 
      "gluten": "no gluten here!", 
      "quantity": "2", 
      "substitute": "no substitute needed", 
      "unit": "tablespoons"
    }, 
    "chopped tomato (about 8 ounces)": {
      "flour": "Safe", 
      "gluten": "no gluten here!", 
      "quantity": "1 1/4", 
      "substitute": "no substitute needed", 
      "unit": "cups"
    }, 
    "dried chiles de \u00e1rbol": {
      "flour": "Safe", 
      "gluten": "no gluten here!", 
      "quantity": "2", 
      "substitute": "no substitute needed", 
      "unit": ""
    }, 
    "garlic cloves, minced, divided": {
      "flour": "Safe", 
      "gluten": "no gluten here!", 
      "quantity": "3", 
      "substitute": "no substitute needed", 
      "unit": ""
    }, 
    "grilled bread (optional)": {
      "flour": "Safe", 
      "gluten": "no gluten here!", 
      "quantity": "", 
      "substitute": "no substitute needed", 
      "unit": ""
    }, 
    "kosher salt, freshly ground pepper": {
      "flour": "Safe", 
      "gluten": "no gluten here!", 
      "quantity": "", 
      "substitute": "no substitute needed", 
      "unit": ""
    }, 
    "low-sodium chicken broth": {
      "flour": "Safe", 
      "gluten": "no gluten here!", 
      "quantity": "1", 
      "substitute": "no substitute needed", 
      "unit": "cup"
    }, 
    "medium shrimp, peeled, deveined": {
      "flour": "Safe", 
      "gluten": "no gluten here!", 
      "quantity": "1", 
      "substitute": "no substitute needed", 
      "unit": "pound"
    }, 
    "olive oil, divided": {
      "flour": "Safe", 
      "gluten": "no gluten here!", 
      "quantity": "6", 
      "substitute": "no substitute needed", 
      "unit": "tablespoons"
    }, 
    "smoked paprika": {
      "flour": "Safe", 
      "gluten": "no gluten here!", 
      "quantity": "1", 
      "substitute": "no substitute needed", 
      "unit": "teaspoon"
    }, 
    "tomato paste": {
      "flour": "Safe", 
      "gluten": "no gluten here!", 
      "quantity": "1", 
      "substitute": "no substitute needed", 
      "unit": "tablespoon"
    }
  }, 
  "instructions": [
    "Preheat broiler. Heat 2 Tbsp. oil in a large, heavy, ovenproof skillet over medium heat. Add 1 garlic clove, chiles, and bay leaf and cook, stirring constantly, just until fragrant, 1\u20132 minutes (do not allow garlic to burn). Add tomato; season with salt and pepper. Cook, stirring and smashing tomato with the back of a wooden spoon, until tomato  is completely broken down, about 5 minutes.", 
    "Add tomato paste and cook, stirring constantly, until paste is deep red and caramelized, 3\u20134 minutes. Stir in beans and broth. Bring to a brisk simmer and cook until juices are slightly reduced and thickened, 3\u20134 minutes. Season to taste with salt and pepper.", 
    "Combine remaining 2 garlic cloves,  2 Tbsp. oil, shrimp, and paprika in a medium bowl; season with salt and pepper and  toss to evenly coat shrimp. Scatter shrimp over beans in an even layer.", 
    "Broil until shrimp are golden and cooked through, about 3 minutes. Drizzle remaining 2 Tbsp. oil over shrimp and beans; garnish with parsley. Serve with bread, if desired", 
    "Dried chiles de \u00e1rbol are available at Latin markets, specialty foods stores, and some supermarkets."
  ], 
  "keywords": [
    "Bean Recipes", 
    "Chile Pepper", 
    "Dinner", 
    "Entrees", 
    "Fall Food", 
    "Fast Easy Fresh", 
    "High Fiber", 
    "Paprika Recipes", 
    "Parsley Recipes", 
    "Quick Recipes", 
    "Rustic Spanish Recipes", 
    "Seafood Recipes", 
    "Shrimp Recipes", 
    "Spanish Food", 
    "Tomato Recipes", 
    "White Bean Recipes"
  ], 
  "name": "Garlic Shrimp and White Beans", 
  "proteinContent": "Protein (g) 36", 
  "saturatedFatContent": "Saturated Fat (g) 3.5", 
  "servings": "Servings: 4", 
  "sodiumContent": "Sodium (mg) 540", 
  "sugarContent": "Total Sugars (g) 4", 
  "url": "http://www.bonappetit.com/recipe/garlic-shrimp-and-white-beans"
}