{
  "calories": "", 
  "carbohydrateContent": "", 
  "cholesterolContent": "", 
  "fatContent": "", 
  "fiberContent": "", 
  "image": "http://www.bonappetit.com/wp-content/uploads/2013/10/hot-sweet-mustard-940x600.jpg", 
  "ingredients": {
    "(packed) light brown sugar": {
      "flour": "Safe", 
      "gluten": "no gluten here!", 
      "quantity": "3/4", 
      "substitute": "no substitute needed", 
      "unit": "cup"
    }, 
    "4-ounce tin colman's mustard powder": {
      "flour": "Safe", 
      "gluten": "no gluten here!", 
      "quantity": "1", 
      "substitute": "no substitute needed", 
      "unit": ""
    }, 
    "four clean 8-ounce jars": {
      "flour": "Safe", 
      "gluten": "no gluten here!", 
      "quantity": "", 
      "substitute": "no substitute needed", 
      "unit": ""
    }, 
    "good-quality apple cider vinegar": {
      "flour": "Safe", 
      "gluten": "no gluten here!", 
      "quantity": "1", 
      "substitute": "no substitute needed", 
      "unit": "cup"
    }, 
    "honey": {
      "flour": "Safe", 
      "gluten": "no gluten here!", 
      "quantity": "1/4", 
      "substitute": "no substitute needed", 
      "unit": "cup"
    }, 
    "large eggs, beaten to blend": {
      "flour": "Safe", 
      "gluten": "no gluten here!", 
      "quantity": "3", 
      "substitute": "no substitute needed", 
      "unit": ""
    }
  }, 
  "instructions": [
    "Whisk brown sugar and mustard powder in a large bowl to combine. Add vinegar and honey; whisk well. Strain through a fine-mesh sieve into a large metal bowl.  Add eggs and whisk until blended.", 
    "Set bowl with mustard mixture over a large saucepan of gently simmering water (do not allow bottom of bowl to touch water; eggs may scramble). Cook, whisking and scraping bottom of bowl frequently, until mustard is thick and an instant- read thermometer registers 160\u00b0, about  5 minutes.", 
    "Divide mustard among jars. Screw on lids and chill. DO AHEAD Mustard can  be made 2 weeks ahead. Keep refrigerated for up to 2 months."
  ], 
  "keywords": [
    "Condiments", 
    "Egg Recipes", 
    "Gifts From The Kitchen", 
    "Honey Recipes", 
    "Low Cholesterol Recipes", 
    "Low Saturated Fat Recipes", 
    "Low Sodium Recipes", 
    "Low-Calorie Recipes", 
    "Mustard Recipes", 
    "Rsvp", 
    "Vegetarian Recipes"
  ], 
  "name": "Hirsheimer's Hot and Sweet Mustard", 
  "proteinContent": "", 
  "saturatedFatContent": "", 
  "servings": "Servings: Makes 2 cups", 
  "sodiumContent": "", 
  "sugarContent": "", 
  "url": "http://www.bonappetit.com/recipe/hirsheimer-s-hot-and-sweet-mustard"
}