{
  "calories": "", 
  "carbohydrateContent": "", 
  "cholesterolContent": "", 
  "fatContent": "", 
  "fiberContent": "", 
  "image": "http://www.bonappetit.com/wp-content/uploads/2012/08/garlic-rosemary-steak.jpg", 
  "ingredients": {
    "1-inch pieces rosemary sprigs": {
      "flour": "Safe", 
      "gluten": "no gluten here!", 
      "quantity": "1/4", 
      "substitute": "no substitute needed", 
      "unit": "cup"
    }, 
    "coarse sea salt (such as maldon)": {
      "flour": "Safe", 
      "gluten": "no gluten here!", 
      "quantity": "", 
      "substitute": "no substitute needed", 
      "unit": ""
    }, 
    "hanger or flank steaks, cut into four 6-ounce steaks": {
      "flour": "Safe", 
      "gluten": "no gluten here!", 
      "quantity": "1 1/2", 
      "substitute": "no substitute needed", 
      "unit": "pounds"
    }, 
    "kosher salt, freshly ground pepper": {
      "flour": "Safe", 
      "gluten": "no gluten here!", 
      "quantity": "", 
      "substitute": "no substitute needed", 
      "unit": ""
    }, 
    "large garlic cloves, sliced": {
      "flour": "Safe", 
      "gluten": "no gluten here!", 
      "quantity": "6", 
      "substitute": "no substitute needed", 
      "unit": ""
    }, 
    "plus 7 tbsp. olive oil, divided": {
      "flour": "Safe", 
      "gluten": "no gluten here!", 
      "quantity": "3/4", 
      "substitute": "no substitute needed", 
      "unit": "cup"
    }
  }, 
  "instructions": [
    "Heat 3/4 cup oil and rosemary in a small saucepan over medium heat until oil begins to bubble and an instant-read thermometer registers 140\u00b0, about 2 minutes. Let steep at room temperature for at least 2 hours or cover and chill overnight (the longer it steeps, the more flavorful it will be). Strain oil; discard rosemary. Set rosemary oil aside.", 
    "Rub steaks with 1 Tbsp. olive oil; season generously with kosher salt and pepper. Heat 2 Tbsp. oil in a large heavy skillet over high heat until it begins to shimmer. Quickly sear steaks on all sides and transfer to a cutting board (they will still be quite rare; you\u2019ll finish cooking them shortly). Let rest for 10 minutes. Clean and dry skillet.", 
    "Cook remaining 4 Tbsp. oil and garlic in skillet over medium heat, turning occasionally, until garlic is dark brown but not burnt, 3\u20134 minutes. Remove pan from heat; discard garlic. Transfer 2 Tbsp. garlic oil to a small bowl; reserve.", 
    "Cut steaks against the grain into 1/3-inch-thick slices. Heat remaining garlic oil in skillet over medium heat until it shimmers. Add half of sliced steak to skillet and cook, turning once, until cooked to desired doneness, 1\u20132 minutes for medium-rare. Add 1 Tbsp. rosemary oil; toss. Transfer steak and oil to a platter. Repeat with reserved garlic oil, steak, and 1 Tbsp. rosemary oil.", 
    "Sprinkle with sea salt and drizzle with more rosemary oil, if desired."
  ], 
  "keywords": [
    "Beef Recipes", 
    "Dinner", 
    "Entrees", 
    "Hot 10 Recipes", 
    "Luce Recipes", 
    "Rosemary Recipes", 
    "Steak Recipes"
  ], 
  "name": "Garlic-Rosemary Steak", 
  "proteinContent": "", 
  "saturatedFatContent": "", 
  "servings": "Servings: 4", 
  "sodiumContent": "", 
  "sugarContent": "", 
  "url": "http://www.bonappetit.com/recipe/garlic-rosemary-steak"
}