{
  "calories": "", 
  "carbohydrateContent": "", 
  "cholesterolContent": "", 
  "description": "Chicken thighs are appealingly fatty, but this can sometimes cause flare-ups when grilling. Bank the coals before igniting so that you have a cooler side, and move the chicken there if needed.", 
  "fatContent": "", 
  "fiberContent": "", 
  "image": "http://www.bonappetit.com/wp-content/uploads/2014/04/grilled-chicken-with-arugula-and-warm-chickpeas-940x600.jpg", 
  "ingredients": {
    "15-oz. can chickpeas, rinsed": {
      "flour": "Safe", 
      "gluten": "no gluten here!", 
      "quantity": "1", 
      "substitute": "no substitute needed", 
      "unit": ""
    }, 
    "arugula with tender stems": {
      "flour": "Safe", 
      "gluten": "no gluten here!", 
      "quantity": "3", 
      "substitute": "no substitute needed", 
      "unit": "cups"
    }, 
    "crushed red pepper flakes": {
      "flour": "Safe", 
      "gluten": "no gluten here!", 
      "quantity": "\u00bc", 
      "substitute": "no substitute needed", 
      "unit": "teaspoon"
    }, 
    "finely grated lemon zest": {
      "flour": "Safe", 
      "gluten": "no gluten here!", 
      "quantity": "1", 
      "substitute": "no substitute needed", 
      "unit": "tablespoon"
    }, 
    "flaky sea salt (such as maldon)": {
      "flour": "Safe", 
      "gluten": "no gluten here!", 
      "quantity": "", 
      "substitute": "no substitute needed", 
      "unit": ""
    }, 
    "fresh lemon juice": {
      "flour": "Safe", 
      "gluten": "no gluten here!", 
      "quantity": "2", 
      "substitute": "no substitute needed", 
      "unit": "tablespoons"
    }, 
    "kosher salt and freshly ground black pepper": {
      "flour": "Safe", 
      "gluten": "no gluten here!", 
      "quantity": "", 
      "substitute": "no substitute needed", 
      "unit": ""
    }, 
    "olive oil, divided, plus more for drizzling": {
      "flour": "Safe", 
      "gluten": "no gluten here!", 
      "quantity": "6", 
      "substitute": "no substitute needed", 
      "unit": "tablespoons"
    }, 
    "small skin-on, bone-in chicken thighs (about 2\u00bd lb. total)": {
      "flour": "Safe", 
      "gluten": "no gluten here!", 
      "quantity": "8", 
      "substitute": "no substitute needed", 
      "unit": ""
    }, 
    "sprigs thyme": {
      "flour": "Safe", 
      "gluten": "no gluten here!", 
      "quantity": "4", 
      "substitute": "no substitute needed", 
      "unit": ""
    }
  }, 
  "instructions": [
    "Heat 2 Tbsp. oil in a medium skillet over medium-high heat; cook chickpeas, thyme, and red pepper flakes, stirring occasionally, just until warmed through, about 5 minutes. Transfer to a large bowl.", 
    "Prepare a grill for medium heat; oil grill grate. Brush chicken with 4 Tbsp. oil; season with salt and pepper. Grill chicken, skin side down, until golden brown and lightly charred, 8\u201310 minutes. Turn and grill until cooked through, 4 minutes longer.", 
    "Toss arugula, lemon zest, and lemon juice into chickpeas. Serve with chicken, drizzled with more oil and sprinkled with sea salt."
  ], 
  "keywords": [
    "Arugula", 
    "beach plum inn recipes", 
    "Chicken Recipes", 
    "Chickpea", 
    "Dinner", 
    "Grilling Food", 
    "Hot Pepper Recipes", 
    "Spring Food", 
    "Summer Food", 
    "Thyme Recipes"
  ], 
  "name": "Grilled Chicken with Arugula and Warm Chickpeas", 
  "proteinContent": "", 
  "saturatedFatContent": "", 
  "servings": "Servings: 4", 
  "sodiumContent": "", 
  "sugarContent": "", 
  "url": "http://www.bonappetit.com/recipe/grilled-chicken-with-arugula-and-warm-chickpeas"
}