{
  "calories": "", 
  "carbohydrateContent": "", 
  "cholesterolContent": "", 
  "description": "Chorizo adds smoky flavor to this vegetable-heavy frittata; use bacon if you prefer.", 
  "fatContent": "", 
  "fiberContent": "", 
  "image": "http://www.bonappetit.com/wp-content/uploads/2014/08/frittata-chard-chorizo-940x600-1408052382.jpg", 
  "ingredients": {
    "chopped chives": {
      "flour": "Safe", 
      "gluten": "no gluten here!", 
      "quantity": "1", 
      "substitute": "no substitute needed", 
      "unit": "tablespoon"
    }, 
    "chopped fresh flat-leaf parsley": {
      "flour": "Safe", 
      "gluten": "no gluten here!", 
      "quantity": "1", 
      "substitute": "no substitute needed", 
      "unit": "tablespoon"
    }, 
    "dried chorizo, thinly sliced": {
      "flour": "Safe", 
      "gluten": "no gluten here!", 
      "quantity": "4", 
      "substitute": "no substitute needed", 
      "unit": "ounces"
    }, 
    "fingerling potatoes, thinly sliced": {
      "flour": "Safe", 
      "gluten": "no gluten here!", 
      "quantity": "6", 
      "substitute": "no substitute needed", 
      "unit": ""
    }, 
    "kosher salt and freshly ground black pepper": {
      "flour": "Safe", 
      "gluten": "no gluten here!", 
      "quantity": "", 
      "substitute": "no substitute needed", 
      "unit": ""
    }, 
    "large eggs": {
      "flour": "Safe", 
      "gluten": "no gluten here!", 
      "quantity": "8", 
      "substitute": "no substitute needed", 
      "unit": ""
    }, 
    "manchego cheese, grated (about \u2153 cup)": {
      "flour": "Safe", 
      "gluten": "no gluten here!", 
      "quantity": "1\u00bd", 
      "substitute": "no substitute needed", 
      "unit": "ounces"
    }, 
    "olive oil": {
      "flour": "Safe", 
      "gluten": "no gluten here!", 
      "quantity": "1", 
      "substitute": "no substitute needed", 
      "unit": "tablespoon"
    }, 
    "small onion, cut into \u00bd&rdquo; pieces": {
      "flour": "Safe", 
      "gluten": "no gluten here!", 
      "quantity": "\u00bc", 
      "substitute": "no substitute needed", 
      "unit": ""
    }, 
    "small swiss chard, ribs and stems removed, leaves coarsely chopped": {
      "flour": "Safe", 
      "gluten": "no gluten here!", 
      "quantity": "1", 
      "substitute": "no substitute needed", 
      "unit": "bunch"
    }
  }, 
  "instructions": [
    "Heat broiler. Whisk eggs in a large bowl, then whisk in cheese and herbs; season with salt and pepper.", 
    "Cook chorizo in a 10&rdquo; broilerproof skillet, preferably cast iron, over medium heat, stirring often, until browned and crisp, about 3 minutes. Transfer to plate.", 
    "Heat oil in same skillet; add onion, season with salt, and cook, stirring often, until beginning to soften, about 1 minute. Add potatoes and cook, tossing occasionally, until just softened, about 5 minutes.", 
    "Add chard and cook, stirring often, until chard is wilted; season with salt and pepper. Mix in chorizo. Pour in egg mixture, tilting skillet to evenly distribute. Cook, undisturbed, 2 minutes, then transfer to oven and broil until egg is cooked through and starting to brown, about 5 minutes. Run a heatproof spatula around edges of frittata to loosen, then slide onto a plate; serve in wedges."
  ], 
  "keywords": [
    "Chive", 
    "Chorizo", 
    "Dinner", 
    "Eggs", 
    "Frittata", 
    "Kid-Friendly Recipes", 
    "Pork", 
    "Potatoes", 
    "Swiss Chard"
  ], 
  "name": "Frittata with Chard and Chorizo", 
  "proteinContent": "", 
  "saturatedFatContent": "", 
  "servings": "Servings: 4", 
  "sodiumContent": "", 
  "sugarContent": "", 
  "url": "http://www.bonappetit.com/recipe/frittata-with-chard-and-chorizo"
}