{
  "calories": "Calories (kcal) 450", 
  "carbohydrateContent": "Carbohydrates (g) 63", 
  "cholesterolContent": "Cholesterol (mg) 35", 
  "fatContent": "Fat (g) 14", 
  "fiberContent": "Dietary Fiber (g)  4", 
  "image": "http://www.bonappetit.com/wp-content/uploads/2012/10/frascatelli-with-pecorino-and-mustard-greens1-940x600.jpg", 
  "ingredients": {
    "(1/2 stick) unsalted butter": {
      "flour": "Safe", 
      "gluten": "no gluten here!", 
      "quantity": "1/4", 
      "substitute": "no substitute needed", 
      "unit": "cup"
    }, 
    "bunch mustard greens (about 6 ounces), center ribs and stems removed, leaves torn into pieces (about 6 cups)": {
      "flour": "Safe", 
      "gluten": "no gluten here!", 
      "quantity": "1", 
      "substitute": "no substitute needed", 
      "unit": ""
    }, 
    "freshly ground black pepper": {
      "flour": "Safe", 
      "gluten": "no gluten here!", 
      "quantity": "", 
      "substitute": "no substitute needed", 
      "unit": ""
    }, 
    "grated pecorino or parmesan": {
      "flour": "Safe", 
      "gluten": "no gluten here!", 
      "quantity": "1/4", 
      "substitute": "no substitute needed", 
      "unit": "cup"
    }, 
    "kosher salt": {
      "flour": "Safe", 
      "gluten": "no gluten here!", 
      "quantity": "", 
      "substitute": "no substitute needed", 
      "unit": ""
    }, 
    "semolina flour (pasta flour)": {
      "flour": {
        "type": {
          "binder": {
            "type": "xanthum gum", 
            "weight": 1
          }, 
          "density": {
            "type": "buckwheat flour", 
            "weight": 0.25
          }, 
          "fat": {
            "type": "walnut flour", 
            "weight": 0.125
          }, 
          "leavener": "", 
          "lightness": {
            "type": "oat flour", 
            "weight": 0.125
          }, 
          "protein": {
            "type": "sorghum flour", 
            "weight": 0.25
          }, 
          "starch": {
            "type": "potato starch", 
            "weight": 0.25
          }, 
          "stickiness": "", 
          "texture": ""
        }, 
        "weight": 167
      }, 
      "gluten": "gluten here!", 
      "quantity": "2", 
      "substitute": "flour ratio", 
      "unit": "cups"
    }
  }, 
  "instructions": [
    "Spread semolina flour in an even layer in an 8x8x2-inch baking dish. Fill a small bowl with 1 cup water and set next to dish. Working in 4-5 batches, gather your fingertips and thumb of 1 hand together and, working quickly, dip into bowl of water, lift hand from bowl, and splatter water over semolina. Repeat several times until surface of semolina is dotted with ragged wet patches about the size of a nickel. Let stand until water is absorbed, forming individual dumplings, about 5 seconds. Using a fish spatula or slotted spoon, turn dumplings over to coat with semolina, then transfer to a sieve. Shake gently over same baking dish to remove excess semolina; transfer dumplings to a large rimmed baking sheet. Repeat with remaining semolina and water until all of the water or all of the semolina has been used (there may be some water or semolina left over).", 
    "Working in 3-4 batches, cook dumplings in a large pot of slowly boiling salted water (if the water is boiling too rapidly, it may break up the dumplings), gently swirling water once or twice to prevent sticking, until al dente, about 30 seconds. Using a slotted spoon, transfer frascatelli to another large rimmed baking sheet.", 
    "Heat butter in a large skillet over medium-high heat until butter is foamy and browned bits form on the bottom of pan, about 2 minutes. Add cooked frascatelli and toss gently to coat. Add mustard greens  and fold gently just to coat and slightly wilt the greens. Season to taste with salt and pepper and divide among bowls. Top frascatelli with grated Pecorino."
  ], 
  "keywords": [
    "Dinner", 
    "Fall Food", 
    "Fast Easy Fresh", 
    "High Fiber", 
    "Mustard Greens Recipes", 
    "Parmesan Recipes", 
    "Pasta Recipes", 
    "Pecorino Recipes", 
    "Quick Dinner Recipes", 
    "Quick Recipes", 
    "Semolina Recipes", 
    "Vegetarian Recipes"
  ], 
  "name": "Frascatelli with Pecorino and Mustard Greens", 
  "proteinContent": "Protein (g) 15", 
  "saturatedFatContent": "Saturated Fat (g) 9", 
  "servings": "Servings: 4-6", 
  "sodiumContent": "Sodium (mg) 250", 
  "sugarContent": "Total Sugars (g) 2", 
  "url": "http://www.bonappetit.com/recipe/frascatelli-with-pecorino-and-mustard-greens"
}