{
  "calories": "Calories (kcal) 350", 
  "carbohydrateContent": "Carbohydrates (g) 26", 
  "cholesterolContent": "Cholesterol (mg) 0", 
  "description": "We love the shades of green you get from using one color of heirlooms, but this salad is equally delicious with any tomatoes you like.", 
  "fatContent": "Fat (g) 27", 
  "fiberContent": "Dietary Fiber (g) 4", 
  "image": "http://www.bonappetit.com/wp-content/uploads/2013/08/green-panzanella-with-pickled-shallot.jpg", 
  "ingredients": {
    "cup extra-virgin olive oil": {
      "flour": "Safe", 
      "gluten": "no gluten here!", 
      "quantity": "\u00bd", 
      "substitute": "no substitute needed", 
      "unit": ""
    }, 
    "cup red wine vinegar": {
      "flour": "Safe", 
      "gluten": "no gluten here!", 
      "quantity": "\u00bd", 
      "substitute": "no substitute needed", 
      "unit": ""
    }, 
    "cups arugula, thick stems trimmed": {
      "flour": "Safe", 
      "gluten": "no gluten here!", 
      "quantity": "2", 
      "substitute": "no substitute needed", 
      "unit": ""
    }, 
    "cups torn 1\u00bd&rdquo; pieces white country bread, with crusts (about \u00bd of a 1-lb. loaf)": {
      "flour": "Safe", 
      "gluten": "no gluten here!", 
      "quantity": "4", 
      "substitute": "no substitute needed", 
      "unit": ""
    }, 
    "garlic cloves, lightly crushed": {
      "flour": "Safe", 
      "gluten": "no gluten here!", 
      "quantity": "2", 
      "substitute": "no substitute needed", 
      "unit": ""
    }, 
    "kosher salt and freshly ground black pepper": {
      "flour": "Safe", 
      "gluten": "no gluten here!", 
      "quantity": "", 
      "substitute": "no substitute needed", 
      "unit": ""
    }, 
    "large shallot, thinly sliced": {
      "flour": "Safe", 
      "gluten": "no gluten here!", 
      "quantity": "1", 
      "substitute": "no substitute needed", 
      "unit": ""
    }, 
    "lb. assorted ripe green heirloom tomatoes (such as green zebras), cut into wedges": {
      "flour": "Safe", 
      "gluten": "no gluten here!", 
      "quantity": "3\u00bd", 
      "substitute": "no substitute needed", 
      "unit": ""
    }, 
    "tbsp. olive oil": {
      "flour": "Safe", 
      "gluten": "no gluten here!", 
      "quantity": "3", 
      "substitute": "no substitute needed", 
      "unit": ""
    }
  }, 
  "instructions": [
    "Combine shallot and vinegar in a small bowl; season with salt and pepper and toss to combine. Let stand 30 minutes.", 
    "Meanwhile, place tomatoes on a large rimmed baking sheet; season with salt and let stand 15 minutes.", 
    "Transfer 2 Tbsp. vinegar from shallot mixture to a large bowl (reserve remaining vinegar with shallots). Whisking constantly, gradually add oil; whisk until combined. Season dressing with salt, pepper, and more vinegar from shallot mixture, if desired.", 
    "Add tomatoes and their juices to dressing and gently toss to coat. Let tomato mixture stand at room temperature until tomatoes release more juices and soften slightly, about 1 hour.", 
    "Meanwhile, preheat oven to 350\u00b0. Combine bread and garlic on a large rimmed baking sheet and drizzle with oil; season with salt and pepper. Squeeze bread pieces lightly with your hands so they will evenly absorb oil and spread out in a single layer.", 
    "Bake bread pieces, tossing occasionally, until crisp on the outside but still chewy in the center, 10\u201315 minutes. Let croutons cool slightly, then discard garlic.", 
    "Add arugula and croutons to bowl with tomato mixture; season with salt and pepper and toss to combine. Drain pickled shallot. Serve panzanella topped with pickled shallot."
  ], 
  "keywords": [
    "Michael Anthony Summer Tomato Recipes", 
    "Pickle Recipes", 
    "Salad", 
    "Salad Recipes", 
    "Shallot Recipes", 
    "Summer Food", 
    "Tomato Recipes", 
    "Vegetarian Recipes"
  ], 
  "name": "Green Panzanella with Pickled Shallot", 
  "proteinContent": "Protein (g) 5", 
  "saturatedFatContent": "Saturated Fat (g) 3.5", 
  "servings": "Servings: 6", 
  "sodiumContent": "Sodium (mg) 340", 
  "sugarContent": "Total Sugars (g) 8", 
  "url": "http://www.bonappetit.com/recipe/green-panzanella-with-pickled-shallot"
}