{
  "calories": "", 
  "carbohydrateContent": "", 
  "cholesterolContent": "", 
  "fatContent": "", 
  "fiberContent": "", 
  "image": "http://www.bonappetit.com/wp-content/uploads/2012/08/fried-green-tomatoes-with-tomato-vinegar-sauce-6462-646x600.jpg", 
  "ingredients": {
    "1/2-inch cubes stale baguette": {
      "flour": "Safe", 
      "gluten": "gluten here!", 
      "quantity": "1", 
      "substitute": "gluten-free bread", 
      "unit": "cup"
    }, 
    "1/4-inch-thick slices green (unripe) tomatoes": {
      "flour": "Safe", 
      "gluten": "no gluten here!", 
      "quantity": "12", 
      "substitute": "no substitute needed", 
      "unit": ""
    }, 
    "all-purpose flour": {
      "flour": {
        "type": {
          "binder": {
            "type": "xanthum gum", 
            "weight": 0.5
          }, 
          "density": {
            "type": "brown rice flour", 
            "weight": 0.142
          }, 
          "fat": {
            "type": "almond flour", 
            "weight": 0.142
          }, 
          "leavener": "", 
          "lightness": {
            "type": "white rice flour", 
            "weight": 0.284
          }, 
          "protein": {
            "type": "sorghum flour", 
            "weight": 0.142
          }, 
          "starch": {
            "type": "potato starch", 
            "weight": 0.284
          }, 
          "stickiness": "", 
          "texture": ""
        }, 
        "weight": 125
      }, 
      "gluten": "gluten here!", 
      "quantity": "1", 
      "substitute": "flour ratio", 
      "unit": "cup"
    }, 
    "buttermilk": {
      "flour": "Safe", 
      "gluten": "no gluten here!", 
      "quantity": "1", 
      "substitute": "no substitute needed", 
      "unit": "cup"
    }, 
    "cayenne pepper": {
      "flour": "Safe", 
      "gluten": "no gluten here!", 
      "quantity": "1", 
      "substitute": "no substitute needed", 
      "unit": "teaspoon"
    }, 
    "chili powder": {
      "flour": "Safe", 
      "gluten": "no gluten here!", 
      "quantity": "1", 
      "substitute": "no substitute needed", 
      "unit": "tablespoon"
    }, 
    "fennel seeds, toasted": {
      "flour": "Safe", 
      "gluten": "no gluten here!", 
      "quantity": "1", 
      "substitute": "no substitute needed", 
      "unit": "tablespoon"
    }, 
    "freshly ground black pepper plus more for seasoning": {
      "flour": "Safe", 
      "gluten": "no gluten here!", 
      "quantity": "1/4", 
      "substitute": "no substitute needed", 
      "unit": "teaspoon"
    }, 
    "garlic clove, finely grated": {
      "flour": "Safe", 
      "gluten": "no gluten here!", 
      "quantity": "1", 
      "substitute": "no substitute needed", 
      "unit": ""
    }, 
    "garlic powder": {
      "flour": "Safe", 
      "gluten": "no gluten here!", 
      "quantity": "2", 
      "substitute": "no substitute needed", 
      "unit": "teaspoons"
    }, 
    "kosher salt and freshly ground black pepper": {
      "flour": "Safe", 
      "gluten": "no gluten here!", 
      "quantity": "", 
      "substitute": "no substitute needed", 
      "unit": ""
    }, 
    "kosher salt, divided, plus more for seasoning": {
      "flour": "Safe", 
      "gluten": "no gluten here!", 
      "quantity": "3 1/2", 
      "substitute": "no substitute needed", 
      "unit": "teaspoon"
    }, 
    "of hot pepper sauce": {
      "flour": "Safe", 
      "gluten": "no gluten here!", 
      "quantity": "1", 
      "substitute": "no substitute needed", 
      "unit": "dash"
    }, 
    "olive oil": {
      "flour": "Safe", 
      "gluten": "no gluten here!", 
      "quantity": "1/4", 
      "substitute": "no substitute needed", 
      "unit": "cup"
    }, 
    "potato starch": {
      "flour": "Safe", 
      "gluten": "no gluten here!", 
      "quantity": "1", 
      "substitute": "no substitute needed", 
      "unit": "cup"
    }, 
    "ripe red tomatoes, diced": {
      "flour": "Safe", 
      "gluten": "no gluten here!", 
      "quantity": "1", 
      "substitute": "no substitute needed", 
      "unit": "pound"
    }, 
    "shelled pumpkin seeds (pepitas), toasted": {
      "flour": "Safe", 
      "gluten": "gluten here!", 
      "quantity": "1", 
      "substitute": "gluten-free bread", 
      "unit": "cup"
    }, 
    "sherry vinegar": {
      "flour": "Safe", 
      "gluten": "no gluten here!", 
      "quantity": "1", 
      "substitute": "no substitute needed", 
      "unit": "tablespoon"
    }, 
    "smoked paprika": {
      "flour": "Safe", 
      "gluten": "no gluten here!", 
      "quantity": "1", 
      "substitute": "no substitute needed", 
      "unit": "tablespoon"
    }, 
    "thinly sliced fresh basil": {
      "flour": "Safe", 
      "gluten": "no gluten here!", 
      "quantity": "2", 
      "substitute": "no substitute needed", 
      "unit": "tablespoons"
    }, 
    "vegetable oil (for frying)": {
      "flour": "Safe", 
      "gluten": "no gluten here!", 
      "quantity": "", 
      "substitute": "no substitute needed", 
      "unit": ""
    }
  }, 
  "instructions": [
    "Pur\u00e9e tomatoes in a food processor. Strain through a coarse-mesh sieve into a large bowl, pressing on solids to extract as much juice as possible. Discard solids in sieve. Whisk oil, basil, vinegar, garlic, and hot pepper sauce into tomatoes in bowl. Season to taste with salt and pepper. DO AHEAD: Sauce can be made 2 days ahead. Cover and chill.", 
    "Heat oil in a small skillet over medium-high heat. Add bread and cook, stirring constantly, until golden brown and crisp. Using a slotted spoon, transfer bread to a paper towel\u2013lined plate to drain. Let cool.", 
    "Crush fennel seeds in a mortar and pestle. (Alternatively, place in a resealable plastic freezer bag and crush with the back of a skillet or a rolling pin.) Add pumpkin seeds and lightly crush (to just break apart, not pulverize; they\u2019ll add more texture later). Add bread cubes and crush; this can be done in 2 batches, if needed. Transfer crumbs to a large bowl. Add flour, potato starch, chili powder, 3 tsp. salt, smoked paprika, garlic powder, and cayenne pepper. Season to taste with more salt, if desired, and pepper; mix well. DO AHEAD: Crumb mixture can be made 3 days ahead. Cover and chill.", 
    "Whisk buttermilk, garlic, 1/2 tsp. salt, and 1/4 tsp. pepper in a large glass baking dish. Add tomato slices and turn to coat. Cover and chill to let marinate for 2 hours.", 
    "Preheat oven to 400\u00b0. Set a wire rack inside a rimmed baking sheet; set aside. Pour oil into a large heavy pot to a depth of 1\". Attach deep-fry thermometer to side of pot so bulb is submerged and heat oil over medium-high heat to 350\u00b0. Remove tomatoes from buttermilk and dredge in crumb mixture, pressing so that crumbs adhere to tomatoes. Working in batches, fry tomato slices in oil until golden brown and crisp, about 4 minutes.", 
    "Transfer fried tomatoes to prepared wire rack. Transfer to oven and bake tomatoes until tender inside and crust is crispy, about 8 minutes. Season tomatoes with salt and pepper.", 
    "Spoon some tomato-vinegar sauce onto plates. Top each with 2 tomato slices."
  ], 
  "keywords": [
    "Appetizers", 
    "Basil Recipes", 
    "Cayenne", 
    "Fennel Recipes", 
    "Hot 10 Recipes", 
    "Hot Pepper Recipes", 
    "Paprika Recipes", 
    "Pumpkin", 
    "Seed Recipes", 
    "Spicy Food", 
    "State Bird Recipes", 
    "Tomato Recipes"
  ], 
  "name": "Fried Green Tomatoes with Tomato-Vinegar Sauce", 
  "proteinContent": "", 
  "saturatedFatContent": "", 
  "servings": "Servings: 6", 
  "sodiumContent": "", 
  "sugarContent": "", 
  "url": "http://www.bonappetit.com/recipe/fried-green-tomatoes-with-tomato-vinegar-sauce"
}