{
  "calories": "Calories (kcal) 270", 
  "carbohydrateContent": "Carbohydrates (g) 8", 
  "cholesterolContent": "Cholesterol (mg) 100", 
  "description": "Ground chicken is leaner than other meats, but less fat doesn\u2019t mean you have to sacrifice flavor\u2014these meatballs are loaded with aromatics like scallions, ginger and garlic.", 
  "fatContent": "Fat (g) 17", 
  "fiberContent": "Dietary Fiber (g)\u00a0 4", 
  "image": "http://www.bonappetit.com/wp-content/uploads/2014/03/Ginger-Chicken-Meatballs-with-Chinese-Broccoli-940x600.jpg", 
  "ingredients": {
    "bunch chinese broccoli, chopped": {
      "flour": "Safe", 
      "gluten": "no gluten here!", 
      "quantity": "1/2", 
      "substitute": "no substitute needed", 
      "unit": ""
    }, 
    "crushed red pepper flakes": {
      "flour": "Safe", 
      "gluten": "no gluten here!", 
      "quantity": "1/2", 
      "substitute": "no substitute needed", 
      "unit": "teaspoon"
    }, 
    "finely grated ginger": {
      "flour": "Safe", 
      "gluten": "no gluten here!", 
      "quantity": "2", 
      "substitute": "no substitute needed", 
      "unit": "teaspoons"
    }, 
    "garlic clove, finely grated": {
      "flour": "Safe", 
      "gluten": "no gluten here!", 
      "quantity": "1", 
      "substitute": "no substitute needed", 
      "unit": ""
    }, 
    "ground chicken": {
      "flour": "Safe", 
      "gluten": "no gluten here!", 
      "quantity": "1", 
      "substitute": "no substitute needed", 
      "unit": "lb"
    }, 
    "kosher salt, freshly ground pepper": {
      "flour": "Safe", 
      "gluten": "no gluten here!", 
      "quantity": "", 
      "substitute": "no substitute needed", 
      "unit": ""
    }, 
    "low-sodium chicken broth, divided": {
      "flour": "Safe", 
      "gluten": "no gluten here!", 
      "quantity": "2", 
      "substitute": "no substitute needed", 
      "unit": "cups"
    }, 
    "reduced-sodium soy sauce": {
      "flour": "Safe", 
      "gluten": "gluten here!", 
      "quantity": "1", 
      "substitute": "gluten-free tamari", 
      "unit": "tablespoon"
    }, 
    "scallions, thinly sliced, plus more for serving": {
      "flour": "Safe", 
      "gluten": "no gluten here!", 
      "quantity": "4", 
      "substitute": "no substitute needed", 
      "unit": ""
    }, 
    "vegetable oil": {
      "flour": "Safe", 
      "gluten": "no gluten here!", 
      "quantity": "2", 
      "substitute": "no substitute needed", 
      "unit": "tablespoons"
    }
  }, 
  "instructions": [
    "Using your hands or a rubber spatula, gently mix garlic, chicken, soy sauce, ginger, 4 scallions, and \u00bd cup broth in a medium bowl just to combine. Scooping out by the tablespoonful, form mixture into 1\u201d-diameter meatballs.", 
    "Heat oil in a large skillet over medium-high heat. Add meatballs and cook, turning occasionally, until golden brown all over, 8\u201310 minutes. Transfer to a plate.", 
    "Combine broccoli and red pepper flakes in same skillet, season with salt and pepper, and cook over medium-high heat until broccoli is bright green and crisp-tender, about 5 minutes. Add meatballs and remaining 1\u00bd cups broth. Bring broth to a boil, reduce heat, and simmer until meatballs are cooked through and broccoli is tender, 5\u20138 minutes. Serve sprinkled with more scallions."
  ], 
  "keywords": [
    "Broccoli", 
    "Chicken Recipes", 
    "Dinner", 
    "Ginger Recipes", 
    "Healthy Recipes", 
    "Hot Pepper Recipes", 
    "Meatball Recipes", 
    "Scallion Recipes", 
    "Soy Sauce Recipes"
  ], 
  "name": "Ginger-Chicken Meatballs with Chinese Broccoli", 
  "proteinContent": "Protein (g) 25", 
  "saturatedFatContent": "Saturated Fat (g) 3.5", 
  "servings": "Servings: 4", 
  "sodiumContent": "Sodium (mg) 620", 
  "sugarContent": "Total Sugars (g) 1", 
  "url": "http://www.bonappetit.com/recipe/ginger-chicken-meatballs-chinese-broccoli"
}