{
  "calories": "", 
  "carbohydrateContent": "", 
  "cholesterolContent": "", 
  "fatContent": "", 
  "fiberContent": "", 
  "image": "http://www.bonappetit.com/wp-content/uploads/2010/03/galician-pork-and-vegetable-stew-940x600.jpg", 
  "ingredients": {
    "1 1 1/2-pound rack baby back pork ribs, cut into 3-rib sections": {
      "flour": "Safe", 
      "gluten": "no gluten here!", 
      "quantity": "", 
      "substitute": "no substitute needed", 
      "unit": ""
    }, 
    "1 1-pound smoked ham shank": {
      "flour": "Safe", 
      "gluten": "no gluten here!", 
      "quantity": "", 
      "substitute": "no substitute needed", 
      "unit": ""
    }, 
    "1 1/2 cups dried garbanzo beans (chickpeas; about 91/2 ounces)": {
      "flour": "Safe", 
      "gluten": "no gluten here!", 
      "quantity": "", 
      "substitute": "no substitute needed", 
      "unit": ""
    }, 
    "1 pound fully cooked smoked spanish chorizo, cut into 1/2-inch-thick rounds": {
      "flour": "Safe", 
      "gluten": "no gluten here!", 
      "quantity": "", 
      "substitute": "no substitute needed", 
      "unit": ""
    }, 
    "1 pound kale (2 large bunches), center ribs removed, cut crosswise into 3/4-inch wide strips (about 16 cups)": {
      "flour": "Safe", 
      "gluten": "no gluten here!", 
      "quantity": "", 
      "substitute": "no substitute needed", 
      "unit": ""
    }, 
    "1 pound skirt steak, cut crosswise into 8 pieces": {
      "flour": "Safe", 
      "gluten": "no gluten here!", 
      "quantity": "", 
      "substitute": "no substitute needed", 
      "unit": ""
    }, 
    "1 to 1 1/4 pounds ham, cut into 3x2x3/4-inch pieces": {
      "flour": "Safe", 
      "gluten": "no gluten here!", 
      "quantity": "", 
      "substitute": "no substitute needed", 
      "unit": ""
    }, 
    "16 cups water": {
      "flour": "Safe", 
      "gluten": "no gluten here!", 
      "quantity": "", 
      "substitute": "no substitute needed", 
      "unit": ""
    }, 
    "3 pounds 3-inch-diameter white-skinned potatoes, peeled, halved": {
      "flour": "Safe", 
      "gluten": "no gluten here!", 
      "quantity": "", 
      "substitute": "no substitute needed", 
      "unit": ""
    }, 
    "5 large leeks (white and pale green parts only), halved lengthwise, cut crosswise into 1-inch pieces": {
      "flour": "Safe", 
      "gluten": "no gluten here!", 
      "quantity": "", 
      "substitute": "no substitute needed", 
      "unit": ""
    }, 
    "8 ounces 1/3-inch-thick slices pancetta (italian bacon), coarsely chopped": {
      "flour": "Safe", 
      "gluten": "no gluten here!", 
      "quantity": "", 
      "substitute": "no substitute needed", 
      "unit": ""
    }
  }, 
  "instructions": [
    "Place garbanzos in large bowl. Add water to cover by 2 inches. Let soak overnight. Drain.", 
    "Place pork ribs, ham, ham shank, chorizo, steak, and pancetta in heavy large pot. Add 16 cups water. Bring to boil. Add garbanzos and leeks. Reduce heat to medium-low, cover partially, and simmer until garbanzos are tender, adjusting heat as needed to maintain active simmer, about 1 hour. Add potatoes and kale; simmer until potatoes are tender, 40 to 50 minutes.", 
    "Using slotted spoon, divide meats, vegetables, and broth among 8 large bowls.", 
    "The rich stew needs a big red wine. Jos\u00e9 recommends a Ribera del Duero from northern Spain, like the Bodegas Alejandro Fern\u00e1ndez 2006 'Pesquera' Tinto ($34). The Zarus 2004 Barrica ($15) would also be a good choice."
  ], 
  "keywords": [
    "Bean", 
    "Chickpea", 
    "Chorizo", 
    "Dinner", 
    "Dinner Party", 
    "Galician", 
    "Garbanzo", 
    "Ham", 
    "High Fiber", 
    "Kale", 
    "Kale Recipes", 
    "Large Groups", 
    "Leafy Greens Recipes", 
    "Main Course", 
    "Main Dishes", 
    "Meat Recipes", 
    "One-Pot Meal", 
    "Pork", 
    "Pork Recipes", 
    "Potluck", 
    "Soup", 
    "Spanish", 
    "Spanish Food", 
    "Vegetable", 
    "Winter"
  ], 
  "name": "Galician Pork and Vegetable Stew", 
  "proteinContent": "", 
  "saturatedFatContent": "", 
  "servings": "Servings: 8", 
  "sodiumContent": "", 
  "sugarContent": "", 
  "url": "http://www.bonappetit.com/recipe/galician-pork-and-vegetable-stew"
}