{
  "calories": "", 
  "carbohydrateContent": "", 
  "cholesterolContent": "", 
  "fatContent": "", 
  "fiberContent": "", 
  "image": "http://www.bonappetit.com/wp-content/uploads/2007/06/mare_grilled_chicken_thighs_v.jpg", 
  "ingredients": {
    "": {
      "flour": "Safe", 
      "gluten": "no gluten here!", 
      "quantity": "", 
      "substitute": "no substitute needed", 
      "unit": ""
    }, 
    "(packed) dark brown sugar": {
      "flour": "Safe", 
      "gluten": "no gluten here!", 
      "quantity": "1/3", 
      "substitute": "no substitute needed", 
      "unit": "cup"
    }, 
    "chopped peeled fresh ginger": {
      "flour": "Safe", 
      "gluten": "no gluten here!", 
      "quantity": "2", 
      "substitute": "no substitute needed", 
      "unit": "tablespoons"
    }, 
    "large garlic cloves, chopped": {
      "flour": "Safe", 
      "gluten": "no gluten here!", 
      "quantity": "4", 
      "substitute": "no substitute needed", 
      "unit": ""
    }, 
    "seasoned nori wrappers": {
      "flour": "Safe", 
      "gluten": "no gluten here!", 
      "quantity": "", 
      "substitute": "no substitute needed", 
      "unit": ""
    }, 
    "skinless boneless chicken thighs (about 3 pounds)": {
      "flour": "Safe", 
      "gluten": "no gluten here!", 
      "quantity": "12", 
      "substitute": "no substitute needed", 
      "unit": ""
    }, 
    "soy sauce": {
      "flour": "Safe", 
      "gluten": "gluten here!", 
      "quantity": "3/4", 
      "substitute": "gluten-free tamari", 
      "unit": "cup"
    }, 
    "sticky rice": {
      "flour": "Safe", 
      "gluten": "no gluten here!", 
      "quantity": "", 
      "substitute": "no substitute needed", 
      "unit": ""
    }
  }, 
  "instructions": [
    "Whisk soy sauce, brown sugar, ginger, and garlic in large bowl. DO AHEAD:  Can be made 2 hours ahead. Let stand at room temperature.", 
    "Prepare barbecue (medium-high heat). Add chicken to marinade; toss to coat. Let marinate at room temperature 15 minutes. Brush grill with oil. Grill chicken until cooked through, about 5 minutes per side.", 
    "Wrap grilled chicken with the Sticky Rice in Seasoned Nori Wrappers."
  ], 
  "keywords": [
    "Barbecue", 
    "Barbecue Recipes", 
    "Chicken Recipes", 
    "Dinner", 
    "Grilling Food", 
    "Low Cal Recipes", 
    "Poultry Recipes", 
    "Summer Food"
  ], 
  "name": "Grilled Chicken Thighs", 
  "proteinContent": "", 
  "saturatedFatContent": "", 
  "servings": "Servings: Makes 6", 
  "sodiumContent": "", 
  "sugarContent": "", 
  "url": "http://www.bonappetit.com/recipe/grilled-chicken-thighs"
}