{
  "calories": "Calories (kcal) 804.3", 
  "carbohydrateContent": "Carbohydrates (g) 25.6", 
  "cholesterolContent": "Cholesterol (mg) 230.4", 
  "description": "Pack this stunning beef roast with a savory stuffing, which keeps the meat juicy and makes a fine accompaniment on the plate.", 
  "fatContent": "Fat (g) 46.5", 
  "fiberContent": "Dietary Fiber (g) 3.0", 
  "image": "http://www.bonappetit.com/wp-content/uploads/2011/11/bacon-and-spinach-stuffed-rib-eye-roast-940x600.jpg", 
  "ingredients": {
    "1/2 cups cooked (or three 10-oz. bags frozen, thawed) spinach, squeezed dry, chopped": {
      "flour": "Safe", 
      "gluten": "no gluten here!", 
      "quantity": "2", 
      "substitute": "no substitute needed", 
      "unit": ""
    }, 
    "5-bone standing beef rib-eye roast (10\u201313 lb.), chine bone removed, fat trimmed to 1/4' thick": {
      "flour": "Safe", 
      "gluten": "no gluten here!", 
      "quantity": "1", 
      "substitute": "no substitute needed", 
      "unit": ""
    }, 
    "applewood-smoked bacon, cut crosswise into 1/2' pieces": {
      "flour": "Safe", 
      "gluten": "no gluten here!", 
      "quantity": "1", 
      "substitute": "no substitute needed", 
      "unit": "pound"
    }, 
    "chopped fresh sage": {
      "flour": "Safe", 
      "gluten": "no gluten here!", 
      "quantity": "1", 
      "substitute": "no substitute needed", 
      "unit": "teaspoon"
    }, 
    "chopped fresh thyme": {
      "flour": "Safe", 
      "gluten": "no gluten here!", 
      "quantity": "1", 
      "substitute": "no substitute needed", 
      "unit": "teaspoon"
    }, 
    "coarse fresh breadcrumbs made from day-old white bread": {
      "flour": "Safe", 
      "gluten": "gluten here!", 
      "quantity": "2", 
      "substitute": "gluten-free bread", 
      "unit": "cups"
    }, 
    "cr\u00e8me fra\u00eeche or sour cream": {
      "flour": "Safe", 
      "gluten": "no gluten here!", 
      "quantity": "1/4", 
      "substitute": "no substitute needed", 
      "unit": "cup"
    }, 
    "finely chopped celery": {
      "flour": "Safe", 
      "gluten": "no gluten here!", 
      "quantity": "1/2", 
      "substitute": "no substitute needed", 
      "unit": "cup"
    }, 
    "finely chopped fresh thyme": {
      "flour": "Safe", 
      "gluten": "no gluten here!", 
      "quantity": "1/4", 
      "substitute": "no substitute needed", 
      "unit": "cup"
    }, 
    "finely chopped scallions": {
      "flour": "Safe", 
      "gluten": "no gluten here!", 
      "quantity": "1/2", 
      "substitute": "no substitute needed", 
      "unit": "cup"
    }, 
    "finely chopped shallots": {
      "flour": "Safe", 
      "gluten": "no gluten here!", 
      "quantity": "1/2", 
      "substitute": "no substitute needed", 
      "unit": "cup"
    }, 
    "garlic cloves, chopped": {
      "flour": "Safe", 
      "gluten": "no gluten here!", 
      "quantity": "3", 
      "substitute": "no substitute needed", 
      "unit": ""
    }, 
    "kosher salt and freshly ground black pepper": {
      "flour": "Safe", 
      "gluten": "no gluten here!", 
      "quantity": "", 
      "substitute": "no substitute needed", 
      "unit": ""
    }, 
    "large eggs, whisked to blend": {
      "flour": "Safe", 
      "gluten": "no gluten here!", 
      "quantity": "2", 
      "substitute": "no substitute needed", 
      "unit": ""
    }, 
    "nutmeg, preferably freshly grated": {
      "flour": "Safe", 
      "gluten": "no gluten here!", 
      "quantity": "1/4", 
      "substitute": "no substitute needed", 
      "unit": "teaspoon"
    }, 
    "olive oil": {
      "flour": "Safe", 
      "gluten": "no gluten here!", 
      "quantity": "2", 
      "substitute": "no substitute needed", 
      "unit": "tablespoons"
    }
  }, 
  "instructions": [
    "Pulse bacon several times in a food processor to coarsely chop. Scrape bacon into a large skillet; cook over medium heat, stirring often, until brown but not crisp, about 10 minutes. Transfer to a paper towel-lined plate to drain. Pour off and reserve 2 Tbsp. bacon drippings for another use. Return pan to medium heat. Add celery, shallots, and garlic; cover and cook, stirring occasionally, until vegetables are soft, about 5 minutes. Stir in spinach and cr\u00e8me fra\u00eeche; cook, stirring occasionally, 2\u20133 minutes longer. Scrape mixture into a medium bowl.", 
    "Stir breadcrumbs, scallions, sage, thyme, and nutmeg into stuffing mixture. Season to taste with salt and pepper. DO AHEAD: Can be made 1 day ahead. Cover with plastic and refrigerate, Stir in eggs. Spread stuffing out on a rimmed baking sheet; cover with plastic wrap and chill until stuffing is firm, about 1 hour.", 
    "Let meat stand at room temperature for 4 hours.", 
    "Arrange a rack in lower third of oven and preheat to 450\u00b0. Set a V-shaped rack inside a large roasting pan. Place roast on a work surface with bones standing straight up. Using a knife, cut along bones so only 1\" of meat is attached at base of bones.", 
    "Season roast (including the bones) generously with salt and pepper, rub with oil, and sprinkle with thyme. Place roast, bones facing up, in prepared pan; wrap bone tips in foil to prevent burning.", 
    "Pull bones away from meat to create a 3\u20134\"-wide pocket at the top. Lightly pack stuffing into pocket. Starting at one end, tie kitchen twine horizontally around bones to keep them in place and secure stuffing. Tie the roast vertically between each bone.", 
    "Roast beef for 20 minutes. Reduce heat to 350\u00b0 and continue roasting for 3 hours\u2013beginning to probe center of roast at the 2-hour mark\u2013until an instant-read thermometer inserted into thickest part of roast registers 110\u00b0\u2013115\u00b0 for rare and 120\u00b0\u2013125\u00b0 for medium-rare.", 
    "Transfer roast to a carving board; tent loosely with foil. Let rest for at least 30 minutes and up to 1 hour. Remove twine.", 
    "Carving option 1: Cut between ribs to make 5 large bone-in steaks to share.", 
    "Carving option 2: Spoon stuffing into a serving bowl. Slice off rib rack by cutting through strip of meat at base of bones. Slice between bones and transfer ribs to a platter. Place meat on a work surface; cut into 1/4\u20131/2\"-thick slices. Transfer slices to platter with ribs and serve with small spoonfuls of stuffing on the side."
  ], 
  "keywords": [
    "Beef Recipes", 
    "December 2011 Recipes", 
    "Dinner", 
    "Entrees", 
    "Meat Recipes", 
    "Prime Time", 
    "Recipes", 
    "Ribeye Recipes", 
    "Roast Recipes", 
    "Trail_121911"
  ], 
  "name": "Bacon and Spinach-Stuffed Rib-Eye Roast", 
  "proteinContent": "Protein (g) 67.2", 
  "saturatedFatContent": "Saturated Fat (g) 18.1", 
  "servings": "Servings: 8\u201310", 
  "sodiumContent": "Sodium (mg) 814.4", 
  "sugarContent": "Total Sugars (g) 3.6", 
  "url": "http://www.bonappetit.com/recipe/bacon-and-spinach-stuffed-rib-eye-roast"
}