{
  "calories": "", 
  "carbohydrateContent": "", 
  "cholesterolContent": "", 
  "description": "The toasted coconut in the crust lends flavor and texture and complements the curd filling.", 
  "fatContent": "", 
  "fiberContent": "", 
  "image": "http://www.bonappetit.com/wp-content/uploads/2014/10/gluten-free-lemon-bars-940x600.jpg", 
  "ingredients": {
    "(\u00bd stick) chilled unsalted butter, cut into pieces": {
      "flour": "Safe", 
      "gluten": "no gluten here!", 
      "quantity": "\u00bc", 
      "substitute": "no substitute needed", 
      "unit": "cup"
    }, 
    "all purpose flour": {
      "flour": {
        "type": {
          "binder": {
            "type": "xanthum gum", 
            "weight": 0.5
          }, 
          "density": {
            "type": "brown rice flour", 
            "weight": 0.142
          }, 
          "fat": {
            "type": "almond flour", 
            "weight": 0.142
          }, 
          "leavener": "", 
          "lightness": {
            "type": "white rice flour", 
            "weight": 0.284
          }, 
          "protein": {
            "type": "sorghum flour", 
            "weight": 0.142
          }, 
          "starch": {
            "type": "potato starch", 
            "weight": 0.284
          }, 
          "stickiness": "", 
          "texture": ""
        }, 
        "weight": 125
      }, 
      "gluten": "gluten here!", 
      "quantity": "2", 
      "substitute": "flour ratio", 
      "unit": "tablespoons"
    }, 
    "baking powder": {
      "flour": "Safe", 
      "gluten": "no gluten here!", 
      "quantity": "1", 
      "substitute": "no substitute needed", 
      "unit": "teaspoon"
    }, 
    "finely grated lemon zest": {
      "flour": "Safe", 
      "gluten": "no gluten here!", 
      "quantity": "2", 
      "substitute": "no substitute needed", 
      "unit": "tablespoons"
    }, 
    "fresh lemon juice": {
      "flour": "Safe", 
      "gluten": "no gluten here!", 
      "quantity": "\u00bd", 
      "substitute": "no substitute needed", 
      "unit": "cup"
    }, 
    "granulated sugar": {
      "flour": "Safe", 
      "gluten": "no gluten here!", 
      "quantity": "1\u00bd", 
      "substitute": "no substitute needed", 
      "unit": "cups"
    }, 
    "king arthur flour gluten free multi-purpose flour": {
      "flour": "Safe", 
      "gluten": "no gluten here!", 
      "quantity": "\u00be", 
      "substitute": "no substitute needed", 
      "unit": "cup"
    }, 
    "kosher salt": {
      "flour": "Safe", 
      "gluten": "no gluten here!", 
      "quantity": "\u215b", 
      "substitute": "no substitute needed", 
      "unit": "teaspoon"
    }, 
    "large egg yolk": {
      "flour": "Safe", 
      "gluten": "no gluten here!", 
      "quantity": "1", 
      "substitute": "no substitute needed", 
      "unit": ""
    }, 
    "large eggs": {
      "flour": "Safe", 
      "gluten": "no gluten here!", 
      "quantity": "4", 
      "substitute": "no substitute needed", 
      "unit": ""
    }, 
    "powdered sugar (for serving)": {
      "flour": "Safe", 
      "gluten": "no gluten here!", 
      "quantity": "", 
      "substitute": "no substitute needed", 
      "unit": ""
    }, 
    "unsweetened shredded coconut": {
      "flour": "Safe", 
      "gluten": "no gluten here!", 
      "quantity": "\u00bc", 
      "substitute": "no substitute needed", 
      "unit": "cup"
    }, 
    "vanilla bean, split lengthwise": {
      "flour": "Safe", 
      "gluten": "no gluten here!", 
      "quantity": "\u00bd", 
      "substitute": "no substitute needed", 
      "unit": ""
    }
  }, 
  "instructions": [
    "Preheat oven to 350\u00b0. Toast coconut on a rimmed baking sheet, tossing once, until golden brown, 5\u20137 minutes.", 
    "Line an 8x8\" baking pan with parchment paper, leaving a generous overhang on all sides. Pulse flour, sugar and salt in a food processor just to combine.", 
    "Add coconut, egg yolk, and butter and scrape in vanilla seeds (save pod for another use). Process until a dough forms. Gather into a ball and press into bottom of prepared pan. Bake crust until golden brown, 25\u201330 minutes.", 
    "While crust is baking, process eggs, sugar, lemon zest, lemon juice, flour, and baking powder in a food processor until smooth. Pour filling into warm crust and bake until filling begins to brown at the edges and is just set in the center, 25\u201330 minutes. Transfer pan to a wire rack and let cool. Chill until cold, at least 2 hours.", 
    "Just before serving, dust with powdered sugar and cut into 2\u201d squares.", 
    "DO AHEAD:Lemon bars (without powdered sugar) can be made 3 days ahead. Cover and chill."
  ], 
  "keywords": [
    "Bar Cookie", 
    "Coconut", 
    "cookie", 
    "Desserts", 
    "Gluten Free", 
    "Lemon", 
    "Vanilla"
  ], 
  "name": "Gluten-Free Lemon Bars", 
  "proteinContent": "", 
  "saturatedFatContent": "", 
  "servings": "Servings: Makes 16", 
  "sodiumContent": "", 
  "sugarContent": "", 
  "url": "http://www.bonappetit.com/recipe/gluten-free-lemon-bars"
}