{
  "calories": "", 
  "carbohydrateContent": "", 
  "cholesterolContent": "", 
  "description": "A dry brine can be applied directly to your turkey's skin for a few hours, delivering big flavor and less hassle.", 
  "fatContent": "", 
  "fiberContent": "", 
  "image": "http://www.bonappetit.com/wp-content/uploads/2013/10/fennel-chile-and-maple-dry-brine.jpg", 
  "ingredients": {
    "(or more) low-sodium chicken stock": {
      "flour": "Safe", 
      "gluten": "no gluten here!", 
      "quantity": "2", 
      "substitute": "no substitute needed", 
      "unit": "cups"
    }, 
    "12\u201314-lb. turkey, giblets and neck removed": {
      "flour": "Safe", 
      "gluten": "no gluten here!", 
      "quantity": "1", 
      "substitute": "no substitute needed", 
      "unit": ""
    }, 
    "bunches of herbs": {
      "flour": "Safe", 
      "gluten": "no gluten here!", 
      "quantity": "1\u20132", 
      "substitute": "no substitute needed", 
      "unit": ""
    }, 
    "crushed red pepper flakes": {
      "flour": "Safe", 
      "gluten": "no gluten here!", 
      "quantity": "2", 
      "substitute": "no substitute needed", 
      "unit": "teaspoons"
    }, 
    "fennel seeds": {
      "flour": "Safe", 
      "gluten": "no gluten here!", 
      "quantity": "2", 
      "substitute": "no substitute needed", 
      "unit": "tablespoons"
    }, 
    "fresh thyme leaves": {
      "flour": "Safe", 
      "gluten": "no gluten here!", 
      "quantity": "1", 
      "substitute": "no substitute needed", 
      "unit": "tablespoon"
    }, 
    "head of garlic, halved": {
      "flour": "Safe", 
      "gluten": "no gluten here!", 
      "quantity": "1", 
      "substitute": "no substitute needed", 
      "unit": ""
    }, 
    "kosher salt": {
      "flour": "Safe", 
      "gluten": "no gluten here!", 
      "quantity": "\u00bd", 
      "substitute": "no substitute needed", 
      "unit": "cup"
    }, 
    "maple sugar or 3 tbsp. light brown sugar": {
      "flour": "Safe", 
      "gluten": "no gluten here!", 
      "quantity": "\u00bc", 
      "substitute": "no substitute needed", 
      "unit": "cup"
    }, 
    "medium onion, quartered": {
      "flour": "Safe", 
      "gluten": "no gluten here!", 
      "quantity": "1", 
      "substitute": "no substitute needed", 
      "unit": ""
    }, 
    "unsalted butter, room temperature": {
      "flour": "Safe", 
      "gluten": "no gluten here!", 
      "quantity": "\u00bc", 
      "substitute": "no substitute needed", 
      "unit": "cup"
    }, 
    "whole star anise pods": {
      "flour": "Safe", 
      "gluten": "no gluten here!", 
      "quantity": "6", 
      "substitute": "no substitute needed", 
      "unit": ""
    }
  }, 
  "instructions": [
    "Toast star anise and fennel seeds in a small skillet over medium heat, stirring often, until fragrant, about 2 minutes. Transfer to a food processor; add salt, maple sugar, thyme, and red pepper flakes and pulse to blend, about 30 seconds.", 
    "DO AHEAD:Dry brine can be made 3 days ahead. Cover and chill.", 
    "Rub dry brine all over turkey; chill uncovered, 6\u20137 hours.", 
    "Preheat oven to 425\u00b0. Rinse turkey clean under cold water; pat dry and place, breast side up, on a rack set in a large roasting pan. Stuff turkey with onion, garlic, and herbs. Working from neck end of turkey, gently loosen skin from breasts and rub butter under skin and all over outside of bird. Tie legs together with kitchen twine, pour broth into pan, and roast turkey 30 minutes. Reduce oven temperature to 325\u00b0 and roast, basting with pan juices every 30\u201340 minutes, adding more broth as needed to maintain some liquid in pan, and tenting with foil if skin is browning too quickly, until an instant-read thermometer inserted into thickest part of thigh registers 165\u00b0, 2\u00bd\u20133 hours.", 
    "Transfer turkey to a platter; tent with foil. Let rest at least 30 minutes before carving."
  ], 
  "keywords": [
    "25 Ways to Reinvent Your Thanksgiving", 
    "Anise", 
    "Chile", 
    "Fennel Recipes", 
    "Thanksgiving", 
    "Turkey Recipes"
  ], 
  "name": "Fennel, Chile, and Maple Dry-Brined Turkey", 
  "proteinContent": "", 
  "saturatedFatContent": "", 
  "servings": "Servings: 8\u201310", 
  "sodiumContent": "", 
  "sugarContent": "", 
  "url": "http://www.bonappetit.com/recipe/fennel-chile-and-maple-dry-brined-turkey"
}