{
  "calories": "Calories (kcal) 278.9", 
  "carbohydrateContent": "Carbohydrates (g) 8.2", 
  "cholesterolContent": "Cholesterol (mg) 24.6", 
  "fatContent": "Fat (g) 25.5", 
  "fiberContent": "Dietary Fiber (g) 2.7", 
  "image": "http://www.bonappetit.com/wp-content/uploads/2011/04/bagna-cauda-940x600.jpg", 
  "ingredients": {
    "(1/4 stick) butter": {
      "flour": "Safe", 
      "gluten": "no gluten here!", 
      "quantity": "2", 
      "substitute": "no substitute needed", 
      "unit": "tablespoons"
    }, 
    "2-ounce can anchovy fillets, oil drained, anchovies chopped": {
      "flour": "Safe", 
      "gluten": "no gluten here!", 
      "quantity": "1", 
      "substitute": "no substitute needed", 
      "unit": ""
    }, 
    "assorted vegetables (such as sugar snap peas, haricots verts, cauliflower florets, baby zucchini and pattypan squash, asparagus spears, and baby golden and scarlet beets)": {
      "flour": "Safe", 
      "gluten": "no gluten here!", 
      "quantity": "", 
      "substitute": "no substitute needed", 
      "unit": ""
    }, 
    "extra-virgin olive oil": {
      "flour": "Safe", 
      "gluten": "no gluten here!", 
      "quantity": "1/3", 
      "substitute": "no substitute needed", 
      "unit": "cup"
    }, 
    "unpeeled large garlic cloves (about 4 ounces)": {
      "flour": "Safe", 
      "gluten": "no gluten here!", 
      "quantity": "24", 
      "substitute": "no substitute needed", 
      "unit": ""
    }
  }, 
  "instructions": [
    "Bring large pot of salted water to boil. Blanch sugar snap peas and haricots verts 1 minute. Using strainer, transfer vegetables to paper towels to drain. Blanch cauliflower florets 2 minutes; blanch zucchini, pattypan squash, and asparagus spears 3 minutes. Cook baby beets in same pot of water until tender, about 15 minutes; cool, peel, and cut beets in half.", 
    "Simmer garlic cloves in medium saucepan of salted water until tender, 20 to 25 minutes.  Drain, cool, and peel. Place garlic in shallow bowl; mash with back of fork until smooth. Melt butter in skillet over medium heat. Add anchovies and stir 1 minute. Add garlic, then whisk in olive oil. Reduce heat to medium-low. Simmer 5 minutes, whisking occasionally (sauce may separate). Season with salt and pepper; serve dip with vegetables."
  ], 
  "keywords": [
    "Anchovy", 
    "Appetizers", 
    "Condiments", 
    "Dinner", 
    "Dip Recipes", 
    "Fish Recipes", 
    "Garlic Recipes", 
    "Hors Doeuvre", 
    "Italian Food", 
    "Mediterranean Food", 
    "Olive Oil", 
    "Sauce Recipes", 
    "Snack", 
    "Vegetable Recipes"
  ], 
  "name": "Bagna Cauda Dip with Assorted Vegetables", 
  "proteinContent": "Protein (g) 5.2", 
  "saturatedFatContent": "Saturated Fat (g) 6.4", 
  "servings": "Servings: 4", 
  "sodiumContent": "Sodium (mg) 419.1", 
  "sugarContent": "Total Sugars (g) 2.8", 
  "url": "http://www.bonappetit.com/recipe/bagna-cauda-dip-with-assorted-vegetables"
}