{
  "calories": "", 
  "carbohydrateContent": "", 
  "cholesterolContent": "", 
  "description": "Pounding a pork chop ensures that it will cook quickly. We leave the bone in to keep the meat extra juicy.", 
  "fatContent": "", 
  "fiberContent": "", 
  "image": "http://www.bonappetit.com/wp-content/uploads/2014/10/flattened-pork-chops-with-greens-and-mustard-pan-sauce-940x600.jpg", 
  "ingredients": {
    "1 medium shallot, thinly sliced into rings": {
      "flour": "Safe", 
      "gluten": "no gluten here!", 
      "quantity": "", 
      "substitute": "no substitute needed", 
      "unit": ""
    }, 
    "bone-in pork rib chops (about 12 oz. each)": {
      "flour": "Safe", 
      "gluten": "no gluten here!", 
      "quantity": "4", 
      "substitute": "no substitute needed", 
      "unit": ""
    }, 
    "freshly ground black pepper": {
      "flour": "Safe", 
      "gluten": "no gluten here!", 
      "quantity": "", 
      "substitute": "no substitute needed", 
      "unit": ""
    }, 
    "honey": {
      "flour": "Safe", 
      "gluten": "no gluten here!", 
      "quantity": "2", 
      "substitute": "no substitute needed", 
      "unit": "teaspoons"
    }, 
    "kosher salt, plus more": {
      "flour": "Safe", 
      "gluten": "no gluten here!", 
      "quantity": "\u00bd", 
      "substitute": "no substitute needed", 
      "unit": "teaspoon"
    }, 
    "mustard greens, tough stems trimmed": {
      "flour": "Safe", 
      "gluten": "no gluten here!", 
      "quantity": "1", 
      "substitute": "no substitute needed", 
      "unit": "bunch"
    }, 
    "mustard seeds": {
      "flour": "Safe", 
      "gluten": "no gluten here!", 
      "quantity": "2", 
      "substitute": "no substitute needed", 
      "unit": "teaspoons"
    }, 
    "olive oil, plus more for drizzling": {
      "flour": "Safe", 
      "gluten": "no gluten here!", 
      "quantity": "3", 
      "substitute": "no substitute needed", 
      "unit": "tablespoons"
    }, 
    "plus 2 tbsp. white wine vinegar": {
      "flour": "Safe", 
      "gluten": "no gluten here!", 
      "quantity": "\u00bc", 
      "substitute": "no substitute needed", 
      "unit": "cup"
    }, 
    "sugar": {
      "flour": "Safe", 
      "gluten": "no gluten here!", 
      "quantity": "2", 
      "substitute": "no substitute needed", 
      "unit": "teaspoons"
    }, 
    "whole grain dijon mustard": {
      "flour": "Safe", 
      "gluten": "no gluten here!", 
      "quantity": "1", 
      "substitute": "no substitute needed", 
      "unit": "tablespoon"
    }
  }, 
  "instructions": [
    "Place shallot and mustard seeds in a small bowl or heatproof jar. Bring sugar, \u00bc cup vinegar, \u00bd tsp. salt, and 2 Tbsp. water to a boil in a small saucepan, stirring to dissolve sugar and salt. Pour over shallot and mustard seeds; set aside.", 
    "Pound pork chops between 2 layers of plastic wrap to \u00bc\u2013\u00bd&rdquo; thickness; season with salt and pepper. Heat 3 Tbsp. oil in a large skillet over medium-high. Working in batches if needed, cook pork chops until browned and cooked through, about 3 minutes per side. Transfer to a large plate.", 
    "Reduce heat to medium-low and add mustard, honey, remaining 2 Tbsp. vinegar, and a splash of water to skillet. Bring to a simmer and cook, scraping up browned bits from bottom of skillet, until liquid is slightly reduced, about 1 minute. Season with salt and pepper. Remove pan sauce from heat.", 
    "Place greens in a large bowl; season with salt and pepper. Drizzle warm sauce over greens and toss to coat. Drain shallot and mustard seeds.", 
    "Serve pork chops with greens topped with pickled shallot and mustard seeds and drizzled with more oil."
  ], 
  "keywords": [
    "Dinner", 
    "Fast Easy Fresh", 
    "Honey", 
    "Mustard", 
    "Mustard Greens", 
    "Pork", 
    "Pork Chop", 
    "Shallot", 
    "White Wine"
  ], 
  "name": "Flattened Pork Chops with Greens and Mustard Pan Sauce", 
  "proteinContent": "", 
  "saturatedFatContent": "", 
  "servings": "Servings: 4", 
  "sodiumContent": "", 
  "sugarContent": "", 
  "url": "http://www.bonappetit.com/recipe/flattened-pork-chops-with-greens-and-mustard-pan-sauce"
}