{
  "calories": "", 
  "carbohydrateContent": "", 
  "cholesterolContent": "", 
  "fatContent": "", 
  "fiberContent": "", 
  "image": "http://www.bonappetit.com/wp-content/uploads/2008/04/end-of-the-week-deli-sandwich-326.jpg", 
  "ingredients": {
    "1 1-pound ciabatta, focaccia, or pain rustique, cut horizontally in half": {
      "flour": "Safe", 
      "gluten": "gluten here!", 
      "quantity": "", 
      "substitute": "gluten-free bread", 
      "unit": ""
    }, 
    "1/2 cup pesto or roasted red pepper spread": {
      "flour": "Safe", 
      "gluten": "no gluten here!", 
      "quantity": "", 
      "substitute": "no substitute needed", 
      "unit": ""
    }, 
    "1/4 cup mayonnaise": {
      "flour": "Safe", 
      "gluten": "no gluten here!", 
      "quantity": "", 
      "substitute": "no substitute needed", 
      "unit": ""
    }, 
    "2/3 cup sliced drained peperoncini or pickled jalape\u00f1o chiles": {
      "flour": "Safe", 
      "gluten": "no gluten here!", 
      "quantity": "", 
      "substitute": "no substitute needed", 
      "unit": ""
    }, 
    "8 thin cheese slices (such as jack, swiss, or havarti)": {
      "flour": "Safe", 
      "gluten": "no gluten here!", 
      "quantity": "", 
      "substitute": "no substitute needed", 
      "unit": ""
    }, 
    "9 ounces assorted deli meats (such as salami, mortadella, prosciutto, ham, and turkey)": {
      "flour": "Safe", 
      "gluten": "no gluten here!", 
      "quantity": "", 
      "substitute": "no substitute needed", 
      "unit": ""
    }, 
    "arugula or other lettuce": {
      "flour": "Safe", 
      "gluten": "no gluten here!", 
      "quantity": "", 
      "substitute": "no substitute needed", 
      "unit": ""
    }, 
    "sliced tomatoes": {
      "flour": "Safe", 
      "gluten": "no gluten here!", 
      "quantity": "", 
      "substitute": "no substitute needed", 
      "unit": ""
    }, 
    "thinly sliced red onion": {
      "flour": "Safe", 
      "gluten": "no gluten here!", 
      "quantity": "", 
      "substitute": "no substitute needed", 
      "unit": ""
    }
  }, 
  "instructions": [
    "Preheat oven to 400\u00b0F. Place bread, cut side up, on baking sheet. Mix pesto and mayonnaise in small bowl; spread over both cut sides of bread. Arrange cheese on bottom half of bread. Bake bread halves until lightly toasted, about 10 minutes. Top cheese with meats, then peperoncini, onion, tomatoes, and arugula. Cover with top half of bread. Cut lengthwise in half, then crosswise into 6 sandwiches."
  ], 
  "keywords": [
    "Cold Cuts", 
    "Deli Meat Recipes", 
    "Dinner", 
    "Easy", 
    "Easy Recipes", 
    "Fast", 
    "Fresh", 
    "Leftovers", 
    "Main Dishes", 
    "Quick", 
    "Sandwich Recipes", 
    "Simple"
  ], 
  "name": "End-of-the-Week Deli Sandwich", 
  "proteinContent": "", 
  "saturatedFatContent": "", 
  "servings": "Servings: 6", 
  "sodiumContent": "", 
  "sugarContent": "", 
  "url": "http://www.bonappetit.com/recipe/end-of-the-week-deli-sandwich"
}