{
  "calories": "Calories (kcal) 140", 
  "carbohydrateContent": "Carbohydrates (g) 36", 
  "cholesterolContent": "Cholesterol (mg) 0", 
  "description": "You'll be blown away by how delicious this vending machine staple is when it's homemade.", 
  "fatContent": "Fat (g) 0", 
  "fiberContent": "Dietary Fiber (g) 0", 
  "image": "http://www.bonappetit.com/wp-content/uploads/2013/09/ginger-ale.jpg", 
  "ingredients": {
    "club soda": {
      "flour": "Safe", 
      "gluten": "no gluten here!", 
      "quantity": "4", 
      "substitute": "no substitute needed", 
      "unit": "cups"
    }, 
    "fresh mint": {
      "flour": "Safe", 
      "gluten": "no gluten here!", 
      "quantity": "", 
      "substitute": "no substitute needed", 
      "unit": ""
    }, 
    "honey": {
      "flour": "Safe", 
      "gluten": "no gluten here!", 
      "quantity": "\u00bd", 
      "substitute": "no substitute needed", 
      "unit": "cup"
    }, 
    "sliced peeled ginger": {
      "flour": "Safe", 
      "gluten": "no gluten here!", 
      "quantity": "\u00bd", 
      "substitute": "no substitute needed", 
      "unit": "cup"
    }
  }, 
  "instructions": [
    "Combine honey, ginger, and \u00bd cup water in a small saucepan. Bring to a simmer over medium heat and cook, stirring occasionally, until flavors meld, about 15 minutes. Remove from heat and let cool.", 
    "Strain syrup into a large pitcher. Add club soda, fresh mint, and ice. Stir gently and divide among 8-oz. glasses."
  ], 
  "keywords": [
    "Drink Recipes", 
    "Drinks", 
    "Ginger Recipes", 
    "home entertaining", 
    "Honey Recipes", 
    "Low Sodium Recipes", 
    "Mint Recipes", 
    "Summer Drinks Recipes"
  ], 
  "name": "Ginger Ale", 
  "proteinContent": "Protein (g) 1", 
  "saturatedFatContent": "Saturated Fat (g) 0", 
  "servings": "Servings: 4", 
  "sodiumContent": "Sodium (mg) 0", 
  "sugarContent": "Total Sugars (g) 32", 
  "url": "http://www.bonappetit.com/recipe/ginger-ale"
}