{
  "calories": "", 
  "carbohydrateContent": "", 
  "cholesterolContent": "", 
  "description": "Just what we want a brownie to be: rich and super fudgy. Beating the eggs and sugar for a long time incorporates air into the batter, making for a crackly crust when baked.", 
  "fatContent": "", 
  "fiberContent": "", 
  "image": "http://www.bonappetit.com/wp-content/uploads/2014/10/gluten-free-fudge-brownies-940x600.jpg", 
  "ingredients": {
    "baking powder": {
      "flour": "Safe", 
      "gluten": "no gluten here!", 
      "quantity": "\u00bd", 
      "substitute": "no substitute needed", 
      "unit": "teaspoon"
    }, 
    "king arthur flour gluten free multi-purpose flour": {
      "flour": "Safe", 
      "gluten": "no gluten here!", 
      "quantity": "\u00bd", 
      "substitute": "no substitute needed", 
      "unit": "cup"
    }, 
    "large eggs": {
      "flour": "Safe", 
      "gluten": "no gluten here!", 
      "quantity": "4", 
      "substitute": "no substitute needed", 
      "unit": ""
    }, 
    "pecans (optional)": {
      "flour": "Safe", 
      "gluten": "no gluten here!", 
      "quantity": "1", 
      "substitute": "no substitute needed", 
      "unit": "cup"
    }, 
    "salt": {
      "flour": "Safe", 
      "gluten": "no gluten here!", 
      "quantity": "\u00bd", 
      "substitute": "no substitute needed", 
      "unit": "teaspoon"
    }, 
    "semisweet chocolate, divided": {
      "flour": "Safe", 
      "gluten": "no gluten here!", 
      "quantity": "24", 
      "substitute": "no substitute needed", 
      "unit": "ounces"
    }, 
    "sugar": {
      "flour": "Safe", 
      "gluten": "no gluten here!", 
      "quantity": "1\u2153", 
      "substitute": "no substitute needed", 
      "unit": "cups"
    }, 
    "unsalted butter": {
      "flour": "Safe", 
      "gluten": "no gluten here!", 
      "quantity": "6", 
      "substitute": "no substitute needed", 
      "unit": "tablespoons"
    }, 
    "vanilla extract": {
      "flour": "Safe", 
      "gluten": "no gluten here!", 
      "quantity": "2", 
      "substitute": "no substitute needed", 
      "unit": "teaspoons"
    }
  }, 
  "instructions": [
    "Preheat oven to 350\u00b0. Line a 13x9\" baking pan with parchment paper, leaving a generous overhang on all sides. Toast pecans on a rimmed baking sheet, stirring occasionally, until slightly darkened and fragrant, 8\u201310 minutes. Let cool; chop.", 
    "Chop 16 oz. chocolate and heat with butter in a heatproof bowl set over a saucepan of simmering water (bowl should not touch water), stirring, until butter and chocolate are melted. Let cool slightly.", 
    "Whisk flour, baking powder and salt in a small bowl. Using an electric mixer on high speed, beat eggs, sugar, and vanilla in a large bowl. Beat on medium-high speed until mixture is pale and thick, 6\u20138 minutes. Reduce speed to low and add dry ingredients, mixing just to combine. Mix in chocolate mixture.", 
    "Chop remaining chocolate. Using a wooden spoon or rubber spatula, mix in remaining chocolate and two-thirds of pecans. Scrape batter into prepared baking pan and sprinkle with remaining pecans. Bake brownie until puffed and top is cracked and looks dry and shiny, 30\u201335 minutes. Let cool before cutting into 2\" squares.", 
    "DO AHEAD:Brownies can be made 5 days ahead. Store tightly wrapped at room temperature."
  ], 
  "keywords": [
    "brownie", 
    "Desserts", 
    "Fudge", 
    "Gluten Free", 
    "Pecans", 
    "Vanilla"
  ], 
  "name": "Gluten-Free Fudge Brownies", 
  "proteinContent": "", 
  "saturatedFatContent": "", 
  "servings": "Servings: MAKES 24", 
  "sodiumContent": "", 
  "sugarContent": "", 
  "url": "http://www.bonappetit.com/recipe/gluten-free-fudge-brownies"
}