{
  "calories": "", 
  "carbohydrateContent": "", 
  "cholesterolContent": "", 
  "fatContent": "", 
  "fiberContent": "", 
  "image": "http://www.bonappetit.com/wp-content/uploads/2008/08/Grilled-Chicken-with-Edamame-Skordalia.jpg", 
  "ingredients": {
    "16-ounce bag frozen shelled edamame (soybeans)": {
      "flour": "Safe", 
      "gluten": "no gluten here!", 
      "quantity": "1", 
      "substitute": "no substitute needed", 
      "unit": ""
    }, 
    "coarsely chopped fresh basil": {
      "flour": "Safe", 
      "gluten": "no gluten here!", 
      "quantity": "1/2", 
      "substitute": "no substitute needed", 
      "unit": "cup"
    }, 
    "extra-virgin olive oil plus additional for brushing": {
      "flour": "Safe", 
      "gluten": "no gluten here!", 
      "quantity": "1/3", 
      "substitute": "no substitute needed", 
      "unit": "cup"
    }, 
    "fresh lemon juice": {
      "flour": "Safe", 
      "gluten": "no gluten here!", 
      "quantity": "2", 
      "substitute": "no substitute needed", 
      "unit": "tablespoons"
    }, 
    "freshly grated parmesan cheese": {
      "flour": "Safe", 
      "gluten": "no gluten here!", 
      "quantity": "6", 
      "substitute": "no substitute needed", 
      "unit": "tablespoons"
    }, 
    "garlic cloves, peeled": {
      "flour": "Safe", 
      "gluten": "no gluten here!", 
      "quantity": "3", 
      "substitute": "no substitute needed", 
      "unit": ""
    }, 
    "large skinless boneless chicken breast halves": {
      "flour": "Safe", 
      "gluten": "no gluten here!", 
      "quantity": "4", 
      "substitute": "no substitute needed", 
      "unit": ""
    }
  }, 
  "instructions": [
    "Cook frozen edamame in large saucepan of boiling salted water until just tender, about 10 minutes. Drain, reserving 1 cup cooking liquid for skordalia.", 
    "Meanwhile, combine basil, 1/3 cup oil, and garlic in processor; blend until basil and garlic are finely chopped. Transfer 2 tablespoons basil oil to small bowl and reserve.", 
    "Add edamame, 1/2 cup reserved cooking liquid, Parmesan, and lemon juice to remaining basil oil in processor; puree until mixture is almost smooth, adding more cooking liquid by tablespoonfuls if mixture is dry. Season generously with salt and pepper. Set skordalia aside.", 
    "Prepare barbecue (medium-high heat). Brush grill with oil. Brush chicken breasts on both sides with reserved basil oil; sprinkle with salt and pepper. Grill until chicken is just cooked through, about 6 minutes per side. Slice chicken breasts crosswise.", 
    "Spoon warm or room-temperature skordalia onto 4 plates. Top with chicken."
  ], 
  "keywords": [
    "Barbecue", 
    "Basil", 
    "Chicken Recipes", 
    "Dinner", 
    "Dinner Party Food", 
    "Dip Recipes", 
    "Easy", 
    "Easy Recipes", 
    "Edamame", 
    "Edamame Recipes", 
    "Family Reunion", 
    "Fast", 
    "Fast Easy Fresh", 
    "Fathers Day", 
    "Fourth Of July", 
    "Garlic", 
    "Greek", 
    "Greek Food", 
    "Grilling", 
    "Healthy", 
    "High Fiber", 
    "Lunch", 
    "Main Course", 
    "Main Dishes", 
    "Mediterranean", 
    "Parmesan Cheese", 
    "Party", 
    "Poultry", 
    "Quick", 
    "Skordalia", 
    "Soy Bean", 
    "Soybeans", 
    "Summer", 
    "Summer Cooking", 
    "Weeknight"
  ], 
  "name": "Grilled Chicken with Edamame Skordalia", 
  "proteinContent": "", 
  "saturatedFatContent": "", 
  "servings": "Servings: 4", 
  "sodiumContent": "", 
  "sugarContent": "", 
  "url": "http://www.bonappetit.com/recipe/grilled-chicken-with-edamame-skordalia"
}