{
  "calories": "", 
  "carbohydrateContent": "", 
  "cholesterolContent": "", 
  "fatContent": "", 
  "fiberContent": "", 
  "image": "http://www.bonappetit.com/wp-content/uploads/2008/04/grilled-striped-bass-with-orange-saffron-butter-940x600.jpg", 
  "ingredients": {
    "(1 stick) butter, room temperature": {
      "flour": "Safe", 
      "gluten": "no gluten here!", 
      "quantity": "1/2", 
      "substitute": "no substitute needed", 
      "unit": "cup"
    }, 
    "champagne vinegar or white wine vinegar": {
      "flour": "Safe", 
      "gluten": "no gluten here!", 
      "quantity": "1/2", 
      "substitute": "no substitute needed", 
      "unit": "teaspoon"
    }, 
    "coarse kosher salt or coarse sea salt": {
      "flour": "Safe", 
      "gluten": "no gluten here!", 
      "quantity": "", 
      "substitute": "no substitute needed", 
      "unit": ""
    }, 
    "frozen orange juice concentrate, thawed": {
      "flour": "Safe", 
      "gluten": "no gluten here!", 
      "quantity": "3", 
      "substitute": "no substitute needed", 
      "unit": "tablespoons"
    }, 
    "large oranges; 1 juiced, 1 halved, then thinly sliced": {
      "flour": "Safe", 
      "gluten": "no gluten here!", 
      "quantity": "2", 
      "substitute": "no substitute needed", 
      "unit": ""
    }, 
    "large pinch of saffron threads": {
      "flour": "Safe", 
      "gluten": "no gluten here!", 
      "quantity": "", 
      "substitute": "no substitute needed", 
      "unit": ""
    }, 
    "nonstick vegetable oil spray": {
      "flour": "Safe", 
      "gluten": "no gluten here!", 
      "quantity": "", 
      "substitute": "no substitute needed", 
      "unit": ""
    }, 
    "whole farm-raised striped bass or trout (about 1 pound each), gutted, cleaned, top fin cut off": {
      "flour": "Safe", 
      "gluten": "no gluten here!", 
      "quantity": "6", 
      "substitute": "no substitute needed", 
      "unit": ""
    }
  }, 
  "instructions": [
    "Whisk butter, juice concentrate, vinegar, and saffron in small saucepan to blend. Season butter to taste with coarse salt and pepper. DO AHEAD Can be made 2 days ahead. Cover and chill.", 
    "Using small sharp knife, cut diagonal slits on both sides of fish at 1-inch intervals. Arrange fish on rimmed baking sheet. Sprinkle fresh orange juice and salt into slits and cavities of fish. Fill cavities with orange slices (about 3 per fish). Cover loosely and let stand at room temperature at least 30 minutes and up to 1 hour.", 
    "Spray grill racks and fish generously with nonstick spray. Prepare barbecue (medium-high heat). Place saucepan with orange-saffron butter at edge of grill to warm through, stirring occasionally. Arrange fish on barbecue. Grill until just opaque in center, about 5 minutes per side. Transfer to plates. Serve with warm seasoned butter."
  ], 
  "keywords": [
    "American", 
    "American Food", 
    "Barbecue", 
    "Bass", 
    "Butter", 
    "Citrus", 
    "Dinner", 
    "Fathers Day", 
    "Fathers Day Food", 
    "Fish", 
    "Grilling", 
    "Main Course", 
    "Main Dishes", 
    "Orange", 
    "Orange Juice", 
    "Saffron", 
    "Safron", 
    "Seafood", 
    "Seafood Recipes", 
    "Striped Bass", 
    "Summer", 
    "Trout"
  ], 
  "name": "Grilled Striped Bass with Orange-Saffron Butter", 
  "proteinContent": "", 
  "saturatedFatContent": "", 
  "servings": "Servings: 6", 
  "sodiumContent": "", 
  "sugarContent": "", 
  "url": "http://www.bonappetit.com/recipe/grilled-striped-bass-with-orange-saffron-butter"
}