{
  "calories": "Calories (kcal) 319.8", 
  "carbohydrateContent": "Carbohydrates (g) 13.1", 
  "cholesterolContent": "Cholesterol (mg) 51.0", 
  "description": "Walnuts, dried cherries, and sage are sprinkled between layers of Sherry-flavored cheddar and pungent Stilton. It's best to slice the apples and pears (which are served with the terrine) just before plating to prevent browning.", 
  "fatContent": "Fat (g) 24.5", 
  "fiberContent": "Dietary Fiber (g) 3.3", 
  "image": "http://www.bonappetit.com/wp-content/uploads/2009/09/farmhouse-cheddar-and-stilton-terrine-940x600.jpg", 
  "ingredients": {
    "(3/4 stick) unsalted butter, room temperature, divided": {
      "flour": "Safe", 
      "gluten": "no gluten here!", 
      "quantity": "6", 
      "substitute": "no substitute needed", 
      "unit": "tablespoons"
    }, 
    "bosc pears, halved, cored, cut into 1/4-inch-thick slices": {
      "flour": "Safe", 
      "gluten": "no gluten here!", 
      "quantity": "3", 
      "substitute": "no substitute needed", 
      "unit": ""
    }, 
    "chopped fresh sage plus sprigs for garnish": {
      "flour": "Safe", 
      "gluten": "no gluten here!", 
      "quantity": "2", 
      "substitute": "no substitute needed", 
      "unit": "tablespoons"
    }, 
    "dried cherries, coarsely chopped": {
      "flour": "Safe", 
      "gluten": "no gluten here!", 
      "quantity": "6", 
      "substitute": "no substitute needed", 
      "unit": "tablespoons"
    }, 
    "dry sherry": {
      "flour": "Safe", 
      "gluten": "no gluten here!", 
      "quantity": "2", 
      "substitute": "no substitute needed", 
      "unit": "tablespoons"
    }, 
    "farmhouse cheddar cheese or sharp white cheddar cheese, coarsely grated": {
      "flour": "Safe", 
      "gluten": "no gluten here!", 
      "quantity": "1", 
      "substitute": "no substitute needed", 
      "unit": "pound"
    }, 
    "fresh lemon juice": {
      "flour": "Safe", 
      "gluten": "no gluten here!", 
      "quantity": "2", 
      "substitute": "no substitute needed", 
      "unit": "teaspoons"
    }, 
    "granny smith apples, halved, cored, cut into 1/4-inch-thick slices": {
      "flour": "Safe", 
      "gluten": "no gluten here!", 
      "quantity": "3", 
      "substitute": "no substitute needed", 
      "unit": ""
    }, 
    "nonstick vegetable oil spray": {
      "flour": "Safe", 
      "gluten": "no gluten here!", 
      "quantity": "", 
      "substitute": "no substitute needed", 
      "unit": ""
    }, 
    "stilton or other blue cheese": {
      "flour": "Safe", 
      "gluten": "no gluten here!", 
      "quantity": "8", 
      "substitute": "no substitute needed", 
      "unit": "ounces"
    }, 
    "walnuts, toasted, chopped, plus additional walnut halves for garnish": {
      "flour": "Safe", 
      "gluten": "no gluten here!", 
      "quantity": "1 1/2", 
      "substitute": "no substitute needed", 
      "unit": "cups"
    }, 
    "water crackers": {
      "flour": "Safe", 
      "gluten": "no gluten here!", 
      "quantity": "", 
      "substitute": "no substitute needed", 
      "unit": ""
    }
  }, 
  "instructions": [
    "Line long sides and bottom of 8 1/2x4 1/2x2 1/2-inch loaf pan with parchment paper, leaving 2-inch overhang on both long sides of pan. Spray parchment and short sides of pan with nonstick spray. Place cheddar, 4 tablespoons butter, and Sherry in large bowl. Using electric mixer, beat on medium speed until blended and smooth, stopping occasionally to scrape down sides of bowl, about 3 minutes. Place Stilton and remaining 2 tablespoons butter in medium bowl. Using clean beaters, beat until blended and smooth, stopping occasionally to scrape down sides of bowl, 2 to 3 minutes. Mix 1 1/2 cups chopped walnuts, dried cherries, and chopped sage in small bowl.", 
    "Spoon half of cheddar mixture (about 1 1/3 cups) into prepared pan, spreading in even layer. Sprinkle half of walnut mixture (about 1 cup) over in even layer; press gently to adhere. Spoon Stilton mixture in dollops over nut mixture; spread in even layer. Sprinkle remaining walnut mixture over; press gently to adhere. Spoon remaining cheddar mixture in dollops over nut mixture; smooth top. Fold parchment overhang down over outside of pan. Place plastic wrap directly onto cheese; press to compact terrine. Chill at least 4 hours. DO AHEAD Can be made 3 days ahead. Keep chilled.", 
    "Let terrine stand at room temperature 1 hour before serving. Discard plastic wrap. Run knife across short end of pan to loosen terrine from pan. Place plate atop terrine; invert onto plate. Peel off parchment. Use small metal spatula to smooth surface of terrine. Garnish with walnut halves and sage sprigs.", 
    "Toss apple and pear slices with lemon juice in large bowl. Arrange fruit around terrine. Serve with water crackers."
  ], 
  "keywords": [
    "Appetizers", 
    "Apple", 
    "Blue Cheese", 
    "Cheddar", 
    "Cheese", 
    "Cocktail Party", 
    "Dinner", 
    "Dinner Party", 
    "Easy Recipes", 
    "Engagement Party", 
    "Exclusive Recipes", 
    "Fall", 
    "Hors Doeurves", 
    "Large Group", 
    "Nut", 
    "Party", 
    "Pear", 
    "Sherry", 
    "Starters", 
    "Stilton", 
    "Terrines", 
    "Thanksgiving", 
    "Vegetarian Recipes", 
    "Walnut"
  ], 
  "name": "Farmhouse Cheddar and Stilton Terrine", 
  "proteinContent": "Protein (g) 12.8", 
  "saturatedFatContent": "Saturated Fat (g) 11.0", 
  "servings": "Servings: 14 to 16", 
  "sodiumContent": "", 
  "sugarContent": "Total Sugars (g) 7.8t", 
  "url": "http://www.bonappetit.com/recipe/farmhouse-cheddar-and-stilton-terrine"
}