{
  "calories": "Calories (kcal) 148.5", 
  "carbohydrateContent": "Carbohydrates (g) 20.8", 
  "cholesterolContent": "Cholesterol (mg) 0", 
  "fatContent": "Fat (g) 6.9", 
  "fiberContent": "Dietary Fiber (g) 3.6", 
  "image": "http://www.bonappetit.com/wp-content/uploads/2010/05/everyday-granola-940x600.jpg", 
  "ingredients": {
    "1 cup assorted dried fruit": {
      "flour": "Safe", 
      "gluten": "no gluten here!", 
      "quantity": "", 
      "substitute": "no substitute needed", 
      "unit": ""
    }, 
    "1 cup coarsely chopped pecans": {
      "flour": "Safe", 
      "gluten": "no gluten here!", 
      "quantity": "", 
      "substitute": "no substitute needed", 
      "unit": ""
    }, 
    "1/2 cup unsweetened shredded coconut": {
      "flour": "Safe", 
      "gluten": "no gluten here!", 
      "quantity": "", 
      "substitute": "no substitute needed", 
      "unit": ""
    }, 
    "1/2 teaspoon ground ginger": {
      "flour": "Safe", 
      "gluten": "no gluten here!", 
      "quantity": "", 
      "substitute": "no substitute needed", 
      "unit": ""
    }, 
    "1/3 cup honey": {
      "flour": "Safe", 
      "gluten": "no gluten here!", 
      "quantity": "", 
      "substitute": "no substitute needed", 
      "unit": ""
    }, 
    "1/4 teaspoon (generous) salt": {
      "flour": "Safe", 
      "gluten": "no gluten here!", 
      "quantity": "", 
      "substitute": "no substitute needed", 
      "unit": ""
    }, 
    "2 tablespoons vegetable oil": {
      "flour": "Safe", 
      "gluten": "no gluten here!", 
      "quantity": "", 
      "substitute": "no substitute needed", 
      "unit": ""
    }, 
    "3 cups old-fashioned oats": {
      "flour": "Safe", 
      "gluten": "no gluten here!", 
      "quantity": "", 
      "substitute": "no substitute needed", 
      "unit": ""
    }, 
    "3 tablespoons (packed) brown sugar": {
      "flour": "Safe", 
      "gluten": "no gluten here!", 
      "quantity": "", 
      "substitute": "no substitute needed", 
      "unit": ""
    }, 
    "3/4 teaspoon ground cinnamon": {
      "flour": "Safe", 
      "gluten": "no gluten here!", 
      "quantity": "", 
      "substitute": "no substitute needed", 
      "unit": ""
    }
  }, 
  "instructions": [
    "Preheat oven to 300\u00b0F. Line rimmed baking sheet with parchment. Mix first 7 ingredients in large bowl. Stir honey and oil in saucepan over medium-low heat until smooth. Pour honey mixture over oat mixture; toss. Spread on prepared sheet. Bake until golden, stirring every 10 minutes, about 40 minutes. Place sheet on rack. Stir granola; cool. Mix in fruit. DO AHEAD Can be made 1 week ahead. Store airtight."
  ], 
  "keywords": [
    "Back To School", 
    "Back To School Recipes", 
    "Breakfast", 
    "Brunch", 
    "Cereal", 
    "Coconut", 
    "Easy Recipes", 
    "Edible Gift", 
    "Fathers Day", 
    "Granola", 
    "Healthy", 
    "High Fiber", 
    "Low Cal", 
    "Mothers Day", 
    "Oat", 
    "Pecan", 
    "Snack", 
    "Summer", 
    "Vegetarian"
  ], 
  "name": "Everyday Granola", 
  "proteinContent": "Protein (g) 2.3", 
  "saturatedFatContent": "Saturated Fat (g) 1.2", 
  "servings": "Servings: Makes about 5 cups", 
  "sodiumContent": "", 
  "sugarContent": "Total Sugars (g) 9.6", 
  "url": "http://www.bonappetit.com/recipe/everyday-granola"
}