{
  "calories": "", 
  "carbohydrateContent": "", 
  "cholesterolContent": "", 
  "fatContent": "", 
  "fiberContent": "", 
  "image": "http://www.bonappetit.com/wp-content/uploads/2008/10/barbecue_pulled_turkey_sandwiches_646.jpg", 
  "ingredients": {
    "(packed) dark brown sugar": {
      "flour": "Safe", 
      "gluten": "no gluten here!", 
      "quantity": "3", 
      "substitute": "no substitute needed", 
      "unit": "tablespoons"
    }, 
    "apple cider vinegar": {
      "flour": "Safe", 
      "gluten": "no gluten here!", 
      "quantity": "1/4", 
      "substitute": "no substitute needed", 
      "unit": "cup"
    }, 
    "celery seeds": {
      "flour": "Safe", 
      "gluten": "no gluten here!", 
      "quantity": "1/2", 
      "substitute": "no substitute needed", 
      "unit": "teaspoon"
    }, 
    "chili powder": {
      "flour": "Safe", 
      "gluten": "no gluten here!", 
      "quantity": "1", 
      "substitute": "no substitute needed", 
      "unit": "teaspoon"
    }, 
    "ground cumin": {
      "flour": "Safe", 
      "gluten": "no gluten here!", 
      "quantity": "1/4", 
      "substitute": "no substitute needed", 
      "unit": "teaspoon"
    }, 
    "mayonnaise": {
      "flour": "Safe", 
      "gluten": "no gluten here!", 
      "quantity": "3", 
      "substitute": "no substitute needed", 
      "unit": "tablespoons"
    }, 
    "shredded cooked turkey (light and dark meat)": {
      "flour": "Safe", 
      "gluten": "no gluten here!", 
      "quantity": "2 1/3", 
      "substitute": "no substitute needed", 
      "unit": "cups"
    }, 
    "slices applewood-smoked bacon, chopped": {
      "flour": "Safe", 
      "gluten": "no gluten here!", 
      "quantity": "2", 
      "substitute": "no substitute needed", 
      "unit": ""
    }, 
    "soft rolls (such as onion, egg, sesame, or whole wheat)": {
      "flour": "Safe", 
      "gluten": "no gluten here!", 
      "quantity": "4", 
      "substitute": "no substitute needed", 
      "unit": ""
    }, 
    "thinly sliced green cabbage": {
      "flour": "Safe", 
      "gluten": "no gluten here!", 
      "quantity": "3", 
      "substitute": "no substitute needed", 
      "unit": "cups"
    }, 
    "tomato puree": {
      "flour": "Safe", 
      "gluten": "no gluten here!", 
      "quantity": "1", 
      "substitute": "no substitute needed", 
      "unit": "cup"
    }, 
    "water": {
      "flour": "Safe", 
      "gluten": "no gluten here!", 
      "quantity": "1/4", 
      "substitute": "no substitute needed", 
      "unit": "cup"
    }
  }, 
  "instructions": [
    "Whisk mayonnaise, apple cider vinegar, and celery seeds in small bowl to blend. Season to taste with salt and pepper. Add cabbage; toss to blend. Cover bowl and chill. DO AHEAD Can be made 1 day ahead. Cover and chill.", 
    "Saut\u00e9 bacon in heavy small saucepan over medium heat until crisp and brown, about 5 minutes. Add tomato puree, apple cider vinegar, 1/4 cup water, dark brown sugar, chili powder, and ground cumin. Bring sauce to boil; reduce heat and simmer 5 minutes. Season to taste with salt and pepper.", 
    "Add shredded cooked turkey to barbecue sauce and bring to boil. Reduce heat and simmer until turkey is heated through, stirring occasionally.", 
    "Split and toast rolls. Divide turkey and slaw among rolls. Press tops down lightly to compress, then serve."
  ], 
  "keywords": [
    "Bacon", 
    "Bread", 
    "Cabbage", 
    "Chile", 
    "Cumin", 
    "Dinner", 
    "Dinner Party", 
    "Family Reunion", 
    "Kid-Friendly", 
    "Low Cal", 
    "Lunch", 
    "Main Course", 
    "Mayonnaise", 
    "Quick &amp; Easy", 
    "Roll", 
    "Sandwich", 
    "Sauce", 
    "Thanksgiving", 
    "Turkey", 
    "Vinegar"
  ], 
  "name": "Barbecue Pulled-Turkey Sandwiches", 
  "proteinContent": "", 
  "saturatedFatContent": "", 
  "servings": "Servings: makes 4", 
  "sodiumContent": "", 
  "sugarContent": "", 
  "url": "http://www.bonappetit.com/recipe/barbecue-pulled-turkey-sandwiches"
}