{
  "calories": "", 
  "carbohydrateContent": "", 
  "cholesterolContent": "", 
  "fatContent": "", 
  "fiberContent": "", 
  "image": "http://www.bonappetit.com/wp-content/uploads/2013/12/frisee-salad-with-potatoes-apples-and-hazelnuts.jpg", 
  "ingredients": {
    "apple, cored, thinly sliced": {
      "flour": "Safe", 
      "gluten": "no gluten here!", 
      "quantity": "1/2", 
      "substitute": "no substitute needed", 
      "unit": ""
    }, 
    "frisee, torn into bite-size pieces": {
      "flour": "Safe", 
      "gluten": "no gluten here!", 
      "quantity": "3\u20144", 
      "substitute": "no substitute needed", 
      "unit": "cups"
    }, 
    "hazelnuts, pistachios, or almonds": {
      "flour": "Safe", 
      "gluten": "no gluten here!", 
      "quantity": "1", 
      "substitute": "no substitute needed", 
      "unit": "tablespoon"
    }, 
    "mustard-roasted potatoes": {
      "flour": "Safe", 
      "gluten": "no gluten here!", 
      "quantity": "1/2", 
      "substitute": "no substitute needed", 
      "unit": "cup"
    }, 
    "whole grain mustard dressing": {
      "flour": "Safe", 
      "gluten": "no gluten here!", 
      "quantity": "2", 
      "substitute": "no substitute needed", 
      "unit": "tablespoons"
    }
  }, 
  "instructions": [
    "Preheat oven to 350\u00b0. Toast hazelnuts on a small rimmed baking sheet, stirring occasionally, until fragrant and slightly darkened in color, 6\u20138 minutes. Let cool; coarsely chop.", 
    "Toss frisee, potatoes, and apple with mustard dressing; top with toasted hazelnuts."
  ], 
  "keywords": [
    "Apple", 
    "Food-Lover's Cleanse 2014", 
    "Frisee Recipes", 
    "Hazelnut Recipes", 
    "Healthy Recipes", 
    "Lunch", 
    "Potato Recipes", 
    "Salad Recipes", 
    "Vegetable Recipes"
  ], 
  "name": "Frisee Salad with Potatoes, Apples, and Hazelnuts", 
  "proteinContent": "", 
  "saturatedFatContent": "", 
  "servings": "Servings: 1 serving", 
  "sodiumContent": "", 
  "sugarContent": "", 
  "url": "http://www.bonappetit.com/recipe/frisee-salad-potatoes-apples-hazelnuts"
}