{
  "calories": "", 
  "carbohydrateContent": "", 
  "cholesterolContent": "", 
  "fatContent": "", 
  "fiberContent": "", 
  "image": "http://www.bonappetit.com/wp-content/uploads/2013/04/grilled-corn-crema-mexicana-cilantro-crostini-646.jpg", 
  "ingredients": {
    "chili powder": {
      "flour": "Safe", 
      "gluten": "no gluten here!", 
      "quantity": "", 
      "substitute": "no substitute needed", 
      "unit": ""
    }, 
    "cilantro leaves": {
      "flour": "Safe", 
      "gluten": "no gluten here!", 
      "quantity": "", 
      "substitute": "no substitute needed", 
      "unit": ""
    }, 
    "crema mexicana or sour cream": {
      "flour": "Safe", 
      "gluten": "no gluten here!", 
      "quantity": "1/4", 
      "substitute": "no substitute needed", 
      "unit": "cup"
    }, 
    "crumbled feta": {
      "flour": "Safe", 
      "gluten": "no gluten here!", 
      "quantity": "3", 
      "substitute": "no substitute needed", 
      "unit": "tablespoons"
    }, 
    "ears corn, shucked": {
      "flour": "Safe", 
      "gluten": "no gluten here!", 
      "quantity": "2", 
      "substitute": "no substitute needed", 
      "unit": ""
    }, 
    "garlic clove": {
      "flour": "Safe", 
      "gluten": "no gluten here!", 
      "quantity": "1/2", 
      "substitute": "no substitute needed", 
      "unit": ""
    }, 
    "kosher salt and freshly ground black pepper": {
      "flour": "Safe", 
      "gluten": "no gluten here!", 
      "quantity": "", 
      "substitute": "no substitute needed", 
      "unit": ""
    }, 
    "lime wedge": {
      "flour": "Safe", 
      "gluten": "no gluten here!", 
      "quantity": "", 
      "substitute": "no substitute needed", 
      "unit": ""
    }, 
    "slices of ciabatta bread": {
      "flour": "Safe", 
      "gluten": "gluten here!", 
      "quantity": "12", 
      "substitute": "gluten-free bread", 
      "unit": ""
    }, 
    "vegetable oil": {
      "flour": "Safe", 
      "gluten": "no gluten here!", 
      "quantity": "1", 
      "substitute": "no substitute needed", 
      "unit": "tablespoon"
    }
  }, 
  "instructions": [
    "Rub corn with vegetable oil. Season corn with kosher salt and freshly ground black pepper; grill until slightly charred and tender. Slice corn off the cob in wide strips.", 
    "Grill bread slices and rub with garlic clove.", 
    "Mix crema mexicana or sour cream with feta.", 
    "Smear toasts with crema mixture. Top crema with grilled corn. Squeeze a lime wedge over each. Garnish with cilantro leaves and sprinkle with chili powder."
  ], 
  "keywords": [
    "Appetizers", 
    "Bread Recipes", 
    "Cheese Recipes", 
    "Chile Powder", 
    "Cilantro", 
    "Cocktail Party", 
    "Corn Recipes", 
    "Cream", 
    "Crostini", 
    "Dairy Recipes", 
    "Feta Cheese Recipes", 
    "Garlic Recipes", 
    "Herb Recipes", 
    "Hors Douevres", 
    "Lime Juice Recipes", 
    "Mexican Food", 
    "Party Food", 
    "Shower Food", 
    "Sour Cream Recipes", 
    "Spice Recipes", 
    "Vegetable Recipes", 
    "Vegetarian Recipes"
  ], 
  "name": "Grilled Corn, Crema Mexicana & Cilantro Crostini", 
  "proteinContent": "", 
  "saturatedFatContent": "", 
  "servings": "Servings: Makes 12", 
  "sodiumContent": "", 
  "sugarContent": "", 
  "url": "http://www.bonappetit.com/recipe/grilled-corn-crema-mexicana-cilantro-crostini"
}