{
  "calories": "Calories (kcal) 260", 
  "carbohydrateContent": "Carbohydrates (g) 18", 
  "cholesterolContent": "Cholesterol (mg) 5", 
  "fatContent": "Fat (g) 21", 
  "fiberContent": "Dietary Fiber (g)  7", 
  "image": "http://www.bonappetit.com/wp-content/uploads/2012/12/golden-beet-and-jicama-salad-with-creme-fraiche-940x600.jpg", 
  "ingredients": {
    "caraway seeds": {
      "flour": "Safe", 
      "gluten": "no gluten here!", 
      "quantity": "2", 
      "substitute": "no substitute needed", 
      "unit": "teaspoons"
    }, 
    "cr\u00e8me fra\u00eeche": {
      "flour": "Safe", 
      "gluten": "no gluten here!", 
      "quantity": "1/4", 
      "substitute": "no substitute needed", 
      "unit": "cup"
    }, 
    "dijon mustard": {
      "flour": "Safe", 
      "gluten": "no gluten here!", 
      "quantity": "1", 
      "substitute": "no substitute needed", 
      "unit": "teaspoon"
    }, 
    "kosher salt and freshly ground black peppert": {
      "flour": "Safe", 
      "gluten": "no gluten here!", 
      "quantity": "", 
      "substitute": "no substitute needed", 
      "unit": ""
    }, 
    "lemons, zest removed with a vegetable peeler, pulp set side for another use": {
      "flour": "Safe", 
      "gluten": "no gluten here!", 
      "quantity": "3", 
      "substitute": "no substitute needed", 
      "unit": ""
    }, 
    "medium golden beets (about 1 pound), scrubbed, very thinly sliced on a mandoline": {
      "flour": "Safe", 
      "gluten": "no gluten here!", 
      "quantity": "2", 
      "substitute": "no substitute needed", 
      "unit": ""
    }, 
    "medium shallot, finely chopped": {
      "flour": "Safe", 
      "gluten": "no gluten here!", 
      "quantity": "1/2", 
      "substitute": "no substitute needed", 
      "unit": ""
    }, 
    "olive oil, divided": {
      "flour": "Safe", 
      "gluten": "no gluten here!", 
      "quantity": "1/2", 
      "substitute": "no substitute needed", 
      "unit": "cup"
    }, 
    "plus 1 teaspoon champagne vinegar or white wine vinegar": {
      "flour": "Safe", 
      "gluten": "no gluten here!", 
      "quantity": "3", 
      "substitute": "no substitute needed", 
      "unit": "tablespoons"
    }, 
    "small jicama (about 1 pound), peeled, halved, very thinly sliced on a mandoline": {
      "flour": "Safe", 
      "gluten": "no gluten here!", 
      "quantity": "1", 
      "substitute": "no substitute needed", 
      "unit": ""
    }, 
    "small sprigs dill, divided": {
      "flour": "Safe", 
      "gluten": "no gluten here!", 
      "quantity": "1/2", 
      "substitute": "no substitute needed", 
      "unit": "cup"
    }
  }, 
  "instructions": [
    "Heat 1/4 cup oil in a small saucepan over medium-high heat. Working in 2 batches, add lemon zest and cook until softened and curling around edges, about 30 seconds per batch. Transfer lemon zest to a paper towel-lined plate and let cool; slice into long strips. Transfer lemon oil to a small bowl; let cool. Set aside.", 
    "Toast caraway seeds in a small skillet over medium-high heat, stirring often, until fragrant and slightly darker in color, 1-2 minutes; set aside.", 
    "Whisk shallot, 3 tablespoons vinegar, Dijon mustard, and 1 teaspoon toasted caraway seeds in a small bowl. Gradually whisk in remaining 1/4 cup olive oil and cooled lemon oil. Season vinaigrette with salt and pepper.", 
    "Combine beets and vinaigrette in a  large bowl and toss to coat; let sit for about  15 minutes to soften. Add jicama, 1/4 cup dill sprigs, and half of reserved lemon zest to beets and toss to coat.", 
    "Meanwhile, whisk remaining 1 teaspoon vinegar and cr\u00e8me fra\u00eeche in a small bowl to blend. Season with salt. Spoon a dollop of cr\u00e8me fra\u00eeche mixture into the center  of each plate, dividing equally. Using the back of a spoon, slightly spread out cr\u00e8me fra\u00eeche mixture into a small circle on the bottom of each plate.", 
    "Mound beet salad over cr\u00e8me fra\u00eeche mixture and sprinkle remaining half of lemon zest, 1/4 cup dill sprigs, and 1 teaspoon caraway seeds among plates."
  ], 
  "keywords": [
    "Beet Recipes", 
    "Dill Recipes", 
    "Healthy Recipes", 
    "High Fiber", 
    "Jicama Recipes", 
    "Lemon Recipes", 
    "Low Cholesterol Recipes", 
    "Mustard Recipes", 
    "Salad", 
    "Salad Recipes", 
    "Shallot Recipes", 
    "Vegetarian Recipes"
  ], 
  "name": "Golden Beet and Jicama Salad with Cr\u00e8me Fra\u00eeche", 
  "proteinContent": "Protein (g) 2", 
  "saturatedFatContent": "Saturated Fat (g) 4", 
  "servings": "Servings: 6", 
  "sodiumContent": "Sodium (mg) 170", 
  "sugarContent": "Total Sugars (g) 8", 
  "url": "http://www.bonappetit.com/recipe/golden-beet-and-jicama-salad-with-cr-me-fra-che"
}