{
  "calories": "", 
  "carbohydrateContent": "", 
  "cholesterolContent": "", 
  "fatContent": "", 
  "fiberContent": "", 
  "image": "http://www.bonappetit.com/wp-content/uploads/2013/06/grilled-oysters-940.jpg", 
  "ingredients": {
    "dozen large oysters": {
      "flour": "Safe", 
      "gluten": "no gluten here!", 
      "quantity": "3", 
      "substitute": "no substitute needed", 
      "unit": ""
    }, 
    "herb butter (click recipe)": {
      "flour": "Safe", 
      "gluten": "no gluten here!", 
      "quantity": "", 
      "substitute": "no substitute needed", 
      "unit": ""
    }, 
    "hot sauce (for serving)": {
      "flour": "Safe", 
      "gluten": "no gluten here!", 
      "quantity": "", 
      "substitute": "no substitute needed", 
      "unit": ""
    }, 
    "lemon wedges (for serving)": {
      "flour": "Safe", 
      "gluten": "no gluten here!", 
      "quantity": "", 
      "substitute": "no substitute needed", 
      "unit": ""
    }
  }, 
  "instructions": [
    "Prepare a grill for medium-high heat. Scrub oysters. Place, cupped side down, on grate, cover grill, and grill until oysters begin to open, about 2 minutes. Transfer opened oysters to a platter (discard any that do not open). Let cool slightly, then use an oyster knife or screwdriver to pry shells open, keeping cupped side down and retaining as much liquid as possible. Using an oyster knife or paring knife, cut muscles connecting oysters to shells. Serve warm with butter, lemon wedges, and hot sauce."
  ], 
  "keywords": [
    "Grilled Seafood Recipes", 
    "Grilling Food", 
    "Lemon Recipes", 
    "Oyster Recipes", 
    "Summer Food", 
    "trail_06232014", 
    "trail_07032014", 
    "trail_09082014"
  ], 
  "name": "Grilled Oysters", 
  "proteinContent": "", 
  "saturatedFatContent": "", 
  "servings": "Servings: 6", 
  "sodiumContent": "", 
  "sugarContent": "", 
  "url": "http://www.bonappetit.com/recipe/grilled-oysters"
}