{
  "calories": "", 
  "carbohydrateContent": "", 
  "cholesterolContent": "", 
  "description": "Dipping the oysters in egg whites makes the fried coating especially light and crisp.", 
  "fatContent": "", 
  "fiberContent": "", 
  "image": "http://www.bonappetit.com/wp-content/uploads/2013/09/fried-p-and-j-oysters-amandine.jpg", 
  "ingredients": {
    "cup (1 stick) unsalted butter": {
      "flour": "Safe", 
      "gluten": "no gluten here!", 
      "quantity": "\u00bd", 
      "substitute": "no substitute needed", 
      "unit": "cup"
    }, 
    "cup all-purpose flour": {
      "flour": {
        "type": {
          "binder": {
            "type": "xanthum gum", 
            "weight": 0.5
          }, 
          "density": {
            "type": "brown rice flour", 
            "weight": 0.142
          }, 
          "fat": {
            "type": "almond flour", 
            "weight": 0.142
          }, 
          "leavener": "", 
          "lightness": {
            "type": "white rice flour", 
            "weight": 0.284
          }, 
          "protein": {
            "type": "sorghum flour", 
            "weight": 0.142
          }, 
          "starch": {
            "type": "potato starch", 
            "weight": 0.284
          }, 
          "stickiness": "", 
          "texture": ""
        }, 
        "weight": 125
      }, 
      "gluten": "gluten here!", 
      "quantity": "\u00bd", 
      "substitute": "flour ratio", 
      "unit": "cup"
    }, 
    "cup cornmeal": {
      "flour": "Safe", 
      "gluten": "no gluten here!", 
      "quantity": "\u2153", 
      "substitute": "no substitute needed", 
      "unit": "cup"
    }, 
    "cup sliced almonds": {
      "flour": "Safe", 
      "gluten": "no gluten here!", 
      "quantity": "\u00bd", 
      "substitute": "no substitute needed", 
      "unit": "cup"
    }, 
    "cups baby spinach (about 32 oz.)": {
      "flour": "Safe", 
      "gluten": "no gluten here!", 
      "quantity": "8", 
      "substitute": "no substitute needed", 
      "unit": "cups"
    }, 
    "cups vegetable oil": {
      "flour": "Safe", 
      "gluten": "no gluten here!", 
      "quantity": "3", 
      "substitute": "no substitute needed", 
      "unit": "cups"
    }, 
    "dash of hot sauce": {
      "flour": "Safe", 
      "gluten": "no gluten here!", 
      "quantity": "", 
      "substitute": "no substitute needed", 
      "unit": "dash"
    }, 
    "kosher salt and freshly ground black pepper": {
      "flour": "Safe", 
      "gluten": "no gluten here!", 
      "quantity": "", 
      "substitute": "no substitute needed", 
      "unit": ""
    }, 
    "large egg whites": {
      "flour": "Safe", 
      "gluten": "no gluten here!", 
      "quantity": "2", 
      "substitute": "no substitute needed", 
      "unit": ""
    }, 
    "large oysters, shucked": {
      "flour": "Safe", 
      "gluten": "no gluten here!", 
      "quantity": "12", 
      "substitute": "no substitute needed", 
      "unit": ""
    }, 
    "oz. oyster or shiitake mushrooms": {
      "flour": "Safe", 
      "gluten": "no gluten here!", 
      "quantity": "8", 
      "substitute": "no substitute needed", 
      "unit": ""
    }, 
    "tbsp. cornstarch": {
      "flour": "Safe", 
      "gluten": "no gluten here!", 
      "quantity": "3", 
      "substitute": "no substitute needed", 
      "unit": "tablespoon"
    }, 
    "tbsp. fresh lemon juice": {
      "flour": "Safe", 
      "gluten": "no gluten here!", 
      "quantity": "1", 
      "substitute": "no substitute needed", 
      "unit": "tablespoon"
    }, 
    "tbsp. olive oil": {
      "flour": "Safe", 
      "gluten": "no gluten here!", 
      "quantity": "2", 
      "substitute": "no substitute needed", 
      "unit": "tablespoon"
    }, 
    "tsp. creole seasoning": {
      "flour": "Safe", 
      "gluten": "no gluten here!", 
      "quantity": "1", 
      "substitute": "no substitute needed", 
      "unit": "teaspoon"
    }, 
    "tsp. red wine vinegar": {
      "flour": "Safe", 
      "gluten": "no gluten here!", 
      "quantity": "2", 
      "substitute": "no substitute needed", 
      "unit": "teaspoon"
    }, 
    "tsp. worcestershire sauce": {
      "flour": "Safe", 
      "gluten": "no gluten here!", 
      "quantity": "1", 
      "substitute": "no substitute needed", 
      "unit": "teaspoon"
    }
  }, 
  "instructions": [
    "A deep-fry thermometer", 
    "Cook butter in a medium saucepan over medium heat, swirling pan occasionally, until it begins to brown and smell nutty, about 4 minutes. Mix in vinegar, Worcestershire sauce, and hot sauce; season with salt and pepper.", 
    "Toast almonds in a small dry skillet over medium heat, tossing often, until golden, about 4 minutes; let cool.", 
    "Fit a large saucepan with thermometer. Heat vegetable oil over medium-high heat until thermometer registers 350\u00b0. Whisk flour, cornmeal, cornstarch, and Creole seasoning in a medium bowl. Beat egg whites in another bowl until soft peaks form. Working in batches, coat oysters in egg whites, dredge in flour mixture, then fry, turning, until brown and crisp, about 4 minutes. Transfer to paper towels; season with salt and pepper.", 
    "Heat olive oil in a large skillet over medium-high heat. Add mushrooms and cook, tossing, until softened, about 5 minutes; season with salt and pepper. Add spinach, vinaigrette, and almonds; cook, tossing, just until spinach is wilted, about 1 minute; drizzle with lemon juice.", 
    "Serve oysters on top of spinach mixture."
  ], 
  "keywords": [], 
  "name": "Fried P&J; Oysters Amandine", 
  "proteinContent": "", 
  "saturatedFatContent": "", 
  "servings": "Servings: 4", 
  "sodiumContent": "", 
  "sugarContent": "", 
  "url": "http://www.bonappetit.com/recipe/fried-pj-oysters-amandine"
}