{
  "calories": "", 
  "carbohydrateContent": "", 
  "cholesterolContent": "", 
  "description": "Gingersnaps add an unexpected zing and are a great foil to the richness of this chocolatey pie. Sub in gluten-free graham crackers if you prefer.", 
  "fatContent": "", 
  "fiberContent": "", 
  "image": "http://www.bonappetit.com/wp-content/uploads/2014/10/gluten-free-chocolate-cream-pie-940x600.jpg", 
  "ingredients": {
    "8-oz. package gluten-free gingersnaps (about 36 cookies), preferably mi-del brand": {
      "flour": "Safe", 
      "gluten": "gluten here!", 
      "quantity": "1", 
      "substitute": "gluten-free cookies", 
      "unit": ""
    }, 
    "chilled heavy cream": {
      "flour": "Safe", 
      "gluten": "no gluten here!", 
      "quantity": "\u00be", 
      "substitute": "no substitute needed", 
      "unit": "cup"
    }, 
    "chocolate shavings (for serving)": {
      "flour": "Safe", 
      "gluten": "no gluten here!", 
      "quantity": "", 
      "substitute": "no substitute needed", 
      "unit": ""
    }, 
    "cornstarch": {
      "flour": "Safe", 
      "gluten": "no gluten here!", 
      "quantity": "3", 
      "substitute": "no substitute needed", 
      "unit": "tablespoons"
    }, 
    "instant espresso powder": {
      "flour": "Safe", 
      "gluten": "no gluten here!", 
      "quantity": "\u00bc", 
      "substitute": "no substitute needed", 
      "unit": "teaspoon"
    }, 
    "large egg yolks": {
      "flour": "Safe", 
      "gluten": "no gluten here!", 
      "quantity": "3", 
      "substitute": "no substitute needed", 
      "unit": ""
    }, 
    "plus 1 tbsp. sugar": {
      "flour": "Safe", 
      "gluten": "no gluten here!", 
      "quantity": "\u2153", 
      "substitute": "no substitute needed", 
      "unit": "cup"
    }, 
    "salt": {
      "flour": "Safe", 
      "gluten": "no gluten here!", 
      "quantity": "\u00bc", 
      "substitute": "no substitute needed", 
      "unit": "teaspoon"
    }, 
    "semisweet chocolate, chopped, or 1\u00bd cups chocolate chips": {
      "flour": "Safe", 
      "gluten": "no gluten here!", 
      "quantity": "6", 
      "substitute": "no substitute needed", 
      "unit": "ounces"
    }, 
    "sugar": {
      "flour": "Safe", 
      "gluten": "no gluten here!", 
      "quantity": "2", 
      "substitute": "no substitute needed", 
      "unit": "tablespoons"
    }, 
    "unsalted butter": {
      "flour": "Safe", 
      "gluten": "no gluten here!", 
      "quantity": "1\u00bd", 
      "substitute": "no substitute needed", 
      "unit": "tablespoons"
    }, 
    "unsalted butter, melted, cooled slightly": {
      "flour": "Safe", 
      "gluten": "no gluten here!", 
      "quantity": "6", 
      "substitute": "no substitute needed", 
      "unit": "tablespoons"
    }, 
    "vanilla extract": {
      "flour": "Safe", 
      "gluten": "no gluten here!", 
      "quantity": "1", 
      "substitute": "no substitute needed", 
      "unit": "teaspoon"
    }, 
    "whole milk": {
      "flour": "Safe", 
      "gluten": "no gluten here!", 
      "quantity": "2", 
      "substitute": "no substitute needed", 
      "unit": "cups"
    }
  }, 
  "instructions": [
    "Place a rack in middle of oven and preheat to 350\u00b0. Pulse gingersnaps in a food processor until very fine crumbs form. Drizzle butter over crumbs and add salt; pulse until mixture is the consistency of wet sand. Transfer mixture to a 9\" pie dish. Using a measuring cup, press firmly onto bottom and up sides of pie dish. Bake until crust is dry and set, 10\u201312 minutes. Transfer to a wire rack and let cool.", 
    "Whisk egg yolks, cornstarch, salt, and 1/3 cup sugar in a medium saucepan until smooth and pale. Whisking constantly, gradually add milk. Bring to a boil over medium heat. Reduce heat and simmer, whisking constantly, until custard is thickened and whisk leaves a trail, about 2 minutes. Remove from heat and add chocolate, butter, vanilla, and espresso powder and whisk until chocolate and butter are melted and mixture is completely smooth.", 
    "Just before serving, beat cream and remaining 1 Tbsp. sugar in a medium bowl to stiff peaks. Spread whipped cream over pie, swirling decoratively; top with chocolate shavings.", 
    "Strain custard through a fine-mesh sieve into a medium bowl, pressing it through with a rubber spatula. Spoon into chilled crust and cover with plastic wrap, pressing  directly onto surface. Chill until set, at least 2 hours.", 
    "DO AHEAD:Pie can be made without whipped cream 1 day ahead. Keep chilled."
  ], 
  "keywords": [
    "Chocolate", 
    "Custard", 
    "Desserts", 
    "Gluten Free", 
    "Pie"
  ], 
  "name": "Gluten-Free Chocolate Cream Pie", 
  "proteinContent": "", 
  "saturatedFatContent": "", 
  "servings": "Servings: Makes one 9\" pie", 
  "sodiumContent": "", 
  "sugarContent": "", 
  "url": "http://www.bonappetit.com/recipe/gluten-free-chocolate-cream-pie"
}