{
  "calories": "Calories (kcal) 711.55", 
  "carbohydrateContent": "Carbohydrates (g) 42.48", 
  "cholesterolContent": "Cholesterol (mg) 140.62", 
  "fatContent": "Fat (g) 41.92", 
  "fiberContent": "Dietary Fiber (g) 3.13", 
  "image": "http://www.bonappetit.com/wp-content/uploads/2008/05/greek-lamb-burger.jpg", 
  "ingredients": {
    "1/4-inch-thick red onion slices": {
      "flour": "Safe", 
      "gluten": "no gluten here!", 
      "quantity": "4", 
      "substitute": "no substitute needed", 
      "unit": ""
    }, 
    "baby spinach leaves": {
      "flour": "Safe", 
      "gluten": "no gluten here!", 
      "quantity": "1 1/2", 
      "substitute": "no substitute needed", 
      "unit": "cups"
    }, 
    "balsamic vinegar": {
      "flour": "Safe", 
      "gluten": "no gluten here!", 
      "quantity": "1 1/2", 
      "substitute": "no substitute needed", 
      "unit": "teaspoons"
    }, 
    "chopped fresh mint": {
      "flour": "Safe", 
      "gluten": "no gluten here!", 
      "quantity": "1/3", 
      "substitute": "no substitute needed", 
      "unit": "cup"
    }, 
    "crumbled feta cheese": {
      "flour": "Safe", 
      "gluten": "no gluten here!", 
      "quantity": "1 1/3", 
      "substitute": "no substitute needed", 
      "unit": "cups"
    }, 
    "ground cinnamon": {
      "flour": "Safe", 
      "gluten": "no gluten here!", 
      "quantity": "3/4", 
      "substitute": "no substitute needed", 
      "unit": "teaspoon"
    }, 
    "ground lamb": {
      "flour": "Safe", 
      "gluten": "no gluten here!", 
      "quantity": "1 1/3 pounds", 
      "substitute": "no substitute needed", 
      "unit": ""
    }, 
    "hamburger buns or small ciabatta rolls, halved crosswise": {
      "flour": "Safe", 
      "gluten": "gluten here!", 
      "quantity": "4", 
      "substitute": "gluten-free bread", 
      "unit": ""
    }, 
    "olive oil, divided": {
      "flour": "Safe", 
      "gluten": "no gluten here!", 
      "quantity": "3", 
      "substitute": "no substitute needed", 
      "unit": "tablespoons"
    }, 
    "paprika": {
      "flour": "Safe", 
      "gluten": "no gluten here!", 
      "quantity": "2", 
      "substitute": "no substitute needed", 
      "unit": "teaspoons"
    }, 
    "salt": {
      "flour": "Safe", 
      "gluten": "no gluten here!", 
      "quantity": "1/2", 
      "substitute": "no substitute needed", 
      "unit": "teaspoon"
    }
  }, 
  "instructions": [
    "Mix first 4 ingredients and 1 1/2 tablespoons oil in medium bowl; mix in lamb. Shape into four 3/4-inch-thick patties. Cook patties in large nonstick skillet over medium-high heat 4 minutes per side for medium.", 
    "Meanwhile, preheat broiler. Broil buns until golden, about 2 minutes. Top each bun bottom with burger. Toss spinach, feta, onion, vinegar, and 1 1/2 tablespoons oil in bowl. Place salad atop burgers. Cover with bun tops, pressing firmly to compact."
  ], 
  "keywords": [
    "Baby Spinach", 
    "Bread", 
    "Burgers", 
    "Cheese", 
    "Ciabatta Rolls", 
    "Cinnamon", 
    "Dinner", 
    "Dinner Party", 
    "Easy", 
    "Easy Recipes", 
    "Fast", 
    "Fast Easy Fresh", 
    "Feta", 
    "Feta Cheese", 
    "Fourth Of July", 
    "Greek", 
    "Greek Food", 
    "Ground Meat", 
    "Lamb", 
    "Lamb Recipes", 
    "Lunch", 
    "Main Course", 
    "Main Dishes", 
    "Meat", 
    "Meat Recipes", 
    "Mediterranean", 
    "Mint", 
    "Onion", 
    "Quick", 
    "Quick &amp; Easy", 
    "Red Onion", 
    "Red Onions", 
    "Salad", 
    "Sandwich", 
    "Spinach", 
    "Spring", 
    "Summer"
  ], 
  "name": "Greek Lamb Burgers with Spinach and Red Onion Salad", 
  "proteinContent": "Protein (g) 40.05", 
  "saturatedFatContent": "Saturated Fat (g) 17.25", 
  "servings": "Servings: 4", 
  "sodiumContent": "", 
  "sugarContent": "Total Sugars (g) 5.05", 
  "url": "http://www.bonappetit.com/recipe/greek-lamb-burgers-with-spinach-and-red-onion-salad"
}