{
  "calories": "", 
  "carbohydrateContent": "", 
  "cholesterolContent": "", 
  "description": "Let the steaks rest on top of the tomatoes. Their juices will commingle and make the dressing that much better.", 
  "fatContent": "", 
  "fiberContent": "", 
  "image": "http://www.bonappetit.com/wp-content/uploads/2014/06/grilled-flatiron-steak-with-toasted-spice-vinaigrette-940x600.jpg", 
  "ingredients": {
    "beefsteak or heirloom tomatoes, sliced \u00bd\" thick": {
      "flour": "Safe", 
      "gluten": "no gluten here!", 
      "quantity": "4", 
      "substitute": "no substitute needed", 
      "unit": ""
    }, 
    "flatiron or skirt steak, cut into 4 pieces": {
      "flour": "Safe", 
      "gluten": "no gluten here!", 
      "quantity": "1 \u00bd", 
      "substitute": "no substitute needed", 
      "unit": "pounds"
    }, 
    "kosher salt, freshly ground pepper": {
      "flour": "Safe", 
      "gluten": "no gluten here!", 
      "quantity": "", 
      "substitute": "no substitute needed", 
      "unit": ""
    }, 
    "olive oil": {
      "flour": "Safe", 
      "gluten": "no gluten here!", 
      "quantity": "1", 
      "substitute": "no substitute needed", 
      "unit": "tablespoon"
    }, 
    "toasted spice vinaigrette (click for recipe)": {
      "flour": "Safe", 
      "gluten": "no gluten here!", 
      "quantity": "", 
      "substitute": "no substitute needed", 
      "unit": ""
    }
  }, 
  "instructions": [
    "Prepare grill for medium-high heat. Rub steak with oil; season with salt and pepper. Grill about 4 minutes per side for medium rare. Let cool 5 minutes before slicing against the grain.", 
    "Serve steak on top of tomatoes with vinaigrette spooned over."
  ], 
  "keywords": [
    "Beef Recipes", 
    "Fast Easy Fresh", 
    "Grilled Beef Recipes", 
    "Grilling Food", 
    "Quick Recipes", 
    "Steak Recipes"
  ], 
  "name": "Grilled Flatiron Steak with Toasted Spice Vinaigrette", 
  "proteinContent": "", 
  "saturatedFatContent": "", 
  "servings": "Servings: 4", 
  "sodiumContent": "", 
  "sugarContent": "", 
  "url": "http://www.bonappetit.com/recipe/grilled-flatiron-steak-with-toasted-spice-vinaigrette"
}