{
  "calories": "", 
  "carbohydrateContent": "", 
  "cholesterolContent": "", 
  "fatContent": "", 
  "fiberContent": "", 
  "image": "http://www.bonappetit.com/wp-content/uploads/2012/08/mozza-heirloom-tomato-caprese-salad-646.jpg", 
  "ingredients": {
    "(4 ounces) small heirloom cherry tomatoes (such as sun gold or sweet 100), halved": {
      "flour": "Safe", 
      "gluten": "no gluten here!", 
      "quantity": "3/4", 
      "substitute": "no substitute needed", 
      "unit": "cup"
    }, 
    "2-ounce ball buffalo mozzarella": {
      "flour": "Safe", 
      "gluten": "no gluten here!", 
      "quantity": "1", 
      "substitute": "no substitute needed", 
      "unit": ""
    }, 
    "crostoni bagnati, halved on an extreme diagonal (click for recipe)": {
      "flour": "Safe", 
      "gluten": "no gluten here!", 
      "quantity": "1", 
      "substitute": "no substitute needed", 
      "unit": ""
    }, 
    "kosher salt": {
      "flour": "Safe", 
      "gluten": "no gluten here!", 
      "quantity": "1/2", 
      "substitute": "no substitute needed", 
      "unit": "teaspoon"
    }, 
    "maldon sea salt or fleur de sel": {
      "flour": "Safe", 
      "gluten": "no gluten here!", 
      "quantity": "", 
      "substitute": "no substitute needed", 
      "unit": ""
    }, 
    "micro-basil or small basil leaves": {
      "flour": "Safe", 
      "gluten": "no gluten here!", 
      "quantity": "4\u20135", 
      "substitute": "no substitute needed", 
      "unit": ""
    }, 
    "plus 1 teaspoon high-quality extra-virgin olive oil": {
      "flour": "Safe", 
      "gluten": "no gluten here!", 
      "quantity": "1", 
      "substitute": "no substitute needed", 
      "unit": "tablespoon"
    }
  }, 
  "instructions": [
    "Mix tomatoes, salt, and oil in a small bowl. Let stand, tossing occasionally, until juices release from tomatoes and oil and juices have become saucelike, about 15 minutes.", 
    "Place mozzarella off-center on a large plate. Spoon tomatoes and juices from bowl around one side of the cheese. Sprinkle tomatoes with sea salt; scatter basil all over. Place Crostoni Bagnati next to the cheese."
  ], 
  "keywords": [
    "Appetizers", 
    "Cheese Recipes", 
    "Italian Food", 
    "Nancy Silverton", 
    "Tomato Recipes"
  ], 
  "name": "Heirloom Tomato Caprese", 
  "proteinContent": "", 
  "saturatedFatContent": "", 
  "servings": "Servings: 1", 
  "sodiumContent": "", 
  "sugarContent": "", 
  "url": "http://www.bonappetit.com/recipe/heirloom-tomato-caprese"
}