{
  "calories": "", 
  "carbohydrateContent": "", 
  "cholesterolContent": "", 
  "fatContent": "", 
  "fiberContent": "", 
  "image": "", 
  "ingredients": {
    "28-ounce cans whole peeled italian plum tomatoes (preferably san marzano)": {
      "flour": "Safe", 
      "gluten": "no gluten here!", 
      "quantity": "2", 
      "substitute": "no substitute needed", 
      "unit": ""
    }, 
    "extra-virgin olive oil": {
      "flour": "Safe", 
      "gluten": "no gluten here!", 
      "quantity": "1/4", 
      "substitute": "no substitute needed", 
      "unit": "cup"
    }, 
    "finely chopped onions": {
      "flour": "Safe", 
      "gluten": "no gluten here!", 
      "quantity": "2", 
      "substitute": "no substitute needed", 
      "unit": "cups"
    }, 
    "fresh thyme leaves": {
      "flour": "Safe", 
      "gluten": "no gluten here!", 
      "quantity": "3", 
      "substitute": "no substitute needed", 
      "unit": "tablespoons"
    }, 
    "freshly ground black pepper": {
      "flour": "Safe", 
      "gluten": "no gluten here!", 
      "quantity": "1/2", 
      "substitute": "no substitute needed", 
      "unit": "teaspoon"
    }, 
    "garlic cloves, thinly sliced": {
      "flour": "Safe", 
      "gluten": "no gluten here!", 
      "quantity": "4", 
      "substitute": "no substitute needed", 
      "unit": ""
    }, 
    "kosher salt plus more": {
      "flour": "Safe", 
      "gluten": "no gluten here!", 
      "quantity": "1", 
      "substitute": "no substitute needed", 
      "unit": "tablespoon"
    }, 
    "medium carrot, coarsely grated": {
      "flour": "Safe", 
      "gluten": "no gluten here!", 
      "quantity": "1/2", 
      "substitute": "no substitute needed", 
      "unit": ""
    }
  }, 
  "instructions": [
    "Heat oil in a medium saucepan over medium heat. Add onions, 1 tablespoon salt, and pepper; cook, stirring often, until onions are soft, about 8 minutes. Add garlic and cook until softened but not browned, 1-2 minutes. Add carrot and thyme and cook, stirring occasionally, until carrot is soft, about 5 minutes. Add tomatoes with juices and bring to a boil. Reduce heat and simmer, stirring often to break up tomatoes, until sauce is thickened, about 30 minutes.", 
    "Set a food mill over a large bowl. Pass sauce through food mill for the best texture (or pur\u00e9e sauce in a food processor). Season sauce to taste with salt and pepper. DO AHEAD Can be made 3 days ahead. Let cool completely, cover, and chill (or store airtight and freeze for up to 6 months)."
  ], 
  "keywords": [
    "Italian Food", 
    "Nancy Silverton", 
    "Sauce", 
    "Tomato Recipes", 
    "Tomato Sauce Recipes"
  ], 
  "name": "Basic Tomato Sauce", 
  "proteinContent": "", 
  "saturatedFatContent": "", 
  "servings": "Servings: Makes 5 cups", 
  "sodiumContent": "", 
  "sugarContent": "", 
  "url": "http://www.bonappetit.com/recipe/basic-tomato-sauce"
}