{
  "calories": "", 
  "carbohydrateContent": "", 
  "cholesterolContent": "", 
  "fatContent": "", 
  "fiberContent": "", 
  "image": "http://www.bonappetit.com/wp-content/uploads/2013/07/hot-dogs-with-poblanos-pepper-jack-and-tomatillo.jpg", 
  "ingredients": {
    "chopped fresh cilantro": {
      "flour": "Safe", 
      "gluten": "no gluten here!", 
      "quantity": "1/3", 
      "substitute": "no substitute needed", 
      "unit": "cup"
    }, 
    "crumbled cotija cheese or feta cheese": {
      "flour": "Safe", 
      "gluten": "no gluten here!", 
      "quantity": "", 
      "substitute": "no substitute needed", 
      "unit": ""
    }, 
    "hot dog buns": {
      "flour": "Safe", 
      "gluten": "no gluten here!", 
      "quantity": "6", 
      "substitute": "no substitute needed", 
      "unit": ""
    }, 
    "hot pepper monterey jack cheese, thinly sliced": {
      "flour": "Safe", 
      "gluten": "no gluten here!", 
      "quantity": "2", 
      "substitute": "no substitute needed", 
      "unit": "ounces"
    }, 
    "large onion (about 12 ounces), sliced": {
      "flour": "Safe", 
      "gluten": "no gluten here!", 
      "quantity": "1", 
      "substitute": "no substitute needed", 
      "unit": ""
    }, 
    "olive oil": {
      "flour": "Safe", 
      "gluten": "no gluten here!", 
      "quantity": "2", 
      "substitute": "no substitute needed", 
      "unit": "tablespoons"
    }, 
    "poblano chiles, cut into 1/2-inch-wide strips": {
      "flour": "Safe", 
      "gluten": "no gluten here!", 
      "quantity": "3", 
      "substitute": "no substitute needed", 
      "unit": ""
    }, 
    "purchased salsa verde (tomatillo salsa)": {
      "flour": "Safe", 
      "gluten": "no gluten here!", 
      "quantity": "1", 
      "substitute": "no substitute needed", 
      "unit": "cup"
    }, 
    "uncured hot dogs or flavored sausages": {
      "flour": "Safe", 
      "gluten": "no gluten here!", 
      "quantity": "6", 
      "substitute": "no substitute needed", 
      "unit": ""
    }
  }, 
  "instructions": [
    "Heat oil in large nonstick skillet over medium-high heat. Add poblanos and onion; sprinkle with salt. Saut\u00e9 until chiles soften, 10 to 12 minutes. Transfer mixture to bowl. Add hot dogs to same pan. Add 1 cup water; cover. Boil until heated through, 5 minutes.", 
    "Meanwhile, preheat broiler. Combine salsa verde and cilantro in small bowl.", 
    "Place 1 hot dog in each bun; place on baking sheet. Cover each with slices of cheese. Broil until cheese melts, about 2 minutes. Top with chile-onion mixture; then Cotija cheese and salsa."
  ], 
  "keywords": [
    "American Food", 
    "Birthday", 
    "Cheese Recipes", 
    "Chile", 
    "Cilantro", 
    "Dinner", 
    "Easy Recipes", 
    "Fast Easy Fresh", 
    "Fathers Day Food", 
    "Herb Recipes", 
    "Hot Dog Recipes", 
    "Lunch", 
    "Main Course", 
    "Mexican Food", 
    "Poblano", 
    "Salsa Recipes", 
    "Sandwiches", 
    "Sausage Recipes", 
    "Super Bowl Food", 
    "Superbowl Food", 
    "Tailgating Food", 
    "Tomatillo Recipes"
  ], 
  "name": "Hot Dogs with Poblanos, Pepper Jack, and Tomatillo", 
  "proteinContent": "", 
  "saturatedFatContent": "", 
  "servings": "Servings: Makes 6", 
  "sodiumContent": "", 
  "sugarContent": "", 
  "url": "http://www.bonappetit.com/recipe/hot-dogs-with-poblanos-pepper-jack-and-tomatillo"
}