{
  "calories": "", 
  "carbohydrateContent": "", 
  "cholesterolContent": "", 
  "fatContent": "", 
  "fiberContent": "", 
  "image": "http://www.bonappetit.com/wp-content/uploads/2014/05/extra-stormy-dark-and-stormy-940x600.jpg", 
  "ingredients": {
    "club soda": {
      "flour": "Safe", 
      "gluten": "no gluten here!", 
      "quantity": "", 
      "substitute": "no substitute needed", 
      "unit": ""
    }, 
    "lime wedge and candied ginger (for serving)": {
      "flour": "Safe", 
      "gluten": "no gluten here!", 
      "quantity": "", 
      "substitute": "no substitute needed", 
      "unit": ""
    }, 
    "oz. dark rum": {
      "flour": "Safe", 
      "gluten": "no gluten here!", 
      "quantity": "2", 
      "substitute": "no substitute needed", 
      "unit": ""
    }, 
    "oz.lemon-ginger brew (click for recipe)": {
      "flour": "Safe", 
      "gluten": "no gluten here!", 
      "quantity": "2", 
      "substitute": "no substitute needed", 
      "unit": ""
    }
  }, 
  "instructions": [
    "CombineLemon-Ginger Brewand rum in a highball glass filled with ice, then top off with club soda. Garnish with lime wedge and candied ginger."
  ], 
  "keywords": [
    "Cocktails", 
    "Drink Recipes", 
    "Drinks", 
    "Ginger Recipes", 
    "Lemon Recipes", 
    "Pitcher Drinks", 
    "summer 123 recipes", 
    "Summer Drinks"
  ], 
  "name": "Extra Stormy Dark and Stormy", 
  "proteinContent": "", 
  "saturatedFatContent": "", 
  "servings": "Servings: Makes 1", 
  "sodiumContent": "", 
  "sugarContent": "", 
  "url": "http://www.bonappetit.com/recipe/extra-stormy-dark-and-stormy"
}