{
  "calories": "", 
  "carbohydrateContent": "", 
  "cholesterolContent": "", 
  "description": "Want to know more about how the (homemade) sausage is made?Watch the step-by-step video here.", 
  "fatContent": "", 
  "fiberContent": "", 
  "image": "http://www.bonappetit.com/wp-content/uploads/2014/06/green-chorizo-940x600.jpg", 
  "ingredients": {
    "*to bind, sausage needs an exact salt-to-meat ratio by weight. no scale? use 3 tbsp. diamond crystal kosher salt or 2 tbsp. plus 2 tsp. morton coarse kosher salt.": {
      "flour": "Safe", 
      "gluten": "no gluten here!", 
      "quantity": "", 
      "substitute": "no substitute needed", 
      "unit": ""
    }, 
    "29\u201332-mm-diameter natural hog casings, preferably pretubed or preloaded": {
      "flour": "Safe", 
      "gluten": "no gluten here!", 
      "quantity": "2", 
      "substitute": "no substitute needed", 
      "unit": ""
    }, 
    "4-lb. skinless, boneless pork shoulder (boston butt), cut into 1\u20132&rdquo; pieces": {
      "flour": "Safe", 
      "gluten": "no gluten here!", 
      "quantity": "1", 
      "substitute": "no substitute needed", 
      "unit": ""
    }, 
    "bay leaves": {
      "flour": "Safe", 
      "gluten": "no gluten here!", 
      "quantity": "6", 
      "substitute": "no substitute needed", 
      "unit": ""
    }, 
    "finely chopped fresh oregano": {
      "flour": "Safe", 
      "gluten": "no gluten here!", 
      "quantity": "2", 
      "substitute": "no substitute needed", 
      "unit": "tablespoons"
    }, 
    "finely grated garlic": {
      "flour": "Safe", 
      "gluten": "no gluten here!", 
      "quantity": "2", 
      "substitute": "no substitute needed", 
      "unit": "teaspoons"
    }, 
    "freshly ground black pepper": {
      "flour": "Safe", 
      "gluten": "no gluten here!", 
      "quantity": "1", 
      "substitute": "no substitute needed", 
      "unit": "tablespoon"
    }, 
    "grams* kosher salt, plus more": {
      "flour": "Safe", 
      "gluten": "no gluten here!", 
      "quantity": "30", 
      "substitute": "no substitute needed", 
      "unit": ""
    }, 
    "kitchenaid with food grinder attachment and sausage stuffer kit (or grinding and stuffing equipment of choice); sausage pricker or t-pin; spice mill": {
      "flour": "Safe", 
      "gluten": "no gluten here!", 
      "quantity": "", 
      "substitute": "no substitute needed", 
      "unit": ""
    }, 
    "oz. flat-leaf spinach, trimmed": {
      "flour": "Safe", 
      "gluten": "no gluten here!", 
      "quantity": "6", 
      "substitute": "no substitute needed", 
      "unit": ""
    }, 
    "serrano chiles, halved, seeds removed": {
      "flour": "Safe", 
      "gluten": "no gluten here!", 
      "quantity": "10", 
      "substitute": "no substitute needed", 
      "unit": ""
    }, 
    "toasted pumpkin seeds, coarsely chopped": {
      "flour": "Safe", 
      "gluten": "no gluten here!", 
      "quantity": "\u00bc", 
      "substitute": "no substitute needed", 
      "unit": "cup"
    }
  }, 
  "instructions": [
    "Chill all grinder parts, including die with \u00bc&rdquo; holes, in freezer until very cold, about 1 hour. Chill a large stainless-steel bowl in refrigerator until cold. Place pork in a single layer on 2 plastic wrap\u2013lined baking sheets; cover and freeze until meat is very firm but not frozen, about 1 hour.", 
    "Grind bay leaves in a spice mill. Combine with black pepper and 30 grams salt in a small bowl; set aside.", 
    "Cook spinach in a pot of boiling salted water until wilted, about 15 seconds; drain and run under cold water. Drain well, squeeze out as much liquid as possible. Blend with chiles and 2 Tbsp. cold water in a blender until coarsely chopped; set aside.", 
    "Grind pork on high speed, 3\u20134 pieces at a time, into chilled bowl (keep second baking sheet in freezer until ready to use). If grinder clogs (meat will look pink, not red and white), clean die and cutter before continuing.", 
    "Add garlic and mix gently with your hands just to begin to distribute, about 20 seconds. Sprinkle reserved spice mixture evenly over pork and knead, rotating bowl, until spice mixture is evenly distributed and a light film has formed on the side of the bowl, about 1 minute.", 
    "Add pumpkin seeds and oregano and mix gently with your hands just to begin to distribute, about 20 seconds, then add reserved spinach mixture and knead until mixture holds together and is very stiff (it will spring back when pressed), about 1 minute. (Don\u2019t overmix or sausage will be crumbly.)", 
    "Form \u00bc cup sausage mixture into a 3&rdquo;-diameter patty; press into palm. Extend hand with meat, palm facing down. If meat sticks for at least 5 seconds, it is sufficiently mixed. If not, continue to knead in 15-second intervals until it passes the palm test.", 
    "Wrap patty in a small sheet of foil to form a flat packet. Cover and chill remaining mixture.", 
    "Cook foil-wrapped patty in a small skillet (not nonstick) over medium-low heat until meat is cooked through, about 4 minutes per side. Let rest 2 minutes.", 
    "Unwrap patty and cut in half; it should hold together. If not, save for another use\u2014like pasta sauce!\u2014and try again.", 
    "Place casings in a large bowl under cold running water and let sit, allowing water to overflow and flushing water through casings (take care not to tangle!) until softened, about 2 minutes. Slide 1 casing onto stuffer nozzle, leaving a 6&rdquo; overhang (do not tie). If casing is too long or tangles, cut in half and work with 1 piece at a time.", 
    "Pack a handful of sausage mixture very lightly into stuffer. Working with a partner and with stuffer on high speed, use plunger to push meat through, gradually filling casing; gently slide filled casing off nozzle onto a baking sheet as you go.", 
    "Fill casing firmly but don\u2019t overstuff (mixture will tighten when links are twisted, and overfilled casings will burst when cooked). As casing fills, lightly prick air bubbles with sausage pricker. Leave at least 6&rdquo; of empty casing at the end. Repeat with remaining casing and sausage mixture.", 
    "Tie off 1 end of casing, making knot flush with meat. Starting 6&rdquo; from knot, pinch off a 6&rdquo; length, squeezing on both sides. Twist link toward you 2 rotations. Starting 6&rdquo; from link, pinch off another 6&rdquo; length, squeezing on both sides, and twist link away from you 2 rotations. Repeat, alternating direction of twists, until you can\u2019t make another 6&rdquo; sausage. Squeeze out extra meat; tie off casing.", 
    "Note:If casing bursts, pinch off on both sides of tear, squeeze out meat in the middle, and tie off casing. Begin again as from the start.", 
    "Prick each sausage link in 3 places with sausage pricker (this helps prevent bursting). Arrange links on a parchment-lined baking sheet and chill, uncovered, to dry out casings, at least 12 hours.", 
    "Using kitchen shears, cut casing between links to separate.", 
    "DO AHEAD:Sausage mixture can be made 4 hours ahead (longer and meat will begin to cure); chill. Sausages can be made 3 days ahead. Cover and chill. Alternatively, freeze on baking sheet until frozen, then store in resealable plastic freezer bags up to 3 months. Defrost 12 hours in refrigerator before cooking."
  ], 
  "keywords": [
    "Chile", 
    "Oregano Recipes", 
    "Pork Recipes", 
    "Pumpkin Seeds", 
    "sausage project recipes", 
    "Sausage Recipes", 
    "Spicy Food", 
    "Spinach Recipes"
  ], 
  "name": "Green Chorizo", 
  "proteinContent": "", 
  "saturatedFatContent": "", 
  "servings": "Servings: Makes 12\u201314 links; about 4 lb.", 
  "sodiumContent": "", 
  "sugarContent": "", 
  "url": "http://www.bonappetit.com/recipe/green-chorizo"
}