{
  "calories": "", 
  "carbohydrateContent": "", 
  "cholesterolContent": "", 
  "fatContent": "", 
  "fiberContent": "", 
  "image": "http://www.bonappetit.com/wp-content/uploads/1999/07/grilled-chicken-drummettes-with-ancho-cherry-barbecue-sauce-940x600.jpg", 
  "ingredients": {
    "(packed) dark brown sugar": {
      "flour": "Safe", 
      "gluten": "no gluten here!", 
      "quantity": "1/3", 
      "substitute": "no substitute needed", 
      "unit": "cup"
    }, 
    "apple cider vinegar": {
      "flour": "Safe", 
      "gluten": "no gluten here!", 
      "quantity": "1 1/4", 
      "substitute": "no substitute needed", 
      "unit": "cups"
    }, 
    "chicken wing drummettes": {
      "flour": "Safe", 
      "gluten": "no gluten here!", 
      "quantity": "3", 
      "substitute": "no substitute needed", 
      "unit": "pounds"
    }, 
    "chopped onion": {
      "flour": "Safe", 
      "gluten": "no gluten here!", 
      "quantity": "3/4", 
      "substitute": "no substitute needed", 
      "unit": "cup"
    }, 
    "dried tart cherries": {
      "flour": "Safe", 
      "gluten": "no gluten here!", 
      "quantity": "3/4", 
      "substitute": "no substitute needed", 
      "unit": "cup"
    }, 
    "garlic cloves": {
      "flour": "Safe", 
      "gluten": "no gluten here!", 
      "quantity": "2", 
      "substitute": "no substitute needed", 
      "unit": ""
    }, 
    "ground coriander": {
      "flour": "Safe", 
      "gluten": "no gluten here!", 
      "quantity": "1", 
      "substitute": "no substitute needed", 
      "unit": "teaspoon"
    }, 
    "ketchup": {
      "flour": "Safe", 
      "gluten": "no gluten here!", 
      "quantity": "3/4", 
      "substitute": "no substitute needed", 
      "unit": "cup"
    }, 
    "large dried ancho chiles; (about 1 ounce), stemmed, seeded": {
      "flour": "Safe", 
      "gluten": "no gluten here!", 
      "quantity": "2", 
      "substitute": "no substitute needed", 
      "unit": ""
    }, 
    "mild-flavored (light) molasses": {
      "flour": "Safe", 
      "gluten": "no gluten here!", 
      "quantity": "3", 
      "substitute": "no substitute needed", 
      "unit": "tablespoons"
    }, 
    "of ground cloves": {
      "flour": "Safe", 
      "gluten": "no gluten here!", 
      "quantity": "", 
      "substitute": "no substitute needed", 
      "unit": ""
    }, 
    "water": {
      "flour": "Safe", 
      "gluten": "no gluten here!", 
      "quantity": "1/4", 
      "substitute": "no substitute needed", 
      "unit": "cup"
    }
  }, 
  "instructions": [
    "Combine all ingredients except chicken in heavy medium saucepan. Bring to boil. Reduce heat to medium-low. Cover; simmer until chilies and cherries are tender, about 20 minutes. Working in batches, pur\u00e9e mixture in blender. Return sauce to pan. If necessary, simmer uncovered until sauce is reduced to 3 cups and thickens. Season with salt and pepper. DO AHEAD Can be made 3 days ahead. Cover and chill.", 
    "Prepare barbecue (medium heat). Sprinkle chicken with salt and pepper. Grill until just cooked through, turning occasionally, about 10 minutes. Brush sauce over; continue grilling until glazed, turning chicken and basting often with more sauce, about 5 minutes longer. Serve with remaining sauce."
  ], 
  "keywords": [
    "4th Of July Food", 
    "Barbecue", 
    "Barbecue Recipes", 
    "Chicken Recipes", 
    "Dinner", 
    "Easy Recipes", 
    "Fourth Of July", 
    "July Fourth Food", 
    "Large Group", 
    "Main Dishes", 
    "Sauce Recipes"
  ], 
  "name": "Grilled Chicken Drummettes with Ancho-Cherry Barbecue Sauce", 
  "proteinContent": "", 
  "saturatedFatContent": "", 
  "servings": "Servings: 10", 
  "sodiumContent": "", 
  "sugarContent": "", 
  "url": "http://www.bonappetit.com/recipe/grilled-chicken-drummettes-with-ancho-cherry-barbecue-sauce"
}