{
  "calories": "", 
  "carbohydrateContent": "", 
  "cholesterolContent": "", 
  "fatContent": "", 
  "fiberContent": "", 
  "image": "http://www.bonappetit.com/wp-content/uploads/2013/03/halibut_with_spring_onion_and_summer_squash_saute_646.jpg", 
  "ingredients": {
    "(or more) olive oil, divided": {
      "flour": "Safe", 
      "gluten": "no gluten here!", 
      "quantity": "4", 
      "substitute": "no substitute needed", 
      "unit": "tablespoons"
    }, 
    "6-ounce skinless halibut fillets": {
      "flour": "Safe", 
      "gluten": "no gluten here!", 
      "quantity": "4", 
      "substitute": "no substitute needed", 
      "unit": ""
    }, 
    "assorted summer squash, cut into 1-inch pieces": {
      "flour": "Safe", 
      "gluten": "no gluten here!", 
      "quantity": "1 1/2", 
      "substitute": "no substitute needed", 
      "unit": "pounds"
    }, 
    "kosher salt and freshly ground black pepper": {
      "flour": "Safe", 
      "gluten": "no gluten here!", 
      "quantity": "", 
      "substitute": "no substitute needed", 
      "unit": ""
    }, 
    "spring onions or large scallions, bulbs separated from tops": {
      "flour": "Safe", 
      "gluten": "no gluten here!", 
      "quantity": "8", 
      "substitute": "no substitute needed", 
      "unit": ""
    }, 
    "thyme leaves plus 4 sprigs": {
      "flour": "Safe", 
      "gluten": "no gluten here!", 
      "quantity": "1", 
      "substitute": "no substitute needed", 
      "unit": "tablespoon"
    }
  }, 
  "instructions": [
    "Cut onion bulbs in half lengthwise (quarter if large). Cut enough onion tops into 2\" lengths to measure 1 cup. Heat 1 Tbsp. oil in a large skillet over medium-high heat until almost smoking. Add onion bulbs, cut side down; cook until golden, about 3 minutes. Transfer to a plate.", 
    "Heat 1 Tbsp. oil in same skillet. Add squash; cook, stirring occasionally, until golden brown and just tender, about  5 minutes. Stir in onion bulbs, 1 cup onion tops, and 1 Tbsp. thyme leaves; season with salt and pepper and cook until onion tops wilt, about 1 minute longer. Remove from heat; set squash mixture aside.", 
    "Heat remaining 2 Tbsp. oil in a large nonstick or cast-iron skillet over medium-high heat. Season halibut with salt. Add fish and thyme sprigs to skillet and cook until fish is golden brown, about 5 minutes. Turn fish and cook until just cooked through and opaque in the center, about 2 minutes longer. Divide onion-squash saut\u00e9 among plates; top with halibut."
  ], 
  "keywords": [
    "Entrees", 
    "Farmers Market Summer Dinners", 
    "Fish Recipes", 
    "Halibut Recipes", 
    "Healthy Recipes", 
    "High Fiber", 
    "Low-Calorie Recipes", 
    "Seafood Recipes", 
    "Squash Recipes"
  ], 
  "name": "Halibut with Spring Onion  and Summer Squash Saut\u00e9", 
  "proteinContent": "", 
  "saturatedFatContent": "", 
  "servings": "Servings: 4", 
  "sodiumContent": "", 
  "sugarContent": "", 
  "url": "http://www.bonappetit.com/recipe/halibut-with-spring-onion-and-summer-squash-saut"
}