{
  "calories": "", 
  "carbohydrateContent": "", 
  "cholesterolContent": "", 
  "description": "Chef David Chang\u2019s buttermilk dressing is our kind of ranch. Use the freshest beans possible: You want that tender snap.", 
  "fatContent": "", 
  "fiberContent": "", 
  "image": "http://www.bonappetit.com/wp-content/uploads/2014/08/green-bean-and-tomato-salad-with-buttermilk-dressing-940x600.jpg", 
  "ingredients": {
    "buttermilk": {
      "flour": "Safe", 
      "gluten": "no gluten here!", 
      "quantity": "\u00bd", 
      "substitute": "no substitute needed", 
      "unit": "cup"
    }, 
    "cherry tomatoes, halved": {
      "flour": "Safe", 
      "gluten": "no gluten here!", 
      "quantity": "1", 
      "substitute": "no substitute needed", 
      "unit": "pint"
    }, 
    "chopped fresh chives": {
      "flour": "Safe", 
      "gluten": "no gluten here!", 
      "quantity": "\u00bc", 
      "substitute": "no substitute needed", 
      "unit": "cup"
    }, 
    "fresh lemon juice": {
      "flour": "Safe", 
      "gluten": "no gluten here!", 
      "quantity": "2", 
      "substitute": "no substitute needed", 
      "unit": "teaspoons"
    }, 
    "garlic powder": {
      "flour": "Safe", 
      "gluten": "no gluten here!", 
      "quantity": "\u00bd", 
      "substitute": "no substitute needed", 
      "unit": "teaspoon"
    }, 
    "kosher salt and freshly ground black pepper": {
      "flour": "Safe", 
      "gluten": "no gluten here!", 
      "quantity": "", 
      "substitute": "no substitute needed", 
      "unit": ""
    }, 
    "large heirloom tomato, sliced": {
      "flour": "Safe", 
      "gluten": "no gluten here!", 
      "quantity": "1", 
      "substitute": "no substitute needed", 
      "unit": ""
    }, 
    "large leeks, white and pale-green parts only, halved, cut into 4&rdquo; pieces": {
      "flour": "Safe", 
      "gluten": "no gluten here!", 
      "quantity": "2", 
      "substitute": "no substitute needed", 
      "unit": ""
    }, 
    "olive oil, divided": {
      "flour": "Safe", 
      "gluten": "no gluten here!", 
      "quantity": "3", 
      "substitute": "no substitute needed", 
      "unit": "tablespoons"
    }, 
    "onion powder": {
      "flour": "Safe", 
      "gluten": "no gluten here!", 
      "quantity": "\u00bd", 
      "substitute": "no substitute needed", 
      "unit": "teaspoon"
    }, 
    "thinly sliced fresh mint leaves": {
      "flour": "Safe", 
      "gluten": "no gluten here!", 
      "quantity": "\u00bd", 
      "substitute": "no substitute needed", 
      "unit": "cup"
    }, 
    "wax or green beans, trimmed": {
      "flour": "Safe", 
      "gluten": "no gluten here!", 
      "quantity": "1", 
      "substitute": "no substitute needed", 
      "unit": "pound"
    }
  }, 
  "instructions": [
    "Whisk buttermilk, lemon juice, garlic powder, onion powder, and 1 Tbsp. oil in a small bowl; season with salt and pepper.", 
    "Cook beans in a large pot of boiling salted water until just tender, about 3 minutes. Using a slotted spoon, transfer to a colander set in a bowl of ice water; drain. Place beans in a large bowl.", 
    "Return water in pot to a boil and cook leeks until just tender, about 3 minutes; drain. Transfer to colander in ice water; drain and add to bowl with beans. Add cherry tomatoes and remaining 2 Tbsp. oil and toss to combine; season with salt and pepper.", 
    "Serve salad over heirloom tomato slices drizzled with buttermilk dressing and topped with mint and chives."
  ], 
  "keywords": [
    "Beans", 
    "Buttermilk", 
    "Chive", 
    "edible schoolyard recipes", 
    "Green Beans", 
    "Kid-Friendly Recipes", 
    "Leeks", 
    "Lemon", 
    "Salad", 
    "Tomatoes", 
    "Vegetarian Recipes"
  ], 
  "name": "Green Bean and Tomato Salad with Buttermilk Dressing", 
  "proteinContent": "", 
  "saturatedFatContent": "", 
  "servings": "Servings: 6", 
  "sodiumContent": "", 
  "sugarContent": "", 
  "url": "http://www.bonappetit.com/recipe/green-bean-and-tomato-salad-with-buttermilk-dressing"
}