{
  "calories": "", 
  "carbohydrateContent": "", 
  "cholesterolContent": "", 
  "fatContent": "", 
  "fiberContent": "", 
  "image": "http://www.bonappetit.com/wp-content/uploads/2012/04/grilled-chicken-salad-with-garlic-confit-646.jpg", 
  "ingredients": {
    "(packed) arugula (not baby)": {
      "flour": "Safe", 
      "gluten": "no gluten here!", 
      "quantity": "4", 
      "substitute": "no substitute needed", 
      "unit": "cups"
    }, 
    "dijon or whole grain mustard": {
      "flour": "Safe", 
      "gluten": "no gluten here!", 
      "quantity": "2", 
      "substitute": "no substitute needed", 
      "unit": "tablespoons"
    }, 
    "flat-leaf parsley leaves": {
      "flour": "Safe", 
      "gluten": "no gluten here!", 
      "quantity": "1/4", 
      "substitute": "no substitute needed", 
      "unit": "cup"
    }, 
    "garlic cloves, peeled": {
      "flour": "Safe", 
      "gluten": "no gluten here!", 
      "quantity": "20", 
      "substitute": "no substitute needed", 
      "unit": ""
    }, 
    "kosher salt, freshly ground pepper": {
      "flour": "Safe", 
      "gluten": "no gluten here!", 
      "quantity": "", 
      "substitute": "no substitute needed", 
      "unit": ""
    }, 
    "olive oil": {
      "flour": "Safe", 
      "gluten": "no gluten here!", 
      "quantity": "1", 
      "substitute": "no substitute needed", 
      "unit": "cup"
    }, 
    "pitted olives": {
      "flour": "Safe", 
      "gluten": "no gluten here!", 
      "quantity": "1/4", 
      "substitute": "no substitute needed", 
      "unit": "cup"
    }, 
    "red wine vinegar": {
      "flour": "Safe", 
      "gluten": "no gluten here!", 
      "quantity": "2", 
      "substitute": "no substitute needed", 
      "unit": "tablespoons"
    }, 
    "roasted red peppers from a jar, cut into 1/2-inch-wide strips": {
      "flour": "Safe", 
      "gluten": "no gluten here!", 
      "quantity": "3", 
      "substitute": "no substitute needed", 
      "unit": ""
    }, 
    "skinless, boneless chicken breasts or thighs": {
      "flour": "Safe", 
      "gluten": "no gluten here!", 
      "quantity": "1", 
      "substitute": "no substitute needed", 
      "unit": "pound"
    }
  }, 
  "instructions": [
    "Set a fine-mesh strainer over a medium bowl. Bring garlic and oil just to a simmer in a small saucepan over medium-low heat. Reduce heat to low; cook, stirring occasionally, until garlic is golden brown and soft, 20\u201325 minutes. Let cool completely. Strain, reserving cloves and oil.", 
    "Build a medium-hot fire in a charcoal grill, or heat a gas grill to high. Toss chicken and 2 Tbsp. garlic oil in a medium bowl. Season with salt and pepper. Grill until charred and just cooked through, 4\u20135 minutes per side. Transfer to a board; let rest for 5 minutes.", 
    "Pur\u00e9e 8 garlic cloves, 1/2 cup garlic oil, Dijon mustard, and vinegar in a blender or mini-processor. Season dressing with salt and pepper. Place remaining garlic cloves, olives, and remaining ingredients in a large bowl (cover and chill remaining oil for another use). Slice chicken on a diagonal; add to bowl. Spoon 2 Tbsp. dressing over; toss. Serve with remaining dressing."
  ], 
  "keywords": [
    "Chicken Recipes", 
    "Dinner", 
    "Entrees", 
    "Fast Easy Fresh", 
    "High Fiber", 
    "Low-Calorie Recipes", 
    "Quick Recipes", 
    "Salad Recipes"
  ], 
  "name": "Grilled Chicken Salad with Garlic Confit", 
  "proteinContent": "", 
  "saturatedFatContent": "", 
  "servings": "Servings: 4", 
  "sodiumContent": "", 
  "sugarContent": "", 
  "url": "http://www.bonappetit.com/recipe/grilled-chicken-salad-with-garlic-confit"
}