{
  "calories": "", 
  "carbohydrateContent": "", 
  "cholesterolContent": "", 
  "fatContent": "", 
  "fiberContent": "", 
  "image": "http://www.bonappetit.com/wp-content/uploads/2014/04/grilled-tuna-with-provencal-vegetables-and-easy-aioli.jpg", 
  "ingredients": {
    "(about) olive oil": {
      "flour": "Safe", 
      "gluten": "no gluten here!", 
      "quantity": "4", 
      "substitute": "no substitute needed", 
      "unit": "tablespoons"
    }, 
    "5-ounce albacore tuna steaks (from the u.s. or canada; about 1 inch thick)": {
      "flour": "Safe", 
      "gluten": "no gluten here!", 
      "quantity": "4", 
      "substitute": "no substitute needed", 
      "unit": ""
    }, 
    "assorted cherry tomatoes, halved": {
      "flour": "Safe", 
      "gluten": "no gluten here!", 
      "quantity": "2", 
      "substitute": "no substitute needed", 
      "unit": "cups"
    }, 
    "easy aioli": {
      "flour": "Safe", 
      "gluten": "no gluten here!", 
      "quantity": "", 
      "substitute": "no substitute needed", 
      "unit": ""
    }, 
    "eggplant (about 1 pound), cut lengthwise into 3/4-inch-thick slices": {
      "flour": "Safe", 
      "gluten": "no gluten here!", 
      "quantity": "1", 
      "substitute": "no substitute needed", 
      "unit": ""
    }, 
    "garlic clove, minced": {
      "flour": "Safe", 
      "gluten": "no gluten here!", 
      "quantity": "1", 
      "substitute": "no substitute needed", 
      "unit": ""
    }, 
    "herbes de provence": {
      "flour": "Safe", 
      "gluten": "no gluten here!", 
      "quantity": "2", 
      "substitute": "no substitute needed", 
      "unit": "teaspoons"
    }, 
    "nonstick vegetable oil spray": {
      "flour": "Safe", 
      "gluten": "no gluten here!", 
      "quantity": "", 
      "substitute": "no substitute needed", 
      "unit": ""
    }, 
    "zucchini, quartered lengthwise": {
      "flour": "Safe", 
      "gluten": "no gluten here!", 
      "quantity": "2", 
      "substitute": "no substitute needed", 
      "unit": ""
    }
  }, 
  "instructions": [
    "Spray grill with nonstick spray. Prepare barbecue (medium-high heat).", 
    "Brush tuna steaks, zucchini, and eggplant with olive oil; sprinkle with salt and pepper. Grill vegetables until tender and lightly charred, turning occasionally, about 12 minutes. Remove from grill and cut into bite-size chunks. Place vegetables, tomatoes, herbes de Provence, and garlic in large bowl; toss to blend. Set aside.", 
    "Grill tuna steaks to desired doneness, about 4 minutes per side for medium-rare. Place tuna on plates, top with vegetables, and serve with aioli."
  ], 
  "keywords": [], 
  "name": "Grilled Tuna with Proven\u00e7al Vegetables and Easy Aioli", 
  "proteinContent": "", 
  "saturatedFatContent": "", 
  "servings": "Servings: 4", 
  "sodiumContent": "", 
  "sugarContent": "", 
  "url": "http://www.bonappetit.com/recipe/grilled-tuna-with-proven-al-vegetables-and-easy-aioli"
}