{
  "calories": "", 
  "carbohydrateContent": "", 
  "cholesterolContent": "", 
  "fatContent": "", 
  "fiberContent": "", 
  "image": "http://www.bonappetit.com/wp-content/uploads/2005/06/dire_grilled_steak_sandwiches_with_chimichurri_and_bell_peppers_v.jpg", 
  "ingredients": {
    "": {
      "flour": "Safe", 
      "gluten": "no gluten here!", 
      "quantity": "", 
      "substitute": "no substitute needed", 
      "unit": ""
    }, 
    "(packed) fresh cilantro": {
      "flour": "Safe", 
      "gluten": "no gluten here!", 
      "quantity": "1", 
      "substitute": "no substitute needed", 
      "unit": "cup"
    }, 
    "(packed) fresh italian parsley": {
      "flour": "Safe", 
      "gluten": "no gluten here!", 
      "quantity": "1", 
      "substitute": "no substitute needed", 
      "unit": "cup"
    }, 
    "12-ounce rib-eye steaks": {
      "flour": "Safe", 
      "gluten": "no gluten here!", 
      "quantity": "2", 
      "substitute": "no substitute needed", 
      "unit": ""
    }, 
    "chopped fresh oregano": {
      "flour": "Safe", 
      "gluten": "no gluten here!", 
      "quantity": "2", 
      "substitute": "no substitute needed", 
      "unit": "tablespoons"
    }, 
    "dried crushed red pepper": {
      "flour": "Safe", 
      "gluten": "no gluten here!", 
      "quantity": "1/2", 
      "substitute": "no substitute needed", 
      "unit": "teaspoon"
    }, 
    "garlic cloves, peeled": {
      "flour": "Safe", 
      "gluten": "no gluten here!", 
      "quantity": "2", 
      "substitute": "no substitute needed", 
      "unit": ""
    }, 
    "large bell peppers (preferably 1 red and 1 yellow), cut into 3/4-inch-wide strips": {
      "flour": "Safe", 
      "gluten": "no gluten here!", 
      "quantity": "2", 
      "substitute": "no substitute needed", 
      "unit": ""
    }, 
    "plus 1/4 cup olive oil": {
      "flour": "Safe", 
      "gluten": "no gluten here!", 
      "quantity": "2/3", 
      "substitute": "no substitute needed", 
      "unit": "cup"
    }, 
    "sourdough demi-baguettes, halved horizontally": {
      "flour": "Safe", 
      "gluten": "gluten here!", 
      "quantity": "4", 
      "substitute": "gluten-free dough", 
      "unit": ""
    }, 
    "white wine vinegar": {
      "flour": "Safe", 
      "gluten": "no gluten here!", 
      "quantity": "3", 
      "substitute": "no substitute needed", 
      "unit": "tablespoons"
    }
  }, 
  "instructions": [
    "Prepare barbecue (medium-high heat). Combine first 6 ingredients in processor; add 2/3 cup oil and puree until almost smooth. Season chimichurri with salt and pepper.", 
    "Brush pepper strips, steaks, and cut side of bread with remaining 1/4 cup oil. Sprinkle peppers and steaks with salt and pepper. Grill peppers until tender, about 5 minutes per side. Grill steaks to desired doneness, about 4 minutes per side for medium-rare. Grill bread, cut side down, until beginning to brown lightly, about 2 minutes. Thinly slice steaks crosswise; divide among bread bottoms. Spoon chimichurri over steak (about 1/4 cup per sandwich), then top with pepper strips. Cover with bread tops and serve.", 
    "Toss any remaining chimichurri sauce with potato wedges and roast in 400\u00b0F oven until just tender, about 40 minutes."
  ], 
  "keywords": [
    "American", 
    "Argentinean Food", 
    "Argentinian Food", 
    "Beef", 
    "Beef Recipes", 
    "Bell Pepper", 
    "Bread", 
    "Dinner", 
    "Easy", 
    "Easy Recipes", 
    "Fast", 
    "Fresh", 
    "Grilling", 
    "Grilling Food", 
    "Herb", 
    "Main Dishes", 
    "Meat", 
    "Meat Recipes", 
    "Pepper", 
    "Quick", 
    "Sandwich", 
    "Sandwich Recipes", 
    "Simple", 
    "South American Food", 
    "Steak", 
    "Steak Recipes", 
    "Summer", 
    "Summer Food", 
    "Tailgating"
  ], 
  "name": "Grilled Steak Sandwiches with Chimichurri and Bell Peppers", 
  "proteinContent": "", 
  "saturatedFatContent": "", 
  "servings": "Servings: Makes 4", 
  "sodiumContent": "", 
  "sugarContent": "", 
  "url": "http://www.bonappetit.com/recipe/grilled-steak-sandwiches-with-chimichurri-and-bell-peppers-2"
}