{
  "calories": "Calories (kcal) 410", 
  "carbohydrateContent": "Carbohydrates (g) 60", 
  "cholesterolContent": "Cholesterol (mg) 45", 
  "fatContent": "Fat (g) 17", 
  "fiberContent": "Dietary Fiber (g) 10", 
  "image": "http://www.bonappetit.com/wp-content/uploads/2013/10/ginger-glazed-turnips-carrots-and-chestnuts-940x600.jpg", 
  "ingredients": {
    "(1 1/2 sticks) unsalted butter, cut into 1 inch pieces, divided": {
      "flour": "Safe", 
      "gluten": "no gluten here!", 
      "quantity": "12", 
      "substitute": "no substitute needed", 
      "unit": "tablespoons"
    }, 
    "(packed) light brown sugar": {
      "flour": "Safe", 
      "gluten": "no gluten here!", 
      "quantity": "1/2", 
      "substitute": "no substitute needed", 
      "unit": "cup"
    }, 
    "2-inch piece ginger, peeled, very thinly sliced": {
      "flour": "Safe", 
      "gluten": "no gluten here!", 
      "quantity": "1", 
      "substitute": "no substitute needed", 
      "unit": ""
    }, 
    "carrots, peeled, thinly sliced on a diagonal (2 cups)": {
      "flour": "Safe", 
      "gluten": "no gluten here!", 
      "quantity": "1/2", 
      "substitute": "no substitute needed", 
      "unit": "pound"
    }, 
    "kosher salt, freshly ground pepper": {
      "flour": "Safe", 
      "gluten": "no gluten here!", 
      "quantity": "", 
      "substitute": "no substitute needed", 
      "unit": ""
    }, 
    "minced assorted herbs (such as flat-leaf parsley, tarragon, and chives)": {
      "flour": "Safe", 
      "gluten": "no gluten here!", 
      "quantity": "2", 
      "substitute": "no substitute needed", 
      "unit": "tablespoons"
    }, 
    "shelled roasted chestnuts from a jar": {
      "flour": "Safe", 
      "gluten": "no gluten here!", 
      "quantity": "1", 
      "substitute": "no substitute needed", 
      "unit": "cup"
    }, 
    "turnips, peeled, cut into 1x1 inch strips (about 6 cups)": {
      "flour": "Safe", 
      "gluten": "no gluten here!", 
      "quantity": "2", 
      "substitute": "no substitute needed", 
      "unit": "pounds"
    }
  }, 
  "instructions": [
    "Cut a 12 inches round of parchment paper; snip a hole about the size of a quarter in the center of round. Combine turnips, carrots, 8 tablespoons butter, brown sugar, and ginger in a 12 inches skillet. Season with salt and pepper. Rest parchment round on top of vegetables (do not cover with lid).", 
    "Simmer over medium-high heat until vegetables are crisp-tender, about 5 minutes. Discard parchment; add remaining 4 tablespoons butter and chestnuts. Simmer, swirling pan often, until a glaze forms, 8-10 minutes. Season with salt and pepper. Transfer to a large bowl. Garnish with herbs."
  ], 
  "keywords": [
    "Carrot Recipes", 
    "Chestnuts", 
    "Chive", 
    "Ginger Recipes", 
    "High Fiber", 
    "Let It Snow Recipes", 
    "Parsley Recipes", 
    "Sides", 
    "Tarragon Recipes", 
    "Turnip Recipes", 
    "Vegetarian Recipes"
  ], 
  "name": "Ginger-Glazed Turnips, Carrots, and Chestnuts", 
  "proteinContent": "Protein (g) 3", 
  "saturatedFatContent": "Saturated Fat (g) 11", 
  "servings": "Servings: 8", 
  "sodiumContent": "Sodium (mg) 850", 
  "sugarContent": "Total Sugars (g) 22", 
  "url": "http://www.bonappetit.com/recipe/ginger-glazed-turnips-carrots-and-chestnuts"
}