{
  "calories": "", 
  "carbohydrateContent": "", 
  "cholesterolContent": "", 
  "description": "Drying out the challah lets the Baked French Toast absorb the custard without going to mush and top it off with a pecan crumble for an extra crunch.", 
  "fatContent": "", 
  "fiberContent": "", 
  "image": "http://www.bonappetit.com/wp-content/uploads/2013/11/baked-french-toast-with-pecan-crumble-940x600.jpg", 
  "ingredients": {
    "blackberry syrup (for serving; click for recipe)": {
      "flour": "Safe", 
      "gluten": "no gluten here!", 
      "quantity": "", 
      "substitute": "no substitute needed", 
      "unit": ""
    }, 
    "chilled unsalted butter, cut into pieces": {
      "flour": "Safe", 
      "gluten": "no gluten here!", 
      "quantity": "2", 
      "substitute": "no substitute needed", 
      "unit": "tablespoons"
    }, 
    "ground cinnamon": {
      "flour": "Safe", 
      "gluten": "no gluten here!", 
      "quantity": "\u00bd", 
      "substitute": "no substitute needed", 
      "unit": "teaspoon"
    }, 
    "ground nutmeg": {
      "flour": "Safe", 
      "gluten": "no gluten here!", 
      "quantity": "\u00bd", 
      "substitute": "no substitute needed", 
      "unit": "teaspoon"
    }, 
    "heavy cream": {
      "flour": "Safe", 
      "gluten": "no gluten here!", 
      "quantity": "2", 
      "substitute": "no substitute needed", 
      "unit": "cups"
    }, 
    "kosher salt": {
      "flour": "Safe", 
      "gluten": "no gluten here!", 
      "quantity": "\u00bc", 
      "substitute": "no substitute needed", 
      "unit": "teaspoon"
    }, 
    "large egg yolks": {
      "flour": "Safe", 
      "gluten": "no gluten here!", 
      "quantity": "4", 
      "substitute": "no substitute needed", 
      "unit": ""
    }, 
    "large eggs": {
      "flour": "Safe", 
      "gluten": "no gluten here!", 
      "quantity": "4", 
      "substitute": "no substitute needed", 
      "unit": ""
    }, 
    "light brown sugar": {
      "flour": "Safe", 
      "gluten": "no gluten here!", 
      "quantity": "2", 
      "substitute": "no substitute needed", 
      "unit": "tablespoons"
    }, 
    "loaf challah, sliced 1&rdquo; thick": {
      "flour": "Safe", 
      "gluten": "gluten here!", 
      "quantity": "1", 
      "substitute": "gluten-free bread", 
      "unit": "pound"
    }, 
    "pecans": {
      "flour": "Safe", 
      "gluten": "no gluten here!", 
      "quantity": "\u00bd", 
      "substitute": "no substitute needed", 
      "unit": "cup"
    }, 
    "sugar": {
      "flour": "Safe", 
      "gluten": "no gluten here!", 
      "quantity": "\u00bc", 
      "substitute": "no substitute needed", 
      "unit": "cup"
    }, 
    "unsalted butter, room temperature (for baking dish)": {
      "flour": "Safe", 
      "gluten": "no gluten here!", 
      "quantity": "", 
      "substitute": "no substitute needed", 
      "unit": ""
    }, 
    "vanilla extract": {
      "flour": "Safe", 
      "gluten": "no gluten here!", 
      "quantity": "1", 
      "substitute": "no substitute needed", 
      "unit": "teaspoon"
    }, 
    "whole milk": {
      "flour": "Safe", 
      "gluten": "no gluten here!", 
      "quantity": "2", 
      "substitute": "no substitute needed", 
      "unit": "cups"
    }
  }, 
  "instructions": [
    "Spread out bread on a rimmed baking sheet; let stand overnight.", 
    "Butter a 13x9&rdquo; baking dish. Cut bread so slices are similar in size. Arrange, overlapping, in rows in prepared dish.", 
    "Whisk eggs, egg yolks, cream, milk, sugar, vanilla, cinnamon, nutmeg, and salt in a medium bowl. Pour over bread, pressing bread to help it soak up custard. Cover and chill at least 2 hours.", 
    "DO AHEAD:Bread can be soaked 1 day ahead. Keep chilled.", 
    "Preheat oven to 375\u00b0. Pulse pecans, butter, brown sugar, and salt in a food processor until nuts are coarsely chopped.", 
    "Scatter pecan crumble over soaked bread. Place dish on a rimmed baking sheet and cover tightly with foil. Bake until warmed through (a knife inserted into the center should feel warm to the touch), 25\u201330 minutes. Remove foil and bake until deeply browned, 35\u201340 minutes longer. Let cool slightly before serving with Blackberry Syrup.", 
    "DO AHEAD:Pecan mixture can be made 1 day ahead. Cover and chill."
  ], 
  "keywords": [
    "Breakfast", 
    "Brunch", 
    "Christmas", 
    "Christmas Food", 
    "Cinnamon Recipes", 
    "Egg Recipes", 
    "French Toast Recipes", 
    "Heavy Cream Recipes", 
    "Nutmeg Recipes", 
    "Pecan Recipes", 
    "Vanilla Recipes", 
    "Winter Food"
  ], 
  "name": "Baked French Toast with Pecan Crumble", 
  "proteinContent": "", 
  "saturatedFatContent": "", 
  "servings": "Servings: 8", 
  "sodiumContent": "", 
  "sugarContent": "", 
  "url": "http://www.bonappetit.com/recipe/baked-french-toast-with-pecan-crumble"
}