{
  "calories": "", 
  "carbohydrateContent": "", 
  "cholesterolContent": "", 
  "fatContent": "", 
  "fiberContent": "", 
  "image": "http://www.bonappetit.com/wp-content/uploads/2014/04/halibut-brochettes-provencale-940x600.jpg", 
  "ingredients": {
    "1 1/2-inch-diameter zucchini, cut into eight 1/2-inch-thick rounds": {
      "flour": "Safe", 
      "gluten": "no gluten here!", 
      "quantity": "1", 
      "substitute": "no substitute needed", 
      "unit": ""
    }, 
    "chopped fennel seeds": {
      "flour": "Safe", 
      "gluten": "no gluten here!", 
      "quantity": "1/2", 
      "substitute": "no substitute needed", 
      "unit": "teaspoon"
    }, 
    "dry white wine": {
      "flour": "Safe", 
      "gluten": "no gluten here!", 
      "quantity": "1/3", 
      "substitute": "no substitute needed", 
      "unit": "cup"
    }, 
    "extra-virgin olive oil, divided": {
      "flour": "Safe", 
      "gluten": "no gluten here!", 
      "quantity": "5", 
      "substitute": "no substitute needed", 
      "unit": "tablespoons"
    }, 
    "finely chopped dried lavender blossoms*": {
      "flour": "Safe", 
      "gluten": "no gluten here!", 
      "quantity": "1/4", 
      "substitute": "no substitute needed", 
      "unit": "teaspoon"
    }, 
    "fresh lemon juice, divided": {
      "flour": "Safe", 
      "gluten": "no gluten here!", 
      "quantity": "5", 
      "substitute": "no substitute needed", 
      "unit": "tablespoons"
    }, 
    "garlic cloves, pressed": {
      "flour": "Safe", 
      "gluten": "no gluten here!", 
      "quantity": "2", 
      "substitute": "no substitute needed", 
      "unit": ""
    }, 
    "halibut, cut into 1 1/2-inch cubes": {
      "flour": "Safe", 
      "gluten": "no gluten here!", 
      "quantity": "1 1/2", 
      "substitute": "no substitute needed", 
      "unit": "pounds"
    }, 
    "metal skewers": {
      "flour": "Safe", 
      "gluten": "no gluten here!", 
      "quantity": "12", 
      "substitute": "no substitute needed", 
      "unit": ""
    }, 
    "minced fresh basil": {
      "flour": "Safe", 
      "gluten": "no gluten here!", 
      "quantity": "1 1/2", 
      "substitute": "no substitute needed", 
      "unit": "tablespoons"
    }, 
    "minced fresh marjoram": {
      "flour": "Safe", 
      "gluten": "no gluten here!", 
      "quantity": "2", 
      "substitute": "no substitute needed", 
      "unit": "teaspoons"
    }, 
    "minced fresh rosemary": {
      "flour": "Safe", 
      "gluten": "no gluten here!", 
      "quantity": "1", 
      "substitute": "no substitute needed", 
      "unit": "teaspoon"
    }, 
    "minced fresh sage": {
      "flour": "Safe", 
      "gluten": "no gluten here!", 
      "quantity": "1", 
      "substitute": "no substitute needed", 
      "unit": "teaspoon"
    }, 
    "minced fresh thyme": {
      "flour": "Safe", 
      "gluten": "no gluten here!", 
      "quantity": "2", 
      "substitute": "no substitute needed", 
      "unit": "teaspoons"
    }, 
    "mini bell peppers in assorted colors (from one 5-ounce package) or 1 bell pepper cut into 1-inch squares": {
      "flour": "Safe", 
      "gluten": "no gluten here!", 
      "quantity": "16", 
      "substitute": "no substitute needed", 
      "unit": ""
    }, 
    "mini plum tomatoes or large cherry tomatoes": {
      "flour": "Safe", 
      "gluten": "no gluten here!", 
      "quantity": "8", 
      "substitute": "no substitute needed", 
      "unit": ""
    }, 
    "nonstick vegetable oil spray": {
      "flour": "Safe", 
      "gluten": "no gluten here!", 
      "quantity": "", 
      "substitute": "no substitute needed", 
      "unit": ""
    }, 
    "small red onion, cut into 4 wedges, each wedge halved crosswise, layers kept intact": {
      "flour": "Safe", 
      "gluten": "no gluten here!", 
      "quantity": "1", 
      "substitute": "no substitute needed", 
      "unit": ""
    }, 
    "unpeeled slender eggplant, trimmed, halved lengthwise, cut into eight 1- to 1 1/4-inch pieces": {
      "flour": "Safe", 
      "gluten": "no gluten here!", 
      "quantity": "1", 
      "substitute": "no substitute needed", 
      "unit": ""
    }
  }, 
  "instructions": [
    "Mix first 7 ingredients in small bowl. Place zucchini, eggplant, tomatoes, peppers, and onion in large bowl. Add 1 tablespoon herb mixture and 1 tablespoon oil to vegetables. Sprinkle with salt and pepper; toss to coat. Thread 1 mini pepper, 1 zucchini round, 1 eggplant piece, 1 tomato, 1 onion piece, and 1 more mini pepper onto each of 8 skewers. DO AHEAD Herb mixture and vegetables can be made 4 hours ahead. Cover separately and refrigerate.", 
    "Place fish in medium bowl; sprinkle 2 tablespoons herb mixture over. Add 3 tablespoons oil, 3 tablespoons lemon juice, and garlic; sprinkle with salt and pepper and toss to coat. Cover and chill at least 1 hour and up to 2 hours, tossing occasionally.", 
    "Simmer wine, remaining 1 tablespoon oil, and remaining 2 tablespoons lemon juice in small saucepan until reduced to 1/3 cup, about 3 minutes. Stir in remaining herb mixture. Season sauce to taste with salt and pepper. Set aside.", 
    "Spray grill rack with nonstick spray; prepare barbecue (medium-high heat). Divide fish cubes among remaining 4 skewers. Grill vegetable skewers until vegetables are slightly charred and tender, turning occasionally, 10 to 12 minutes. Grill fish skewers until fish is cooked through, turning occasionally, 8 to 10 minutes.", 
    "Place 1 fish skewer and 2 vegetable skewers on each plate. Drizzle sauce over."
  ], 
  "keywords": [
    "Fish", 
    "French", 
    "Halibut"
  ], 
  "name": "Halibut Brochettes Proven\u00e7ale", 
  "proteinContent": "", 
  "saturatedFatContent": "", 
  "servings": "Servings: 4", 
  "sodiumContent": "", 
  "sugarContent": "", 
  "url": "http://www.bonappetit.com/recipe/halibut-brochettes-proven-ale"
}