{
  "calories": "Calories (kcal)  370", 
  "carbohydrateContent": "Carbohydrates (g)  2", 
  "cholesterolContent": "Cholesterol (mg)  125", 
  "fatContent": "Fat (g)  20", 
  "fiberContent": "Dietary Fiber (g)  1", 
  "image": "http://www.bonappetit.com/wp-content/uploads/2011/11/grilled-side-of-wild-salmon-940.jpg", 
  "ingredients": {
    "4-pound wild salmon fillet, skin on, pin bones removed": {
      "flour": "Safe", 
      "gluten": "no gluten here!", 
      "quantity": "1", 
      "substitute": "no substitute needed", 
      "unit": ""
    }, 
    "extra-virgin olive oil plus more for brushing and drizzling": {
      "flour": "Safe", 
      "gluten": "no gluten here!", 
      "quantity": "3", 
      "substitute": "no substitute needed", 
      "unit": "tablespoons"
    }, 
    "kosher salt and freshly ground black pepper": {
      "flour": "Safe", 
      "gluten": "no gluten here!", 
      "quantity": "", 
      "substitute": "no substitute needed", 
      "unit": ""
    }, 
    "lemons, halved": {
      "flour": "Safe", 
      "gluten": "no gluten here!", 
      "quantity": "2\u20133", 
      "substitute": "no substitute needed", 
      "unit": ""
    }
  }, 
  "instructions": [
    "Build a medium-hot fire on 1 side of a charcoal grill, or preheat a gas grill (if using a 2-burner grill, light 1 burner on high; if using a 3-burner grill, leave center burner off and heat other 2 burners on high).", 
    "Brush a rimless baking sheet with oil. Place fish, skin side down, on sheet. Rub flesh side of salmon with 3 Tbsp. oil and season generously with salt and pepper.", 
    "Brush grill rack with oil. Slide fish off sheet and onto grill rack over indirect heat. Cover; cook until salmon is just cooked through and just opaque in the center, about 20 minutes. (To test doneness, slide a paring knife into the center of the salmon, remove, and carefully press the knife to your lower lip. If it's very warm, the fish is done.)", 
    "Holding baking sheet with oven mitts, slide under salmon; use another thin rimless baking sheet or a very large spatula to gently push fish onto first sheet. Transfer fish to a platter. Drizzle with oil; season with salt and pepper. Serve with lemon halves for squeezing over."
  ], 
  "keywords": [
    "Entrees", 
    "Fish Recipes", 
    "Salmon Recipes", 
    "Something Wild Recipes"
  ], 
  "name": "Grilled Side of Wild Salmon", 
  "proteinContent": "Protein (g)  45", 
  "saturatedFatContent": "Saturated Fat (g)  3", 
  "servings": "Servings: 8", 
  "sodiumContent": "Sodium (mg)  160", 
  "sugarContent": "Total Sugars (g)  1", 
  "url": "http://www.bonappetit.com/recipe/grilled-side-of-wild-salmon"
}