{
  "calories": "", 
  "carbohydrateContent": "", 
  "cholesterolContent": "", 
  "description": "At Two Boroughs Larder in Charleston, SC, chef Josh Keeler brings out the best in vegetables with\u2026meat. He drizzles a vinaigrette made with cured soppressata over a rotating cast of seasonal produce, like okra and green beans. \u201cIt adds a bit of acidity, fat, and richness without overpowering the dish,\u201d he says. And it makes a strong case for using meat in a supporting role to veggies, not the other way around.", 
  "fatContent": "", 
  "fiberContent": "", 
  "image": "http://www.bonappetit.com/wp-content/uploads/2013/08/green-beans-with-salumi-vinaigrette.jpg", 
  "ingredients": {
    "cup red wine vinegar": {
      "flour": "Safe", 
      "gluten": "no gluten here!", 
      "quantity": "\u00bc", 
      "substitute": "no substitute needed", 
      "unit": ""
    }, 
    "garlic clove": {
      "flour": "Safe", 
      "gluten": "no gluten here!", 
      "quantity": "1", 
      "substitute": "no substitute needed", 
      "unit": ""
    }, 
    "kosher salt": {
      "flour": "Safe", 
      "gluten": "no gluten here!", 
      "quantity": "", 
      "substitute": "no substitute needed", 
      "unit": ""
    }, 
    "lb. green beans, trimmed": {
      "flour": "Safe", 
      "gluten": "no gluten here!", 
      "quantity": "1", 
      "substitute": "no substitute needed", 
      "unit": ""
    }, 
    "oz. salumi (such as sweet soppressata, chorizo, saucisson sec, or salami), casing removed, chopped": {
      "flour": "Safe", 
      "gluten": "no gluten here!", 
      "quantity": "2", 
      "substitute": "no substitute needed", 
      "unit": ""
    }, 
    "tbsp. olive oil, divided": {
      "flour": "Safe", 
      "gluten": "no gluten here!", 
      "quantity": "6", 
      "substitute": "no substitute needed", 
      "unit": ""
    }, 
    "tsp. finely grated lemon zest": {
      "flour": "Safe", 
      "gluten": "no gluten here!", 
      "quantity": "1", 
      "substitute": "no substitute needed", 
      "unit": ""
    }, 
    "tsp. fresh lemon juice": {
      "flour": "Safe", 
      "gluten": "no gluten here!", 
      "quantity": "1", 
      "substitute": "no substitute needed", 
      "unit": ""
    }, 
    "tsp. ground coriander": {
      "flour": "Safe", 
      "gluten": "no gluten here!", 
      "quantity": "\u00bc", 
      "substitute": "no substitute needed", 
      "unit": ""
    }, 
    "tsp. paprika": {
      "flour": "Safe", 
      "gluten": "no gluten here!", 
      "quantity": "1\u00bd", 
      "substitute": "no substitute needed", 
      "unit": ""
    }
  }, 
  "instructions": [
    "Blend garlic, salumi, vinegar, paprika, lemon zest, lemon juice, and coriander in a blender, scraping down sides as needed, until very smooth. With motor running, slowly add 4 Tbsp. oil and 2 Tbsp. water and blend until combined; season vinaigrette with salt.", 
    "Heat remaining 2 Tbsp. oil in a large skillet over medium-high heat. Add beans and cook, tossing often, until tender and browned in spots, 10\u201312 minutes. Add 1\u20132 Tbsp. vinaigrette (reserve remaining vinaigrette for another use) and toss to coat.", 
    "DO AHEAD:Vinaigrette can be made 4 days ahead. Cover and chill."
  ], 
  "keywords": [
    "Bean Recipes", 
    "Coriander", 
    "Green Bean Recipes", 
    "Lemon Recipes", 
    "Paprika Recipes", 
    "Pork Recipes", 
    "Salad", 
    "Salad Recipes", 
    "Salami Recipes", 
    "Side", 
    "Sides", 
    "Summer Food", 
    "Summer Sides", 
    "trail_06022014", 
    "Vegetable Revolution Recipes"
  ], 
  "name": "Green Beans with Salumi Vinaigrette", 
  "proteinContent": "", 
  "saturatedFatContent": "", 
  "servings": "Servings: 4", 
  "sodiumContent": "", 
  "sugarContent": "", 
  "url": "http://www.bonappetit.com/recipe/green-beans-with-salumi-vinaigrette"
}