{
  "calories": "", 
  "carbohydrateContent": "", 
  "cholesterolContent": "", 
  "description": "Sparkling wine and Jamaican rum make for a compelling riff on the Negroni. Plus, it\u2019s a quick finish once it\u2019s batched.", 
  "fatContent": "", 
  "fiberContent": "", 
  "image": "http://www.bonappetit.com/wp-content/uploads/2013/09/evening-in-kingston.jpg", 
  "ingredients": {
    "750-ml bottles chilled sparkling wine": {
      "flour": "Safe", 
      "gluten": "no gluten here!", 
      "quantity": "1\u20132", 
      "substitute": "no substitute needed", 
      "unit": ""
    }, 
    "amber rum (such as appleton estate)": {
      "flour": "Safe", 
      "gluten": "no gluten here!", 
      "quantity": "1\u00bd", 
      "substitute": "no substitute needed", 
      "unit": "cups"
    }, 
    "campari": {
      "flour": "Safe", 
      "gluten": "no gluten here!", 
      "quantity": "1", 
      "substitute": "no substitute needed", 
      "unit": "cup"
    }, 
    "orange twists (optional)": {
      "flour": "Safe", 
      "gluten": "no gluten here!", 
      "quantity": "12", 
      "substitute": "no substitute needed", 
      "unit": ""
    }, 
    "sweet vermouth": {
      "flour": "Safe", 
      "gluten": "no gluten here!", 
      "quantity": "1", 
      "substitute": "no substitute needed", 
      "unit": "cup"
    }
  }, 
  "instructions": [
    "Combine rum, Campari, and vermouth in a large pitcher; chill until very cold, at least 2 hours and up to 1 day.", 
    "For each cocktail, pour 2 oz. rum mixture into a Collins glass filled with ice and top off with 2\u20133 oz. chilled sparkling wine. Garnish with an orange twist, if desired."
  ], 
  "keywords": [
    "Campari", 
    "Cocktails", 
    "Drink Recipes", 
    "Drinks", 
    "Pitcher Drinks", 
    "Rum Drinks", 
    "Vermouth Drinks"
  ], 
  "name": "Evening in Kingston", 
  "proteinContent": "", 
  "saturatedFatContent": "", 
  "servings": "Servings: 12", 
  "sodiumContent": "", 
  "sugarContent": "", 
  "url": "http://www.bonappetit.com/recipe/evening-in-kingston"
}