{
  "calories": "", 
  "carbohydrateContent": "", 
  "cholesterolContent": "", 
  "description": "An unfloured surface provides some traction, so it\u2019s easy to roll the dough very thin.", 
  "fatContent": "", 
  "fiberContent": "", 
  "image": "http://www.bonappetit.com/wp-content/uploads/2014/02/flaky-bread.jpg", 
  "ingredients": {
    "all-purpose flour, plus more for surface": {
      "flour": {
        "type": {
          "binder": {
            "type": "xanthum gum", 
            "weight": 0.5
          }, 
          "density": {
            "type": "brown rice flour", 
            "weight": 0.142
          }, 
          "fat": {
            "type": "almond flour", 
            "weight": 0.142
          }, 
          "leavener": "", 
          "lightness": {
            "type": "white rice flour", 
            "weight": 0.284
          }, 
          "protein": {
            "type": "sorghum flour", 
            "weight": 0.142
          }, 
          "starch": {
            "type": "potato starch", 
            "weight": 0.284
          }, 
          "stickiness": "", 
          "texture": ""
        }, 
        "weight": 125
      }, 
      "gluten": "gluten here!", 
      "quantity": "3", 
      "substitute": "flour ratio", 
      "unit": "cups"
    }, 
    "flaky sea salt (such as maldon)": {
      "flour": "Safe", 
      "gluten": "no gluten here!", 
      "quantity": "", 
      "substitute": "no substitute needed", 
      "unit": ""
    }, 
    "kosher salt": {
      "flour": "Safe", 
      "gluten": "no gluten here!", 
      "quantity": "1", 
      "substitute": "no substitute needed", 
      "unit": "teaspoon"
    }, 
    "olive oil (for parchment)": {
      "flour": "Safe", 
      "gluten": "no gluten here!", 
      "quantity": "", 
      "substitute": "no substitute needed", 
      "unit": ""
    }, 
    "unsalted butter, melted, plus more, room temperature, for brushing (about 10 )": {
      "flour": "Safe", 
      "gluten": "no gluten here!", 
      "quantity": "6", 
      "substitute": "no substitute needed", 
      "unit": "tablespoons"
    }
  }, 
  "instructions": [
    "Whisk kosher salt and 3 cups flour in a large bowl. Drizzle in melted butter; mix well. Gradually mix in \u00be cup water. Knead on a lightly floured surface until dough is shiny and very soft, about 5 minutes. Wrap in plastic; let rest in a warm spot at least 4 hours.", 
    "Divide dough into 10 pieces and, using your palm, roll into balls. Place balls on a baking sheet, cover with plastic wrap, and let rest 15 minutes.", 
    "Working with 1 piece at a time, roll out balls on an unfloured surface with a rolling pin into very thin rounds or ovals about 9&rdquo; across. (If dough bounces back, cover with plastic and let rest a few minutes.)", 
    "Brush tops of rounds with room-temperature butter and sprinkle with sea salt. Roll up each round onto itself to create a long thin rope, then wind each rope around itself to create a tight coil.", 
    "Working with 1 coil at a time, roll out on an unfloured surface to 10&rdquo; rounds no more than \u215b&rdquo; thick. Stack as you go, separating with sheets of parchment brushed with oil.", 
    "Heat a large cast-iron griddle or skillet over medium-high heat. Working 1 at a time, brush both sides of a dough round with room-temperature butter and cook until lightly blistered and cooked through, about 2 minutes per side. Transfer bread to a wire rack and sprinkle with sea salt.", 
    "DO AHEAD:Coils can be rolled out 1 month ahead; wrap tightly and freeze. Cook from frozen (add 1\u20132 minutes to cooking time)."
  ], 
  "keywords": [
    "Bread Recipes", 
    "glasserie arsenal recipes", 
    "Middle Eastern Food", 
    "Side", 
    "Sides"
  ], 
  "name": "Flaky Bread", 
  "proteinContent": "", 
  "saturatedFatContent": "", 
  "servings": "Servings: Makes 10", 
  "sodiumContent": "", 
  "sugarContent": "", 
  "url": "http://www.bonappetit.com/recipe/flaky-bread"
}