{
  "calories": "", 
  "carbohydrateContent": "", 
  "cholesterolContent": "", 
  "fatContent": "", 
  "fiberContent": "", 
  "image": "http://www.bonappetit.com/wp-content/uploads/2013/09/grilled-turkey-cuban-sandwiches.jpg", 
  "ingredients": {
    "": {
      "flour": "Safe", 
      "gluten": "no gluten here!", 
      "quantity": "", 
      "substitute": "no substitute needed", 
      "unit": ""
    }, 
    "(about) butter": {
      "flour": "Safe", 
      "gluten": "no gluten here!", 
      "quantity": "6", 
      "substitute": "no substitute needed", 
      "unit": "tablespoons"
    }, 
    "(packed) finely chopped fresh mint": {
      "flour": "Safe", 
      "gluten": "no gluten here!", 
      "quantity": "1/3", 
      "substitute": "no substitute needed", 
      "unit": "cup"
    }, 
    "1-pound loaf ciabatta bread, ends trimmed, bread cut crosswise into 6 pieces (each about 5x3 inches), each halved horizontally": {
      "flour": "Safe", 
      "gluten": "gluten here!", 
      "quantity": "1", 
      "substitute": "gluten-free bread", 
      "unit": ""
    }, 
    "1/4-inch-thick slices cooked turkey breast": {
      "flour": "Safe", 
      "gluten": "no gluten here!", 
      "quantity": "6", 
      "substitute": "no substitute needed", 
      "unit": ""
    }, 
    "deli slices swiss cheese": {
      "flour": "Safe", 
      "gluten": "no gluten here!", 
      "quantity": "12", 
      "substitute": "no substitute needed", 
      "unit": ""
    }, 
    "fresh lime juice": {
      "flour": "Safe", 
      "gluten": "no gluten here!", 
      "quantity": "2", 
      "substitute": "no substitute needed", 
      "unit": "tablespoons"
    }, 
    "ground cumin": {
      "flour": "Safe", 
      "gluten": "no gluten here!", 
      "quantity": "1", 
      "substitute": "no substitute needed", 
      "unit": "teaspoon"
    }, 
    "hot chili sauce (such as sriracha)": {
      "flour": "Safe", 
      "gluten": "no gluten here!", 
      "quantity": "1", 
      "substitute": "no substitute needed", 
      "unit": "tablespoon"
    }, 
    "mayonnaise, divided": {
      "flour": "Safe", 
      "gluten": "no gluten here!", 
      "quantity": "1", 
      "substitute": "no substitute needed", 
      "unit": "cup"
    }, 
    "minced shallot": {
      "flour": "Safe", 
      "gluten": "no gluten here!", 
      "quantity": "2", 
      "substitute": "no substitute needed", 
      "unit": "tablespoons"
    }, 
    "sugar": {
      "flour": "Safe", 
      "gluten": "no gluten here!", 
      "quantity": "1", 
      "substitute": "no substitute needed", 
      "unit": "teaspoon"
    }, 
    "thinly sliced black forest ham": {
      "flour": "Safe", 
      "gluten": "no gluten here!", 
      "quantity": "1", 
      "substitute": "no substitute needed", 
      "unit": "pound"
    }
  }, 
  "instructions": [
    "Mix 1/2 cup mayonnaise and chili sauce in small bowl. Mix 1/2 cup mayonnaise, mint, and next 4 ingredients in another small bowl.", 
    "Spread chili mayonnaise over cut sides of bread. Top each bottom half of bread with 1 cheese slice, ham slices, and 1 turkey slice. Sprinkle turkey with salt and pepper. Spoon mint mayonnaise over turkey. Top with remaining cheese and top halves of bread.", 
    "Working in batches, melt 2 tablespoons butter in large griddle over medium heat. Add 3 sandwiches; top with piece of foil. Place 13x9x2-inch metal pan atop sandwiches. Fill pan with 6 to 8 pounds of canned goods and cook until bread is golden brown, about 4 minutes. Remove pan with weights and foil. Transfer sandwiches to work surface. Melt 1 tablespoon butter in griddle. Turn sandwiches over onto griddle. Replace foil and pan with weights. Continue cooking until cheese melts and sandwiches are golden brown on second side, about 4 minutes. Repeat with remaining butter and sandwiches. Cut in half; serve."
  ], 
  "keywords": [
    "American Food", 
    "Back-To-School Food", 
    "Bread Recipes", 
    "Cheese Recipes", 
    "Cuban Food", 
    "Dinner Party Food", 
    "Ham Recipes", 
    "Main Course", 
    "Mint Recipes", 
    "Sandwich Recipes", 
    "Thanksgiving", 
    "Turkey Recipes"
  ], 
  "name": "Grilled Turkey Cuban Sandwiches", 
  "proteinContent": "", 
  "saturatedFatContent": "", 
  "servings": "Servings: Makes 6", 
  "sodiumContent": "", 
  "sugarContent": "", 
  "url": "http://www.bonappetit.com/recipe/grilled-turkey-cuban-sandwiches"
}