{
  "calories": "Calories (kcal)   201.0", 
  "carbohydrateContent": "Carbohydrates (g) 27.9", 
  "cholesterolContent": "Cholesterol (mg) 28.4", 
  "fatContent": "Fat (g) 9.0", 
  "fiberContent": "Dietary Fiber (g) 4.4", 
  "image": "http://www.bonappetit.com/wp-content/uploads/2009/09/garnet-yam-puree.jpg", 
  "ingredients": {
    "(1/2 stick) unsalted butter": {
      "flour": "Safe", 
      "gluten": "no gluten here!", 
      "quantity": "1/4", 
      "substitute": "no substitute needed", 
      "unit": "cup"
    }, 
    "coarse kosher salt": {
      "flour": "Safe", 
      "gluten": "no gluten here!", 
      "quantity": "", 
      "substitute": "no substitute needed", 
      "unit": ""
    }, 
    "fresh chives, chopped": {
      "flour": "Safe", 
      "gluten": "no gluten here!", 
      "quantity": "", 
      "substitute": "no substitute needed", 
      "unit": ""
    }, 
    "fresh lime juice": {
      "flour": "Safe", 
      "gluten": "no gluten here!", 
      "quantity": "1", 
      "substitute": "no substitute needed", 
      "unit": "tablespoon"
    }, 
    "garnet yams or other yams (red-skinned sweet potatoes), peeled, cut into 1-inch pieces": {
      "flour": "Safe", 
      "gluten": "no gluten here!", 
      "quantity": "5", 
      "substitute": "no substitute needed", 
      "unit": "pounds"
    }, 
    "heavy whipping cream": {
      "flour": "Safe", 
      "gluten": "no gluten here!", 
      "quantity": "1/2", 
      "substitute": "no substitute needed", 
      "unit": "cup"
    }, 
    "potato ricer or potato masher": {
      "flour": "Safe", 
      "gluten": "no gluten here!", 
      "quantity": "", 
      "substitute": "no substitute needed", 
      "unit": ""
    }
  }, 
  "instructions": [
    "Place yams in large pot. Pour enough cold water over to cover by 2 inches. Sprinkle with coarse salt and bring to boil. Reduce heat to medium; boil gently until yams are very tender, about 10 to 12 minutes. Drain well; reserve pot. Let yams stand in strainer at least 10 minutes and up to 30 minutes.", 
    "Working in batches, press yams through potato ricer back into same pot or mash yams with potato masher. Combine cream and butter in glass measuring cup. Microwave on high just until warm, about 45 seconds. Add cream mixture to yams and mix with potato masher or whisk until pur\u00e9e is almost smooth. Stir in lime juice. Season to taste with coarse salt and freshly ground black pepper. DO AHEAD Can be made 2 hours ahead. Let stand at room temperature. Rewarm over medium-low heat until heated through, stirring often. Garnish with chives."
  ], 
  "keywords": [
    "Chive", 
    "Christmas", 
    "Dinner", 
    "Dinner Party", 
    "Dinner With Friends", 
    "Do Ahead", 
    "Fall", 
    "Family Reunion", 
    "High Fiber", 
    "Large Group", 
    "Lime Juice", 
    "Low Cal", 
    "Mashed Potatoes", 
    "Mashed Sweet Potatoes", 
    "Mashed Yams", 
    "Milk/Cream", 
    "Potato Recipes", 
    "Potluck", 
    "Side", 
    "Side Dishes", 
    "Sweet Potato", 
    "Take Along", 
    "Thanksgiving", 
    "Vegetable", 
    "Vegetarian", 
    "Winter", 
    "Yam", 
    "Yams"
  ], 
  "name": "Garnet Yam Pur\u00e9e", 
  "proteinContent": "Protein (g) 2.9", 
  "saturatedFatContent": "Saturated Fat (g) 5.6", 
  "servings": "Servings: 8\u201310", 
  "sodiumContent": "", 
  "sugarContent": "Total Sugars (g) 8.6t", 
  "url": "http://www.bonappetit.com/recipe/garnet-yam-pur-e"
}