{
  "calories": "", 
  "carbohydrateContent": "", 
  "cholesterolContent": "", 
  "description": "Toasting grains and seeds is a simple move that adds texture and deep flavor to this green salad. The dressing will be milder if you use fresh horseradish, or sharp and a tad spicy if you use prepared.", 
  "fatContent": "", 
  "fiberContent": "", 
  "image": "http://www.bonappetit.com/wp-content/uploads/2013/08/greens-with-horseradish-creme-fraiche-dressing.jpg", 
  "ingredients": {
    "cups young bitter greens (such as watercress or miner\u2019s lettuce)": {
      "flour": "Safe", 
      "gluten": "no gluten here!", 
      "quantity": "8", 
      "substitute": "no substitute needed", 
      "unit": ""
    }, 
    "kosher salt and freshly ground black pepper": {
      "flour": "Safe", 
      "gluten": "no gluten here!", 
      "quantity": "", 
      "substitute": "no substitute needed", 
      "unit": ""
    }, 
    "radish flowers or sprouts (optional)": {
      "flour": "Safe", 
      "gluten": "no gluten here!", 
      "quantity": "", 
      "substitute": "no substitute needed", 
      "unit": ""
    }, 
    "tbsp. amaranth": {
      "flour": "Safe", 
      "gluten": "no gluten here!", 
      "quantity": "1", 
      "substitute": "no substitute needed", 
      "unit": ""
    }, 
    "tbsp. champagne vinegar or white wine vinegar": {
      "flour": "Safe", 
      "gluten": "no gluten here!", 
      "quantity": "1", 
      "substitute": "no substitute needed", 
      "unit": ""
    }, 
    "tbsp. cr\u00e8me fra\u00eeche": {
      "flour": "Safe", 
      "gluten": "no gluten here!", 
      "quantity": "3", 
      "substitute": "no substitute needed", 
      "unit": ""
    }, 
    "tbsp. freshly grated horseradish or 1 tbsp. prepared horseradish": {
      "flour": "Safe", 
      "gluten": "no gluten here!", 
      "quantity": "2", 
      "substitute": "no substitute needed", 
      "unit": ""
    }, 
    "tsp. golden and/or brown flaxseeds": {
      "flour": "Safe", 
      "gluten": "no gluten here!", 
      "quantity": "4", 
      "substitute": "no substitute needed", 
      "unit": ""
    }
  }, 
  "instructions": [
    "Toast flaxseeds in a large dry skillet over medium heat, tossing often, until fragrant, about 2 minutes; transfer to a small bowl. Toast amaranth in same skillet until fragrant, about 2 minutes; add to flaxseeds and let cool.", 
    "Whisk cr\u00e8me fra\u00eeche, horseradish, and vinegar in a large bowl. Thin with water, if needed; season with salt and pepper. Add greens and flowers, if using, and toss to coat. Serve topped with flaxseeds and amaranth.", 
    "DO AHEAD:Flaxseeds and amaranth can be toasted 5 days ahead. Store airtight at room temperature."
  ], 
  "keywords": [
    "Alma", 
    "Creme Fraiche Recipes", 
    "Flaxseed Recipes", 
    "Horseradish Recipes", 
    "hot 10 recipes 2013", 
    "Low Calories Recipes", 
    "Low Cholesterol Recipes", 
    "Low Saturated Fat Recipes", 
    "Low Sodium Recipes", 
    "Radish Recipes", 
    "Salad Recipes", 
    "Vegetarian Recipes", 
    "Watercress Recipes"
  ], 
  "name": "Greens with Horseradish\u2013Cr\u00e8me Fra\u00eeche Dressing", 
  "proteinContent": "", 
  "saturatedFatContent": "", 
  "servings": "Servings: 6", 
  "sodiumContent": "", 
  "sugarContent": "", 
  "url": "http://www.bonappetit.com/recipe/greens-with-horseradish-creme-fraiche-dressing"
}