{
  "calories": "", 
  "carbohydrateContent": "", 
  "cholesterolContent": "", 
  "description": "Lamb and yogurt is a classic combination. You'll be scraping the plate with pita.", 
  "fatContent": "", 
  "fiberContent": "", 
  "image": "http://www.bonappetit.com/wp-content/uploads/2014/06/Grilling-Recipes-4-of-15-940x600.jpg", 
  "ingredients": {
    "cumin seed": {
      "flour": "Safe", 
      "gluten": "no gluten here!", 
      "quantity": "1", 
      "substitute": "no substitute needed", 
      "unit": "teaspoon"
    }, 
    "fennel seed": {
      "flour": "Safe", 
      "gluten": "no gluten here!", 
      "quantity": "1", 
      "substitute": "no substitute needed", 
      "unit": "teaspoon"
    }, 
    "fresh cilantro leaves and tender stems, plus more for serving": {
      "flour": "Safe", 
      "gluten": "no gluten here!", 
      "quantity": "1", 
      "substitute": "no substitute needed", 
      "unit": "cup"
    }, 
    "fresh flat-leaf parsley leaves": {
      "flour": "Safe", 
      "gluten": "no gluten here!", 
      "quantity": "1", 
      "substitute": "no substitute needed", 
      "unit": "cup"
    }, 
    "fresh mint leaves": {
      "flour": "Safe", 
      "gluten": "no gluten here!", 
      "quantity": "1", 
      "substitute": "no substitute needed", 
      "unit": "cup"
    }, 
    "garlic cloves, chopped": {
      "flour": "Safe", 
      "gluten": "no gluten here!", 
      "quantity": "4", 
      "substitute": "no substitute needed", 
      "unit": ""
    }, 
    "ground coriander": {
      "flour": "Safe", 
      "gluten": "no gluten here!", 
      "quantity": "1", 
      "substitute": "no substitute needed", 
      "unit": "teaspoon"
    }, 
    "ground lamb": {
      "flour": "Safe", 
      "gluten": "no gluten here!", 
      "quantity": "1\u00bd", 
      "substitute": "no substitute needed", 
      "unit": "pounds"
    }, 
    "kosher salt, freshly ground pepper": {
      "flour": "Safe", 
      "gluten": "no gluten here!", 
      "quantity": "", 
      "substitute": "no substitute needed", 
      "unit": ""
    }, 
    "lemon wedges, for serving": {
      "flour": "Safe", 
      "gluten": "no gluten here!", 
      "quantity": "", 
      "substitute": "no substitute needed", 
      "unit": ""
    }, 
    "medium onion, chopped": {
      "flour": "Safe", 
      "gluten": "no gluten here!", 
      "quantity": "1", 
      "substitute": "no substitute needed", 
      "unit": ""
    }, 
    "olive oil, plus more for grill": {
      "flour": "Safe", 
      "gluten": "no gluten here!", 
      "quantity": "2", 
      "substitute": "no substitute needed", 
      "unit": "tablespoons"
    }, 
    "plain greek yogurt": {
      "flour": "Safe", 
      "gluten": "no gluten here!", 
      "quantity": "\u00bc", 
      "substitute": "no substitute needed", 
      "unit": "cup"
    }, 
    "tahini": {
      "flour": "Safe", 
      "gluten": "no gluten here!", 
      "quantity": "\u00bc", 
      "substitute": "no substitute needed", 
      "unit": "cup"
    }, 
    "warm pita, for serving": {
      "flour": "Safe", 
      "gluten": "gluten here!", 
      "quantity": "", 
      "substitute": "gluten-free bread", 
      "unit": ""
    }
  }, 
  "instructions": [
    "Toast fennel and cumin seeds in a small dry skillet, over medium-high heat, tossing often, until fragrant, about 1 minute; let cool, then chop, or coarsely grind in a spice grinder.", 
    "Transfer fennel and cumin to a food processor along with onion, garlic, parsley, cilantro, mint, and coriander, and process until very finely chopped, scraping down sides of bowl as needed. Transfer mixture to a large bowl, add lamb, season with salt and pepper, and, using your hands, gently mix together until evenly combined. Chill mixture at least 1 hour.", 
    "DO AHEAD:Lamb mixture can be made up to 1 day ahead; keep chilled.", 
    "Prepare grill for medium-high heat and lightly oil grill grates. Divide lamb mixture into 8 portions. Form each portion into a 5\u201d-long sausage shape. Insert a metal skewer lengthwise through each portion. Drizzle with oil and grill, turning occasionally, until just cooked through (do not overcook or the kefta will be dry), 8\u201310 minutes.", 
    "Meanwhile, mix together yogurt, tahini, and \u00bc cup water in a small bowl until smooth; season with salt and pepper.", 
    "Serve kefta with yogurt sauce, cilantro, and lemon wedges. Serve with warm pita."
  ], 
  "keywords": [
    "Cilantro", 
    "Coriander", 
    "Cumin", 
    "Fennel", 
    "Grilling Food", 
    "Lamb", 
    "Middle Eastern Food", 
    "Mint", 
    "Parsley", 
    "Pita", 
    "Summer Food", 
    "Tahini", 
    "Yogurt"
  ], 
  "name": "Grilled Lamb Kefta", 
  "proteinContent": "", 
  "saturatedFatContent": "", 
  "servings": "Servings: 6", 
  "sodiumContent": "", 
  "sugarContent": "", 
  "url": "http://www.bonappetit.com/recipe/grilled-lamb-kefta"
}