{
  "calories": "", 
  "carbohydrateContent": "", 
  "cholesterolContent": "", 
  "fatContent": "", 
  "fiberContent": "", 
  "image": "", 
  "ingredients": {
    "butter": {
      "flour": "Safe", 
      "gluten": "no gluten here!", 
      "quantity": "3", 
      "substitute": "no substitute needed", 
      "unit": "tablespoons"
    }, 
    "large garlic cloves, peeled": {
      "flour": "Safe", 
      "gluten": "no gluten here!", 
      "quantity": "8", 
      "substitute": "no substitute needed", 
      "unit": ""
    }, 
    "red-skinned new potatoes": {
      "flour": "Safe", 
      "gluten": "no gluten here!", 
      "quantity": "2", 
      "substitute": "no substitute needed", 
      "unit": "pounds"
    }, 
    "salt": {
      "flour": "Safe", 
      "gluten": "no gluten here!", 
      "quantity": "1", 
      "substitute": "no substitute needed", 
      "unit": "teaspoon"
    }, 
    "whipping cream": {
      "flour": "Safe", 
      "gluten": "no gluten here!", 
      "quantity": "1/4", 
      "substitute": "no substitute needed", 
      "unit": "cup"
    }
  }, 
  "instructions": [
    "Place potatoes and garlic in heavy medium pot. Cover potatoes with water. Add 1 teaspoon salt. Bring to boil over high heat. Reduce heat to medium; cover and simmer until potatoes are tender when pierced with skewer, about 25 minutes. Drain. Return potatoes and garlic to pot. Add whipping cream and butter. Using potato masher, mash until well blended. Season to taste with salt and pepper."
  ], 
  "keywords": [
    "American Food", 
    "Garlic Recipes", 
    "Potato Recipes", 
    "Side Dish"
  ], 
  "name": "Garlicky Mashed Potatoes", 
  "proteinContent": "", 
  "saturatedFatContent": "", 
  "servings": "Servings: Makes about 4 cups", 
  "sodiumContent": "", 
  "sugarContent": "", 
  "url": "http://www.bonappetit.com/recipe/garlicky-mashed-potatoes-2"
}