{
  "calories": "", 
  "carbohydrateContent": "", 
  "cholesterolContent": "", 
  "description": "Yes\u2014you can grill lettuce. And it\u2019s worth it.", 
  "fatContent": "", 
  "fiberContent": "", 
  "image": "http://www.bonappetit.com/wp-content/uploads/2014/06/Grilling-Recipes-5-of-15-940x600.jpg", 
  "ingredients": {
    "chopped fresh tarragon": {
      "flour": "Safe", 
      "gluten": "no gluten here!", 
      "quantity": "2", 
      "substitute": "no substitute needed", 
      "unit": "tablespoons"
    }, 
    "dijon mustard": {
      "flour": "Safe", 
      "gluten": "no gluten here!", 
      "quantity": "1", 
      "substitute": "no substitute needed", 
      "unit": "teaspoon"
    }, 
    "heads little gem lettuce (about 1\u00bd lbs.), halved lengthwise": {
      "flour": "Safe", 
      "gluten": "no gluten here!", 
      "quantity": "8", 
      "substitute": "no substitute needed", 
      "unit": ""
    }, 
    "kosher salt, freshly ground pepper": {
      "flour": "Safe", 
      "gluten": "no gluten here!", 
      "quantity": "", 
      "substitute": "no substitute needed", 
      "unit": ""
    }, 
    "olive oil, divided, plus more for grill": {
      "flour": "Safe", 
      "gluten": "no gluten here!", 
      "quantity": "6", 
      "substitute": "no substitute needed", 
      "unit": "tablespoons"
    }, 
    "pocket pitas, split along the seam": {
      "flour": "Safe", 
      "gluten": "gluten here!", 
      "quantity": "2", 
      "substitute": "gluten-free bread", 
      "unit": ""
    }, 
    "ricotta salata, crumbled": {
      "flour": "Safe", 
      "gluten": "no gluten here!", 
      "quantity": "2", 
      "substitute": "no substitute needed", 
      "unit": "ounces"
    }, 
    "small shallot, finely chopped": {
      "flour": "Safe", 
      "gluten": "no gluten here!", 
      "quantity": "1", 
      "substitute": "no substitute needed", 
      "unit": ""
    }, 
    "sun gold tomatoes, halved": {
      "flour": "Safe", 
      "gluten": "no gluten here!", 
      "quantity": "1", 
      "substitute": "no substitute needed", 
      "unit": "cup"
    }, 
    "white wine vinegar": {
      "flour": "Safe", 
      "gluten": "no gluten here!", 
      "quantity": "3", 
      "substitute": "no substitute needed", 
      "unit": "tablespoons"
    }, 
    "whole flat-leaf parsley leaves": {
      "flour": "Safe", 
      "gluten": "no gluten here!", 
      "quantity": "\u00bd", 
      "substitute": "no substitute needed", 
      "unit": "cup"
    }
  }, 
  "instructions": [
    "Prepare grill for medium heat and lightly oil grates. Toss lettuce with 2 Tbsp. olive oil in a large bowl and season with salt and pepper. Brush pita with 2 Tbsp. olive oil.", 
    "Grill lettuce, turning once, until outside of lettuce is lightly charred but inside is still firm, about 2 minutes per side; let cool, then separate leaves. Meanwhile, grill pita until crisp, about 1 minute per side. Let cool, then break into bite-size pieces.", 
    "Whisk together vinegar, tarragon, shallot, mustard, and remaining 2 Tbsp. oil in a large bowl; season with salt and pepper.  Add lettuce, tomatoes, parsley, ricotta salata, and pita, and toss to combine.", 
    "DO AHEAD:Dressing can be made up to 1 day ahead."
  ], 
  "keywords": [
    "Dijon", 
    "Grilling Food", 
    "Lettuce", 
    "Mustard", 
    "Parsley", 
    "Pita", 
    "Ricotta", 
    "Salad", 
    "Shallot", 
    "Summer Food", 
    "Tarragon", 
    "Tomato"
  ], 
  "name": "Grilled Little Gem Salad with Pita Croutons", 
  "proteinContent": "", 
  "saturatedFatContent": "", 
  "servings": "Servings: 4", 
  "sodiumContent": "", 
  "sugarContent": "", 
  "url": "http://www.bonappetit.com/recipe/grilled-little-gem-salad-pita-croutons"
}