{
  "calories": "", 
  "carbohydrateContent": "", 
  "cholesterolContent": "", 
  "description": "This well-seasoned butter will douse each ear of corn with flavor as it melts.", 
  "fatContent": "", 
  "fiberContent": "", 
  "image": "http://www.bonappetit.com/wp-content/uploads/2013/08/grilled-corn-with-herb-butter.jpg", 
  "ingredients": {
    "cayenne pepper": {
      "flour": "Safe", 
      "gluten": "no gluten here!", 
      "quantity": "", 
      "substitute": "no substitute needed", 
      "unit": ""
    }, 
    "cup (1 stick) unsalted butter, room temperature": {
      "flour": "Safe", 
      "gluten": "no gluten here!", 
      "quantity": "1/2", 
      "substitute": "no substitute needed", 
      "unit": ""
    }, 
    "ears corn, shucked": {
      "flour": "Safe", 
      "gluten": "no gluten here!", 
      "quantity": "8", 
      "substitute": "no substitute needed", 
      "unit": ""
    }, 
    "tbsp. finely chopped fresh tender herbs (such as cilantro, chives, and/or flat-leaf parsley)": {
      "flour": "Safe", 
      "gluten": "no gluten here!", 
      "quantity": "2", 
      "substitute": "no substitute needed", 
      "unit": ""
    }, 
    "tbsp. vegetable oil": {
      "flour": "Safe", 
      "gluten": "no gluten here!", 
      "quantity": "1", 
      "substitute": "no substitute needed", 
      "unit": ""
    }, 
    "tsp. freshly ground black pepper": {
      "flour": "Safe", 
      "gluten": "no gluten here!", 
      "quantity": "1/2", 
      "substitute": "no substitute needed", 
      "unit": ""
    }, 
    "tsp. kosher salt": {
      "flour": "Safe", 
      "gluten": "no gluten here!", 
      "quantity": "1 1/2", 
      "substitute": "no substitute needed", 
      "unit": ""
    }
  }, 
  "instructions": [
    "Prepare grill for medium-high heat. Mix butter, herbs, salt, pepper, and a pinch of cayenne pepper in a small bowl. Set herb butter aside.", 
    "Brush corn with oil and grill, turning often, until it is tender and charred in spots, 5\u20138 minutes.", 
    "Transfer corn to a large platter or bowl and spread with reserved herb butter, dividing evenly.", 
    "DO AHEAD:Herb butter can be made 1 day ahead. Cover and chill. Bring to room temperature before spreading over grilled ears of corn."
  ], 
  "keywords": [
    "Cayenne", 
    "Chive", 
    "Cilantro", 
    "Cooler Cookout Recipes", 
    "Corn Recipes", 
    "Grilled Vegetable Recipes", 
    "Grilling Food", 
    "Parsley Recipes", 
    "Summer Food"
  ], 
  "name": "Grilled Corn with Herb Butter", 
  "proteinContent": "", 
  "saturatedFatContent": "", 
  "servings": "Servings: 8", 
  "sodiumContent": "", 
  "sugarContent": "", 
  "url": "http://www.bonappetit.com/recipe/grilled-corn-with-herb-butter"
}