{
  "calories": "", 
  "carbohydrateContent": "", 
  "cholesterolContent": "", 
  "fatContent": "", 
  "fiberContent": "", 
  "image": "http://www.bonappetit.com/wp-content/uploads/2008/04/floating-islands-with-lemon-scented-custard-sauce-and-raspberries-940x600.jpg", 
  "ingredients": {
    "6-ounce containers fresh raspberries": {
      "flour": "Safe", 
      "gluten": "no gluten here!", 
      "quantity": "2", 
      "substitute": "no substitute needed", 
      "unit": ""
    }, 
    "egg whites (about 4 large)": {
      "flour": "Safe", 
      "gluten": "no gluten here!", 
      "quantity": "1/2", 
      "substitute": "no substitute needed", 
      "unit": "cup"
    }, 
    "finely grated lemon peel": {
      "flour": "Safe", 
      "gluten": "no gluten here!", 
      "quantity": "2", 
      "substitute": "no substitute needed", 
      "unit": "teaspoons"
    }, 
    "fresh lemon juice": {
      "flour": "Safe", 
      "gluten": "no gluten here!", 
      "quantity": "3", 
      "substitute": "no substitute needed", 
      "unit": "tablespoons"
    }, 
    "large egg yolks": {
      "flour": "Safe", 
      "gluten": "no gluten here!", 
      "quantity": "6", 
      "substitute": "no substitute needed", 
      "unit": ""
    }, 
    "of salt": {
      "flour": "Safe", 
      "gluten": "no gluten here!", 
      "quantity": "", 
      "substitute": "no substitute needed", 
      "unit": ""
    }, 
    "paper-thin lemon slices": {
      "flour": "Safe", 
      "gluten": "no gluten here!", 
      "quantity": "6", 
      "substitute": "no substitute needed", 
      "unit": ""
    }, 
    "sugar": {
      "flour": "Safe", 
      "gluten": "no gluten here!", 
      "quantity": "2/3", 
      "substitute": "no substitute needed", 
      "unit": "cup"
    }, 
    "whipping cream": {
      "flour": "Safe", 
      "gluten": "no gluten here!", 
      "quantity": "1", 
      "substitute": "no substitute needed", 
      "unit": "cup"
    }, 
    "whole milk": {
      "flour": "Safe", 
      "gluten": "no gluten here!", 
      "quantity": "1/2", 
      "substitute": "no substitute needed", 
      "unit": "cup"
    }
  }, 
  "instructions": [
    "Bring cream and milk to simmer in heavy medium saucepan. Using whisk, beat egg yolks and sugar in medium bowl until light, about 2 minutes. Gradually whisk hot cream mixture into yolks. Return mixture to saucepan and stir over medium-low heat until custard thickens and leaves path on back of spoon when finger is drawn across, about 3 minutes (do not boil). Pour custard into bowl. Stir in lemon juice and peel. Cool slightly, then chill uncovered until cold. DO AHEAD Sauce can be made 2 days ahead. Cover and keep refrigerated.", 
    "Preheat oven to 350\u00b0F. Generously butter six 3/4-cup souffl\u00e9 dishes and dust with sugar. Place on baking sheet. Using electric mixer, beat egg whites with pinch of salt in large bowl until soft peaks form. Gradually beat in sugar. Continue beating until stiff and glossy. Divide meringue among prepared souffl\u00e9 dishes, mounding slightly. Bake until meringues puff and begin to brown lightly on top and tester inserted into center comes out clean, about 15 minutes. Cool to room temperature, at least 20 minutes and up to 3 hours (meringues will deflate).", 
    "Divide custard sauce among 6 shallow soup bowls. Carefully run small sharp knife around edge of meringues to loosen, if necessary. Invert meringues, then turn top side up and place on sauce. Garnish with lemon slices and sprinkle with raspberries."
  ], 
  "keywords": [
    "Berry", 
    "Custard", 
    "Dairy", 
    "Dessert", 
    "Desserts", 
    "Dinner Party", 
    "Do Ahead", 
    "Easter", 
    "Egg", 
    "French", 
    "French Food", 
    "Kid-Friendly", 
    "Lemon", 
    "Lemon Juice", 
    "Meringue Recipes", 
    "Milk/Cream", 
    "Mothers Day", 
    "Raspberry", 
    "Sauce", 
    "Sauce Recipes", 
    "Spring"
  ], 
  "name": "Floating Islands with Lemon-Scented Custard Sauce and Raspberries", 
  "proteinContent": "", 
  "saturatedFatContent": "", 
  "servings": "Servings: 6", 
  "sodiumContent": "", 
  "sugarContent": "", 
  "url": "http://www.bonappetit.com/recipe/floating-islands-with-lemon-scented-custard-sauce-and-raspberries"
}