{
  "calories": "", 
  "carbohydrateContent": "", 
  "cholesterolContent": "", 
  "description": "Soaking the onion mellows its sharpness. If you can\u2019t find fresh horseradish, add 2 tablespoons prepared horseradish to the cr\u00e8me fra\u00eeche mixture.", 
  "fatContent": "", 
  "fiberContent": "", 
  "image": "http://www.bonappetit.com/wp-content/uploads/2014/01/escarole-salad-with-horseradish-and-capers-940x600.jpg", 
  "ingredients": {
    "cr\u00e8me fra\u00eeche": {
      "flour": "Safe", 
      "gluten": "no gluten here!", 
      "quantity": "2", 
      "substitute": "no substitute needed", 
      "unit": "tablespoons"
    }, 
    "extra-virgin olive oil": {
      "flour": "Safe", 
      "gluten": "no gluten here!", 
      "quantity": "2", 
      "substitute": "no substitute needed", 
      "unit": "tablespoons"
    }, 
    "fresh lemon juice": {
      "flour": "Safe", 
      "gluten": "no gluten here!", 
      "quantity": "1", 
      "substitute": "no substitute needed", 
      "unit": "tablespoon"
    }, 
    "kosher salt and freshly ground black  pepper": {
      "flour": "Safe", 
      "gluten": "no gluten here!", 
      "quantity": "", 
      "substitute": "no substitute needed", 
      "unit": ""
    }, 
    "red wine vinegar": {
      "flour": "Safe", 
      "gluten": "no gluten here!", 
      "quantity": "1", 
      "substitute": "no substitute needed", 
      "unit": "tablespoon"
    }, 
    "rinsed capers": {
      "flour": "Safe", 
      "gluten": "no gluten here!", 
      "quantity": "2", 
      "substitute": "no substitute needed", 
      "unit": "tablespoons"
    }, 
    "shaved peeled horseradish": {
      "flour": "Safe", 
      "gluten": "no gluten here!", 
      "quantity": "\u00bc", 
      "substitute": "no substitute needed", 
      "unit": "cup"
    }, 
    "small red onion, thinly sliced": {
      "flour": "Safe", 
      "gluten": "no gluten here!", 
      "quantity": "\u00bc", 
      "substitute": "no substitute needed", 
      "unit": ""
    }, 
    "torn escarole hearts (from about 2 heads)": {
      "flour": "Safe", 
      "gluten": "no gluten here!", 
      "quantity": "6", 
      "substitute": "no substitute needed", 
      "unit": "cups"
    }
  }, 
  "instructions": [
    "Soak onion in a small bowl of ice water at least 30 minutes. Drain and pat dry.", 
    "Whisk cr\u00e8me fra\u00eeche, oil, lemon juice, and vinegar in a large bowl. Add escarole, capers, and drained onion; season with salt and pepper and toss to coat.", 
    "Top salad with horseradish and season with more pepper.", 
    "DO AHEAD:Onion can be soaked 2 hours ahead. Drain just before using."
  ], 
  "keywords": [
    "Capers", 
    "Creme Fraiche Recipes", 
    "Escarole Recipes", 
    "Horseradish Recipes", 
    "Lemon Recipes", 
    "Salad", 
    "Salad Recipes", 
    "Vegetarian Recipes"
  ], 
  "name": "Escarole Salad with Horseradish and Capers", 
  "proteinContent": "", 
  "saturatedFatContent": "", 
  "servings": "Servings: 4", 
  "sodiumContent": "", 
  "sugarContent": "", 
  "url": "http://www.bonappetit.com/recipe/escarole-salad-with-horseradish-and-capers"
}