{
  "calories": "", 
  "carbohydrateContent": "", 
  "cholesterolContent": "", 
  "fatContent": "", 
  "fiberContent": "", 
  "image": "http://www.bonappetit.com/wp-content/uploads/2013/05/grilled-chicken-with-board-dressing-940.jpg", 
  "ingredients": {
    "4-pound chicken, halved, backbone removed": {
      "flour": "Safe", 
      "gluten": "no gluten here!", 
      "quantity": "1", 
      "substitute": "no substitute needed", 
      "unit": ""
    }, 
    "chopped fresh cilantro": {
      "flour": "Safe", 
      "gluten": "no gluten here!", 
      "quantity": "3/4", 
      "substitute": "no substitute needed", 
      "unit": "cup"
    }, 
    "chopped fresh oregano": {
      "flour": "Safe", 
      "gluten": "no gluten here!", 
      "quantity": "1/4", 
      "substitute": "no substitute needed", 
      "unit": "cup"
    }, 
    "dried guajillo or new mexico chile or 1/2 teaspoon crushed red pepper flakes": {
      "flour": "Safe", 
      "gluten": "no gluten here!", 
      "quantity": "1", 
      "substitute": "no substitute needed", 
      "unit": ""
    }, 
    "finely grated lime zest": {
      "flour": "Safe", 
      "gluten": "no gluten here!", 
      "quantity": "1", 
      "substitute": "no substitute needed", 
      "unit": "teaspoon"
    }, 
    "kosher salt, freshly ground pepper": {
      "flour": "Safe", 
      "gluten": "no gluten here!", 
      "quantity": "", 
      "substitute": "no substitute needed", 
      "unit": ""
    }, 
    "lime wedges (for serving)": {
      "flour": "Safe", 
      "gluten": "no gluten here!", 
      "quantity": "", 
      "substitute": "no substitute needed", 
      "unit": ""
    }, 
    "olive oil plus more for grill": {
      "flour": "Safe", 
      "gluten": "no gluten here!", 
      "quantity": "1/4", 
      "substitute": "no substitute needed", 
      "unit": "cup"
    }
  }, 
  "instructions": [
    "If using whole chile, toast in a dry skillet, turning often, until slightly puffed and darkened, about 4 minutes. (Do not toast red pepper flakes.) Discard stem and seeds. Finely chop chile and transfer to a small bowl. Stir in cilantro, oregano, lime zest, and 1/4 cup oil; season dressing with salt and pepper.", 
    "Prepare grill for medium indirect heat (for a charcoal grill, bank coals on 1 side of grill; for a gas grill, leave 1 burner turned off). Brush grill rack with oil. Season chicken with salt and pepper and place, skin side down, on grill. Grill chicken, turning occasionally, until skin is crisp and browned and an instant-read thermometer inserted into the thickest part of a thigh registers 165\u00b0, 10\u201315 minutes per side (move chicken to cooler part of grill if it's cooking too quickly). About 5 minutes before chicken is done, baste with some of dressing.", 
    "Pour remaining dressing onto a carving board (or platter, if you don't have a large board) and place chicken, skin side up, on top. Let sit at least 10 minutes to rest and absorb flavor from dressing before carving. Drizzle chicken with some dressing from board and serve with limes.", 
    "DO AHEAD:Dressing can be made 2 days ahead. Cover and chill."
  ], 
  "keywords": [
    "Chicken Recipes", 
    "Chile", 
    "Cilantro", 
    "Dinner", 
    "Dinner Party Food", 
    "Grilling Food", 
    "Herb Primer Recipes", 
    "Hot Pepper Recipes", 
    "Lime Recipes", 
    "Oregano Recipes"
  ], 
  "name": "Grilled Chicken with Board Dressing", 
  "proteinContent": "", 
  "saturatedFatContent": "", 
  "servings": "Servings: 4", 
  "sodiumContent": "", 
  "sugarContent": "", 
  "url": "http://www.bonappetit.com/recipe/grilled-chicken-with-board-dressing"
}