{
  "calories": "", 
  "carbohydrateContent": "", 
  "cholesterolContent": "", 
  "description": "You can use this batter as a base and swap in other fruits and spices (say cranberries and finely grated orange zest and ginger) for the blueberries, cinnamon, and nutmeg.", 
  "fatContent": "", 
  "fiberContent": "", 
  "image": "http://www.bonappetit.com/wp-content/uploads/2014/10/gluten-free-blueberry-muffins-940x600.jpg", 
  "ingredients": {
    "(packed) light brown sugar": {
      "flour": "Safe", 
      "gluten": "no gluten here!", 
      "quantity": "\u00bc", 
      "substitute": "no substitute needed", 
      "unit": "cup"
    }, 
    "almond flour or meal": {
      "flour": "Safe", 
      "gluten": "no gluten here!", 
      "quantity": "\u00bd", 
      "substitute": "no substitute needed", 
      "unit": "cup"
    }, 
    "baking powder": {
      "flour": "Safe", 
      "gluten": "no gluten here!", 
      "quantity": "1", 
      "substitute": "no substitute needed", 
      "unit": "teaspoon"
    }, 
    "baking soda": {
      "flour": "Safe", 
      "gluten": "no gluten here!", 
      "quantity": "\u00bd", 
      "substitute": "no substitute needed", 
      "unit": "teaspoon"
    }, 
    "chilled unsalted butter, cut into pieces": {
      "flour": "Safe", 
      "gluten": "no gluten here!", 
      "quantity": "2", 
      "substitute": "no substitute needed", 
      "unit": "tablespoons"
    }, 
    "fresh (or frozen, thawed) blueberries": {
      "flour": "Safe", 
      "gluten": "no gluten here!", 
      "quantity": "1", 
      "substitute": "no substitute needed", 
      "unit": "cup"
    }, 
    "freshly grated nutmeg": {
      "flour": "Safe", 
      "gluten": "no gluten here!", 
      "quantity": "\u00bc", 
      "substitute": "no substitute needed", 
      "unit": "teaspoon"
    }, 
    "gluten-free rolled oats": {
      "flour": "Safe", 
      "gluten": "no gluten here!", 
      "quantity": "\u00bd", 
      "substitute": "no substitute needed", 
      "unit": "cup"
    }, 
    "ground cinnamon": {
      "flour": "Safe", 
      "gluten": "no gluten here!", 
      "quantity": "\u00bc", 
      "substitute": "no substitute needed", 
      "unit": "teaspoon"
    }, 
    "king arthur flour gluten free multi-purpose flour": {
      "flour": "Safe", 
      "gluten": "no gluten here!", 
      "quantity": "1\u00bd", 
      "substitute": "no substitute needed", 
      "unit": "cups"
    }, 
    "kosher salt": {
      "flour": "Safe", 
      "gluten": "no gluten here!", 
      "quantity": "\u00bd", 
      "substitute": "no substitute needed", 
      "unit": "teaspoon"
    }, 
    "large egg": {
      "flour": "Safe", 
      "gluten": "no gluten here!", 
      "quantity": "1", 
      "substitute": "no substitute needed", 
      "unit": ""
    }, 
    "nonstick vegetable oil spray": {
      "flour": "Safe", 
      "gluten": "no gluten here!", 
      "quantity": "", 
      "substitute": "no substitute needed", 
      "unit": ""
    }, 
    "sugar": {
      "flour": "Safe", 
      "gluten": "no gluten here!", 
      "quantity": "\u00be", 
      "substitute": "no substitute needed", 
      "unit": "cup"
    }, 
    "unsalted butter, melted, cooled slightly": {
      "flour": "Safe", 
      "gluten": "no gluten here!", 
      "quantity": "6", 
      "substitute": "no substitute needed", 
      "unit": "tablespoons"
    }, 
    "whole milk": {
      "flour": "Safe", 
      "gluten": "no gluten here!", 
      "quantity": "\u00bd", 
      "substitute": "no substitute needed", 
      "unit": "cup"
    }, 
    "xanthan gum": {
      "flour": "Safe", 
      "gluten": "no gluten here!", 
      "quantity": "\u00bd", 
      "substitute": "no substitute needed", 
      "unit": "teaspoon"
    }, 
    "xanthan gum is available at natural food stores and some supermarkets, or online.": {
      "flour": "Safe", 
      "gluten": "no gluten here!", 
      "quantity": "", 
      "substitute": "no substitute needed", 
      "unit": ""
    }
  }, 
  "instructions": [
    "Whisk oats, brown sugar, and salt in a small bowl. Using your fingers, work butter into mixture until no dry spot remain and crumbly. Cover and chill until ready to use.", 
    "Preheat oven to 375\u00b0. Lightly coat a standard 12-cup muffin tin with nonstick spray, or line with paper liners.", 
    "Whisk egg, butter, and milk in a medium bowl just to combine. Whisk flour, sugar, almond meal, baking powder, baking soda, salt, xanthan gum, nutmeg, and cinnamon in a large bowl. Make a well in the center and add egg mixture. Using a fork, gradually incorporate dry ingredients until just combined; fold in blueberries.", 
    "Divide batter among muffin cups and top with oat crumble. Bake, rotating pan halfway through, until crumble is crisp and a tester inserted in the center of muffins comes out clean, 25\u201330 minutes. Transfer to a wire rack and let cool in pan 10 minutes before turning out."
  ], 
  "keywords": [
    "blueberries", 
    "Breakfast", 
    "Cinnamon", 
    "Desserts", 
    "Gluten Free", 
    "Muffin", 
    "Nutmeg", 
    "Oats", 
    "Snack"
  ], 
  "name": "Gluten-Free Blueberry Muffins with Oat Crumble", 
  "proteinContent": "", 
  "saturatedFatContent": "", 
  "servings": "Servings: MAKES 12", 
  "sodiumContent": "", 
  "sugarContent": "", 
  "url": "http://www.bonappetit.com/recipe/gluten-free-blueberry-muffins-with-oat-crumble"
}