{
  "calories": "Calories (kcal) 700", 
  "carbohydrateContent": "Carbohydrates (g) 92", 
  "cholesterolContent": "Cholesterol (mg) 270", 
  "description": "Replicate this recipe indoors by using a grill pan or cast-iron skillet set over high heat.", 
  "fatContent": "Fat (g) 16", 
  "fiberContent": "Dietary Fiber (g) 8", 
  "image": "http://www.bonappetit.com/wp-content/uploads/2013/08/grilled-shrimp-tacos.jpg", 
  "ingredients": {
    "cilantro sprigs, sliced avocado, lime wedges, and hot sauce (for serving)": {
      "flour": "Safe", 
      "gluten": "no gluten here!", 
      "quantity": "", 
      "substitute": "no substitute needed", 
      "unit": ""
    }, 
    "corn tortillas": {
      "flour": "Safe", 
      "gluten": "no gluten here!", 
      "quantity": "8", 
      "substitute": "no substitute needed", 
      "unit": ""
    }, 
    "cup sour cream": {
      "flour": "Safe", 
      "gluten": "no gluten here!", 
      "quantity": "1/3", 
      "substitute": "no substitute needed", 
      "unit": ""
    }, 
    "cup white wine vinegar": {
      "flour": "Safe", 
      "gluten": "no gluten here!", 
      "quantity": "1/2", 
      "substitute": "no substitute needed", 
      "unit": ""
    }, 
    "head green cabbage, thinly sliced (about 3 cups)": {
      "flour": "Safe", 
      "gluten": "no gluten here!", 
      "quantity": "\u00bc", 
      "substitute": "no substitute needed", 
      "unit": ""
    }, 
    "kosher salt and freshly ground black pepper": {
      "flour": "Safe", 
      "gluten": "no gluten here!", 
      "quantity": "", 
      "substitute": "no substitute needed", 
      "unit": ""
    }, 
    "lb. medium shrimp, peeled, deveined, halved lengthwise": {
      "flour": "Safe", 
      "gluten": "no gluten here!", 
      "quantity": "1 1/2", 
      "substitute": "no substitute needed", 
      "unit": ""
    }, 
    "medium red onion, thinly sliced": {
      "flour": "Safe", 
      "gluten": "no gluten here!", 
      "quantity": "1/2", 
      "substitute": "no substitute needed", 
      "unit": ""
    }, 
    "serrano chile, seeded, finely chopped": {
      "flour": "Safe", 
      "gluten": "no gluten here!", 
      "quantity": "1", 
      "substitute": "no substitute needed", 
      "unit": ""
    }, 
    "tbsp. fresh lime juice": {
      "flour": "Safe", 
      "gluten": "no gluten here!", 
      "quantity": "2", 
      "substitute": "no substitute needed", 
      "unit": ""
    }, 
    "tbsp. olive oil": {
      "flour": "Safe", 
      "gluten": "no gluten here!", 
      "quantity": "1", 
      "substitute": "no substitute needed", 
      "unit": ""
    }, 
    "tsp. chipotle chile powder": {
      "flour": "Safe", 
      "gluten": "no gluten here!", 
      "quantity": "\u00be", 
      "substitute": "no substitute needed", 
      "unit": ""
    }, 
    "tsp. finely grated lime zest": {
      "flour": "Safe", 
      "gluten": "no gluten here!", 
      "quantity": "1", 
      "substitute": "no substitute needed", 
      "unit": ""
    }, 
    "tsp. ground cumin": {
      "flour": "Safe", 
      "gluten": "no gluten here!", 
      "quantity": "3/4", 
      "substitute": "no substitute needed", 
      "unit": ""
    }, 
    "tsp. sugar": {
      "flour": "Safe", 
      "gluten": "no gluten here!", 
      "quantity": "2", 
      "substitute": "no substitute needed", 
      "unit": ""
    }
  }, 
  "instructions": [
    "Place onion in a small bowl. Bring vinegar and sugar to a boil in a small saucepan and pour over onion; season with salt and pepper. Let stand 30\u201340 minutes.", 
    "Meanwhile, whisk chile, sour cream, lime zest, and lime juice in a medium bowl; season with salt and pepper. Fold in cabbage. Set slaw aside.", 
    "Prepare grill for medium-high heat. Combine shrimp, oil, chile powder, and cumin in a medium bowl; season with salt and pepper and toss to coat. Grill shrimp and tortillas until shrimp are cooked through and tortillas are toasted, about 1 minute per side.", 
    "Top tortillas with slaw and shrimp and serve with pickled onions, cilantro, avocado, lime wedges, and hot sauce.", 
    "DO AHEAD:Onion can be pickled 2 days ahead. Cover and chill. Slaw can be made 6 hours ahead. Cover and chill."
  ], 
  "keywords": [
    "Cabbage", 
    "Cumin Recipes", 
    "Dinner", 
    "Lime Recipes", 
    "Mexican Food", 
    "Ocean To Table Seafood Recipes", 
    "Pickle Recipes", 
    "Seafood Recipes", 
    "Shrimp Recipes", 
    "sour crem recipes", 
    "Spicy Food", 
    "Summer Food", 
    "Taco Recipes"
  ], 
  "name": "Grilled Shrimp Tacos with Pickled Onions", 
  "proteinContent": "Protein (g) 42", 
  "saturatedFatContent": "Saturated Fat (g) 3.5", 
  "servings": "Servings: 4", 
  "sodiumContent": "Sodium (mg) 600", 
  "sugarContent": "Total Sugars (g) 3", 
  "url": "http://www.bonappetit.com/recipe/grilled-shrimp-tacos-with-pickled-onions"
}