{
  "calories": "", 
  "carbohydrateContent": "", 
  "cholesterolContent": "", 
  "fatContent": "", 
  "fiberContent": "", 
  "image": "http://www.bonappetit.com/wp-content/uploads/2009/02/flank-steak-with-artichoke-potato-hash-and-aleppo-pepper-aioli-940x600.jpg", 
  "ingredients": {
    "1 1/2- to 2-pound flank steak": {
      "flour": "Safe", 
      "gluten": "no gluten here!", 
      "quantity": "1", 
      "substitute": "no substitute needed", 
      "unit": ""
    }, 
    "aleppo pepper": {
      "flour": "Safe", 
      "gluten": "no gluten here!", 
      "quantity": "2", 
      "substitute": "no substitute needed", 
      "unit": "teaspoons"
    }, 
    "baby artichokes, stems trimmed": {
      "flour": "Safe", 
      "gluten": "no gluten here!", 
      "quantity": "8", 
      "substitute": "no substitute needed", 
      "unit": ""
    }, 
    "chopped fresh chives": {
      "flour": "Safe", 
      "gluten": "no gluten here!", 
      "quantity": "2", 
      "substitute": "no substitute needed", 
      "unit": "tablespoons"
    }, 
    "coarse kosher salt": {
      "flour": "Safe", 
      "gluten": "no gluten here!", 
      "quantity": "1", 
      "substitute": "no substitute needed", 
      "unit": "teaspoon"
    }, 
    "extra-virgin olive oil": {
      "flour": "Safe", 
      "gluten": "no gluten here!", 
      "quantity": "2", 
      "substitute": "no substitute needed", 
      "unit": "tablespoons"
    }, 
    "extra-virgin olive oil, divided": {
      "flour": "Safe", 
      "gluten": "no gluten here!", 
      "quantity": "3", 
      "substitute": "no substitute needed", 
      "unit": "tablespoons"
    }, 
    "fresh thyme leaves": {
      "flour": "Safe", 
      "gluten": "no gluten here!", 
      "quantity": "1 1/2", 
      "substitute": "no substitute needed", 
      "unit": "tablespoons"
    }, 
    "fresh thyme sprigs": {
      "flour": "Safe", 
      "gluten": "no gluten here!", 
      "quantity": "2", 
      "substitute": "no substitute needed", 
      "unit": ""
    }, 
    "garlic clove, minced": {
      "flour": "Safe", 
      "gluten": "no gluten here!", 
      "quantity": "1", 
      "substitute": "no substitute needed", 
      "unit": ""
    }, 
    "garlic cloves, pressed": {
      "flour": "Safe", 
      "gluten": "no gluten here!", 
      "quantity": "2", 
      "substitute": "no substitute needed", 
      "unit": ""
    }, 
    "ground black pepper": {
      "flour": "Safe", 
      "gluten": "no gluten here!", 
      "quantity": "1/4", 
      "substitute": "no substitute needed", 
      "unit": "teaspoon"
    }, 
    "heavy whipping cream": {
      "flour": "Safe", 
      "gluten": "no gluten here!", 
      "quantity": "2", 
      "substitute": "no substitute needed", 
      "unit": "tablespoons"
    }, 
    "lemon": {
      "flour": "Safe", 
      "gluten": "no gluten here!", 
      "quantity": "1/2", 
      "substitute": "no substitute needed", 
      "unit": ""
    }, 
    "mayonnaise": {
      "flour": "Safe", 
      "gluten": "no gluten here!", 
      "quantity": "1/2", 
      "substitute": "no substitute needed", 
      "unit": "cup"
    }, 
    "peanut oil or vegetable oil": {
      "flour": "Safe", 
      "gluten": "no gluten here!", 
      "quantity": "1", 
      "substitute": "no substitute needed", 
      "unit": "tablespoon"
    }, 
    "sherry wine vinegar": {
      "flour": "Safe", 
      "gluten": "no gluten here!", 
      "quantity": "1", 
      "substitute": "no substitute needed", 
      "unit": "teaspoon"
    }, 
    "unpeeled small yellow potatoes (such as baby dutch or russian banana)": {
      "flour": "Safe", 
      "gluten": "no gluten here!", 
      "quantity": "1 1/4", 
      "substitute": "no substitute needed", 
      "unit": "pounds"
    }, 
    "water": {
      "flour": "Safe", 
      "gluten": "no gluten here!", 
      "quantity": "1/2", 
      "substitute": "no substitute needed", 
      "unit": "cup"
    }
  }, 
  "instructions": [
    "Mash garlic, Aleppo pepper, and 1/4 teaspoon coarse salt to paste in mortar with pestle or in small bowl with back of spoon. Whisk in remaining ingredients. DO AHEAD Can be made 2 days ahead. Cover and chill.", 
    "Mix thyme, Aleppo pepper, 1 teaspoon coarse salt, and 1/4 teaspoon black pepper in small bowl. Rub seasoning mixture into steak; set aside. DO AHEAD Can be made 4 hours ahead. Cover; chill. Bring to room temperature before continuing.", 
    "Squeeze juice from lemon half into medium bowl of water. Cut 1/2 inch from tops of artichokes. Working with 1 artichoke at a time, break off dark outer leaves until only pale yellow leaves remain. Cut artichokes lengthwise in half; cut each half into 1/2-inch wedges. Place in lemon water to prevent browning.", 
    "Place potatoes in heavy large saucepan. Add enough cold water to cover; sprinkle with salt. Bring to boil; reduce heat to medium-high and boil until potatoes are just tender, 8 to 10 minutes. Drain. Transfer to baking sheet until cool enough to handle. Halve or quarter potatoes.", 
    "Drain artichokes; pat to dry well, then sprinkle with salt and pepper. Heat 2 tablespoons olive oil in heavy large skillet over medium-high heat. Add artichokes and saut\u00e9 until browned, about 4 minutes. Add 1/2 cup water, thyme sprigs, and garlic. Cover skillet and simmer over medium heat until artichokes are tender, about 5 minutes. Uncover and boil until no liquid remains, stirring often, 2 to 3 minutes. Add remaining 1 tablespoon olive oil and potatoes; stir to coat. Add cream and sprinkle with salt and pepper. Cook until potatoes are heated through and browned in spots, stirring often, about 6 minutes. Season hash to taste with salt and pepper. DO AHEAD Can be made 1 hour ahead. Let stand at room temperature.", 
    "Preheat oven to 400\u00b0F. Heat peanut oil in heavy large ovenproof skillet over high heat. Add steak and cook until bottom is brown, about 2 minutes. Turn steak over; transfer to oven and roast until cooked to desired doneness, about 7 minutes for medium-rare. Transfer to work surface; tent with foil to keep warm. Let rest 10 minutes.", 
    "Meanwhile, rewarm artichoke-potato hash gently over medium heat. Stir in chopped chives. Thinly slice steak crosswise. Divide steak and hash among plates. Drizzle some aioli over steak. Serve, passing remaining aioli alongside."
  ], 
  "keywords": [
    "Artichoke", 
    "Artichokes", 
    "Beef", 
    "Beef Recipes", 
    "Birthday", 
    "Brunch", 
    "Condiments", 
    "Dinner", 
    "Do Ahead", 
    "Fathers Day", 
    "Herb", 
    "High Fiber", 
    "Main Course", 
    "Main Dishes", 
    "Mayonnaise", 
    "Meat Recipes", 
    "Milk/Cream", 
    "Pepper", 
    "Potato", 
    "Sauce", 
    "Sauce Recipes", 
    "Spring", 
    "Spring Food", 
    "Steak"
  ], 
  "name": "Flank Steak with Artichoke-Potato Hash and Aleppo-Pepper Aioli", 
  "proteinContent": "", 
  "saturatedFatContent": "", 
  "servings": "Servings: 4 to 6", 
  "sodiumContent": "", 
  "sugarContent": "", 
  "url": "http://www.bonappetit.com/recipe/flank-steak-with-artichoke-potato-hash-and-aleppo-pepper-aioli"
}