{
  "calories": "Calories (kcal) 190", 
  "carbohydrateContent": "Carbohydrates (g) 13", 
  "cholesterolContent": "Cholesterol (mg) 55", 
  "description": "Want to build big flavor fast? Jarred marinara gives you a head start. Be sure to doctor it a bit for a homemade taste. Here we use fennel seeds and sliced fennel to serve with flounder.", 
  "fatContent": "Fat (g) 5", 
  "fiberContent": "Dietary Fiber (g) 2", 
  "image": "http://www.bonappetit.com/wp-content/uploads/2013/10/flounder-poached-in-fennel-tomato-sauce-940x600.jpg", 
  "ingredients": {
    "4-ounce pieces skinless flounder fillet": {
      "flour": "Safe", 
      "gluten": "no gluten here!", 
      "quantity": "4", 
      "substitute": "no substitute needed", 
      "unit": ""
    }, 
    "coarsely chopped fresh tarragon": {
      "flour": "Safe", 
      "gluten": "no gluten here!", 
      "quantity": "", 
      "substitute": "no substitute needed", 
      "unit": ""
    }, 
    "cups store-bought marinara sauce, preferably with no sugar added": {
      "flour": "Safe", 
      "gluten": "no gluten here!", 
      "quantity": "1 1/2", 
      "substitute": "no substitute needed", 
      "unit": ""
    }, 
    "kosher salt, freshly ground pepper": {
      "flour": "Safe", 
      "gluten": "no gluten here!", 
      "quantity": "", 
      "substitute": "no substitute needed", 
      "unit": ""
    }, 
    "small fennel bulb, thinly sliced, plus fennel fronds for garnish": {
      "flour": "Safe", 
      "gluten": "no gluten here!", 
      "quantity": "1", 
      "substitute": "no substitute needed", 
      "unit": ""
    }, 
    "tablespoon olive oil": {
      "flour": "Safe", 
      "gluten": "no gluten here!", 
      "quantity": "1", 
      "substitute": "no substitute needed", 
      "unit": ""
    }, 
    "teaspoon crushed red pepper flakes": {
      "flour": "Safe", 
      "gluten": "no gluten here!", 
      "quantity": "1/8", 
      "substitute": "no substitute needed", 
      "unit": ""
    }, 
    "teaspoon fennel seeds": {
      "flour": "Safe", 
      "gluten": "no gluten here!", 
      "quantity": "3/4", 
      "substitute": "no substitute needed", 
      "unit": ""
    }
  }, 
  "instructions": [
    "A spice mill (optional)", 
    "Coarsely grind fennel seeds and red pepper flakes in a spice mill or with a mortar and pestle. Alternatively, place in a resealable freezer bag. Crush with a rolling pin or large skillet. Set aside.", 
    "Heat oil in a large skillet over medium-low heat. Add sliced fennel, season with salt and pepper, and cook, stirring often, until soft, 10-12 minutes. Add spices and cook, stirring often, until spices are beginning to darken, about 1 minute.", 
    "Add marinara sauce and 1/2 cup water to skillet; bring to a simmer and cook to meld flavors, about 5 minutes. Season with salt and pepper.", 
    "Season fish with salt and pepper and fold fillets in thirds or in half to form packets. Place fillets in sauce. Cover skillet and reduce heat to medium-low. Cook until fish is opaque and beginning to flake, 12-15 minutes.", 
    "Divide fennel-tomato sauce and fish among shallow bowls. Sprinkle tarragon and fennel fronds over."
  ], 
  "keywords": [
    "Easy Recipes", 
    "Fast Easy Fresh", 
    "Fennel Recipes", 
    "Fish Recipes", 
    "Flounder Recipes", 
    "Healthy Recipes", 
    "Hot Pepper Recipes", 
    "Low Saturated Fat Recipes", 
    "Low-Calorie Recipes", 
    "Quick Recipes", 
    "Tarragon Recipes", 
    "Tomato Recipes"
  ], 
  "name": "Flounder Poached in Fennel-Tomato Sauce", 
  "proteinContent": "Protein (g) 24", 
  "saturatedFatContent": "Saturated Fat (g) 1", 
  "servings": "Servings: 4", 
  "sodiumContent": "Sodium (mg) 490", 
  "sugarContent": "Total Sugars (g) 3", 
  "url": "http://www.bonappetit.com/recipe/flounder-poached-fennel-tomato-sauce"
}