{
  "calories": "", 
  "carbohydrateContent": "", 
  "cholesterolContent": "", 
  "description": "You can roast a chicken in less time, but going low-and-slow yields a meltingly tender, shreddable texture.", 
  "fatContent": "", 
  "fiberContent": "", 
  "image": "http://www.bonappetit.com/wp-content/uploads/2014/02/herbed-faux-tisserie-chicken-and-potatoes-940x600.jpg", 
  "ingredients": {
    "3\u00bd\u20134 pound chicken": {
      "flour": "Safe", 
      "gluten": "no gluten here!", 
      "quantity": "1", 
      "substitute": "no substitute needed", 
      "unit": ""
    }, 
    "crushed red pepper flakes": {
      "flour": "Safe", 
      "gluten": "no gluten here!", 
      "quantity": "1", 
      "substitute": "no substitute needed", 
      "unit": "teaspoon"
    }, 
    "fennel seeds": {
      "flour": "Safe", 
      "gluten": "no gluten here!", 
      "quantity": "2", 
      "substitute": "no substitute needed", 
      "unit": "teaspoons"
    }, 
    "finely chopped fresh marjoram; plus 4 sprigs, divided": {
      "flour": "Safe", 
      "gluten": "no gluten here!", 
      "quantity": "2", 
      "substitute": "no substitute needed", 
      "unit": "tablespoons"
    }, 
    "finely chopped fresh thyme; plus 4 sprigs, divided": {
      "flour": "Safe", 
      "gluten": "no gluten here!", 
      "quantity": "2", 
      "substitute": "no substitute needed", 
      "unit": "tablespoons"
    }, 
    "freshly ground black pepper, plus more": {
      "flour": "Safe", 
      "gluten": "no gluten here!", 
      "quantity": "\u00bd", 
      "substitute": "no substitute needed", 
      "unit": "teaspoon"
    }, 
    "head of garlic, halved crosswise": {
      "flour": "Safe", 
      "gluten": "no gluten here!", 
      "quantity": "1", 
      "substitute": "no substitute needed", 
      "unit": ""
    }, 
    "kosher salt, plus more": {
      "flour": "Safe", 
      "gluten": "no gluten here!", 
      "quantity": "1", 
      "substitute": "no substitute needed", 
      "unit": "tablespoon"
    }, 
    "lemon, quartered": {
      "flour": "Safe", 
      "gluten": "no gluten here!", 
      "quantity": "1", 
      "substitute": "no substitute needed", 
      "unit": ""
    }, 
    "olive oil, divided": {
      "flour": "Safe", 
      "gluten": "no gluten here!", 
      "quantity": "6", 
      "substitute": "no substitute needed", 
      "unit": "tablespoons"
    }, 
    "yukon gold potatoes, scrubbed, halved, or quartered if large": {
      "flour": "Safe", 
      "gluten": "no gluten here!", 
      "quantity": "2", 
      "substitute": "no substitute needed", 
      "unit": "pounds"
    }
  }, 
  "instructions": [
    "Preheat oven to 300\u00b0. Coarsely grind fennel seeds and red pepper flakes in a spice mill or with a mortar and pestle. Combine spice mixture, chopped marjoram, chopped thyme, 1 Tbsp. salt, \u00bd tsp. pepper, and 3 Tbsp. oil in a small bowl. Rub chicken inside and out with spice mixture. Stuff chicken with lemon, garlic, 2 marjoram sprigs, and 2 thyme sprigs. Tie legs together with kitchen twine.", 
    "Toss potatoes with remaining 3 Tbsp. oil on a rimmed baking sheet; season with salt and pepper. Push potatoes to edges of baking sheet and scatter remaining 2 marjoram and 2 thyme sprigs in center; place chicken on herbs. Roast, turning potatoes and basting chicken every hour, until skin is browned, meat is extremely tender, and potatoes are golden brown and very soft, about 3 hours. Let chicken rest at least 10 minutes before carving."
  ], 
  "keywords": [
    "Chicken Recipes", 
    "Dinner", 
    "Fennel Recipes", 
    "French Food", 
    "Hot Pepper Recipes", 
    "Lemon Recipes", 
    "Marjoram Recipes", 
    "Potato Recipes", 
    "sunday best recipes", 
    "Thyme Recipes"
  ], 
  "name": "Herbed Faux-tisserie Chicken and Potatoes", 
  "proteinContent": "", 
  "saturatedFatContent": "", 
  "servings": "Servings: 4", 
  "sodiumContent": "", 
  "sugarContent": "", 
  "url": "http://www.bonappetit.com/recipe/herbed-faux-tisserie-chicken-and-potatoes"
}