{
  "calories": "", 
  "carbohydrateContent": "", 
  "cholesterolContent": "", 
  "fatContent": "", 
  "fiberContent": "", 
  "image": "http://www.bonappetit.com/wp-content/uploads/2013/06/homemade-hawaiian-ginger-ale-940.jpg", 
  "ingredients": {
    "club soda": {
      "flour": "Safe", 
      "gluten": "no gluten here!", 
      "quantity": "1 liter", 
      "substitute": "no substitute needed", 
      "unit": ""
    }, 
    "finely chopped peeled ginger": {
      "flour": "Safe", 
      "gluten": "no gluten here!", 
      "quantity": "1", 
      "substitute": "no substitute needed", 
      "unit": "cup"
    }, 
    "lime wedges": {
      "flour": "Safe", 
      "gluten": "no gluten here!", 
      "quantity": "8", 
      "substitute": "no substitute needed", 
      "unit": ""
    }, 
    "sugar": {
      "flour": "Safe", 
      "gluten": "no gluten here!", 
      "quantity": "1/2", 
      "substitute": "no substitute needed", 
      "unit": "cup"
    }
  }, 
  "instructions": [
    "Bring ginger, sugar, and 2 cups water to a boil in a small saucepan. Remove from heat, cover, and let sit 30 minutes. Strain syrup through a fine-mesh sieve into a bowl or jar and discard ginger. Let cool completely. (You should have about 2 cups.)", 
    "For each drink, add 1/4 cup ginger syrup and 1/2 cup club soda to an Old Fashioned glass filled with ice; stir to combine. Garnish with a lime wedge.", 
    "DO AHEAD:Ginger syrup can be made 1 month ahead. Cover and chill."
  ], 
  "keywords": [
    "Drinks", 
    "Ginger Recipes", 
    "Lime Recipes", 
    "Rsvp", 
    "Summer Drinks Recipes", 
    "trail_09032013"
  ], 
  "name": "Homemade Hawaiian Ginger Ale", 
  "proteinContent": "", 
  "saturatedFatContent": "", 
  "servings": "Servings: 6", 
  "sodiumContent": "", 
  "sugarContent": "", 
  "url": "http://www.bonappetit.com/recipe/homemade-hawaiian-ginger-ale"
}