{
  "calories": "", 
  "carbohydrateContent": "", 
  "cholesterolContent": "", 
  "description": "This dish can be made vegetarian by omitting the bacon. A final flourish of sharp Cotija cheese, cilantro, and pickled onions adds color and texture.", 
  "fatContent": "", 
  "fiberContent": "", 
  "image": "http://www.bonappetit.com/wp-content/uploads/2010/04/bacon-simmered-pinto-beans-940x600.jpg", 
  "ingredients": {
    "chopped fresh cilantro (for garnish)": {
      "flour": "Safe", 
      "gluten": "no gluten here!", 
      "quantity": "", 
      "substitute": "no substitute needed", 
      "unit": ""
    }, 
    "cotija cheese, crumbled (4 oz.; for garnish)": {
      "flour": "Safe", 
      "gluten": "no gluten here!", 
      "quantity": "1/2", 
      "substitute": "no substitute needed", 
      "unit": "cup"
    }, 
    "dried pinto beans (4 cups), rinsed": {
      "flour": "Safe", 
      "gluten": "no gluten here!", 
      "quantity": "1 1/2 lb.", 
      "substitute": "no substitute needed", 
      "unit": ""
    }, 
    "garlic cloves, chopped": {
      "flour": "Safe", 
      "gluten": "no gluten here!", 
      "quantity": "4", 
      "substitute": "no substitute needed", 
      "unit": ""
    }, 
    "jalape\u00f1os, seeded, minced, divided": {
      "flour": "Safe", 
      "gluten": "no gluten here!", 
      "quantity": "2", 
      "substitute": "no substitute needed", 
      "unit": ""
    }, 
    "kosher salt": {
      "flour": "Safe", 
      "gluten": "no gluten here!", 
      "quantity": "", 
      "substitute": "no substitute needed", 
      "unit": ""
    }, 
    "onion, chopped (about 1 1/2 cups)": {
      "flour": "Safe", 
      "gluten": "no gluten here!", 
      "quantity": "1", 
      "substitute": "no substitute needed", 
      "unit": ""
    }, 
    "pickled onions (click for recipe)": {
      "flour": "Safe", 
      "gluten": "no gluten here!", 
      "quantity": "", 
      "substitute": "no substitute needed", 
      "unit": ""
    }, 
    "slices thick-cut bacon, coarsely chopped": {
      "flour": "Safe", 
      "gluten": "no gluten here!", 
      "quantity": "4", 
      "substitute": "no substitute needed", 
      "unit": ""
    }, 
    "vegetable oil": {
      "flour": "Safe", 
      "gluten": "no gluten here!", 
      "quantity": "1 Tbsp.", 
      "substitute": "no substitute needed", 
      "unit": ""
    }
  }, 
  "instructions": [
    "Place beans in a large pot. Add enough water to cover by 4\". Let soak overnight. Drain beans.", 
    "Heat 1 Tbsp. oil in same large heavy pot over medium heat. Add bacon to pot and cook until crisp, stirring occasionally. Using a slotted spoon, transfer bacon to paper towels to drain. Pour off all but 2 Tbsp. drippings from pot. Add onion, garlic, and 1 minced jalape\u00f1o and cook, stirring often, until soft, about 10 minutes.", 
    "Add drained beans to pot. Pour in enough water to cover beans by 2\" (about 8 cups). Bring to a boil, reduce heat to medium-low, and simmer, stirring occasionally and adding more water by 1/2-cupfuls if dry, until beans are tender, about 2 hours. Stir in remaining jalape\u00f1o and reserved bacon. Season to taste with salt.", 
    "DO AHEAD:Can be made 2 days ahead. Let cool slightly. Chill uncovered until cold, then cover and keep chilled. Rewarm before serving, adding additional water as needed if dry.", 
    "Transfer beans to a large bowl. Sprinkle with cheese and cilantro and serve with pickled onions."
  ], 
  "keywords": [
    "Bacon Recipes", 
    "Bean Recipes", 
    "Cheese Recipes", 
    "Chile", 
    "Cinco De Mayo Food", 
    "cojita", 
    "Dinner", 
    "Fathers Day Food", 
    "Garlic Recipes", 
    "High Fiber", 
    "Jalapeno Recipes", 
    "Large Groups", 
    "Mexican Food", 
    "Onion Recipes", 
    "Pinto Bean Recipes", 
    "Potluck Food", 
    "Side"
  ], 
  "name": "Bacon-Simmered Pinto Beans", 
  "proteinContent": "", 
  "saturatedFatContent": "", 
  "servings": "Servings: 8", 
  "sodiumContent": "", 
  "sugarContent": "", 
  "url": "http://www.bonappetit.com/recipe/bacon-simmered-pinto-beans"
}