{
  "calories": "", 
  "carbohydrateContent": "", 
  "cholesterolContent": "", 
  "description": "Lettuce and tomatoes might be classic sandwich stuff, but this herby olive salad brings way more to the table\u2014and it will never wilt.", 
  "fatContent": "", 
  "fiberContent": "", 
  "image": "http://www.bonappetit.com/wp-content/uploads/2014/05/frittata-sandwich-with-olive-salad-940x600.jpg", 
  "ingredients": {
    "12x4\" ciabatta loaf or focaccia": {
      "flour": "Safe", 
      "gluten": "gluten here!", 
      "quantity": "", 
      "substitute": "gluten-free bread", 
      "unit": ""
    }, 
    "8-egg frittata or 8 sliced hard-boiled eggs": {
      "flour": "Safe", 
      "gluten": "no gluten here!", 
      "quantity": "", 
      "substitute": "no substitute needed", 
      "unit": ""
    }, 
    "baby kale or arugula": {
      "flour": "Safe", 
      "gluten": "no gluten here!", 
      "quantity": "", 
      "substitute": "no substitute needed", 
      "unit": ""
    }, 
    "capers": {
      "flour": "Safe", 
      "gluten": "no gluten here!", 
      "quantity": "2", 
      "substitute": "no substitute needed", 
      "unit": "tablespoons"
    }, 
    "chopped green olives and/or kalamata olives": {
      "flour": "Safe", 
      "gluten": "no gluten here!", 
      "quantity": "3/4", 
      "substitute": "no substitute needed", 
      "unit": "cup"
    }, 
    "crushed red pepper flakes": {
      "flour": "Safe", 
      "gluten": "no gluten here!", 
      "quantity": "1/2", 
      "substitute": "no substitute needed", 
      "unit": "tsp"
    }, 
    "finely chopped red onion": {
      "flour": "Safe", 
      "gluten": "no gluten here!", 
      "quantity": "2", 
      "substitute": "no substitute needed", 
      "unit": "tablespoons"
    }, 
    "fresh flat-leaf parsley leaves": {
      "flour": "Safe", 
      "gluten": "no gluten here!", 
      "quantity": "1/2", 
      "substitute": "no substitute needed", 
      "unit": "cup"
    }, 
    "olive oil": {
      "flour": "Safe", 
      "gluten": "no gluten here!", 
      "quantity": "1/4", 
      "substitute": "no substitute needed", 
      "unit": "cup"
    }, 
    "red wine vinegar": {
      "flour": "Safe", 
      "gluten": "no gluten here!", 
      "quantity": "2", 
      "substitute": "no substitute needed", 
      "unit": "tablespoons"
    }, 
    "salt and pepper": {
      "flour": "Safe", 
      "gluten": "no gluten here!", 
      "quantity": "", 
      "substitute": "no substitute needed", 
      "unit": ""
    }, 
    "sugar": {
      "flour": "Safe", 
      "gluten": "no gluten here!", 
      "quantity": "1/2", 
      "substitute": "no substitute needed", 
      "unit": "tsp"
    }
  }, 
  "instructions": [
    "Toss cup chopped green olives and/or Kalamata olives, fresh flat-leaf parsley leaves, capers, red onion, and crushed red pepper flakes with olive oil, red wine vinegar, and sugar; season with salt and pepper. Build sandwich with a lightly toasted split 12x4\" ciabatta loaf or focaccia, olive salad, frittata or sliced hard-boiled eggs, and some baby kale or arugula tossed with a little olive oil and salt. Wrap in paper towels, then plastic; chill at least 2 hours. Cut just before serving.", 
    "DO AHEAD:Sandwich can be made 12 hours ahead. Keep chilled."
  ], 
  "keywords": [
    "Breakfast", 
    "Brunch", 
    "Capers", 
    "Egg Recipes", 
    "Olives", 
    "Parsley Recipes", 
    "Picnic Food", 
    "Sandwich Recipes", 
    "Summer Food"
  ], 
  "name": "Frittata Sandwich with Olive Salad", 
  "proteinContent": "", 
  "saturatedFatContent": "", 
  "servings": "Servings: 4", 
  "sodiumContent": "", 
  "sugarContent": "", 
  "url": "http://www.bonappetit.com/recipe/frittata-sandwich-with-olive-salad"
}