{
  "calories": "", 
  "carbohydrateContent": "", 
  "cholesterolContent": "", 
  "fatContent": "", 
  "fiberContent": "", 
  "image": "http://www.bonappetit.com/wp-content/uploads/2007/02/mare_crispy_daikon_cake_with_spicy_herb_soy_sauce_h.jpg", 
  "ingredients": {
    "": {
      "flour": "Safe", 
      "gluten": "no gluten here!", 
      "quantity": "", 
      "substitute": "no substitute needed", 
      "unit": ""
    }, 
    "(or more) vegetable oil, divided": {
      "flour": "Safe", 
      "gluten": "no gluten here!", 
      "quantity": "2", 
      "substitute": "no substitute needed", 
      "unit": "tablespoons"
    }, 
    "asian sesame oil": {
      "flour": "Safe", 
      "gluten": "no gluten here!", 
      "quantity": "1", 
      "substitute": "no substitute needed", 
      "unit": "tablespoon"
    }, 
    "chinese sweet pork sausages (lop chong),* cut into 1/4-inch cubes (about 3 ounces)": {
      "flour": "Safe", 
      "gluten": "no gluten here!", 
      "quantity": "2", 
      "substitute": "no substitute needed", 
      "unit": ""
    }, 
    "daikon (asian white radish),* peeled, cut into 1-inch pieces": {
      "flour": "Safe", 
      "gluten": "no gluten here!", 
      "quantity": "1 1/2", 
      "substitute": "no substitute needed", 
      "unit": "pounds"
    }, 
    "finely chopped green onions (about 3 large)": {
      "flour": "Safe", 
      "gluten": "no gluten here!", 
      "quantity": "1/2", 
      "substitute": "no substitute needed", 
      "unit": "cup"
    }, 
    "fresh cilantro leaves": {
      "flour": "Safe", 
      "gluten": "no gluten here!", 
      "quantity": "1", 
      "substitute": "no substitute needed", 
      "unit": "cup"
    }, 
    "grated peeled fresh ginger, juices included": {
      "flour": "Safe", 
      "gluten": "no gluten here!", 
      "quantity": "1", 
      "substitute": "no substitute needed", 
      "unit": "tablespoon"
    }, 
    "nonstick vegetable oil spray": {
      "flour": "Safe", 
      "gluten": "no gluten here!", 
      "quantity": "", 
      "substitute": "no substitute needed", 
      "unit": ""
    }, 
    "rice flour*": {
      "flour": "Safe", 
      "gluten": "no gluten here!", 
      "quantity": "1 1/2", 
      "substitute": "no substitute needed", 
      "unit": "cups"
    }, 
    "sesame seeds, toasted": {
      "flour": "Safe", 
      "gluten": "no gluten here!", 
      "quantity": "1", 
      "substitute": "no substitute needed", 
      "unit": "tablespoon"
    }, 
    "small dried shrimp,* finely chopped": {
      "flour": "Safe", 
      "gluten": "no gluten here!", 
      "quantity": "2", 
      "substitute": "no substitute needed", 
      "unit": "tablespoons"
    }, 
    "small thai red chiles*, halved lengthwise, seeds removed, thinly sliced crosswise or 1 tablespoon hot chili sauce (such as sriracha)*": {
      "flour": "Safe", 
      "gluten": "no gluten here!", 
      "quantity": "", 
      "substitute": "no substitute needed", 
      "unit": ""
    }, 
    "soy sauce": {
      "flour": "Safe", 
      "gluten": "gluten here!", 
      "quantity": "1", 
      "substitute": "gluten-free tamari", 
      "unit": "cup"
    }, 
    "water, divided": {
      "flour": "Safe", 
      "gluten": "no gluten here!", 
      "quantity": "1 1/2", 
      "substitute": "no substitute needed", 
      "unit": "cups"
    }
  }, 
  "instructions": [
    "Fit processor with large-hole grating disk. Working with a few pieces of daikon at a time, place daikon pieces in feed tube and process until coarsely grated. Transfer daikon to bowl. Replace grating disk in processor with metal blade. Return daikon to processor and finely chop, using on/off turns.", 
    "Heat heavy large skillet over medium-high heat. Add sausage cubes to skillet and saut\u00e9 until fat renders and sausage browns, about 5 minutes. Add green onions and dried shrimp; stir 1 minute. Add daikon with juices and 1/2 cup water; bring to boil. Reduce heat to medium; cook until daikon is soft and liquid is almost evaporated, stirring frequently, about 25 minutes.", 
    "Meanwhile, spray 9-inch-diameter cake pan with 1 1/2-inch-high sides with nonstick spray. Whisk rice flour and remaining 1 cup water in large bowl until well blended. Stir in daikon mixture. Season to taste with salt and pepper. Spread daikon mixture evenly in prepared pan. Place cake pan on bamboo steamer rack set over wok filled halfway with simmering water or on metal rack set over simmering water in pot. Cover with lid; steam over medium heat until cake is set and firm to touch, occasionally adding more water to wok or pot as needed, about 45 minutes. Remove pan from steamer; cool cake in pan 1 hour. Cover and refrigerate daikon cake in pan overnight.", 
    "Whisk soy sauce and sesame oil in small bowl. Heat 1 tablespoon vegetable oil in small skillet over medium heat. Add cilantro, ginger with juices, and chiles or hot chili sauce; stir 30 seconds. Mix ginger mixture into soy sauce mixture. DO AHEAD Daikon cake and sauce can be made 2 days ahead. Cover separately and refrigerate.", 
    "Run small knife around daikon cake to loosen. Invert onto cutting board. Cut cake into 1/2-inch-thick slices (not wedges), then cut each slice crosswise into 2-inch-long pieces.", 
    "Heat 1 tablespoon vegetable oil in large nonstick skillet over medium-high heat. Working in batches, add daikon cake slices to skillet and cook until golden brown, adding more oil to skillet for each batch as needed, about 5 minutes per side. Transfer slices to platter. Sprinkle with sesame seeds. Serve herb soy sauce alongside for dipping."
  ], 
  "keywords": [
    "Appetizers", 
    "Asian Food", 
    "Chile", 
    "Chinese Food", 
    "Chinese New Year", 
    "Cilantro", 
    "Cocktail Party", 
    "Daikon", 
    "Dinner", 
    "Do Ahead", 
    "Ginger", 
    "Herb", 
    "High Fiber", 
    "Hot Pepper", 
    "Large Group", 
    "Lunar New Year", 
    "Meat", 
    "Onion", 
    "Party", 
    "Pepper", 
    "Pork", 
    "Pork Recipes", 
    "Rice Flour", 
    "Sausage", 
    "Seafood", 
    "Sesame", 
    "Sesame Oil", 
    "Shrimp", 
    "Snack", 
    "Vegetable", 
    "Winter"
  ], 
  "name": "Golden Crisp Daikon Cake with Spicy Herb Soy Sauce", 
  "proteinContent": "", 
  "saturatedFatContent": "", 
  "servings": "Servings: 8 appetizer", 
  "sodiumContent": "", 
  "sugarContent": "", 
  "url": "http://www.bonappetit.com/recipe/golden-crisp-daikon-cake-with-spicy-herb-soy-sauce"
}