{
  "calories": "", 
  "carbohydrateContent": "", 
  "cholesterolContent": "", 
  "description": "This smoky, fiery concoction is inspired by Bar Am\u00e1\u2019s \u201cBus Driver\u201d salsa.", 
  "fatContent": "", 
  "fiberContent": "", 
  "image": "http://www.bonappetit.com/wp-content/uploads/2014/01/dried-chile-salsa-940x600.jpg", 
  "ingredients": {
    "distilled white vinegar": {
      "flour": "Safe", 
      "gluten": "no gluten here!", 
      "quantity": "\u2153", 
      "substitute": "no substitute needed", 
      "unit": "cup"
    }, 
    "garlic peeled": {
      "flour": "Safe", 
      "gluten": "no gluten here!", 
      "quantity": "4", 
      "substitute": "no substitute needed", 
      "unit": "cloves"
    }, 
    "kosher salt": {
      "flour": "Safe", 
      "gluten": "no gluten here!", 
      "quantity": "1", 
      "substitute": "no substitute needed", 
      "unit": "tablespoon"
    }, 
    "medium white onion, chopped": {
      "flour": "Safe", 
      "gluten": "no gluten here!", 
      "quantity": "1", 
      "substitute": "no substitute needed", 
      "unit": ""
    }, 
    "oz. ancho chiles": {
      "flour": "Safe", 
      "gluten": "no gluten here!", 
      "quantity": "1\u00bd", 
      "substitute": "no substitute needed", 
      "unit": ""
    }, 
    "oz. dried chiles de \u00e1rbol": {
      "flour": "Safe", 
      "gluten": "no gluten here!", 
      "quantity": "1\u00bd", 
      "substitute": "no substitute needed", 
      "unit": ""
    }
  }, 
  "instructions": [
    "Toast chiles in a dry medium skillet over high heat, turning often, until fragrant, about 3 minutes. Let cool slightly, then remove stems and seeds. Place chiles, onion, garlic, salt, and 1\u00bd cups water in a medium saucepan. Bring to a boil. Reduce heat and simmer until very soft, 15\u201320 minutes. Pur\u00e9e chile mixture in a blender until smooth. Strain into a medium bowl and mix in vinegar.", 
    "DO AHEAD:Salsa can be made 4 days ahead. Cover and chill."
  ], 
  "keywords": [
    "Chile", 
    "Condiments", 
    "Party Food", 
    "Salsa Recipes", 
    "Sauce Recipes", 
    "Spicy Food", 
    "super bowl fajita party recipes", 
    "Super Bowl Food"
  ], 
  "name": "Bar Am\u00e1's Dried Chile Salsa", 
  "proteinContent": "", 
  "saturatedFatContent": "", 
  "servings": "Servings: 8", 
  "sodiumContent": "", 
  "sugarContent": "", 
  "url": "http://www.bonappetit.com/recipe/bar-amas-dried-chile-salsa"
}