{
  "calories": "", 
  "carbohydrateContent": "", 
  "cholesterolContent": "", 
  "fatContent": "", 
  "fiberContent": "", 
  "image": "http://www.bonappetit.com/wp-content/uploads/2011/02/gimme-smore-940x600.jpg", 
  "ingredients": {
    "cinnamon stick, broken into pieces": {
      "flour": "Safe", 
      "gluten": "no gluten here!", 
      "quantity": "1", 
      "substitute": "no substitute needed", 
      "unit": ""
    }, 
    "honey": {
      "flour": "Safe", 
      "gluten": "no gluten here!", 
      "quantity": "1/2", 
      "substitute": "no substitute needed", 
      "unit": "cup"
    }, 
    "hot cocoa": {
      "flour": "Safe", 
      "gluten": "no gluten here!", 
      "quantity": "1", 
      "substitute": "no substitute needed", 
      "unit": "cup"
    }, 
    "marshmallow": {
      "flour": "Safe", 
      "gluten": "no gluten here!", 
      "quantity": "1", 
      "substitute": "no substitute needed", 
      "unit": ""
    }, 
    "tablespoons cardinal mendoza brandy": {
      "flour": "Safe", 
      "gluten": "no gluten here!", 
      "quantity": "2", 
      "substitute": "no substitute needed", 
      "unit": "tablespoons"
    }, 
    "white rum": {
      "flour": "Safe", 
      "gluten": "no gluten here!", 
      "quantity": "1 liter", 
      "substitute": "no substitute needed", 
      "unit": ""
    }
  }, 
  "instructions": [
    "Whisk 1 tablespoon Graham Cracker Liquor, brandy, and cocoa in 12-ounce heat-proof mug. Top with marshmallow and serve.", 
    "Mix rum, cinnamon stick, and honey in large jar. Cover and place on sunny window sill. Shake 1 time every day for 4 days."
  ], 
  "keywords": [
    "Cocktail Party", 
    "Drink Recipes Alcoholic", 
    "Drinks", 
    "Hot Cocoa", 
    "Party Food", 
    "Rum Recipes"
  ], 
  "name": "Gimme S'more", 
  "proteinContent": "", 
  "saturatedFatContent": "", 
  "servings": "Servings: Makes 1", 
  "sodiumContent": "", 
  "sugarContent": "", 
  "url": "http://www.bonappetit.com/recipe/gimme-s-more"
}