{
  "calories": "Calories (kcal) 126.1", 
  "carbohydrateContent": "Carbohydrates (g) 16.8", 
  "cholesterolContent": "Cholesterol (mg) 0", 
  "fatContent": "Fat (g) 4.3", 
  "fiberContent": "Dietary Fiber (g) 3.9", 
  "image": "http://www.bonappetit.com/wp-content/uploads/2012/09/fried-chickpeas.jpg", 
  "ingredients": {
    "15-oz. cans chickpeas, rinsed, drained, patted very dry": {
      "flour": "Safe", 
      "gluten": "no gluten here!", 
      "quantity": "2", 
      "substitute": "no substitute needed", 
      "unit": ""
    }, 
    "cayenne pepper": {
      "flour": "Safe", 
      "gluten": "no gluten here!", 
      "quantity": "1", 
      "substitute": "no substitute needed", 
      "unit": "teaspoon"
    }, 
    "extra-virgin olive oil": {
      "flour": "Safe", 
      "gluten": "no gluten here!", 
      "quantity": "6", 
      "substitute": "no substitute needed", 
      "unit": "tablespoons"
    }, 
    "finely grated lime zest": {
      "flour": "Safe", 
      "gluten": "no gluten here!", 
      "quantity": "2", 
      "substitute": "no substitute needed", 
      "unit": "teaspoons"
    }, 
    "kosher salt": {
      "flour": "Safe", 
      "gluten": "no gluten here!", 
      "quantity": "", 
      "substitute": "no substitute needed", 
      "unit": ""
    }, 
    "smoked paprika": {
      "flour": "Safe", 
      "gluten": "no gluten here!", 
      "quantity": "2", 
      "substitute": "no substitute needed", 
      "unit": "teaspoons"
    }
  }, 
  "instructions": [
    "Combine paprika and cayenne in a small bowl and set aside.", 
    "Heat oil in a 12\" skillet over medium-high heat. Working in 2 batches, add chickpeas to skillet and saut\u00e9, stirring frequently, until golden and crispy, 15\u201320 minutes. Using a slotted spoon, transfer chickpeas to paper towels to drain briefly. Place in a medium bowl. Sprinkle paprika mixture over; toss to coat. Season to taste with salt. Toss with lime zest and serve."
  ], 
  "keywords": [
    "Appetizers", 
    "Chickpea", 
    "Cocktail Party", 
    "Snack", 
    "Trail_12242012"
  ], 
  "name": "Fried Chickpeas", 
  "proteinContent": "Protein (g) 5.1", 
  "saturatedFatContent": "Saturated Fat (g) 0.5", 
  "servings": "Servings: 6\u20138", 
  "sodiumContent": "Sodium (mg) 21.5", 
  "sugarContent": "Total Sugars (g) 0.8", 
  "url": "http://www.bonappetit.com/recipe/fried-chickpeas"
}