{
  "calories": "", 
  "carbohydrateContent": "", 
  "cholesterolContent": "", 
  "fatContent": "", 
  "fiberContent": "", 
  "image": "http://www.bonappetit.com/wp-content/uploads/2010/02/fish-taco-platter-940x600.jpg", 
  "ingredients": {
    "(or more) fresh lime juice": {
      "flour": "Safe", 
      "gluten": "no gluten here!", 
      "quantity": "1", 
      "substitute": "no substitute needed", 
      "unit": "tablespoon"
    }, 
    "(packed) finely grated lime peel": {
      "flour": "Safe", 
      "gluten": "no gluten here!", 
      "quantity": "1", 
      "substitute": "no substitute needed", 
      "unit": "teaspoon"
    }, 
    "(packed) fresh cilantro leaves": {
      "flour": "Safe", 
      "gluten": "no gluten here!", 
      "quantity": "1 1/4", 
      "substitute": "no substitute needed", 
      "unit": "cups"
    }, 
    "buttermilk": {
      "flour": "Safe", 
      "gluten": "no gluten here!", 
      "quantity": "2", 
      "substitute": "no substitute needed", 
      "unit": "cups"
    }, 
    "chopped fresh cilantro": {
      "flour": "Safe", 
      "gluten": "no gluten here!", 
      "quantity": "1/2", 
      "substitute": "no substitute needed", 
      "unit": "cup"
    }, 
    "coarse kosher salt": {
      "flour": "Safe", 
      "gluten": "no gluten here!", 
      "quantity": "1", 
      "substitute": "no substitute needed", 
      "unit": "tablespoon"
    }, 
    "corn tortillas": {
      "flour": "Safe", 
      "gluten": "no gluten here!", 
      "quantity": "16", 
      "substitute": "no substitute needed", 
      "unit": ""
    }, 
    "fresh lime juice": {
      "flour": "Safe", 
      "gluten": "no gluten here!", 
      "quantity": "1", 
      "substitute": "no substitute needed", 
      "unit": "tablespoon"
    }, 
    "fresh salsa": {
      "flour": "Safe", 
      "gluten": "no gluten here!", 
      "quantity": "", 
      "substitute": "no substitute needed", 
      "unit": ""
    }, 
    "garlic cloves, unpeeled": {
      "flour": "Safe", 
      "gluten": "no gluten here!", 
      "quantity": "2", 
      "substitute": "no substitute needed", 
      "unit": ""
    }, 
    "green onions, white and green parts separated": {
      "flour": "Safe", 
      "gluten": "no gluten here!", 
      "quantity": "4", 
      "substitute": "no substitute needed", 
      "unit": ""
    }, 
    "guacamole": {
      "flour": "Safe", 
      "gluten": "no gluten here!", 
      "quantity": "", 
      "substitute": "no substitute needed", 
      "unit": ""
    }, 
    "hot pepper sauce 3 teaspoons coarse kosher salt, divided": {
      "flour": "Safe", 
      "gluten": "no gluten here!", 
      "quantity": "3", 
      "substitute": "no substitute needed", 
      "unit": "tablespoons"
    }, 
    "jalape\u00f1o chile": {
      "flour": "Safe", 
      "gluten": "no gluten here!", 
      "quantity": "1", 
      "substitute": "no substitute needed", 
      "unit": ""
    }, 
    "mayonnaise": {
      "flour": "Safe", 
      "gluten": "no gluten here!", 
      "quantity": "1/2", 
      "substitute": "no substitute needed", 
      "unit": "cup"
    }, 
    "of salt": {
      "flour": "Safe", 
      "gluten": "no gluten here!", 
      "quantity": "", 
      "substitute": "no substitute needed", 
      "unit": "pinch"
    }, 
    "red onion (about 12 ounces), halved lengthwise, cut thinly crosswise": {
      "flour": "Safe", 
      "gluten": "no gluten here!", 
      "quantity": "1", 
      "substitute": "no substitute needed", 
      "unit": ""
    }, 
    "seasoned rice vinegar": {
      "flour": "Safe", 
      "gluten": "no gluten here!", 
      "quantity": "2", 
      "substitute": "no substitute needed", 
      "unit": "cups"
    }, 
    "self-rising flour": {
      "flour": {
        "type": {
          "binder": {
            "type": "xanthum gum", 
            "weight": 1
          }, 
          "density": "", 
          "fat": {
            "type": "almond flour", 
            "weight": 0.164
          }, 
          "leavener": {
            "type": "baking powder", 
            "weight": 1
          }, 
          "lightness": {
            "type": "white rice flour", 
            "weight": 0.328
          }, 
          "protein": {
            "type": "sorghum flour", 
            "weight": 0.164
          }, 
          "starch": {
            "type": "cornstarch", 
            "weight": 0.328
          }, 
          "stickiness": "", 
          "texure": ""
        }, 
        "weight": 120
      }, 
      "gluten": "gluten here!", 
      "quantity": "2", 
      "substitute": "gluten-free pasta", 
      "unit": "cups"
    }, 
    "skinless halibut, sea bass, or striped bass fillets, cut into 1/2x1/2-inch strips": {
      "flour": "Safe", 
      "gluten": "no gluten here!", 
      "quantity": "2 pounds", 
      "substitute": "no substitute needed", 
      "unit": ""
    }, 
    "sour cream": {
      "flour": "Safe", 
      "gluten": "no gluten here!", 
      "quantity": "1/2", 
      "substitute": "no substitute needed", 
      "unit": "cup"
    }, 
    "tomatillos,* husked, stemmed, divided": {
      "flour": "Safe", 
      "gluten": "no gluten here!", 
      "quantity": "12", 
      "substitute": "no substitute needed", 
      "unit": "ounces"
    }, 
    "vegetable oil (for frying)": {
      "flour": "Safe", 
      "gluten": "no gluten here!", 
      "quantity": "", 
      "substitute": "no substitute needed", 
      "unit": ""
    }, 
    "whole small jalape\u00f1os": {
      "flour": "Safe", 
      "gluten": "no gluten here!", 
      "quantity": "5", 
      "substitute": "no substitute needed", 
      "unit": ""
    }
  }, 
  "instructions": [
    "Place onion and jalape\u00f1os in heatproof medium bowl. Mix vinegar, lime juice, and salt in small saucepan. Bring just to boil, stirring until salt dissolves. Pour over onion and jalape\u00f1os. Let stand at room temperature at least 1 hour and up to 8 hours. (Can be made 1 week ahead. Cover and refrigerate.)", 
    "Whisk all ingredients in small bowl. (Can be made 3 days ahead. Cover and refrigerate.)", 
    "Preheat oven to 375\u00b0F. Lightly oil roasting pan. Char half of tomatillos, white parts of green onions, and jalape\u00f1o directly over gas flame or in broiler. Transfer charred vegetables to prepared roasting pan. Add remaining tomatillos and garlic cloves to pan. Roast until all vegetables are soft, about 12 minutes. Cool.", 
    "Stem and seed jalape\u00f1o. Place all roasted vegetables, green onion tops, cilantro, and 1 tablespoon lime juice in blender. Puree until smooth, stopping to push vegetables down into blades several times. Transfer to medium bowl. Season with salt and more lime juice, if desired.", 
    "Mix buttermilk, cilantro, pepper sauce, 1 teaspoon salt, and lime juice in large bowl. Add fish; toss. Cover; chill at least 1 hour and up to 3 hours.", 
    "Preheat oven to 300\u00b0F. Wrap tortillas in foil; place in oven to warm. Whisk flour and remaining 2 teaspoons salt in medium bowl. Add enough oil to large skillet to reach depth of 1 inch. Heat oil until thermometer registers 350\u00b0F. Working in batches, remove fish from marinade and dredge in flour. Carefully add fish to skillet, cover partially, and fry until golden brown, turning occasionally, about 4 minutes. Transfer to paper-towel-lined baking sheet to drain, then transfer to oven to keep warm.", 
    "Set up buffet with all taco fixings, along with fresh salsa and guacamole."
  ], 
  "keywords": [
    "Avocado", 
    "Baja Cream", 
    "Batter", 
    "Buttermilk", 
    "Chile", 
    "Cilantro", 
    "Cinco De Mayo", 
    "Cinco De Mayo Food", 
    "Dinner", 
    "Dinner Party", 
    "Fish", 
    "Green", 
    "Guacamole", 
    "Halibut", 
    "Jalapeno", 
    "Jalapenos", 
    "Mexican", 
    "Mexican Food", 
    "Party Dishes", 
    "Pickled Red Onions", 
    "Pickles", 
    "Red Onion", 
    "Rice Vinegar", 
    "Salsa", 
    "Salsa Verde", 
    "Sea Bass", 
    "Seafood", 
    "Seafood Recipes", 
    "Sour Cream", 
    "Spring", 
    "Striped Bass", 
    "Summer", 
    "Tacos", 
    "Tomatillo", 
    "Tomatillo Salsa Verde", 
    "Tomatillos", 
    "Tortillas", 
    "Vegetable Oil"
  ], 
  "name": "Fish Taco Platter", 
  "proteinContent": "", 
  "saturatedFatContent": "", 
  "servings": "Servings: 6 to 8", 
  "sodiumContent": "", 
  "sugarContent": "", 
  "url": "http://www.bonappetit.com/recipe/fish-taco-platter"
}