{
  "calories": "", 
  "carbohydrateContent": "", 
  "cholesterolContent": "", 
  "description": "First time grilling your greens? Lay them across the grill grates so they don\u2019t fall through, and be ready to turn them\u2014they char quickly.", 
  "fatContent": "", 
  "fiberContent": "", 
  "image": "http://www.bonappetit.com/wp-content/uploads/2014/06/grilled-eggplant-and-greens-with-spiced-yogurt-940x600.jpg", 
  "ingredients": {
    "fresh mint leaves": {
      "flour": "Safe", 
      "gluten": "no gluten here!", 
      "quantity": "\u00bd", 
      "substitute": "no substitute needed", 
      "unit": "cup"
    }, 
    "garam masala or curry powder": {
      "flour": "Safe", 
      "gluten": "no gluten here!", 
      "quantity": "\u00bc", 
      "substitute": "no substitute needed", 
      "unit": "teaspoon"
    }, 
    "ground turmeric": {
      "flour": "Safe", 
      "gluten": "no gluten here!", 
      "quantity": "\u00be", 
      "substitute": "no substitute needed", 
      "unit": "teaspoon"
    }, 
    "kosher salt and freshly ground black pepper": {
      "flour": "Safe", 
      "gluten": "no gluten here!", 
      "quantity": "", 
      "substitute": "no substitute needed", 
      "unit": ""
    }, 
    "large bunches hardy greens (such as kale or swiss chard)": {
      "flour": "Safe", 
      "gluten": "no gluten here!", 
      "quantity": "2", 
      "substitute": "no substitute needed", 
      "unit": ""
    }, 
    "lemon wedges (for serving)": {
      "flour": "Safe", 
      "gluten": "no gluten here!", 
      "quantity": "", 
      "substitute": "no substitute needed", 
      "unit": ""
    }, 
    "medium japanese eggplants or 1 globe eggplant (about 1 lb.), sliced crosswise on a diagonal \u00bd&rdquo;-thick": {
      "flour": "Safe", 
      "gluten": "no gluten here!", 
      "quantity": "2", 
      "substitute": "no substitute needed", 
      "unit": ""
    }, 
    "olive oil, divided, plus more for serving": {
      "flour": "Safe", 
      "gluten": "no gluten here!", 
      "quantity": "6", 
      "substitute": "no substitute needed", 
      "unit": "tablespoons"
    }, 
    "plain greek yogurt": {
      "flour": "Safe", 
      "gluten": "no gluten here!", 
      "quantity": "\u00be", 
      "substitute": "no substitute needed", 
      "unit": "cup"
    }
  }, 
  "instructions": [
    "Prepare grill for medium-high heat. Toss eggplant with turmeric and 2 Tbsp. oil in a medium bowl; season with salt and pepper. Toss greens with 2 Tbsp. oil in a large bowl; season with salt and pepper.", 
    "Grill eggplant, turning often, until tender and charred in spots, 5\u20138 minutes; transfer to a large bowl.", 
    "Grill greens, turning often, until lightly charred in spots, about 2 minutes; transfer to a cutting board and let cool slightly. Remove thick ribs and stems from greens and discard. Tear large leaves into large pieces; transfer to bowl with eggplant, add mint and 2 Tbsp. oil, and toss to combine.", 
    "Mix yogurt and garam masala in a small bowl; season with salt and pepper.", 
    "Spoon yogurt onto a platter and top with eggplant, greens, and mint mixture. Drizzle with more oil and serve with lemon wedges."
  ], 
  "keywords": [
    "Curry Recipes", 
    "Eggplant Recipes", 
    "grilled vegetable salad recipes", 
    "Grilling Food", 
    "Kale Recipes", 
    "Mint Recipes", 
    "Summer Food", 
    "Turmeric Recipes", 
    "Vegetarian Recipes", 
    "Yogurt Recipes"
  ], 
  "name": "Grilled Eggplant and Greens with Spiced Yogurt", 
  "proteinContent": "", 
  "saturatedFatContent": "", 
  "servings": "Servings: 4", 
  "sodiumContent": "", 
  "sugarContent": "", 
  "url": "http://www.bonappetit.com/recipe/grilled-eggplant-and-greens-with-spiced-yogurt"
}