{
  "calories": "", 
  "carbohydrateContent": "", 
  "cholesterolContent": "", 
  "description": "\u201cEverything I love about the canned kind\u2014and nothing I don\u2019t!\u201d \u2013Claire Saffitz, assistant food editor", 
  "fatContent": "", 
  "fiberContent": "", 
  "image": "http://www.bonappetit.com/wp-content/uploads/2014/10/homemade-cranberry-sauce-940x600.jpg", 
  "ingredients": {
    "chopped fresh ginger": {
      "flour": "Safe", 
      "gluten": "no gluten here!", 
      "quantity": "1\u00bd", 
      "substitute": "no substitute needed", 
      "unit": "tablespoon"
    }, 
    "fresh cranberries, plus 2 tbsp. sliced fresh cranberries": {
      "flour": "Safe", 
      "gluten": "no gluten here!", 
      "quantity": "2", 
      "substitute": "no substitute needed", 
      "unit": "cups"
    }, 
    "orange": {
      "flour": "Safe", 
      "gluten": "no gluten here!", 
      "quantity": "1", 
      "substitute": "no substitute needed", 
      "unit": ""
    }, 
    "packet gelatin": {
      "flour": "Safe", 
      "gluten": "no gluten here!", 
      "quantity": "1", 
      "substitute": "no substitute needed", 
      "unit": ""
    }, 
    "sugar": {
      "flour": "Safe", 
      "gluten": "no gluten here!", 
      "quantity": "\u00bd", 
      "substitute": "no substitute needed", 
      "unit": "cup"
    }
  }, 
  "instructions": [
    "Peel orange; save flesh for another use (or eat!). Simmer peel, cranberries, sugar, ginger, and 2 cups water in a large saucepan until cranberries split and liquid is bright pink, 8\u201310 minutes.", 
    "Sprinkle gelatin over \u00bc cup cold water in a medium bowl; let sit until softened, about 1 minute. Strain cranberry mixture into gelatin, stirring to dissolve. Pour into a 12-oz. mold; top with sliced cranberries. Chill, stirring every 30 minutes, until cranberries are suspended. Chill (do not stir) until set, 6\u20138 hours."
  ], 
  "keywords": [
    "Condiments", 
    "Cranberry", 
    "cranberry challenge recipes", 
    "Sauce", 
    "thanksgiving food"
  ], 
  "name": "Homemade Cranberry Sauce", 
  "proteinContent": "", 
  "saturatedFatContent": "", 
  "servings": "Servings: 8", 
  "sodiumContent": "", 
  "sugarContent": "", 
  "url": "http://www.bonappetit.com/recipe/homemade-cranberry-sauce"
}