{
  "calories": "", 
  "carbohydrateContent": "", 
  "cholesterolContent": "", 
  "description": "Prefer a different berry? Feel free to swap it in.", 
  "fatContent": "", 
  "fiberContent": "", 
  "image": "http://www.bonappetit.com/wp-content/uploads/2013/12/gluten-free-raspberry-ginger-muffins-940x600.jpg", 
  "ingredients": {
    "(1 stick) unsalted butter, melted": {
      "flour": "Safe", 
      "gluten": "no gluten here!", 
      "quantity": "\u00bd", 
      "substitute": "no substitute needed", 
      "unit": "cup"
    }, 
    "(packed) light brown sugar": {
      "flour": "Safe", 
      "gluten": "no gluten here!", 
      "quantity": "1", 
      "substitute": "no substitute needed", 
      "unit": "cup"
    }, 
    "baking powder": {
      "flour": "Safe", 
      "gluten": "no gluten here!", 
      "quantity": "1\u00bd", 
      "substitute": "no substitute needed", 
      "unit": "teaspoon"
    }, 
    "finely grated peeled ginger": {
      "flour": "Safe", 
      "gluten": "no gluten here!", 
      "quantity": "1", 
      "substitute": "no substitute needed", 
      "unit": "teaspoon"
    }, 
    "fresh (or frozen, thawed) raspberries": {
      "flour": "Safe", 
      "gluten": "no gluten here!", 
      "quantity": "1\u00bd", 
      "substitute": "no substitute needed", 
      "unit": "cups"
    }, 
    "kosher salt": {
      "flour": "Safe", 
      "gluten": "no gluten here!", 
      "quantity": "\u00bd", 
      "substitute": "no substitute needed", 
      "unit": "teaspoon"
    }, 
    "large egg": {
      "flour": "Safe", 
      "gluten": "no gluten here!", 
      "quantity": "1", 
      "substitute": "no substitute needed", 
      "unit": ""
    }, 
    "nonstick vegetable oil spray": {
      "flour": "Safe", 
      "gluten": "no gluten here!", 
      "quantity": "", 
      "substitute": "no substitute needed", 
      "unit": ""
    }, 
    "plus 1 tbsp. gluten-free all-purpose flour": {
      "flour": {
        "type": {
          "binder": {
            "type": "xanthum gum", 
            "weight": 0.5
          }, 
          "density": {
            "type": "brown rice flour", 
            "weight": 0.142
          }, 
          "fat": {
            "type": "almond flour", 
            "weight": 0.142
          }, 
          "leavener": "", 
          "lightness": {
            "type": "white rice flour", 
            "weight": 0.284
          }, 
          "protein": {
            "type": "sorghum flour", 
            "weight": 0.142
          }, 
          "starch": {
            "type": "potato starch", 
            "weight": 0.284
          }, 
          "stickiness": "", 
          "texture": ""
        }, 
        "weight": 125
      }, 
      "gluten": "gluten here!", 
      "quantity": "1\u00bd", 
      "substitute": "flour ratio", 
      "unit": "cups"
    }, 
    "whole milk": {
      "flour": "Safe", 
      "gluten": "no gluten here!", 
      "quantity": "\u00bd", 
      "substitute": "no substitute needed", 
      "unit": "cup"
    }
  }, 
  "instructions": [
    "Preheat oven to 350 degrees. Coat 2 standard 6-cup muffin pans with nonstick spray. Whisk baking powder, salt, and 1\u00bd cups flour in a medium bowl. Whisk egg, brown sugar, butter, milk, and ginger in a large bowl; mix in dry ingredients. Toss raspberries with remaining 1 Tbsp. flour in a small bowl; gently fold into batter.", 
    "Divide batter among muffin cups and bake until a tester inserted into center comes out clean, 25\u201330 minutes. Let cool 5 minutes in pan before serving.", 
    "Muffins can be made 1 day ahead. Store airtight at room temperature."
  ], 
  "keywords": [
    "Breakfast", 
    "Brunch", 
    "Ginger Recipes", 
    "Gluten Free Recipes", 
    "Muffin Recipes", 
    "Prep School", 
    "Raspberry Recipes"
  ], 
  "name": "Gluten-Free Raspberry-Ginger Muffins", 
  "proteinContent": "", 
  "saturatedFatContent": "", 
  "servings": "Servings: Makes 12", 
  "sodiumContent": "", 
  "sugarContent": "", 
  "url": "http://www.bonappetit.com/recipe/gluten-free-raspberry-ginger-muffins"
}