{
  "calories": "Calories (kcal) 100", 
  "carbohydrateContent": "Carbohydrates (g) 6", 
  "cholesterolContent": "Cholesterol (mg) 5", 
  "description": "When it comes to buying feta, you\u2019ve got choices. We love the firm texture and sheep\u2019s-milk tang of Bulgarian or Greek.", 
  "fatContent": "Fat (g) 8", 
  "fiberContent": "Dietary Fiber (g) 4", 
  "image": "http://www.bonappetit.com/wp-content/uploads/2013/08/quinoa-salad-with-peaches-and-pickled-onions.jpg", 
  "ingredients": {
    "cup olive oil": {
      "flour": "Safe", 
      "gluten": "no gluten here!", 
      "quantity": "1/4", 
      "substitute": "no substitute needed", 
      "unit": ""
    }, 
    "freshly ground black pepper": {
      "flour": "Safe", 
      "gluten": "no gluten here!", 
      "quantity": "", 
      "substitute": "no substitute needed", 
      "unit": ""
    }, 
    "kosher salt": {
      "flour": "Safe", 
      "gluten": "no gluten here!", 
      "quantity": "", 
      "substitute": "no substitute needed", 
      "unit": ""
    }, 
    "oz. feta, crumbled (about \u00bd cup)": {
      "flour": "Safe", 
      "gluten": "no gluten here!", 
      "quantity": "2", 
      "substitute": "no substitute needed", 
      "unit": ""
    }, 
    "pounds green beans, trimmed": {
      "flour": "Safe", 
      "gluten": "no gluten here!", 
      "quantity": "1 1/2", 
      "substitute": "no substitute needed", 
      "unit": ""
    }, 
    "tbsp. (or more) fresh lemon juice": {
      "flour": "Safe", 
      "gluten": "no gluten here!", 
      "quantity": "2", 
      "substitute": "no substitute needed", 
      "unit": ""
    }, 
    "tbsp. chopped fresh dill, divided": {
      "flour": "Safe", 
      "gluten": "no gluten here!", 
      "quantity": "2", 
      "substitute": "no substitute needed", 
      "unit": ""
    }, 
    "tbsp. matchstick-size strips lemon zest, divided": {
      "flour": "Safe", 
      "gluten": "no gluten here!", 
      "quantity": "2", 
      "substitute": "no substitute needed", 
      "unit": ""
    }, 
    "tbsp. torn fresh mint leaves, divided": {
      "flour": "Safe", 
      "gluten": "no gluten here!", 
      "quantity": "4", 
      "substitute": "no substitute needed", 
      "unit": ""
    }
  }, 
  "instructions": [
    "Working in two batches, cook beans in a large pot of boiling, generously salted water just until crisp-tender, about 5 minutes. Using tongs, transfer to a colander set in a bowl of ice water; let cool. Drain well, then pat dry with paper towels.", 
    "Toss beans, oil, 2 Tbsp. mint, 1 Tbsp. dill, 1 Tbsp. lemon zest, 2 Tbsp. lemon juice, and half of feta in a large bowl; season with salt, pepper, and more lemon juice, if desired.", 
    "Serve beans topped with remaining feta, 2 Tbsp. mint, 1 Tbsp. dill, and 1 Tbsp. lemon zest.", 
    "DO AHEAD:Beans can be cooked 1 day ahead. Wrap in a paper towel, place in a resealable plastic bag, and chill."
  ], 
  "keywords": [
    "Amagansett Beach Party Recipes", 
    "Bean Recipes", 
    "Dill Recipes", 
    "Feta Recipes", 
    "Green Bean Recipes", 
    "Healthy Recipes", 
    "Lemon Recipes", 
    "Mint Recipes", 
    "Side", 
    "Sides", 
    "Summer Food", 
    "Summer Sides", 
    "Vegetarian Recipes"
  ], 
  "name": "Herbed Green Beans with Feta", 
  "proteinContent": "Protein (g) 2", 
  "saturatedFatContent": "Saturated Fat (g) 2", 
  "servings": "Servings: 8", 
  "sodiumContent": "Sodium (mg) 120", 
  "sugarContent": "Total Sugars (g) 2", 
  "url": "http://www.bonappetit.com/recipe/herbed-green-beans-with-feta"
}