{
  "calories": "Calories (kcal) 560.0", 
  "carbohydrateContent": "Carbohydrates (g) 2.9", 
  "cholesterolContent": "Cholesterol (mg) 174.6", 
  "fatContent": "Fat (g) 35.2", 
  "fiberContent": "Dietary Fiber (g) 1.0", 
  "image": "http://www.bonappetit.com/wp-content/uploads/2011/06/grilled-chicken-with-za-atar-940.jpg", 
  "ingredients": {
    "3-4-pound chicken, cut in half lengthwise, backbone removed": {
      "flour": "Safe", 
      "gluten": "no gluten here!", 
      "quantity": "1", 
      "substitute": "no substitute needed", 
      "unit": ""
    }, 
    "chopped fresh rosemary": {
      "flour": "Safe", 
      "gluten": "no gluten here!", 
      "quantity": "1", 
      "substitute": "no substitute needed", 
      "unit": "tablespoon"
    }, 
    "cumin aioli (click for recipe)": {
      "flour": "Safe", 
      "gluten": "no gluten here!", 
      "quantity": "", 
      "substitute": "no substitute needed", 
      "unit": ""
    }, 
    "dried marjoram": {
      "flour": "Safe", 
      "gluten": "no gluten here!", 
      "quantity": "2", 
      "substitute": "no substitute needed", 
      "unit": "teaspoons"
    }, 
    "heads of garlic, top third cut off": {
      "flour": "Safe", 
      "gluten": "no gluten here!", 
      "quantity": "2", 
      "substitute": "no substitute needed", 
      "unit": ""
    }, 
    "kosher salt and freshly ground black pepper": {
      "flour": "Safe", 
      "gluten": "no gluten here!", 
      "quantity": "", 
      "substitute": "no substitute needed", 
      "unit": ""
    }, 
    "lemon zest and 3 tablespoons fresh lemon juice": {
      "flour": "Safe", 
      "gluten": "no gluten here!", 
      "quantity": "1 1/2", 
      "substitute": "no substitute needed", 
      "unit": "teaspoons"
    }, 
    "olive oil, divided": {
      "flour": "Safe", 
      "gluten": "no gluten here!", 
      "quantity": "6", 
      "substitute": "no substitute needed", 
      "unit": "tablespoons"
    }, 
    "small serrano chile, seeded, minced": {
      "flour": "Safe", 
      "gluten": "no gluten here!", 
      "quantity": "1", 
      "substitute": "no substitute needed", 
      "unit": ""
    }, 
    "za'atar (click for recipe)": {
      "flour": "Safe", 
      "gluten": "no gluten here!", 
      "quantity": "1/4", 
      "substitute": "no substitute needed", 
      "unit": "cup"
    }
  }, 
  "instructions": [
    "Preheat oven to 400\u00b0. Put garlic on a large sheet of foil. Drizzle with 1 tablespoon oil and wrap tightly with foil. Roast until tender and golden brown, 45-50 minutes. Let cool.", 
    "Place chicken in a 13x9x2\" glass baking dish. Sprinkle 2 1/2 tablespoons za'atar over chicken. Squeeze roasted garlic cloves out of skins and into a small bowl; mash into a paste with the back of a fork. Add 4 tablespoons oil, lemon zest and juice, rosemary, chile, and marjoram; whisk to blend. Pour over chicken; turn to coat. Cover; chill overnight.", 
    "Season chicken with salt and pepper; let stand at room temperature 30 minutes. Meanwhile, build a medium fire in a charcoal grill, or heat a gas grill to medium-high. Brush grill rack with remaining 1 tablespoon oil. Grill chicken, turning occasionally, until skin is crisp and browned and an instant-read thermometer inserted into the deepest part of thigh without touching bone reads 160\u00b0, about 35 minutes. Transfer chicken to a cutting board, sprinkle with remaining 1 1/2 tablespoon za'atar, and let rest 10 minutes.", 
    "Cut each chicken half into 4 pieces and serve on a platter with Cumin Aioli."
  ], 
  "keywords": [
    "Barbecue", 
    "Chicken Recipes", 
    "Chile", 
    "Citrus Recipes", 
    "Cooking For 2", 
    "Dinner", 
    "Garlic Recipes", 
    "Grilling Food", 
    "Herb Recipes", 
    "Lemon Recipes", 
    "Main Course", 
    "Marinade Recipes", 
    "Marjoram Recipes", 
    "Rosemary Recipes", 
    "Serrano", 
    "Summer Food", 
    "Turkish Food"
  ], 
  "name": "Grilled Chicken with Za'atar", 
  "proteinContent": "Protein (g) 55.0", 
  "saturatedFatContent": "Saturated Fat (g) 8.5", 
  "servings": "Servings: 2-4", 
  "sodiumContent": "Sodium (mg) 226.1", 
  "sugarContent": "Total Sugars (g) 0.5", 
  "url": "http://www.bonappetit.com/recipe/grilled-chicken-with-za-atar"
}