{
  "calories": "Calories (kcal) 370", 
  "carbohydrateContent": "Carbohydrates (g) 28", 
  "cholesterolContent": "Cholesterol (mg) 60", 
  "fatContent": "Fat (g) 29", 
  "fiberContent": "Dietary Fiber (g) 4", 
  "image": "http://www.bonappetit.com/wp-content/uploads/2012/07/grilled-corn-with-herb-butter-and-corn-nuts-940.jpg", 
  "ingredients": {
    "(1 stick) unsalted butter, room temperature": {
      "flour": "Safe", 
      "gluten": "no gluten here!", 
      "quantity": "1/2", 
      "substitute": "no substitute needed", 
      "unit": "cup"
    }, 
    "coarsely chopped store-bought toasted corn (such as corn nuts)": {
      "flour": "Safe", 
      "gluten": "no gluten here!", 
      "quantity": "1/2", 
      "substitute": "no substitute needed", 
      "unit": "cup"
    }, 
    "crumbled store-bought or homemade cornbread (optional)": {
      "flour": "Safe", 
      "gluten": "no gluten here!", 
      "quantity": "1/2", 
      "substitute": "no substitute needed", 
      "unit": "cup"
    }, 
    "ears of corn, husked, both ends trimmed": {
      "flour": "Safe", 
      "gluten": "no gluten here!", 
      "quantity": "4", 
      "substitute": "no substitute needed", 
      "unit": ""
    }, 
    "freshly ground black  pepper": {
      "flour": "Safe", 
      "gluten": "no gluten here!", 
      "quantity": "1/2", 
      "substitute": "no substitute needed", 
      "unit": "teaspoon"
    }, 
    "garlic clove, minced": {
      "flour": "Safe", 
      "gluten": "no gluten here!", 
      "quantity": "1", 
      "substitute": "no substitute needed", 
      "unit": ""
    }, 
    "kosher salt plus more": {
      "flour": "Safe", 
      "gluten": "no gluten here!", 
      "quantity": "1", 
      "substitute": "no substitute needed", 
      "unit": "teaspoon"
    }, 
    "mixed minced fresh herbs (such as chives, parsley, and thyme)": {
      "flour": "Safe", 
      "gluten": "no gluten here!", 
      "quantity": "1", 
      "substitute": "no substitute needed", 
      "unit": "tablespoon"
    }, 
    "olive oil": {
      "flour": "Safe", 
      "gluten": "no gluten here!", 
      "quantity": "1", 
      "substitute": "no substitute needed", 
      "unit": "tablespoon"
    }
  }, 
  "instructions": [
    "If using cornbread, preheat oven to 375\u00b0. Scatter cornbread on a small rimmed baking sheet. Bake cornbread crumbs until dry and lightly toasted in spots, about 10 minutes. Let crumbs cool on baking sheet on a wire rack. Set aside.", 
    "Meanwhile, build a medium-high fire in a charcoal grill, or heat a gas grill to high. Mash butter and minced garlic in a small bowl to blend. Add herbs, 1 tsp. salt, and 1/2 tsp. pepper; mix until well blended. Set herb butter aside.", 
    "Brush corn with oil; season lightly with salt. Grill corn, turning ears occasionally, until kernels are tender and nicely charred all over, about 10 minutes.", 
    "Transfer ears of corn to a cutting board. Using oven mitts, hold down corn and cut each ear crosswise into 4 pieces. Place on a platter.", 
    "Brush herb butter all over each piece of corn. Sprinkle chopped toasted corn, then toasted cornbread crumbs, if using, over buttered corn."
  ], 
  "keywords": [
    "Butter", 
    "Chefs Day Off Recipes", 
    "Chive", 
    "Corn Recipes", 
    "Cornbread", 
    "Fast Easy Fresh", 
    "Grilled Vegetable Recipes", 
    "Grilling Food", 
    "Herb Recipes", 
    "Parsley Recipes", 
    "Side", 
    "Thyme Recipes", 
    "Vegetarian Food", 
    "Weeknight Recipes"
  ], 
  "name": "Grilled Corn with Herb Butter and Corn Nuts", 
  "proteinContent": "Protein (g) 4", 
  "saturatedFatContent": "Saturated Fat (g) 15", 
  "servings": "Servings: 4", 
  "sodiumContent": "Sodium (mg) 570", 
  "sugarContent": "Total Sugars (g) 3", 
  "url": "http://www.bonappetit.com/recipe/grilled-corn-with-herb-butter-and-corn-nuts"
}