{
  "calories": "", 
  "carbohydrateContent": "", 
  "cholesterolContent": "", 
  "description": "Moscow Mules are usually made with bottled ginger beer, but nothing compares to the aromatic heat from the real thing.", 
  "fatContent": "", 
  "fiberContent": "", 
  "image": "http://www.bonappetit.com/wp-content/uploads/2014/06/fresh-ginger-moscow-mule-940x600.jpg", 
  "ingredients": {
    "candied ginger (for serving)": {
      "flour": "Safe", 
      "gluten": "no gluten here!", 
      "quantity": "", 
      "substitute": "no substitute needed", 
      "unit": ""
    }, 
    "finely grated peeled ginger": {
      "flour": "Safe", 
      "gluten": "no gluten here!", 
      "quantity": "1", 
      "substitute": "no substitute needed", 
      "unit": "teaspoon"
    }, 
    "lime wedge": {
      "flour": "Safe", 
      "gluten": "no gluten here!", 
      "quantity": "1", 
      "substitute": "no substitute needed", 
      "unit": ""
    }, 
    "oz. club soda": {
      "flour": "Safe", 
      "gluten": "no gluten here!", 
      "quantity": "2", 
      "substitute": "no substitute needed", 
      "unit": ""
    }, 
    "oz. fresh lime juice": {
      "flour": "Safe", 
      "gluten": "no gluten here!", 
      "quantity": "1", 
      "substitute": "no substitute needed", 
      "unit": ""
    }, 
    "oz. simple syrup": {
      "flour": "Safe", 
      "gluten": "no gluten here!", 
      "quantity": "1\u00bd", 
      "substitute": "no substitute needed", 
      "unit": ""
    }, 
    "oz. vodka": {
      "flour": "Safe", 
      "gluten": "no gluten here!", 
      "quantity": "2", 
      "substitute": "no substitute needed", 
      "unit": ""
    }
  }, 
  "instructions": [
    "Combine vodka, simple syrup, lime juice, and ginger in a cocktail shaker; fill shaker with ice. Shake until outside of shaker is frosty, about 30 seconds. Strain into a highball glass filled with ice; top off with club soda and garnish with lime wedge and candied ginger."
  ], 
  "keywords": [
    "Cocktails", 
    "Drink Recipes", 
    "Drinks", 
    "Ginger Recipes", 
    "Lime Recipes", 
    "Rsvp", 
    "Vodka Drinks"
  ], 
  "name": "Fresh Ginger Moscow Mule", 
  "proteinContent": "", 
  "saturatedFatContent": "", 
  "servings": "Servings: Makes 1", 
  "sodiumContent": "", 
  "sugarContent": "", 
  "url": "http://www.bonappetit.com/recipe/fresh-ginger-moscow-mule"
}