{
  "calories": "Calories (kcal) 621.6", 
  "carbohydrateContent": "Carbohydrates (g) 34.7", 
  "cholesterolContent": "Cholesterol (mg) 65.8", 
  "fatContent": "Fat (g) 40.6", 
  "fiberContent": "Dietary Fiber (g) 3.1", 
  "image": "http://www.bonappetit.com/wp-content/uploads/2009/07/grilled-skirt-steak-and-pepper-sandwiches-with-corn-mayonnaise-940x600.jpg", 
  "ingredients": {
    "4-inch-long baguette sections or one 1-pound loaf ciabatta, halved horizontally": {
      "flour": "Safe", 
      "gluten": "gluten here!", 
      "quantity": "6", 
      "substitute": "gluten-free bread", 
      "unit": ""
    }, 
    "chopped fresh basil": {
      "flour": "Safe", 
      "gluten": "no gluten here!", 
      "quantity": "1", 
      "substitute": "no substitute needed", 
      "unit": "tablespoon"
    }, 
    "chopped fresh oregano": {
      "flour": "Safe", 
      "gluten": "no gluten here!", 
      "quantity": "1", 
      "substitute": "no substitute needed", 
      "unit": "tablespoon"
    }, 
    "ears of corn, husked": {
      "flour": "Safe", 
      "gluten": "no gluten here!", 
      "quantity": "2", 
      "substitute": "no substitute needed", 
      "unit": ""
    }, 
    "large red onion, cut into 1/3-inch rounds": {
      "flour": "Safe", 
      "gluten": "no gluten here!", 
      "quantity": "1", 
      "substitute": "no substitute needed", 
      "unit": ""
    }, 
    "mayonnaise": {
      "flour": "Safe", 
      "gluten": "no gluten here!", 
      "quantity": "2/3", 
      "substitute": "no substitute needed", 
      "unit": "cup"
    }, 
    "olive oil (for brushing)": {
      "flour": "Safe", 
      "gluten": "no gluten here!", 
      "quantity": "", 
      "substitute": "no substitute needed", 
      "unit": ""
    }, 
    "red wine vinegar": {
      "flour": "Safe", 
      "gluten": "no gluten here!", 
      "quantity": "1 1/2", 
      "substitute": "no substitute needed", 
      "unit": "tablespoons"
    }, 
    "small garlic clove, pressed": {
      "flour": "Safe", 
      "gluten": "no gluten here!", 
      "quantity": "1", 
      "substitute": "no substitute needed", 
      "unit": ""
    }, 
    "small red bell peppers, quartered lengthwise": {
      "flour": "Safe", 
      "gluten": "no gluten here!", 
      "quantity": "2", 
      "substitute": "no substitute needed", 
      "unit": ""
    }, 
    "to 1 1/2 pounds skirt steak, cut crosswise into 6-inch pieces": {
      "flour": "Safe", 
      "gluten": "no gluten here!", 
      "quantity": "1 1/4", 
      "substitute": "no substitute needed", 
      "unit": ""
    }
  }, 
  "instructions": [
    "Prepare barbecue (high heat). Whisk first 5 ingredients in medium bowl. Set aside. Pull out some of inside of bread, forming thick shells. Brush corn, peppers, onion, cut sides of bread, and steaks with olive oil. Sprinkle with salt and pepper. Grill vegetables until charred and just tender and steaks until charred and cooked to medium-rare, about 15 minutes for corn, 8 to 10 minutes for peppers, and 5 to 8 minutes for onion, turning occasionally, and 3 minutes per side for steaks. Let steaks rest 5 minutes. Grill bread, cut side down, until charred, about 2 to 3 minutes.", 
    "Cut corn from cobs; add 1 cup to bowl with mayonnaise mixture and stir to coat. Season to taste with salt and pepper.", 
    "Cut steaks diagonally against the grain into 1/3- to 1/2-inch-thick strips. Arrange steak slices, peppers, and onion over bottom halves of bread. Spoon corn mayonnaise over. Top with bread, pressing slightly to compact. (If using ciabatta, cut into 6 sandwiches.)"
  ], 
  "keywords": [
    "Barbecue", 
    "Basil", 
    "Bell Pepper", 
    "Bread", 
    "Corn", 
    "Dinner", 
    "Easy", 
    "Easy Recipes", 
    "Fall", 
    "Fast", 
    "Fathers Day", 
    "Fresh", 
    "Garlic", 
    "Grill", 
    "Grilling", 
    "High Fiber", 
    "Lunch", 
    "Main Dishes", 
    "Mayonnaise", 
    "Meat Recipes", 
    "Onion", 
    "Oregano", 
    "Quick", 
    "Quick &amp; Easy", 
    "Sandwich", 
    "Sandwich Recipes", 
    "Simple", 
    "Steak", 
    "Steak Recipes", 
    "Summer", 
    "Vinegar"
  ], 
  "name": "Grilled Skirt Steak and Pepper Sandwiches with Corn Mayonnaise", 
  "proteinContent": "Protein (g) 28.9", 
  "saturatedFatContent": "Saturated Fat (g) 11.1", 
  "servings": "Servings: Makes 6", 
  "sodiumContent": "", 
  "sugarContent": "", 
  "url": "http://www.bonappetit.com/recipe/grilled-skirt-steak-and-pepper-sandwiches-with-corn-mayonnaise"
}