{
  "calories": "", 
  "carbohydrateContent": "", 
  "cholesterolContent": "", 
  "description": "A colorful and spicy (but not fiery!) side breaks up all the heavy, rich dishes on the table.", 
  "fatContent": "", 
  "fiberContent": "", 
  "image": "http://www.bonappetit.com/wp-content/uploads/2014/10/harissa-and-maple-roasted-carrots-940x600.jpg", 
  "ingredients": {
    "cumin seeds": {
      "flour": "Safe", 
      "gluten": "no gluten here!", 
      "quantity": "2", 
      "substitute": "no substitute needed", 
      "unit": "teaspoons"
    }, 
    "garlic cloves, finely grated": {
      "flour": "Safe", 
      "gluten": "no gluten here!", 
      "quantity": "2", 
      "substitute": "no substitute needed", 
      "unit": ""
    }, 
    "harissa paste": {
      "flour": "Safe", 
      "gluten": "no gluten here!", 
      "quantity": "1", 
      "substitute": "no substitute needed", 
      "unit": "tablespoon"
    }, 
    "kosher salt and freshly ground black pepper": {
      "flour": "Safe", 
      "gluten": "no gluten here!", 
      "quantity": "", 
      "substitute": "no substitute needed", 
      "unit": ""
    }, 
    "lemon, thinly sliced, seeds removed": {
      "flour": "Safe", 
      "gluten": "no gluten here!", 
      "quantity": "1", 
      "substitute": "no substitute needed", 
      "unit": ""
    }, 
    "olive oil": {
      "flour": "Safe", 
      "gluten": "no gluten here!", 
      "quantity": "\u00bc", 
      "substitute": "no substitute needed", 
      "unit": "cup"
    }, 
    "pure maple syrup": {
      "flour": "Safe", 
      "gluten": "no gluten here!", 
      "quantity": "\u00bc", 
      "substitute": "no substitute needed", 
      "unit": "cup"
    }, 
    "small rainbow carrots, scrubbed, tops trimmed to about \u00bd&rdquo;, halved": {
      "flour": "Safe", 
      "gluten": "no gluten here!", 
      "quantity": "2\u00bd", 
      "substitute": "no substitute needed", 
      "unit": "pounds"
    }
  }, 
  "instructions": [
    "Preheat oven to 450\u00b0. Whisk garlic, oil, maple syrup, harissa, and cumin seeds in a small bowl; season garlic mixture with salt and pepper.", 
    "Toss carrots and lemon with garlic mixture in a large roasting pan to coat; season with salt and pepper. Roast, tossing occasionally, until carrots are tender and lemons are caramelized, 35\u201340 minutes.", 
    "DO AHEAD:Carrots can be roasted 6 hours ahead. Let cool; cover and chill. Bring to room temperature or reheat slightly before serving."
  ], 
  "keywords": [
    "Carrot", 
    "Cumin", 
    "Harissa", 
    "Lemon", 
    "Maple Syrup", 
    "Side", 
    "Spicy Food", 
    "Vegetarian Recipes"
  ], 
  "name": "Harissa-and-Maple-Roasted Carrots", 
  "proteinContent": "", 
  "saturatedFatContent": "", 
  "servings": "Servings: 8", 
  "sodiumContent": "", 
  "sugarContent": "", 
  "url": "http://www.bonappetit.com/recipe/harissa-and-maple-roasted-carrots"
}