{
  "calories": "", 
  "carbohydrateContent": "", 
  "cholesterolContent": "", 
  "fatContent": "", 
  "fiberContent": "", 
  "image": "", 
  "ingredients": {
    "(1 stick) unsalted butter": {
      "flour": "Safe", 
      "gluten": "no gluten here!", 
      "quantity": "1/2", 
      "substitute": "no substitute needed", 
      "unit": "cup"
    }, 
    "(1 stick) unsalted butter, room temperature": {
      "flour": "Safe", 
      "gluten": "no gluten here!", 
      "quantity": "1/2", 
      "substitute": "no substitute needed", 
      "unit": "cup"
    }, 
    "(3 sticks) unsalted butter, room temperature": {
      "flour": "Safe", 
      "gluten": "no gluten here!", 
      "quantity": "1 1/2", 
      "substitute": "no substitute needed", 
      "unit": "cups"
    }, 
    "8-ounce packages cream cheese, room temperature": {
      "flour": "Safe", 
      "gluten": "no gluten here!", 
      "quantity": "2", 
      "substitute": "no substitute needed", 
      "unit": ""
    }, 
    "all purpose flour": {
      "flour": {
        "type": {
          "binder": {
            "type": "xanthum gum", 
            "weight": 0.5
          }, 
          "density": {
            "type": "brown rice flour", 
            "weight": 0.142
          }, 
          "fat": {
            "type": "almond flour", 
            "weight": 0.142
          }, 
          "leavener": "", 
          "lightness": {
            "type": "white rice flour", 
            "weight": 0.284
          }, 
          "protein": {
            "type": "sorghum flour", 
            "weight": 0.142
          }, 
          "starch": {
            "type": "potato starch", 
            "weight": 0.284
          }, 
          "stickiness": "", 
          "texture": ""
        }, 
        "weight": 125
      }, 
      "gluten": "gluten here!", 
      "quantity": "3 1/2", 
      "substitute": "flour ratio", 
      "unit": "cups"
    }, 
    "baking powder": {
      "flour": "Safe", 
      "gluten": "no gluten here!", 
      "quantity": "1", 
      "substitute": "no substitute needed", 
      "unit": "tablespoon"
    }, 
    "cornstarch": {
      "flour": "Safe", 
      "gluten": "no gluten here!", 
      "quantity": "2", 
      "substitute": "no substitute needed", 
      "unit": "tablespoons"
    }, 
    "large eggs": {
      "flour": "Safe", 
      "gluten": "no gluten here!", 
      "quantity": "5", 
      "substitute": "no substitute needed", 
      "unit": ""
    }, 
    "powdered sugar": {
      "flour": "Safe", 
      "gluten": "no gluten here!", 
      "quantity": "2", 
      "substitute": "no substitute needed", 
      "unit": "cups"
    }, 
    "salt": {
      "flour": "Safe", 
      "gluten": "no gluten here!", 
      "quantity": "1/2", 
      "substitute": "no substitute needed", 
      "unit": "teaspoon"
    }, 
    "sour cream": {
      "flour": "Safe", 
      "gluten": "no gluten here!", 
      "quantity": "1/4", 
      "substitute": "no substitute needed", 
      "unit": "cup"
    }, 
    "sugar": {
      "flour": "Safe", 
      "gluten": "no gluten here!", 
      "quantity": "2 1/4", 
      "substitute": "no substitute needed", 
      "unit": "cups"
    }, 
    "sweetened flaked coconut": {
      "flour": "Safe", 
      "gluten": "no gluten here!", 
      "quantity": "2 1/4", 
      "substitute": "no substitute needed", 
      "unit": "cups"
    }, 
    "sweetened flaked coconut, toasted": {
      "flour": "Safe", 
      "gluten": "no gluten here!", 
      "quantity": "4", 
      "substitute": "no substitute needed", 
      "unit": "cups"
    }, 
    "vanilla extract": {
      "flour": "Safe", 
      "gluten": "no gluten here!", 
      "quantity": "1", 
      "substitute": "no substitute needed", 
      "unit": "teaspoon"
    }, 
    "water": {
      "flour": "Safe", 
      "gluten": "no gluten here!", 
      "quantity": "2", 
      "substitute": "no substitute needed", 
      "unit": "tablespoons"
    }, 
    "whipping cream": {
      "flour": "Safe", 
      "gluten": "no gluten here!", 
      "quantity": "1 1/3", 
      "substitute": "no substitute needed", 
      "unit": "cups"
    }
  }, 
  "instructions": [
    "Stir cornstarch, 2 tablespoons water, and vanilla in small bowl to dissolve cornstarch. Bring cream, sugar, and butter to boil in heavy medium saucepan. Add cornstarch mixture and bring to boil. Remove from heat and stir in coconut. Cool completely. Mix in sour cream. Cover and refrigerate overnight.", 
    "Preheat oven to 325\u00b0F. Butter and flour three 9-inch round cake pans. Whisk flour, baking powder and salt in large bowl to blend. Using electric mixer, beat sugar and butter in another large bowl to blend. Add eggs 1 at a time, beating well after each addition. Beat in cream and vanilla. Stir flour mixture into butter mixture. Divide batter equally among pans. Bake until tester inserted into center of cakes comes out clean, about 35 minutes. Cool completely.", 
    "Using electric mixer, beat cream cheese and butter in large bowl to blend. Beat in powdered sugar and vanilla extract.", 
    "Place 1 cake layer on cake plate. Top with half of filling. Place second cake layer atop filling. Top with remaining filling. Place third cake layer atop filling. Spread frosting over top and sides of cake. Pat toasted coconut over top and sides of cake, pressing gently to adhere. DO AHEAD Can be prepared up to 1 day ahead. Cover and refrigerate. Let stand at room temperature 3 hours before serving."
  ], 
  "keywords": [
    "Cake Recipes", 
    "Coconut", 
    "Cream Cheese Recipes", 
    "Egg Recipes", 
    "Kid-Friendly Recipes", 
    "Large Groups", 
    "Sour Cream Recipes", 
    "Southern Food"
  ], 
  "name": "Giant Coconut Layer Cake", 
  "proteinContent": "", 
  "saturatedFatContent": "", 
  "servings": "Servings: Makes 12", 
  "sodiumContent": "", 
  "sugarContent": "", 
  "url": "http://www.bonappetit.com/recipe/giant-coconut-layer-cake"
}