{
  "calories": "", 
  "carbohydrateContent": "", 
  "cholesterolContent": "", 
  "description": "The black pepper butter for this grilled steak melts into a rich sauce&mdash;and pairs well with the radishes, too.", 
  "fatContent": "", 
  "fiberContent": "", 
  "image": "http://www.bonappetit.com/wp-content/uploads/2013/08/grilled-steak-and-radishes-with-black-pepper-butter.jpg", 
  "ingredients": {
    "(1 stick) unsalted butter, room temperature": {
      "flour": "Safe", 
      "gluten": "no gluten here!", 
      "quantity": "1/2", 
      "substitute": "no substitute needed", 
      "unit": "cup"
    }, 
    "coarsely ground black pepper plus more": {
      "flour": "Safe", 
      "gluten": "no gluten here!", 
      "quantity": "1", 
      "substitute": "no substitute needed", 
      "unit": "tsp"
    }, 
    "flaky sea salt (such as maldon)": {
      "flour": "Safe", 
      "gluten": "no gluten here!", 
      "quantity": "", 
      "substitute": "no substitute needed", 
      "unit": ""
    }, 
    "hanger, flank, or skirt steak": {
      "flour": "Safe", 
      "gluten": "no gluten here!", 
      "quantity": "1 1/2", 
      "substitute": "no substitute needed", 
      "unit": "pounds"
    }, 
    "kosher salt plus more": {
      "flour": "Safe", 
      "gluten": "no gluten here!", 
      "quantity": "1/2", 
      "substitute": "no substitute needed", 
      "unit": "tsp"
    }, 
    "lemon wedges (for serving)": {
      "flour": "Safe", 
      "gluten": "no gluten here!", 
      "quantity": "", 
      "substitute": "no substitute needed", 
      "unit": ""
    }, 
    "radishes with greens, halved": {
      "flour": "Safe", 
      "gluten": "no gluten here!", 
      "quantity": "1", 
      "substitute": "no substitute needed", 
      "unit": "bunch"
    }, 
    "vegetable oil plus more for grill": {
      "flour": "Safe", 
      "gluten": "no gluten here!", 
      "quantity": "1", 
      "substitute": "no substitute needed", 
      "unit": "tablespoon"
    }
  }, 
  "instructions": [
    "Prepare grill for medium-high heat; lightly oil grill grate. Mix butter, 1 teaspoon pepper, and 1/2 teaspoons kosher salt in a small bowl; set aside.", 
    "Season steak with kosher salt and pepper. Grill, turning occasionally, 7\u201310 minutes for medium-rare. Let rest 5 minutes, then top with pepper butter.", 
    "Meanwhile, combine radishes and remaining 1 tablespoon oil in a medium bowl; season with kosher salt and pepper and toss to coat. Grill radishes until crisp-tender, about 2 minutes per side.", 
    "Season steak with sea salt, slice, and serve with radishes and lemon wedges."
  ], 
  "keywords": [
    "Beef Recipes", 
    "Dinner", 
    "Fast Easy Fresh", 
    "Grilled Beef Recipes", 
    "Grilling Food", 
    "Quick Recipes", 
    "Radish Recipes", 
    "Steak Recipes", 
    "Summer Food"
  ], 
  "name": "Grilled Steak and Radishes with Black Pepper Butter", 
  "proteinContent": "", 
  "saturatedFatContent": "", 
  "servings": "Servings: 4", 
  "sodiumContent": "", 
  "sugarContent": "", 
  "url": "http://www.bonappetit.com/recipe/grilled-steak-and-radishes-with-black-pepper-butter"
}