{
  "calories": "", 
  "carbohydrateContent": "", 
  "cholesterolContent": "", 
  "fatContent": "", 
  "fiberContent": "", 
  "image": "http://www.bonappetit.com/wp-content/uploads/2013/07/grilled-vegetable-and-rice-salad-with-fish-sauce-vinaigrette-6461.jpg", 
  "ingredients": {
    "(loosely packed) mixed fresh tender herbs (such as basil, cilantro, fennel fronds, marjoram, mint, and tarragon)": {
      "flour": "Safe", 
      "gluten": "no gluten here!", 
      "quantity": "2", 
      "substitute": "no substitute needed", 
      "unit": "cups"
    }, 
    "12 okra pods": {
      "flour": "Safe", 
      "gluten": "no gluten here!", 
      "quantity": "", 
      "substitute": "no substitute needed", 
      "unit": ""
    }, 
    "ears of corn, shucked": {
      "flour": "Safe", 
      "gluten": "no gluten here!", 
      "quantity": "3", 
      "substitute": "no substitute needed", 
      "unit": ""
    }, 
    "fish sauce (such as nuoc nam or nam pla)": {
      "flour": "Safe", 
      "gluten": "no gluten here!", 
      "quantity": "2", 
      "substitute": "no substitute needed", 
      "unit": "tablespoons"
    }, 
    "fresh lime juice": {
      "flour": "Safe", 
      "gluten": "no gluten here!", 
      "quantity": "1", 
      "substitute": "no substitute needed", 
      "unit": "tablespoon"
    }, 
    "garlic clove, minced": {
      "flour": "Safe", 
      "gluten": "no gluten here!", 
      "quantity": "1", 
      "substitute": "no substitute needed", 
      "unit": ""
    }, 
    "large zucchini, halved lengthwise, centers scooped out": {
      "flour": "Safe", 
      "gluten": "no gluten here!", 
      "quantity": "2", 
      "substitute": "no substitute needed", 
      "unit": ""
    }, 
    "long red chiles (such as holland or anaheim), stemmed": {
      "flour": "Safe", 
      "gluten": "no gluten here!", 
      "quantity": "2", 
      "substitute": "no substitute needed", 
      "unit": ""
    }, 
    "palm sugar or (packed) light brown sugar": {
      "flour": "Safe", 
      "gluten": "no gluten here!", 
      "quantity": "1", 
      "substitute": "no substitute needed", 
      "unit": "teaspoon"
    }, 
    "sea salt": {
      "flour": "Safe", 
      "gluten": "no gluten here!", 
      "quantity": "1", 
      "substitute": "no substitute needed", 
      "unit": "tablespoon"
    }, 
    "small eggplant, cut lengthwise into 1' slices": {
      "flour": "Safe", 
      "gluten": "no gluten here!", 
      "quantity": "1", 
      "substitute": "no substitute needed", 
      "unit": ""
    }, 
    "steamed jasmine rice": {
      "flour": "Safe", 
      "gluten": "no gluten here!", 
      "quantity": "4", 
      "substitute": "no substitute needed", 
      "unit": "cups"
    }, 
    "unsweetened shredded coconut (optional)": {
      "flour": "Safe", 
      "gluten": "no gluten here!", 
      "quantity": "1/4", 
      "substitute": "no substitute needed", 
      "unit": "cup"
    }, 
    "vegetable oil": {
      "flour": "Safe", 
      "gluten": "no gluten here!", 
      "quantity": "", 
      "substitute": "no substitute needed", 
      "unit": ""
    }
  }, 
  "instructions": [
    "Preheat oven to 250 \u00b0. Spread out coconut (if using) on a rimmed baking sheet. Bake, stirring often, until golden brown, about 10 minutes. Let cool on pan.", 
    "Build a medium-hot fire in a charcoal grill, or heat a gas grill to high. Brush grill grates with oil. Meanwhile, combine okra, corn, zucchini, chiles, eggplant, and salt in a large bowl; drizzle with oil and toss to coat. Grill vegetables (use a grill basket if you have one), turning frequently, until crisp-tender and lightly charred, about 8 minutes. Place chiles in a medium bowl; cover tightly with plastic to let steam for easy peeling. Set chiles aside for dressing.", 
    "Cut corn kernels from cobs; place in a large bowl. Cut zucchini and eggplant into irregular 1\" pieces; place in bowl with corn. Trim any tough tops from okra and cut okra in half lengthwise; add to bowl. Set aside.", 
    "Peel or scrape off charred skin from chiles and discard. Pur\u00e9e chiles (with seeds) and garlic in a food processor or mash with a mortar and pestle until a coarse paste forms. Add sugar and process or pound until dissolved. Stir in fish sauce and lime juice.", 
    "Drizzle dressing over warm vegetables; add herbs and toasted coconut (if using); toss well.", 
    "Scoop steamed rice onto a platter and top with salad."
  ], 
  "keywords": [
    "Grilled Vegetable Recipes", 
    "Grilling Food", 
    "High Fiber", 
    "Low Cholesterol Recipes", 
    "Low-Calorie Recipes", 
    "Malaysian Food", 
    "Malaysian Grilling Recipes", 
    "Rice Recipes", 
    "Salad", 
    "Salad Recipes", 
    "Sides", 
    "Southeast Asian Food", 
    "Vegetable Recipes"
  ], 
  "name": "Grilled Vegetable and Rice Salad with Fish-Sauce Vinaigrette", 
  "proteinContent": "", 
  "saturatedFatContent": "", 
  "servings": "Servings: 4-6", 
  "sodiumContent": "", 
  "sugarContent": "", 
  "url": "http://www.bonappetit.com/recipe/grilled-vegetable-and-rice-salad-with-fish-sauce-vinaigrette"
}