{
  "calories": "", 
  "carbohydrateContent": "", 
  "cholesterolContent": "", 
  "fatContent": "", 
  "fiberContent": "", 
  "image": "http://www.bonappetit.com/wp-content/uploads/2013/07/homemade-muesli-646.jpg", 
  "ingredients": {
    "barley flakes": {
      "flour": "Safe", 
      "gluten": "gluten here!", 
      "quantity": "1", 
      "substitute": "quinoa", 
      "unit": "cup"
    }, 
    "chopped dried apricots": {
      "flour": "Safe", 
      "gluten": "no gluten here!", 
      "quantity": "1/4", 
      "substitute": "no substitute needed", 
      "unit": "cup"
    }, 
    "chopped roasted almonds": {
      "flour": "Safe", 
      "gluten": "no gluten here!", 
      "quantity": "1/4", 
      "substitute": "no substitute needed", 
      "unit": "cup"
    }, 
    "dried cranberries or chopped dates": {
      "flour": "Safe", 
      "gluten": "no gluten here!", 
      "quantity": "1/4", 
      "substitute": "no substitute needed", 
      "unit": "cup"
    }, 
    "flaxseed meal": {
      "flour": "Safe", 
      "gluten": "no gluten here!", 
      "quantity": "1/2", 
      "substitute": "no substitute needed", 
      "unit": "cup"
    }, 
    "kosher salt": {
      "flour": "Safe", 
      "gluten": "no gluten here!", 
      "quantity": "1/4", 
      "substitute": "no substitute needed", 
      "unit": "teaspoon"
    }, 
    "old-fashioned oats": {
      "flour": "Safe", 
      "gluten": "no gluten here!", 
      "quantity": "1 1/2", 
      "substitute": "no substitute needed", 
      "unit": "cups"
    }, 
    "rye flakes": {
      "flour": "Safe", 
      "gluten": "no gluten here!", 
      "quantity": "1", 
      "substitute": "no substitute needed", 
      "unit": "cup"
    }, 
    "shelled pumpkin seeds (pepitas)": {
      "flour": "Safe", 
      "gluten": "gluten here!", 
      "quantity": "1/4", 
      "substitute": "gluten-free bread", 
      "unit": "cup"
    }
  }, 
  "instructions": [
    "Mix all ingredients in a bowl. DO AHEAD: Can be made 1 month ahead. Store airtight in a cool, dry place."
  ], 
  "keywords": [
    "Grain Recipes", 
    "Granola Recipes", 
    "Healthy Newsletter Recipes", 
    "Healthy Recipes", 
    "Muesli Recipes", 
    "Oat Recipes"
  ], 
  "name": "Homemade Muesli", 
  "proteinContent": "", 
  "saturatedFatContent": "", 
  "servings": "Servings: Makes about 4 cups", 
  "sodiumContent": "", 
  "sugarContent": "", 
  "url": "http://www.bonappetit.com/recipe/homemade-muesli"
}