{
  "calories": "", 
  "carbohydrateContent": "", 
  "cholesterolContent": "", 
  "fatContent": "", 
  "fiberContent": "", 
  "image": "http://www.bonappetit.com/wp-content/uploads/2009/04/grilled-veggie-and-tofu-stak-with-balsamic-and-mint-940x600.jpg", 
  "ingredients": {
    "12-ounce container extra-firm tofu, cut crosswise into 8 slices, drained on paper towels": {
      "flour": "Safe", 
      "gluten": "no gluten here!", 
      "quantity": "1", 
      "substitute": "no substitute needed", 
      "unit": ""
    }, 
    "3-inch-diameter portobello or shiitake mushrooms, stems removed": {
      "flour": "Safe", 
      "gluten": "no gluten here!", 
      "quantity": "4", 
      "substitute": "no substitute needed", 
      "unit": ""
    }, 
    "balsamic vinegar": {
      "flour": "Safe", 
      "gluten": "no gluten here!", 
      "quantity": "1/3", 
      "substitute": "no substitute needed", 
      "unit": "cup"
    }, 
    "garlic cloves, minced": {
      "flour": "Safe", 
      "gluten": "no gluten here!", 
      "quantity": "2", 
      "substitute": "no substitute needed", 
      "unit": ""
    }, 
    "japanese eggplant, trimmed, cut lengthwise into four 4-inch-long slices": {
      "flour": "Safe", 
      "gluten": "no gluten here!", 
      "quantity": "1", 
      "substitute": "no substitute needed", 
      "unit": ""
    }, 
    "olive oil": {
      "flour": "Safe", 
      "gluten": "no gluten here!", 
      "quantity": "2/3", 
      "substitute": "no substitute needed", 
      "unit": "cup"
    }, 
    "red bell pepper, rounded ends trimmed, seeded, cut lengthwise into 4 pieces": {
      "flour": "Safe", 
      "gluten": "no gluten here!", 
      "quantity": "1", 
      "substitute": "no substitute needed", 
      "unit": ""
    }, 
    "small head of radicchio, quartered through root end": {
      "flour": "Safe", 
      "gluten": "no gluten here!", 
      "quantity": "1", 
      "substitute": "no substitute needed", 
      "unit": ""
    }, 
    "thinly sliced fresh mint leaves plus sprigs for garnish": {
      "flour": "Safe", 
      "gluten": "no gluten here!", 
      "quantity": "1/3", 
      "substitute": "no substitute needed", 
      "unit": "cup"
    }, 
    "zucchini, trimmed, cut lengthwise into four 4-inch-long slices": {
      "flour": "Safe", 
      "gluten": "no gluten here!", 
      "quantity": "1", 
      "substitute": "no substitute needed", 
      "unit": ""
    }
  }, 
  "instructions": [
    "Prepare barbecue (medium-high heat). Place vinegar and minced garlic in large bowl. Gradually whisk in olive oil. Stir in sliced mint. Season marinade to taste with salt and pepper.", 
    "Working in batches, add tofu to marinade and turn to coat. Transfer tofu to baking sheet and sprinkle with salt and pepper. Add zucchini, bell pepper, eggplant, mushrooms, and radicchio to marinade in bowl and toss to coat.", 
    "Place zucchini, pepper, eggplant, and mushrooms on grill. Sprinkle with salt and pepper. Cook until charred and softened, turning occasionally, about 6 minutes. Transfer to baking sheet. Place tofu and radicchio on grill. Cook until tofu is charred and radicchio is charred and wilted, about 2 minutes per side.", 
    "Stack tofu and vegetables on plates. Garnish with mint sprigs and serve."
  ], 
  "keywords": [
    "Barbecue", 
    "Bell Pepper", 
    "Dinner", 
    "Dinner Party", 
    "Easy", 
    "Easy Recipes", 
    "Eggplant", 
    "Fast", 
    "First Course", 
    "Fresh", 
    "Grilled Vegetable Recipes", 
    "Grilled Vegetables", 
    "Grilled Veggie Recipes", 
    "Grilled Veggies", 
    "Grilling", 
    "Healthy", 
    "Healthy Recipes", 
    "High Fiber", 
    "Low Cal", 
    "Low Cholesterol", 
    "Lunch", 
    "Main Course", 
    "Main Dishes", 
    "Mint", 
    "Mushroom", 
    "Mushrooms", 
    "Peppers", 
    "Portobello", 
    "Quick", 
    "Quick &amp; Easy", 
    "Radicchio", 
    "Shiitake Mushrooms", 
    "Simple", 
    "Summer", 
    "Tofu", 
    "Vegan", 
    "Vegan Recipes", 
    "Vegetable", 
    "Vegetable Recipes", 
    "Vegetarian", 
    "Vegetarian Recipes", 
    "Vinegar", 
    "Zucchini"
  ], 
  "name": "Grilled Veggie and Tofu Stack with Balsamic and Mint", 
  "proteinContent": "", 
  "saturatedFatContent": "", 
  "servings": "Servings: 4", 
  "sodiumContent": "", 
  "sugarContent": "", 
  "url": "http://www.bonappetit.com/recipe/grilled-veggie-and-tofu-stack-with-balsamic-and-mint"
}