{
  "calories": "", 
  "carbohydrateContent": "", 
  "cholesterolContent": "", 
  "description": "\u201cDon\u2019t try this with iceberg,\u201d advises Roberta\u2019s chef Carlo Mirarchi. Flavorful, robust lettuces work best, allowing you to get grill marks on one side while the rest wilts.", 
  "fatContent": "", 
  "fiberContent": "", 
  "image": "http://www.bonappetit.com/wp-content/uploads/2014/07/grilled-lettuces-with-creme-fraiche-and-avocado-940x600.jpg", 
  "ingredients": {
    "avocado, cut into quarters": {
      "flour": "Safe", 
      "gluten": "no gluten here!", 
      "quantity": "1", 
      "substitute": "no substitute needed", 
      "unit": ""
    }, 
    "cr\u00e8me fra\u00eeche": {
      "flour": "Safe", 
      "gluten": "no gluten here!", 
      "quantity": "\u00bd", 
      "substitute": "no substitute needed", 
      "unit": "cup"
    }, 
    "flaky sea salt (such as maldon)": {
      "flour": "Safe", 
      "gluten": "no gluten here!", 
      "quantity": "", 
      "substitute": "no substitute needed", 
      "unit": ""
    }, 
    "fresh lemon juice": {
      "flour": "Safe", 
      "gluten": "no gluten here!", 
      "quantity": "2", 
      "substitute": "no substitute needed", 
      "unit": "tablespoons"
    }, 
    "kosher salt and freshly ground black pepper": {
      "flour": "Safe", 
      "gluten": "no gluten here!", 
      "quantity": "", 
      "substitute": "no substitute needed", 
      "unit": ""
    }, 
    "mizuna or baby mustard greens": {
      "flour": "Safe", 
      "gluten": "no gluten here!", 
      "quantity": "1", 
      "substitute": "no substitute needed", 
      "unit": "cup"
    }, 
    "olive oil, divided, plus more": {
      "flour": "Safe", 
      "gluten": "no gluten here!", 
      "quantity": "3", 
      "substitute": "no substitute needed", 
      "unit": "tablespoons"
    }, 
    "romaine lettuce hearts and/or large heads of treviso radicchio, halved lengthwise": {
      "flour": "Safe", 
      "gluten": "no gluten here!", 
      "quantity": "2", 
      "substitute": "no substitute needed", 
      "unit": ""
    }
  }, 
  "instructions": [
    "Prepare grill for medium-high heat. Brush cut sides of lettuce with a total of 2 Tbsp. oil; season with kosher salt and pepper. Grill lettuce, cut side down, until lightly charred, about 2 minutes.", 
    "Toss mizuna with 1 Tbsp. oil in a medium bowl; season with kosher salt.", 
    "Dollop cr\u00e8me fra\u00eeche on a platter and top with grilled lettuce and avocado; scatter mizuna over. Drizzle with lemon juice and more oil; season with sea salt and pepper."
  ], 
  "keywords": [
    "Avocados", 
    "Creme Fraiche", 
    "Dinner", 
    "Grilling Food", 
    "Lemon", 
    "Lettuce", 
    "Mustard Greens", 
    "Radicchio", 
    "summer casual recipes", 
    "Summer Food", 
    "Vegetarian Recipes"
  ], 
  "name": "Grilled Lettuces with Cr\u00e8me Fra\u00eeche and Avocado", 
  "proteinContent": "", 
  "saturatedFatContent": "", 
  "servings": "Servings: 4", 
  "sodiumContent": "", 
  "sugarContent": "", 
  "url": "http://www.bonappetit.com/recipe/grilled-lettuces-with-creme-fraiche-and-avocado"
}