{
  "calories": "", 
  "carbohydrateContent": "", 
  "cholesterolContent": "", 
  "description": "Spicyhorseradish creamand maltyGuinness mustardamp up the flavor of this home-corned beef", 
  "fatContent": "", 
  "fiberContent": "", 
  "image": "http://www.bonappetit.com/wp-content/uploads/2008/03/homemade-irish-corned-beef-and-vegetables-940x600.jpg", 
  "ingredients": {
    "(packed) golden brown sugar": {
      "flour": "Safe", 
      "gluten": "no gluten here!", 
      "quantity": "1", 
      "substitute": "no substitute needed", 
      "unit": "cup"
    }, 
    "12-ounce bottle guinness stout or other stout or porter": {
      "flour": "Safe", 
      "gluten": "no gluten here!", 
      "quantity": "1", 
      "substitute": "no substitute needed", 
      "unit": ""
    }, 
    "2-pound head of cabbage, quartered": {
      "flour": "Safe", 
      "gluten": "no gluten here!", 
      "quantity": "1", 
      "substitute": "no substitute needed", 
      "unit": ""
    }, 
    "6- to 8-pound flat-cut beef brisket, trimmed, with some fat remaining": {
      "flour": "Safe", 
      "gluten": "no gluten here!", 
      "quantity": "1", 
      "substitute": "no substitute needed", 
      "unit": ""
    }, 
    "baby turnips, trimmed, or 3 medium turnips or rutabagas, peeled, quartered": {
      "flour": "Safe", 
      "gluten": "no gluten here!", 
      "quantity": "12", 
      "substitute": "no substitute needed", 
      "unit": ""
    }, 
    "bay leaves": {
      "flour": "Safe", 
      "gluten": "no gluten here!", 
      "quantity": "4", 
      "substitute": "no substitute needed", 
      "unit": ""
    }, 
    "cheesecloth": {
      "flour": "Safe", 
      "gluten": "no gluten here!", 
      "quantity": "", 
      "substitute": "no substitute needed", 
      "unit": ""
    }, 
    "coarse kosher salt": {
      "flour": "Safe", 
      "gluten": "no gluten here!", 
      "quantity": "1 1/2", 
      "substitute": "no substitute needed", 
      "unit": "cups"
    }, 
    "coriander seeds": {
      "flour": "Safe", 
      "gluten": "no gluten here!", 
      "quantity": "1", 
      "substitute": "no substitute needed", 
      "unit": "tablespoon"
    }, 
    "dried chile de \u00e1rbol,** broken in half": {
      "flour": "Safe", 
      "gluten": "no gluten here!", 
      "quantity": "1", 
      "substitute": "no substitute needed", 
      "unit": ""
    }, 
    "guinness mustard": {
      "flour": "Safe", 
      "gluten": "no gluten here!", 
      "quantity": "", 
      "substitute": "no substitute needed", 
      "unit": ""
    }, 
    "horseradish cream": {
      "flour": "Safe", 
      "gluten": "no gluten here!", 
      "quantity": "", 
      "substitute": "no substitute needed", 
      "unit": ""
    }, 
    "insta cure no. 1* (optional)": {
      "flour": "Safe", 
      "gluten": "no gluten here!", 
      "quantity": "1 1/2", 
      "substitute": "no substitute needed", 
      "unit": "tablespoons"
    }, 
    "lager beer": {
      "flour": "Safe", 
      "gluten": "gluten here!", 
      "quantity": "2", 
      "substitute": "gluten-free beer", 
      "unit": "cups"
    }, 
    "medium carrots, peeled": {
      "flour": "Safe", 
      "gluten": "no gluten here!", 
      "quantity": "6", 
      "substitute": "no substitute needed", 
      "unit": ""
    }, 
    "medium onions, peeled, halved through root ends": {
      "flour": "Safe", 
      "gluten": "no gluten here!", 
      "quantity": "4", 
      "substitute": "no substitute needed", 
      "unit": ""
    }, 
    "medium parsnips, peeled, cut into 2-inch lengths": {
      "flour": "Safe", 
      "gluten": "no gluten here!", 
      "quantity": "2", 
      "substitute": "no substitute needed", 
      "unit": ""
    }, 
    "pickling spices": {
      "flour": "Safe", 
      "gluten": "no gluten here!", 
      "quantity": "1/4", 
      "substitute": "no substitute needed", 
      "unit": "cup"
    }, 
    "unpeeled medium white-skinned or red-skinned potatoes (about 3 pounds)": {
      "flour": "Safe", 
      "gluten": "no gluten here!", 
      "quantity": "8", 
      "substitute": "no substitute needed", 
      "unit": ""
    }, 
    "water": {
      "flour": "Safe", 
      "gluten": "no gluten here!", 
      "quantity": "6", 
      "substitute": "no substitute needed", 
      "unit": "cups"
    }, 
    "whole allspice": {
      "flour": "Safe", 
      "gluten": "no gluten here!", 
      "quantity": "2", 
      "substitute": "no substitute needed", 
      "unit": ""
    }
  }, 
  "instructions": [
    "Pour 6 cups water and beer into large deep roasting pan. Add coarse salt; stir until dissolved. Add sugar; stir until dissolved. If desired, stir in Insta Cure No. 1. Mix in pickling spices. Pierce brisket all over with tip of small sharp knife. Submerge brisket in liquid, then top with heavy platter to weigh down. Cover and refrigerate 4 days.", 
    "Remove brisket from brine. Stir liquid to blend. Return brisket to brine; top with heavy platter. Cover; refrigerate 4 days. Remove brisket from brine. Rinse with cold running water. Can be made 2 days ahead. Wrap corned beef in plastic, cover with foil, and refrigerate.", 
    "Place corned beef in very large wide pot. Add stout and enough water to cover by 1 inch. Wrap cheesecloth around bay leaves, coriander seeds, allspice, and chile, enclosing completely, and tie with kitchen string to secure. Add spice bag to pot with beef; bring to boil. Reduce heat to medium-low, cover, and simmer until beef is tender, about 2 1/4 hours. Transfer beef to large baking sheet.", 
    "Add turnips and all remaining vegetables to liquid in pot; bring to boil. Reduce heat to medium and boil gently until all vegetables are tender, about 25 minutes. Using slotted spoon, transfer vegetables to baking sheet with beef. Return beef to pot and rewarm 5 minutes. Discard spice bag.", 
    "Cut beef against grain into 1/4-inch thick slices. Arrange beef and vegetables on platter. Serve with Horseradish Cream and Guinness Mustard."
  ], 
  "keywords": [
    "Allspice", 
    "Baby Turnips", 
    "Bay Leaf", 
    "Beef", 
    "Beef Recipes", 
    "Beer", 
    "Brine", 
    "Brisket", 
    "Cabbage", 
    "Carrot", 
    "Carrot Recipes", 
    "Cooking Club", 
    "Corned Beef", 
    "Dinner", 
    "Guiness", 
    "Insta-Cure", 
    "Irish", 
    "Irish Food", 
    "Kosher Salt", 
    "Lager", 
    "Large Groups", 
    "Main Course", 
    "Main Dishes", 
    "Meat", 
    "Meat Recipes", 
    "Parsnip Recipes", 
    "Parsnips", 
    "Pickling Spice", 
    "Porter", 
    "Potato", 
    "Potato Recipes", 
    "Potatoes", 
    "Root Vegetable Recipes", 
    "Root Vegetables", 
    "Spice", 
    "St. Patricks Day", 
    "Stout", 
    "Turnip", 
    "Turnips", 
    "Vegetable", 
    "Winter"
  ], 
  "name": "Homemade Irish Corned Beef and Vegetables", 
  "proteinContent": "", 
  "saturatedFatContent": "", 
  "servings": "Servings: 6-8", 
  "sodiumContent": "", 
  "sugarContent": "", 
  "url": "http://www.bonappetit.com/recipe/homemade-irish-corned-beef-and-vegetables"
}