{
  "calories": "", 
  "carbohydrateContent": "", 
  "cholesterolContent": "", 
  "description": "Love a ham sandwich with mustard on rye? Those familiar flavors are reimagined in this easily achievable dish.", 
  "fatContent": "", 
  "fiberContent": "", 
  "image": "http://www.bonappetit.com/wp-content/uploads/2013/08/ham-o-day-with-rye-aioli.jpg", 
  "ingredients": {
    "cup extra-virgin olive oil": {
      "flour": "Safe", 
      "gluten": "no gluten here!", 
      "quantity": "\u00bd", 
      "substitute": "no substitute needed", 
      "unit": ""
    }, 
    "cup grapeseed or vegetable oil": {
      "flour": "Safe", 
      "gluten": "no gluten here!", 
      "quantity": "1", 
      "substitute": "no substitute needed", 
      "unit": ""
    }, 
    "cup whole grain mustard": {
      "flour": "Safe", 
      "gluten": "no gluten here!", 
      "quantity": "1", 
      "substitute": "no substitute needed", 
      "unit": ""
    }, 
    "cups torn \u00bd&rdquo; pieces rye bread": {
      "flour": "Safe", 
      "gluten": "gluten here!", 
      "quantity": "2", 
      "substitute": "gluten-free bread", 
      "unit": ""
    }, 
    "kosher salt": {
      "flour": "Safe", 
      "gluten": "no gluten here!", 
      "quantity": "", 
      "substitute": "no substitute needed", 
      "unit": ""
    }, 
    "large eggs": {
      "flour": "Safe", 
      "gluten": "no gluten here!", 
      "quantity": "2", 
      "substitute": "no substitute needed", 
      "unit": ""
    }, 
    "oz. thinly sliced country ham, prosciutto, or speck": {
      "flour": "Safe", 
      "gluten": "no gluten here!", 
      "quantity": "6", 
      "substitute": "no substitute needed", 
      "unit": ""
    }, 
    "tbsp. banyuls vinegar or white wine vinegar": {
      "flour": "Safe", 
      "gluten": "no gluten here!", 
      "quantity": "2", 
      "substitute": "no substitute needed", 
      "unit": ""
    }, 
    "tsp. caraway seeds": {
      "flour": "Safe", 
      "gluten": "no gluten here!", 
      "quantity": "1", 
      "substitute": "no substitute needed", 
      "unit": ""
    }, 
    "tsp. fresh lemon juice": {
      "flour": "Safe", 
      "gluten": "no gluten here!", 
      "quantity": "2", 
      "substitute": "no substitute needed", 
      "unit": ""
    }
  }, 
  "instructions": [
    "Preheat oven to 200\u00b0. Thinly spread mustard on a parchment-lined baking sheet. Bake until dried, 1\u20131 \u00bd hours. Let cool; crumble.", 
    "Place eggs in a small saucepan; add water to cover by 1\u00bd&rdquo;. Bring to a boil; remove from heat, cover, and let stand 5 minutes. Drain. Transfer eggs to a bowl of ice water; let cool. Peel; set aside (yolks should still be runny).", 
    "Toast caraway seeds in a small skillet over medium heat, tossing often, 1 minute. Add grapeseed oil and bread; cook, tossing occasionally, until bread is just golden, about 4 minutes. Let cool, then blend in a blender until as smooth as possible; set rye oil aside.", 
    "Blend eggs, vinegar, and lemon juice in a clean blender until smooth. With motor running, slowly add rye oil, then olive oil; blend until aioli is thickened. Pass through a sieve into a small bowl; season with salt.", 
    "Spread aioli on plates, top with ham, and sprinkle with mustard powder."
  ], 
  "keywords": [
    "Appetizers", 
    "Caraway", 
    "Ham Recipes", 
    "hot 10 recipes 2013", 
    "Lemon Recipes", 
    "Pork Recipes", 
    "Sandwich Recipes", 
    "the pass and provisions recipes"
  ], 
  "name": "Ham O\u2019 Day with Rye Aioli", 
  "proteinContent": "", 
  "saturatedFatContent": "", 
  "servings": "Servings: 6", 
  "sodiumContent": "", 
  "sugarContent": "", 
  "url": "http://www.bonappetit.com/recipe/ham-o-day-with-rye-aioli"
}