{
  "calories": "", 
  "carbohydrateContent": "", 
  "cholesterolContent": "", 
  "description": "Get your pan nice and hot. If you have a cast-iron skillet, now\u2019s the time to use it.", 
  "fatContent": "", 
  "fiberContent": "", 
  "image": "http://www.bonappetit.com/wp-content/uploads/2013/10/ginger-marinated-hanger-steak.jpg", 
  "ingredients": {
    "baby bok choy, halved lengthwise": {
      "flour": "Safe", 
      "gluten": "no gluten here!", 
      "quantity": "4", 
      "substitute": "no substitute needed", 
      "unit": ""
    }, 
    "chopped fresh chives": {
      "flour": "Safe", 
      "gluten": "no gluten here!", 
      "quantity": "1", 
      "substitute": "no substitute needed", 
      "unit": "tablespoon"
    }, 
    "cilantro leaves with tender stems": {
      "flour": "Safe", 
      "gluten": "no gluten here!", 
      "quantity": "1", 
      "substitute": "no substitute needed", 
      "unit": "cup"
    }, 
    "freshly ground black pepper": {
      "flour": "Safe", 
      "gluten": "no gluten here!", 
      "quantity": "1", 
      "substitute": "no substitute needed", 
      "unit": "teaspoon"
    }, 
    "garlic finely chopped, divided": {
      "flour": "Safe", 
      "gluten": "no gluten here!", 
      "quantity": "2", 
      "substitute": "no substitute needed", 
      "unit": "cloves"
    }, 
    "gochujang (korean hot pepper paste)": {
      "flour": "Safe", 
      "gluten": "no gluten here!", 
      "quantity": "2", 
      "substitute": "no substitute needed", 
      "unit": "tablespoons"
    }, 
    "grated peeled ginger": {
      "flour": "Safe", 
      "gluten": "no gluten here!", 
      "quantity": "1", 
      "substitute": "no substitute needed", 
      "unit": "tablespoon"
    }, 
    "hanger steak, central membrane removed, cut into 4 pieces": {
      "flour": "Safe", 
      "gluten": "no gluten here!", 
      "quantity": "1\u00bd", 
      "substitute": "no substitute needed", 
      "unit": "pounds"
    }, 
    "plus 2 tbsp. vegetable oil, divided": {
      "flour": "Safe", 
      "gluten": "no gluten here!", 
      "quantity": "\u00bc", 
      "substitute": "no substitute needed", 
      "unit": "cup"
    }, 
    "reduced-sodium soy sauce": {
      "flour": "Safe", 
      "gluten": "gluten here!", 
      "quantity": "2", 
      "substitute": "gluten-free tamari", 
      "unit": "teaspoons"
    }, 
    "scallions, chopped": {
      "flour": "Safe", 
      "gluten": "no gluten here!", 
      "quantity": "4", 
      "substitute": "no substitute needed", 
      "unit": ""
    }, 
    "sugar": {
      "flour": "Safe", 
      "gluten": "no gluten here!", 
      "quantity": "1", 
      "substitute": "no substitute needed", 
      "unit": "teaspoon"
    }, 
    "toasted sesame oil": {
      "flour": "Safe", 
      "gluten": "no gluten here!", 
      "quantity": "2", 
      "substitute": "no substitute needed", 
      "unit": "teaspoons"
    }, 
    "unseasoned rice vinegar": {
      "flour": "Safe", 
      "gluten": "no gluten here!", 
      "quantity": "3", 
      "substitute": "no substitute needed", 
      "unit": "tablespoons"
    }
  }, 
  "instructions": [
    "Gochujang is available at Korean markets and online.", 
    "Pur\u00e9e scallions, cilantro, vinegar, gochujang, ginger, soy sauce, sesame oil, pepper, sugar, 1 garlic clove, and \u00bc cup vegetable oil in a blender until smooth. Set aside \u00bc cup marinade and chill.", 
    "Place steak and remaining marinade in a large resealable plastic bag, turn to coat, and chill at least 2 hours.", 
    "Remove steak from marinade, scraping off as much marinade as possible. Heat 1 Tbsp. vegetable oil in a large skillet over medium-high heat. Cook steak until browned on all sides, 8\u201310 minutes for medium-rare (the thinner steaks will cook more quickly). Transfer to a cutting board and let rest at least 5 minutes before slicing.", 
    "Heat remaining 1 Tbsp. vegetable oil in a medium skillet over medium-high heat. Add bok choy, cut side down, and cook until golden brown, about 2 minutes. Turn, add remaining garlic clove, and cook, tossing occasionally, until fragrant, about 1 minute. Add \u00bc cup water and cook until bok choy is tender, about 2 minutes longer.", 
    "Top steak with chives and serve with bok choy and reserved marinade alongside.", 
    "DO AHEAD:Steak can be marinated 1 day ahead. Keep chilled."
  ], 
  "keywords": [
    "Beef Recipes", 
    "Bok Choy", 
    "Chive", 
    "Cilantro", 
    "Dinner", 
    "Korean Food", 
    "Rsvp", 
    "Scallion Recipes", 
    "Soy Sauce Recipes", 
    "Steak", 
    "Steak Recipes"
  ], 
  "name": "Ginger-Marinated Hanger Steak", 
  "proteinContent": "", 
  "saturatedFatContent": "", 
  "servings": "Servings: 4", 
  "sodiumContent": "", 
  "sugarContent": "", 
  "url": "http://www.bonappetit.com/recipe/ginger-marinated-hanger-steak"
}