{
  "calories": "", 
  "carbohydrateContent": "", 
  "cholesterolContent": "", 
  "fatContent": "", 
  "fiberContent": "", 
  "image": "http://www.bonappetit.com/wp-content/uploads/2013/12/gruyere-and-thyme-cheese-ball1-940x600.jpg", 
  "ingredients": {
    "chopped fresh thyme": {
      "flour": "Safe", 
      "gluten": "no gluten here!", 
      "quantity": "1", 
      "substitute": "no substitute needed", 
      "unit": "tablespoon"
    }, 
    "cream cheese, room temperature": {
      "flour": "Safe", 
      "gluten": "no gluten here!", 
      "quantity": "8", 
      "substitute": "no substitute needed", 
      "unit": "ounces"
    }, 
    "dry white wine": {
      "flour": "Safe", 
      "gluten": "no gluten here!", 
      "quantity": "2", 
      "substitute": "no substitute needed", 
      "unit": "tablespoons"
    }, 
    "grated gruy\u00e8re (about 8 oz.)": {
      "flour": "Safe", 
      "gluten": "no gluten here!", 
      "quantity": "2", 
      "substitute": "no substitute needed", 
      "unit": "cups"
    }, 
    "kosher salt, freshly ground pepper": {
      "flour": "Safe", 
      "gluten": "no gluten here!", 
      "quantity": "", 
      "substitute": "no substitute needed", 
      "unit": ""
    }, 
    "pumpkin seeds (pepitas) and/or sunflower seeds": {
      "flour": "Safe", 
      "gluten": "gluten here!", 
      "quantity": "1 1/2", 
      "substitute": "gluten-free bread", 
      "unit": "cups"
    }
  }, 
  "instructions": [
    "Process Gruy\u00e8re, cream cheese, wine, and thyme in a food processor until smooth; season with salt and pepper. Place cheese mixture on a piece of parchment paper or plastic wrap and use paper to shape into a ball; chill until firm, about 2 hours.", 
    "Meanwhile, preheat oven to 350\u00b0. Toast seeds on a rimmed baking sheet, tossing occasionally, until golden brown, 6\u20138 minutes. Let cool.", 
    "Roll cheese ball in pumpkin and/or sunflower seeds. Let sit at room temperature 30 minutes before serving.", 
    "DO AHEAD:Cheese ball (without seeds) can be made 2 days ahead. Keep chilled. Roll in seeds 30 minutes before serving."
  ], 
  "keywords": [
    "Appetizers", 
    "cheese balls", 
    "Christmas Food", 
    "Cream Cheese Recipes", 
    "Dip Recipes", 
    "Party Food", 
    "Pumpkin Seeds", 
    "Sunflower Seed Recipes", 
    "Thyme Recipes", 
    "White Wine Recipes"
  ], 
  "name": "Gruy\u00e8re and Thyme Cheese Ball", 
  "proteinContent": "", 
  "saturatedFatContent": "", 
  "servings": "", 
  "sodiumContent": "", 
  "sugarContent": "", 
  "url": "http://www.bonappetit.com/recipe/gruyere-and-thyme-cheese-ball"
}