{
  "calories": "Calories (kcal) 250", 
  "carbohydrateContent": "Carbohydrates (g) 11", 
  "cholesterolContent": "Cholesterol (mg) 180", 
  "fatContent": "Fat (g) 14", 
  "fiberContent": "Dietary Fiber (g)  0", 
  "image": "http://www.bonappetit.com/wp-content/uploads/2013/10/grandma-flaxels-crispy-fried-oysters-940x600.jpg", 
  "ingredients": {
    "a deep-fry thermometer": {
      "flour": "Safe", 
      "gluten": "no gluten here!", 
      "quantity": "", 
      "substitute": "no substitute needed", 
      "unit": ""
    }, 
    "corn or vegetable oil (for frying)": {
      "flour": "Safe", 
      "gluten": "no gluten here!", 
      "quantity": "", 
      "substitute": "no substitute needed", 
      "unit": ""
    }, 
    "kosher salt": {
      "flour": "Safe", 
      "gluten": "no gluten here!", 
      "quantity": "", 
      "substitute": "no substitute needed", 
      "unit": ""
    }, 
    "large eggs": {
      "flour": "Safe", 
      "gluten": "no gluten here!", 
      "quantity": "3", 
      "substitute": "no substitute needed", 
      "unit": ""
    }, 
    "shucked medium to large oysters": {
      "flour": "Safe", 
      "gluten": "no gluten here!", 
      "quantity": "24", 
      "substitute": "no substitute needed", 
      "unit": ""
    }, 
    "sleeves saltine crackers (8 ounces), pulsed to coarse meal (no bigger than 1/8 inches) in a food processor": {
      "flour": "Safe", 
      "gluten": "gluten here!", 
      "quantity": "2", 
      "substitute": "gluten-free crackers", 
      "unit": ""
    }
  }, 
  "instructions": [
    "Drain oysters. Beat eggs in a medium bowl to blend. Add oysters and turn to coat completely. Pour half of saltine crumbs into a 13x9x2-inch baking dish.  Working in batches, lift oysters with a slotted spoon, allowing excess egg to drain back into bowl, and transfer to baking dish. Scatter remaining crumbs over oysters and toss to coat. Cover dish and chill for 2-3 hours.", 
    "Line a plate with paper towels. Pour oil into a medium heavy skillet to a depth of 1/2 inch. Prop deep-fry thermometer in skillet so bulb is submerged. Heat oil over medium heat to 375\u00b0. Working in batches, fry oysters, turning once, until coating is crisp and deep golden brown, about 1 minute per batch. Transfer to paper towels; season with salt."
  ], 
  "keywords": [
    "Appetizers", 
    "Cocktail Party", 
    "Egg Recipes", 
    "Holiday Heirlooms Recipes", 
    "Holiday Party Food", 
    "Oyster Recipes", 
    "Party Food"
  ], 
  "name": "Grandma Flaxel's Crispy Fried Oysters", 
  "proteinContent": "Protein (g) 19", 
  "saturatedFatContent": "Saturated Fat (g) 2.5", 
  "servings": "Servings: 6-8", 
  "sodiumContent": "Sodium (mg) 310", 
  "sugarContent": "Total Sugars (g) 6", 
  "url": "http://www.bonappetit.com/recipe/grandma-flaxel-s-crispy-fried-oysters"
}