{
  "calories": "", 
  "carbohydrateContent": "", 
  "cholesterolContent": "", 
  "description": "If you prefer a spicy pie, use twice as much hot soppressata and none of the sweet type.", 
  "fatContent": "", 
  "fiberContent": "", 
  "image": "http://www.bonappetit.com/wp-content/uploads/2014/09/hot-and-sweet-soppressata-and-fennel-grandma-pie-940x600.jpg", 
  "ingredients": {
    "coarsely chopped fennel fronds, flaky sea salt (such as maldon), and crushed red pepper flakes (for serving; optional)": {
      "flour": "Safe", 
      "gluten": "no gluten here!", 
      "quantity": "", 
      "substitute": "no substitute needed", 
      "unit": ""
    }, 
    "fennel bulb, thinly sliced": {
      "flour": "Safe", 
      "gluten": "no gluten here!", 
      "quantity": "\u00bd", 
      "substitute": "no substitute needed", 
      "unit": ""
    }, 
    "fresh mozzarella, grated (about 2\u00bd cups)": {
      "flour": "Safe", 
      "gluten": "no gluten here!", 
      "quantity": "12", 
      "substitute": "no substitute needed", 
      "unit": "ounces"
    }, 
    "fresh red chiles, thinly sliced": {
      "flour": "Safe", 
      "gluten": "no gluten here!", 
      "quantity": "2\u20133", 
      "substitute": "no substitute needed", 
      "unit": ""
    }, 
    "fresh tomato pizza sauce (click for recipe)": {
      "flour": "Safe", 
      "gluten": "no gluten here!", 
      "quantity": "1", 
      "substitute": "no substitute needed", 
      "unit": "cup"
    }, 
    "grandma-style pizza dough (click for recipe)": {
      "flour": "Safe", 
      "gluten": "gluten here!", 
      "quantity": "", 
      "substitute": "gluten-free dough", 
      "unit": ""
    }, 
    "olive oil": {
      "flour": "Safe", 
      "gluten": "no gluten here!", 
      "quantity": "\u00bc", 
      "substitute": "no substitute needed", 
      "unit": "cup"
    }, 
    "pecorino romano, finely grated (about \u00bd cup)": {
      "flour": "Safe", 
      "gluten": "no gluten here!", 
      "quantity": "2", 
      "substitute": "no substitute needed", 
      "unit": "ounces"
    }, 
    "thinly sliced hot soppressata": {
      "flour": "Safe", 
      "gluten": "no gluten here!", 
      "quantity": "2", 
      "substitute": "no substitute needed", 
      "unit": "ounces"
    }, 
    "thinly sliced sweet soppressata": {
      "flour": "Safe", 
      "gluten": "no gluten here!", 
      "quantity": "2", 
      "substitute": "no substitute needed", 
      "unit": "ounces"
    }
  }, 
  "instructions": [
    "Place a rack in lower third of oven and preheat to 525\u00b0 or as high as oven will go.", 
    "Oncedoughhas risen in baking sheet, top with mozzarella, dot pie withtomato sauce, and top with hot and sweet soppressata, fennel, chiles, then Pecorino; drizzle with oil. Bake until golden brown and crisp on bottom and sides, 20\u201330 minutes.", 
    "Serve topped with fennel fronds, sea salt, and red pepper flakes, if using."
  ], 
  "keywords": [
    "Chile", 
    "Fennel", 
    "grandma pizza recipes", 
    "Italian Food", 
    "Mozzarella", 
    "Pecorino", 
    "Pizza", 
    "Pork", 
    "Sausage", 
    "soppressata", 
    "Spicy Food"
  ], 
  "name": "Hot and Sweet Soppressata and Fennel Grandma Pie", 
  "proteinContent": "", 
  "saturatedFatContent": "", 
  "servings": "Servings: makes 1 pie (about 6 servings)", 
  "sodiumContent": "", 
  "sugarContent": "", 
  "url": "http://www.bonappetit.com/recipe/hot-and-sweet-soppressata-and-fennel-grandma-pie"
}