{
  "calories": "", 
  "carbohydrateContent": "", 
  "cholesterolContent": "", 
  "description": "The Gin and Tonic is swinging again, thanks to new distillers who have made gin cool.", 
  "fatContent": "", 
  "fiberContent": "", 
  "image": "http://www.bonappetit.com/wp-content/uploads/2013/08/gin-and-tonic.jpg", 
  "ingredients": {
    "gin (preferably tanqueray)": {
      "flour": "Safe", 
      "gluten": "no gluten here!", 
      "quantity": "2", 
      "substitute": "no substitute needed", 
      "unit": "ounces"
    }, 
    "lime wedges": {
      "flour": "Safe", 
      "gluten": "no gluten here!", 
      "quantity": "1\u20133", 
      "substitute": "no substitute needed", 
      "unit": ""
    }, 
    "tonic water": {
      "flour": "Safe", 
      "gluten": "no gluten here!", 
      "quantity": "3\u20134", 
      "substitute": "no substitute needed", 
      "unit": "ounces"
    }
  }, 
  "instructions": [
    "Add2 ounces gin(preferably Tanqueray) to a highball glass filled with ice. Squeeze in1\u20133 lime wedgesto taste, then add them to glass. Add3\u20134 ounces tonic water; stir to combine."
  ], 
  "keywords": [
    "Cocktails", 
    "Drinks", 
    "Gin Drinks", 
    "Lime Recipes", 
    "Summer Drinks Recipes", 
    "The Drink", 
    "tonic drinks"
  ], 
  "name": "Gin and Tonic", 
  "proteinContent": "", 
  "saturatedFatContent": "", 
  "servings": "Servings: 1", 
  "sodiumContent": "", 
  "sugarContent": "", 
  "url": "http://www.bonappetit.com/recipe/gin-and-tonic"
}