{
  "calories": "Calories (kcal) 505.6", 
  "carbohydrateContent": "Carbohydrates (g) 78.1", 
  "cholesterolContent": "Cholesterol (mg) 0", 
  "fatContent": "Fat (g) 19.1", 
  "fiberContent": "Dietary Fiber (g) 7.0", 
  "image": "http://www.bonappetit.com/wp-content/uploads/2011/11/forked-oven-roasted-potatoes-940.jpg", 
  "ingredients": {
    "kosher salt plus more": {
      "flour": "Safe", 
      "gluten": "no gluten here!", 
      "quantity": "1", 
      "substitute": "no substitute needed", 
      "unit": "tablespoon"
    }, 
    "olive oil": {
      "flour": "Safe", 
      "gluten": "no gluten here!", 
      "quantity": "1/2", 
      "substitute": "no substitute needed", 
      "unit": "cup"
    }, 
    "small yukon gold potatoes (1 1/2'\u20132'-diameter), peeled": {
      "flour": "Safe", 
      "gluten": "no gluten here!", 
      "quantity": "6", 
      "substitute": "no substitute needed", 
      "unit": "pounds"
    }
  }, 
  "instructions": [
    "Preheat oven to 425\u00b0. Working in 2 batches, cook potatoes in a large pot of boiling salted water for 3 minutes. Using a slotted spoon, transfer potatoes to a rimmed baking sheet. When cool enough to handle, firmly scrape the tines of a fork up and down potatoes, creating a rough, grooved surface.", 
    "Pour oil onto another rimmed baking sheet; bake (to heat oil) for 5 minutes. Add potatoes; turn to coat. Season with 1 tablespoon salt. Roast, turning 3 times during cooking and occasionally basting with oil, until browned and tender, 60\u201370 minutes."
  ], 
  "keywords": [
    "December 2011 Recipes", 
    "Dinner", 
    "Hot Potatoes", 
    "Potato Recipes", 
    "Recipes", 
    "Roasted Potato Recipes", 
    "Sides"
  ], 
  "name": "Forked Oven-Roasted Potatoes", 
  "proteinContent": "Protein (g) 7.3", 
  "saturatedFatContent": "Saturated Fat (g)  2.7", 
  "servings": "Servings: 4\u20136", 
  "sodiumContent": "Sodium (mg) 790.7", 
  "sugarContent": "Total Sugars (g) 3.4", 
  "url": "http://www.bonappetit.com/recipe/forked-oven-roasted-potatoes"
}