{
  "calories": "", 
  "carbohydrateContent": "", 
  "cholesterolContent": "", 
  "description": "\u201cCoating sweet grilled corn with miso butter brings nutty flavor to a classic.\u201d \u2013Brad Leone, test kitchen manager", 
  "fatContent": "", 
  "fiberContent": "", 
  "image": "http://www.bonappetit.com/wp-content/uploads/2014/07/grilled-corn-with-miso-butter-940x600.jpg", 
  "ingredients": {
    "(\u00bd stick) unsalted butter, room temperature": {
      "flour": "Safe", 
      "gluten": "no gluten here!", 
      "quantity": "4", 
      "substitute": "no substitute needed", 
      "unit": "tablespoons"
    }, 
    "ears of corn, husked": {
      "flour": "Safe", 
      "gluten": "no gluten here!", 
      "quantity": "4", 
      "substitute": "no substitute needed", 
      "unit": ""
    }, 
    "kosher salt": {
      "flour": "Safe", 
      "gluten": "no gluten here!", 
      "quantity": "", 
      "substitute": "no substitute needed", 
      "unit": ""
    }, 
    "miso": {
      "flour": "Safe", 
      "gluten": "no gluten here!", 
      "quantity": "1", 
      "substitute": "no substitute needed", 
      "unit": "tablespoon"
    }, 
    "toasted sesame seeds (for serving)": {
      "flour": "Safe", 
      "gluten": "no gluten here!", 
      "quantity": "", 
      "substitute": "no substitute needed", 
      "unit": ""
    }, 
    "vegetable oil": {
      "flour": "Safe", 
      "gluten": "no gluten here!", 
      "quantity": "2", 
      "substitute": "no substitute needed", 
      "unit": "tablespoons"
    }
  }, 
  "instructions": [
    "Mix butter and miso in a small bowl. Rub corn with oil; season with salt. Grill over medium-high heat, turning often, until lightly charred and tender, about 5 minutes. Spread corn with miso butter and sprinkle with sesame seeds."
  ], 
  "keywords": [
    "Corn", 
    "corn challenge recipes", 
    "Grilling Food", 
    "Miso", 
    "Sesame", 
    "Side", 
    "Summer Food"
  ], 
  "name": "Grilled Corn with Miso Butter", 
  "proteinContent": "", 
  "saturatedFatContent": "", 
  "servings": "Servings: 4", 
  "sodiumContent": "", 
  "sugarContent": "", 
  "url": "http://www.bonappetit.com/recipe/grilled-corn-with-miso-butter"
}