{
  "calories": "", 
  "carbohydrateContent": "", 
  "cholesterolContent": "", 
  "fatContent": "", 
  "fiberContent": "", 
  "image": "http://www.bonappetit.com/wp-content/uploads/2003/04/baked-ham-with-mustard-red-currant-glaze-and-rhubarb-chutney.jpg", 
  "ingredients": {
    "9-pound fully cooked bone-in ham (shank or butt end)": {
      "flour": "Safe", 
      "gluten": "no gluten here!", 
      "quantity": "1", 
      "substitute": "no substitute needed", 
      "unit": ""
    }, 
    "bunch watercress": {
      "flour": "Safe", 
      "gluten": "no gluten here!", 
      "quantity": "1", 
      "substitute": "no substitute needed", 
      "unit": ""
    }, 
    "ground ginger": {
      "flour": "Safe", 
      "gluten": "no gluten here!", 
      "quantity": "1 1/2", 
      "substitute": "no substitute needed", 
      "unit": "teaspoons"
    }, 
    "red currant jelly": {
      "flour": "Safe", 
      "gluten": "no gluten here!", 
      "quantity": "3/4", 
      "substitute": "no substitute needed", 
      "unit": "cup"
    }, 
    "rhubarb chutney": {
      "flour": "Safe", 
      "gluten": "no gluten here!", 
      "quantity": "", 
      "substitute": "no substitute needed", 
      "unit": ""
    }, 
    "whole grain dijon mustard": {
      "flour": "Safe", 
      "gluten": "no gluten here!", 
      "quantity": "6", 
      "substitute": "no substitute needed", 
      "unit": "tablespoons"
    }
  }, 
  "instructions": [
    "Position rack in bottom third of oven and preheat to 325\u00b0F. Whisk jelly, mustard, and ginger in heavy medium saucepan over medium heat until melted, about 1 minute. Remove glaze from heat.", 
    "Trim any tough rind and fat from upper side of ham, leaving 1/4-inch-thick layer of fat. Using long sharp knife, score fat in 1-inch-wide diamond pattern. Place ham in roasting pan. Bake 1 hour. Brush top and sides of ham generously with some of glaze. Bake until thermometer inserted into thickest part of ham registers 140\u00b0F, brushing with glaze every 15 minutes and tenting ham with foil if browning too quickly, about 1 hour 15 minutes. Remove ham from oven; let stand 15 minutes. Transfer to platter. Garnish with watercress. Serve with Rhubarb Chutney."
  ], 
  "keywords": [
    "American", 
    "Chutney", 
    "Dinner", 
    "Easter", 
    "Easter Food", 
    "Ginger", 
    "Ham", 
    "Ham Recipes", 
    "Jelly", 
    "Large Group", 
    "Main Course", 
    "Main Dishes", 
    "Meat Recipes", 
    "Mustard", 
    "Sauce Recipes", 
    "Spring", 
    "Watercress"
  ], 
  "name": "Baked Ham with Mustard-Red Currant Glaze and Rhubarb Chutney", 
  "proteinContent": "", 
  "saturatedFatContent": "", 
  "servings": "Servings: Makes 8", 
  "sodiumContent": "", 
  "sugarContent": "", 
  "url": "http://www.bonappetit.com/recipe/baked-ham-with-mustard-red-currant-glaze-and-rhubarb-chutney"
}