{
  "calories": "", 
  "carbohydrateContent": "", 
  "cholesterolContent": "", 
  "description": "The flavor of the spiced pickled fennel really pops with the sweet tomatoes.", 
  "fatContent": "", 
  "fiberContent": "", 
  "image": "http://www.bonappetit.com/wp-content/uploads/2013/08/heirloom-tomato-salad-with-pickled-fennel-2.jpg", 
  "ingredients": {
    "cubanelle peppers or\u00a0anaheim chiles, sliced into \u00be&rdquo; rings, seeded": {
      "flour": "Safe", 
      "gluten": "no gluten here!", 
      "quantity": "2", 
      "substitute": "no substitute needed", 
      "unit": ""
    }, 
    "cup cherry tomatoes, preferably heirloom, halved": {
      "flour": "Safe", 
      "gluten": "no gluten here!", 
      "quantity": "1", 
      "substitute": "no substitute needed", 
      "unit": ""
    }, 
    "cup sugar": {
      "flour": "Safe", 
      "gluten": "no gluten here!", 
      "quantity": "\u00bd", 
      "substitute": "no substitute needed", 
      "unit": ""
    }, 
    "cups unseasoned rice vinegar": {
      "flour": "Safe", 
      "gluten": "no gluten here!", 
      "quantity": "1\u00bd", 
      "substitute": "no substitute needed", 
      "unit": ""
    }, 
    "fennel fronds (for serving)": {
      "flour": "Safe", 
      "gluten": "no gluten here!", 
      "quantity": "", 
      "substitute": "no substitute needed", 
      "unit": ""
    }, 
    "kosher salt and freshly ground black pepper": {
      "flour": "Safe", 
      "gluten": "no gluten here!", 
      "quantity": "", 
      "substitute": "no substitute needed", 
      "unit": ""
    }, 
    "lb. large heirloom tomatoes (about 3), cut into wedges": {
      "flour": "Safe", 
      "gluten": "no gluten here!", 
      "quantity": "2", 
      "substitute": "no substitute needed", 
      "unit": ""
    }, 
    "lemongrass stalk, tough outer layer removed, crushed": {
      "flour": "Safe", 
      "gluten": "no gluten here!", 
      "quantity": "\u00bc", 
      "substitute": "no substitute needed", 
      "unit": ""
    }, 
    "medium fennel bulb, cored, thinly sliced": {
      "flour": "Safe", 
      "gluten": "no gluten here!", 
      "quantity": "1", 
      "substitute": "no substitute needed", 
      "unit": ""
    }, 
    "tbsp. extra-virgin olive oil, divided": {
      "flour": "Safe", 
      "gluten": "no gluten here!", 
      "quantity": "7", 
      "substitute": "no substitute needed", 
      "unit": ""
    }, 
    "tbsp. kosher salt": {
      "flour": "Safe", 
      "gluten": "no gluten here!", 
      "quantity": "2", 
      "substitute": "no substitute needed", 
      "unit": ""
    }, 
    "tbsp. white balsamic or sherry vinegar": {
      "flour": "Safe", 
      "gluten": "no gluten here!", 
      "quantity": "2", 
      "substitute": "no substitute needed", 
      "unit": ""
    }, 
    "tsp. aniseed": {
      "flour": "Safe", 
      "gluten": "no gluten here!", 
      "quantity": "1", 
      "substitute": "no substitute needed", 
      "unit": ""
    }, 
    "tsp. coriander seeds": {
      "flour": "Safe", 
      "gluten": "no gluten here!", 
      "quantity": "1", 
      "substitute": "no substitute needed", 
      "unit": ""
    }, 
    "tsp. cumin seeds": {
      "flour": "Safe", 
      "gluten": "no gluten here!", 
      "quantity": "\u00bc", 
      "substitute": "no substitute needed", 
      "unit": ""
    }, 
    "tsp. fennel seeds": {
      "flour": "Safe", 
      "gluten": "no gluten here!", 
      "quantity": "1", 
      "substitute": "no substitute needed", 
      "unit": ""
    }, 
    "whole star anise pod": {
      "flour": "Safe", 
      "gluten": "no gluten here!", 
      "quantity": "1", 
      "substitute": "no substitute needed", 
      "unit": ""
    }, 
    "zest of \u00bc orange, removed with a vegetable peeler": {
      "flour": "Safe", 
      "gluten": "no gluten here!", 
      "quantity": "", 
      "substitute": "no substitute needed", 
      "unit": ""
    }
  }, 
  "instructions": [
    "Cheesecloth", 
    "Toast star anise, aniseed, coriander seeds, fennel seeds, and cumin seeds in a small skillet over medium-low heat, stirring often, until fragrant, about 3 minutes. Bundle toasted spices, lemongrass, and orange zest in a piece of cheesecloth and tie with kitchen twine to make a sachet. Place sachet and fennel in a 1-qt. jar or bowl.", 
    "Bring vinegar, sugar, salt, and \u00bd cup water to a boil in a medium saucepan, stirring to dissolve sugar and salt. Pour vinegar mixture over sachet and fennel and let cool; discard sachet. Cover fennel and chill at least 12 hours.", 
    "DO AHEAD:Pickled fennel can be made 2 weeks ahead. Keep chilled.", 
    "Combine large and cherry tomatoes, vinegar, and 6 Tbsp. oil in a medium bowl; season with salt and pepper. Let sit at room temperature 30 minutes.", 
    "Before serving, heat remaining 1 Tbsp. oil in a medium skillet over high heat. Cook Cubanelle peppers, tossing often, until charred in spots, about 4 minutes.", 
    "Serve tomato salad topped with peppers, pickled fennel, and fennel fronds."
  ], 
  "keywords": [
    "Anise", 
    "Appetizers", 
    "Coriander", 
    "Cumin Recipes", 
    "Fennel Recipes", 
    "Lemongrass Recipes", 
    "Michael Anthony Summer Tomato Recipes", 
    "Orange Recipes", 
    "Pickle Recipes", 
    "Salad Recipes", 
    "Summer Food", 
    "Tomato Recipes", 
    "trail_05262014", 
    "Vegetarian Recipes"
  ], 
  "name": "Heirloom Tomato Salad with Pickled Fennel", 
  "proteinContent": "", 
  "saturatedFatContent": "", 
  "servings": "Servings: 6", 
  "sodiumContent": "", 
  "sugarContent": "", 
  "url": "http://www.bonappetit.com/recipe/heirloom-tomato-salad-with-pickled-fennel"
}