{
  "calories": "", 
  "carbohydrateContent": "", 
  "cholesterolContent": "", 
  "fatContent": "", 
  "fiberContent": "", 
  "image": "http://www.bonappetit.com/wp-content/uploads/2008/04/balsamic-and-dijon-glazed-ham-with-roasted-pearl-onions.jpg", 
  "ingredients": {
    "(1/2 stick) butter, diced": {
      "flour": "Safe", 
      "gluten": "no gluten here!", 
      "quantity": "1/4", 
      "substitute": "no substitute needed", 
      "unit": "cup"
    }, 
    "(packed) dark brown sugar": {
      "flour": "Safe", 
      "gluten": "no gluten here!", 
      "quantity": "1", 
      "substitute": "no substitute needed", 
      "unit": "cup"
    }, 
    "8- to 10-pound half ham shank, fully cooked, fat trimmed to 1/2-inch thickness": {
      "flour": "Safe", 
      "gluten": "no gluten here!", 
      "quantity": "1", 
      "substitute": "no substitute needed", 
      "unit": ""
    }, 
    "balsamic vinegar": {
      "flour": "Safe", 
      "gluten": "no gluten here!", 
      "quantity": "5", 
      "substitute": "no substitute needed", 
      "unit": "tablespoons"
    }, 
    "dijon mustard": {
      "flour": "Safe", 
      "gluten": "no gluten here!", 
      "quantity": "3", 
      "substitute": "no substitute needed", 
      "unit": "tablespoons"
    }, 
    "ground black pepper": {
      "flour": "Safe", 
      "gluten": "no gluten here!", 
      "quantity": "1/4", 
      "substitute": "no substitute needed", 
      "unit": "teaspoon"
    }, 
    "pearl onions": {
      "flour": "Safe", 
      "gluten": "no gluten here!", 
      "quantity": "2", 
      "substitute": "no substitute needed", 
      "unit": "pounds"
    }, 
    "salt": {
      "flour": "Safe", 
      "gluten": "no gluten here!", 
      "quantity": "1", 
      "substitute": "no substitute needed", 
      "unit": "teaspoon"
    }
  }, 
  "instructions": [
    "Cook onions in large pot of boiling salted water 2 minutes; drain. Trim root ends, leaving base intact. Peel. DO AHEAD Can be made 1 day ahead. Cover and refrigerate.", 
    "Preheat oven to 325\u00b0F. Combine sugar, vinegar and mustard in bowl for glaze. Transfer onions to 11x7x2-inch glass baking dish. Add 2/3 cup glaze, butter, 1 teaspoon salt, 1/4 teaspoon pepper and 1/2 cup water; toss to coat. Cover with foil.", 
    "Line large roasting pan with foil. Making 1/2-inch-deep slits, score ham with diamond pattern. Place ham in pan and roast 45 minutes. Place onions in oven. Roast ham and onions 25 minutes. Uncover onions. Continue roasting onions and ham 50 minutes.", 
    "Baste ham with some of glaze. Continue to roast ham and onions until deep brown and glazed, brushing ham with glaze every 10 minutes, about 30 minutes longer. Transfer ham to large platter. Transfer onion mixture to bowl. Serve ham, passing onion mixture separately."
  ], 
  "keywords": [
    "American Food", 
    "Dinner For 12", 
    "Dinner For Twelve", 
    "Dinner Party", 
    "Ham Recipes", 
    "Holiday Ham", 
    "Large Groups", 
    "Mustard Recipes", 
    "Onion Recipes", 
    "Vinegar Recipes"
  ], 
  "name": "Balsamic- and Dijon-Glazed Ham with Roasted Pearl Onions", 
  "proteinContent": "", 
  "saturatedFatContent": "", 
  "servings": "Servings: 12", 
  "sodiumContent": "", 
  "sugarContent": "", 
  "url": "http://www.bonappetit.com/recipe/balsamic-and-dijon-glazed-ham-with-roasted-pearl-onions"
}