{
  "calories": "Calories (kcal) 774.7", 
  "carbohydrateContent": "Carbohydrates (g) 113.7", 
  "cholesterolContent": "Cholesterol (mg) 45.0", 
  "description": "\u201cWith Italian cooking, the pasta is key,\u201d says Culina chef Victor Casanova. \u201cI try to match the pasta with the sauce and the feel of the dish.\u201d This light, fresh, veggie-packed entr\u00e9e calls for a delicate pasta. Casanova chose garganelli, which also happens to have ridges that are perfect for grabbing onto the pea puree that serves as the pasta sauce.", 
  "fatContent": "Fat (g) 23.4", 
  "fiberContent": "Dietary Fiber (g) 16.2", 
  "image": "http://www.bonappetit.com/wp-content/uploads/2011/03/garganelli-with-asparagus-artichokes-favas-and-peas-940x600.jpg", 
  "ingredients": {
    "baby artichokes": {
      "flour": "Safe", 
      "gluten": "no gluten here!", 
      "quantity": "8", 
      "substitute": "no substitute needed", 
      "unit": ""
    }, 
    "cup (loosely packed) fresh tarragon leaves": {
      "flour": "Safe", 
      "gluten": "no gluten here!", 
      "quantity": "3/4", 
      "substitute": "no substitute needed", 
      "unit": ""
    }, 
    "cups (packed) fresh spinach": {
      "flour": "Safe", 
      "gluten": "no gluten here!", 
      "quantity": "2", 
      "substitute": "no substitute needed", 
      "unit": ""
    }, 
    "cups shelled fresh english peas or frozen peas, thawed": {
      "flour": "Safe", 
      "gluten": "no gluten here!", 
      "quantity": "1 1/2", 
      "substitute": "no substitute needed", 
      "unit": ""
    }, 
    "fresh rosemary sprig": {
      "flour": "Safe", 
      "gluten": "no gluten here!", 
      "quantity": "1", 
      "substitute": "no substitute needed", 
      "unit": ""
    }, 
    "freshly grated parmesan cheese (optional)": {
      "flour": "Safe", 
      "gluten": "no gluten here!", 
      "quantity": "", 
      "substitute": "no substitute needed", 
      "unit": ""
    }, 
    "garganelli may look a lot like penne, but the pasta is actually made by folding the opposite corners of small squares of pasta over each other. look for garganelli at specialty foods stores and italian markets. if you can\u2019t find garganelli, use penne instead.": {
      "flour": "Safe", 
      "gluten": "gluten here!", 
      "quantity": "", 
      "substitute": "gluten-free pasta", 
      "unit": ""
    }, 
    "lemon": {
      "flour": "Safe", 
      "gluten": "no gluten here!", 
      "quantity": "1", 
      "substitute": "no substitute needed", 
      "unit": ""
    }, 
    "medium asparagus spears, cut diagonally into 2-inch lengths": {
      "flour": "Safe", 
      "gluten": "no gluten here!", 
      "quantity": "8", 
      "substitute": "no substitute needed", 
      "unit": ""
    }, 
    "pound fresh fava beans in pods, shelled (about 3/4 cup beans)": {
      "flour": "Safe", 
      "gluten": "no gluten here!", 
      "quantity": "3/4", 
      "substitute": "no substitute needed", 
      "unit": ""
    }, 
    "pound garganelli pasta or penne pasta": {
      "flour": "Safe", 
      "gluten": "gluten here!", 
      "quantity": "1", 
      "substitute": "gluten-free pasta", 
      "unit": ""
    }, 
    "tablespoon extra-virgin olive oil": {
      "flour": "Safe", 
      "gluten": "no gluten here!", 
      "quantity": "1", 
      "substitute": "no substitute needed", 
      "unit": ""
    }, 
    "tablespoons (3/4 stick) butter, cut into pieces": {
      "flour": "Safe", 
      "gluten": "no gluten here!", 
      "quantity": "6", 
      "substitute": "no substitute needed", 
      "unit": ""
    }
  }, 
  "instructions": [
    "Preheat oven to 375\u00b0F. Finely grate enough peel from lemon to measure 1 teaspoon; set aside. Cut lemon in half. Squeeze juice from 1 lemon half into bowl of cold water; add lemon half. Working with 1 artichoke at a time, trim off enough tough outer leaves until only pale green leaves remain. Cut off 3/4 inch from top; trim stem. Rub all cut surfaces with remaining lemon half to prevent discoloration. Drop artichokes into lemon water. Drain; pat dry. Place artichokes, lemon peel, oil, and rosemary sprig in 9x9x2-inch metal baking pan. Sprinkle with salt and pepper and toss to coat. Cover baking pan tightly with foil and bake until artichokes are tender when heart is pierced with small knife, about 15 minutes. Carefully remove foil from pan (steam will escape).", 
    "Meanwhile, bring large saucepan of water to boil. Add fava beans and asparagus. Cook until asparagus is crisp-tender, about 2 minutes; drain. Transfer vegetables to bowl of ice water to cool. Drain and pat dry. Peel fava beans. do ahead Artichokes, fava beans, and asparagus can be made 2 hours ahead. Let stand at room temperature.", 
    "Cook pasta in large saucepan of boiling salted water until just tender but still firm to bite, stirring occasionally. Drain, reserving 11/2 cups pasta cooking liquid.", 
    "Meanwhile, place peas in small saucepan. Sprinkle with salt and add enough water just to cover. Bring peas to boil; drain well. Puree peas in blender until smooth.", 
    "Add tarragon and 3/4 cup reserved pasta cooking liquid to blender with peas; puree until very smooth. Season to taste with salt and pepper. Bring butter and 1/3 cup reserved pasta cooking liquid to simmer in large skillet over high heat. Add artichokes, fava beans, asparagus, and spinach. Toss until spinach wilts and vegetables are heated through, about 2 minutes. Add pasta; toss to coat. Stir in pea puree; toss to coat. Divide among plates and serve, passing grated cheese, if desired."
  ], 
  "keywords": [], 
  "name": "Garganelli with Asparagus, Artichokes, Favas, and Peas", 
  "proteinContent": "Protein (g) 27.8", 
  "saturatedFatContent": "Saturated Fat (g) 11.6", 
  "servings": "Servings: 4", 
  "sodiumContent": "Sodium (mg) 133.6", 
  "sugarContent": "Total Sugars (g) 10.6", 
  "url": "http://www.bonappetit.com/recipe/garganelli-with-asparagus-artichokes-favas-and-peas"
}