{
  "calories": "", 
  "carbohydrateContent": "", 
  "cholesterolContent": "", 
  "description": "This rich, souffl\u00e9-like dressing derives its texture from stone-ground grits.", 
  "fatContent": "", 
  "fiberContent": "", 
  "image": "http://www.bonappetit.com/wp-content/uploads/2011/10/grits-dressing-940x600.jpg", 
  "ingredients": {
    "(about 10 ounces) chopped bacon": {
      "flour": "Safe", 
      "gluten": "no gluten here!", 
      "quantity": "1", 
      "substitute": "no substitute needed", 
      "unit": "cup"
    }, 
    "chopped fresh chives": {
      "flour": "Safe", 
      "gluten": "no gluten here!", 
      "quantity": "2", 
      "substitute": "no substitute needed", 
      "unit": "tablespoons"
    }, 
    "coarse stone-ground grits": {
      "flour": "Safe", 
      "gluten": "no gluten here!", 
      "quantity": "1", 
      "substitute": "no substitute needed", 
      "unit": "cup"
    }, 
    "coarsely grated cheddar (about 8 ounces), divided": {
      "flour": "Safe", 
      "gluten": "no gluten here!", 
      "quantity": "2", 
      "substitute": "no substitute needed", 
      "unit": "cups"
    }, 
    "heavy cream": {
      "flour": "Safe", 
      "gluten": "no gluten here!", 
      "quantity": "1/2", 
      "substitute": "no substitute needed", 
      "unit": "cup"
    }, 
    "kosher salt, freshly ground pepper": {
      "flour": "Safe", 
      "gluten": "no gluten here!", 
      "quantity": "", 
      "substitute": "no substitute needed", 
      "unit": ""
    }, 
    "large eggs": {
      "flour": "Safe", 
      "gluten": "no gluten here!", 
      "quantity": "6", 
      "substitute": "no substitute needed", 
      "unit": ""
    }, 
    "sweet paprika": {
      "flour": "Safe", 
      "gluten": "no gluten here!", 
      "quantity": "1/4", 
      "substitute": "no substitute needed", 
      "unit": "teaspoon"
    }, 
    "unsalted butter (for dish)": {
      "flour": "Safe", 
      "gluten": "no gluten here!", 
      "quantity": "", 
      "substitute": "no substitute needed", 
      "unit": ""
    }
  }, 
  "instructions": [
    "Butter a 2-qt. baking dish. Bring 4 cups water to a simmer in a large saucepan. Gradually whisk in grits. Reduce heat to low; gently simmer, stirring often, until grits begin to thicken. Continue cooking, stirring often and adding water by 1/4 cupfuls it too thick, until tender and very thick (about 5 cups), about 1 hour. (The amount of water and cooking time will vary depending on the type of grits used.) Remove pan from heat and let cool slightly.", 
    "Meanwhile, cook bacon in a large skillet over medium heat until crisp, 5\u20137 minutes. Transfer bacon to paper towels to drain.", 
    "Preheat oven to 350\u00b0. Whisk eggs and cream in a medium bowl; whisk into grits in 3 additions. Stir in 1 3/4 cups cheese, chives, paprika, and bacon. Season to taste with salt and pepper. Transfer grits mixture to prepared dish and smooth top with a spoon. Sprinkle remaining 1/4 cup cheese over.", 
    "Transfer baking dish to a foil-lined baking sheet and cook until puffed, golden, and just set in the middle, about 1 hour. Let cool for 10 minutes before serving."
  ], 
  "keywords": [
    "American Food", 
    "Dinner Sides", 
    "Friends Family And Tradition Way Down South", 
    "Grits Recipes", 
    "Thanksgiving", 
    "Way Down South", 
    "Way Down South Recipes"
  ], 
  "name": "Grits Dressing", 
  "proteinContent": "", 
  "saturatedFatContent": "", 
  "servings": "Servings: 10", 
  "sodiumContent": "", 
  "sugarContent": "", 
  "url": "http://www.bonappetit.com/recipe/grits-dressing"
}