{
  "calories": "Calories (kcal) 460", 
  "carbohydrateContent": "Carbohydrates (g) 12", 
  "cholesterolContent": "Cholesterol (mg)  110", 
  "fatContent": "Fat (g) 34", 
  "fiberContent": "Dietary Fiber (g) 5", 
  "image": "http://www.bonappetit.com/wp-content/uploads/2012/05/homemade-fresh-chorizo-tacos-940x600.jpg", 
  "ingredients": {
    "dried new mexico chiles": {
      "flour": "Safe", 
      "gluten": "no gluten here!", 
      "quantity": "6", 
      "substitute": "no substitute needed", 
      "unit": ""
    }, 
    "freshly ground black pepper": {
      "flour": "Safe", 
      "gluten": "no gluten here!", 
      "quantity": "1", 
      "substitute": "no substitute needed", 
      "unit": "teaspoon"
    }, 
    "garlic cloves, chopped": {
      "flour": "Safe", 
      "gluten": "no gluten here!", 
      "quantity": "8", 
      "substitute": "no substitute needed", 
      "unit": ""
    }, 
    "ground pork": {
      "flour": "Safe", 
      "gluten": "no gluten here!", 
      "quantity": "2", 
      "substitute": "no substitute needed", 
      "unit": "pounds"
    }, 
    "kosher salt plus more for seasoning": {
      "flour": "Safe", 
      "gluten": "no gluten here!", 
      "quantity": "1", 
      "substitute": "no substitute needed", 
      "unit": "tablespoon"
    }, 
    "smoked paprika": {
      "flour": "Safe", 
      "gluten": "no gluten here!", 
      "quantity": "3", 
      "substitute": "no substitute needed", 
      "unit": "tablespoons"
    }
  }, 
  "instructions": [
    "Heat a large dry cast-iron skillet over medium-high heat. Add chiles; toast, turning often, until just fragrant, about 1 minute. Remove from pan and let cool.", 
    "Using kitchen scissors and working over a medium bowl, cut chiles into 1\" rings, reserving seeds and discarding stems. Cover with 1/2 cup hot water; let soak, stirring occasionally, until chiles are soft  and pliable, about 10 minutes.", 
    "Transfer chiles with seeds and soaking liquid to a blender. Add garlic, paprika, 1 Tbsp. salt, and pepper; pulse until a paste forms.", 
    "Combine pork and chile paste  in a large bowl. Gently mix until just blended (do not overwork the meat).", 
    "Heat a large cast-iron skillet over medium-high heat. Working in  2 batches, cook chorizo until cooked through, 7\u20138 minutes. (Be sure  to let meat brown before turning  and breaking it up into small pieces  with a spoon or spatula.) Season with salt. DO AHEAD: Chorizo can be made 1 day ahead. Cover and chill. Rewarm before serving."
  ], 
  "keywords": [
    "Entrees", 
    "High Fiber", 
    "Mexican Food", 
    "Pork Recipes", 
    "Sausage Recipes", 
    "Taco Primer Recipes", 
    "Taco Recipes"
  ], 
  "name": "Homemade Fresh Chorizo", 
  "proteinContent": "Protein (g) 28", 
  "saturatedFatContent": "Saturated Fat (g) 12", 
  "servings": "Servings: 6", 
  "sodiumContent": "Sodium (mg) 1050", 
  "sugarContent": "Total Sugars (g) 0", 
  "url": "http://www.bonappetit.com/recipe/homemade-fresh-chorizo"
}