{
  "calories": "", 
  "carbohydrateContent": "", 
  "cholesterolContent": "", 
  "description": "It\u2019s worth picking through the potatoes to find ones that are all about the same size.Click here for a step-by-step guide on how to prep them", 
  "fatContent": "", 
  "fiberContent": "", 
  "image": "http://www.bonappetit.com/wp-content/uploads/2014/02/hasselback-potatoes-940x600.jpg", 
  "ingredients": {
    "(1 stick) unsalted butter, melted, plus more for brushing": {
      "flour": "Safe", 
      "gluten": "no gluten here!", 
      "quantity": "\u00bd", 
      "substitute": "no substitute needed", 
      "unit": "cup"
    }, 
    "flaky sea salt (such as maldon)": {
      "flour": "Safe", 
      "gluten": "no gluten here!", 
      "quantity": "", 
      "substitute": "no substitute needed", 
      "unit": ""
    }, 
    "fresh sage leaves": {
      "flour": "Safe", 
      "gluten": "no gluten here!", 
      "quantity": "32", 
      "substitute": "no substitute needed", 
      "unit": ""
    }, 
    "small white potatoes (about 2\u00bd lb.)": {
      "flour": "Safe", 
      "gluten": "no gluten here!", 
      "quantity": "16", 
      "substitute": "no substitute needed", 
      "unit": ""
    }
  }, 
  "instructions": [
    "Preheat oven to 400\u00b0. Peel potatoes, then use peeler to shave off some flesh as needed to give potatoes a smooth, rounded egg shape. Cut potatoes crosswise into thin slices, stopping \u00bc&rdquo; before cutting all the way through.", 
    "Place potatoes on a rimmed baking sheet and gently press down on them to fan slices in one direction.", 
    "Brush potatoes all over with \u00bd cup butter. Tuck 2 sage leaves into each potato; season with salt. Roast potatoes, brushing occasionally with more butter, until fork-tender, golden brown, and crisp, 25\u201330 minutes."
  ], 
  "keywords": [
    "clove club recipes", 
    "Potato Recipes", 
    "Sage Recipes", 
    "Side", 
    "Sides", 
    "Vegetarian Recipes"
  ], 
  "name": "Hasselback Potatoes", 
  "proteinContent": "", 
  "saturatedFatContent": "", 
  "servings": "Servings: 8", 
  "sodiumContent": "", 
  "sugarContent": "", 
  "url": "http://www.bonappetit.com/recipe/hasselback-potatoes"
}