{
  "calories": "", 
  "carbohydrateContent": "", 
  "cholesterolContent": "", 
  "description": "For the ideal ratio of browned, smoky exterior and rosy-red flesh, ask your butcher for the thickest short ribs he\u2019s got.", 
  "fatContent": "", 
  "fiberContent": "", 
  "image": "http://www.bonappetit.com/wp-content/uploads/2014/07/grilled-short-ribs-with-lemon-and-parsley-940x600.jpg", 
  "ingredients": {
    "chopped fresh flat-leaf parsley, plus leaves for serving": {
      "flour": "Safe", 
      "gluten": "no gluten here!", 
      "quantity": "\u00bd", 
      "substitute": "no substitute needed", 
      "unit": "cup"
    }, 
    "english-style bone-in beef short ribs (about 3\u00bd lb.)": {
      "flour": "Safe", 
      "gluten": "no gluten here!", 
      "quantity": "3", 
      "substitute": "no substitute needed", 
      "unit": ""
    }, 
    "finely grated lemon zest": {
      "flour": "Safe", 
      "gluten": "no gluten here!", 
      "quantity": "1", 
      "substitute": "no substitute needed", 
      "unit": "teaspoon"
    }, 
    "flaky sea salt (such as maldon)": {
      "flour": "Safe", 
      "gluten": "no gluten here!", 
      "quantity": "", 
      "substitute": "no substitute needed", 
      "unit": ""
    }, 
    "fresh lime juice": {
      "flour": "Safe", 
      "gluten": "no gluten here!", 
      "quantity": "\u2153", 
      "substitute": "no substitute needed", 
      "unit": "cup"
    }, 
    "fresh orange juice": {
      "flour": "Safe", 
      "gluten": "no gluten here!", 
      "quantity": "\u00be", 
      "substitute": "no substitute needed", 
      "unit": "cup"
    }, 
    "kosher salt and freshly ground black pepper": {
      "flour": "Safe", 
      "gluten": "no gluten here!", 
      "quantity": "", 
      "substitute": "no substitute needed", 
      "unit": ""
    }, 
    "medium sweet onion (such as vidalia), thinly sliced": {
      "flour": "Safe", 
      "gluten": "no gluten here!", 
      "quantity": "1", 
      "substitute": "no substitute needed", 
      "unit": ""
    }, 
    "olive oil": {
      "flour": "Safe", 
      "gluten": "no gluten here!", 
      "quantity": "\u2153", 
      "substitute": "no substitute needed", 
      "unit": "cup"
    }
  }, 
  "instructions": [
    "Season ribs generously with kosher salt and pepper. Place in a shallow baking dish with onion, orange juice, lime juice, oil, and \u00bd cup chopped parsley; toss to coat. Cover and chill at least 3 hours.", 
    "Let ribs sit at room temperature 1 hour before grilling.", 
    "Prepare grill for 2-zone heat (for a charcoal grill, bank coals on 1 side of grill; for a gas grill, leave 1 or 2 burners off). Remove ribs from marinade, scraping off excess, and grill over direct heat, turning occasionally, until charred on all sides, 15\u201320 minutes.", 
    "Move ribs to indirect heat and grill, bone side down, until an instant-read thermometer inserted into thickest part registers 130\u00b0 for medium-rare, 5\u201310 minutes (cooking past this point will yield tough meat). Transfer to a cutting board and let rest 10 minutes.", 
    "Cut meat from bone and slice thinly against the grain (this step is key for pleasantly chewy bites); season with sea salt and pepper. Serve topped with lemon zest and parsley leaves.", 
    "DO AHEAD:Ribs can be marinated 1 day ahead. Keep chilled."
  ], 
  "keywords": [
    "Beef", 
    "Dinner", 
    "Lemon", 
    "Lime", 
    "Oranges", 
    "Parsley", 
    "Short Ribs", 
    "summer casual recipes", 
    "Summer Food"
  ], 
  "name": "Grilled Short Ribs with Lemon and Parsley", 
  "proteinContent": "", 
  "saturatedFatContent": "", 
  "servings": "Servings: 4", 
  "sodiumContent": "", 
  "sugarContent": "", 
  "url": "http://www.bonappetit.com/recipe/grilled-short-ribs-with-lemon-and-parsley"
}