{
  "calories": "", 
  "carbohydrateContent": "", 
  "cholesterolContent": "", 
  "fatContent": "", 
  "fiberContent": "", 
  "image": "http://www.bonappetit.com/wp-content/uploads/2009/05/garlic-mojo-hot-dogs.jpg", 
  "ingredients": {
    "avocados, halved, pitted, diced": {
      "flour": "Safe", 
      "gluten": "no gluten here!", 
      "quantity": "2", 
      "substitute": "no substitute needed", 
      "unit": ""
    }, 
    "coarse kosher salt": {
      "flour": "Safe", 
      "gluten": "no gluten here!", 
      "quantity": "", 
      "substitute": "no substitute needed", 
      "unit": ""
    }, 
    "cups finely shredded romaine lettuce": {
      "flour": "Safe", 
      "gluten": "no gluten here!", 
      "quantity": "1 1/2", 
      "substitute": "no substitute needed", 
      "unit": "cups"
    }, 
    "finely chopped peeled cored pineapple": {
      "flour": "Safe", 
      "gluten": "no gluten here!", 
      "quantity": "2/3", 
      "substitute": "no substitute needed", 
      "unit": "cup"
    }, 
    "fresh lime juice": {
      "flour": "Safe", 
      "gluten": "no gluten here!", 
      "quantity": "1/3", 
      "substitute": "no substitute needed", 
      "unit": "cup"
    }, 
    "fresh orange juice": {
      "flour": "Safe", 
      "gluten": "no gluten here!", 
      "quantity": "1/3", 
      "substitute": "no substitute needed", 
      "unit": "cup"
    }, 
    "garlic cloves, chopped": {
      "flour": "Safe", 
      "gluten": "no gluten here!", 
      "quantity": "6", 
      "substitute": "no substitute needed", 
      "unit": ""
    }, 
    "grilled all-beef hot dogs": {
      "flour": "Safe", 
      "gluten": "no gluten here!", 
      "quantity": "6", 
      "substitute": "no substitute needed", 
      "unit": ""
    }, 
    "grilled hot dog buns": {
      "flour": "Safe", 
      "gluten": "no gluten here!", 
      "quantity": "6", 
      "substitute": "no substitute needed", 
      "unit": ""
    }, 
    "ground cumin": {
      "flour": "Safe", 
      "gluten": "no gluten here!", 
      "quantity": "1/2", 
      "substitute": "no substitute needed", 
      "unit": "teaspoon"
    }, 
    "olive oil": {
      "flour": "Safe", 
      "gluten": "no gluten here!", 
      "quantity": "1/4", 
      "substitute": "no substitute needed", 
      "unit": "cup"
    }, 
    "tomato, halved, seeded, chopped": {
      "flour": "Safe", 
      "gluten": "no gluten here!", 
      "quantity": "1", 
      "substitute": "no substitute needed", 
      "unit": ""
    }
  }, 
  "instructions": [
    "Heat oil in heavy medium skillet over medium heat. Add garlic; stir 30 seconds. Add next 4 ingredients; bring to simmer. Remove from heat. Season mojo sauce to taste with coarse salt and pepper.", 
    "Arrange buns on plates. Top each with lettuce, grilled hot dog, avocado, mojo sauce, and pineapple. Serve with remaining mojo."
  ], 
  "keywords": [
    "Avocado", 
    "Barbecue", 
    "Beef", 
    "Beef Recipes", 
    "Bread", 
    "Citrus", 
    "Condiments", 
    "Cuban", 
    "Cuban Food", 
    "Dinner", 
    "Fathers Day", 
    "Fourth Of July", 
    "Frankfurters", 
    "Franks", 
    "Garlic", 
    "Grilling", 
    "High Fiber", 
    "Hot Dog Recipes", 
    "Lunch", 
    "Main Course", 
    "Meat", 
    "Meat Recipes", 
    "Memorial Day Food", 
    "Pineapple", 
    "Relish", 
    "Sauce", 
    "Sauce Recipes", 
    "Summer", 
    "Tomato", 
    "Toppings", 
    "Wieners"
  ], 
  "name": "Garlic Mojo Hot Dogs", 
  "proteinContent": "", 
  "saturatedFatContent": "", 
  "servings": "Servings: Makes 6", 
  "sodiumContent": "", 
  "sugarContent": "", 
  "url": "http://www.bonappetit.com/recipe/garlic-mojo-hot-dogs"
}