{
  "calories": "", 
  "carbohydrateContent": "", 
  "cholesterolContent": "", 
  "description": "A clean, well-oiled grate makes grilling tomatoes a cinch.", 
  "fatContent": "", 
  "fiberContent": "", 
  "image": "http://www.bonappetit.com/wp-content/uploads/2013/08/miso-eggplant-2.jpg", 
  "ingredients": {
    "1-inch piece ginger, peeled, sliced": {
      "flour": "Safe", 
      "gluten": "no gluten here!", 
      "quantity": "1", 
      "substitute": "no substitute needed", 
      "unit": ""
    }, 
    "eggplant (about 1 lb.), cut into 1-inch wedges": {
      "flour": "Safe", 
      "gluten": "no gluten here!", 
      "quantity": "1", 
      "substitute": "no substitute needed", 
      "unit": ""
    }, 
    "firm ripe plum tomatoes, halved lengthwise": {
      "flour": "Safe", 
      "gluten": "no gluten here!", 
      "quantity": "4", 
      "substitute": "no substitute needed", 
      "unit": ""
    }, 
    "kosher salt, freshly ground pepper": {
      "flour": "Safe", 
      "gluten": "no gluten here!", 
      "quantity": "", 
      "substitute": "no substitute needed", 
      "unit": ""
    }, 
    "rice vinegar": {
      "flour": "Safe", 
      "gluten": "no gluten here!", 
      "quantity": "1", 
      "substitute": "no substitute needed", 
      "unit": "tablespoon"
    }, 
    "sesame seeds, toasted": {
      "flour": "Safe", 
      "gluten": "no gluten here!", 
      "quantity": "1", 
      "substitute": "no substitute needed", 
      "unit": "tablespoon"
    }, 
    "vegetable oil, divided": {
      "flour": "Safe", 
      "gluten": "no gluten here!", 
      "quantity": "3", 
      "substitute": "no substitute needed", 
      "unit": "tablespoons"
    }, 
    "white miso (fermented soybean paste)": {
      "flour": "Safe", 
      "gluten": "no gluten here!", 
      "quantity": "1/4", 
      "substitute": "no substitute needed", 
      "unit": "cup"
    }
  }, 
  "instructions": [
    "White miso, also known as shiro miso, is available at Japanese markets, natural foods stores, and in the refrigerated Asian foods section of some supermarkets.", 
    "Blend ginger, miso, vinegar, sesame seeds, 1 Tbsp. oil, and 1/4 cup water in a blender, adding water by teaspoonfuls if mixture is too thick, until creamy. Set ginger-miso dressing aside.", 
    "Prepare grill for medium-high heat. Rub eggplant and tomatoes with remaining 2 Tbsp. oil and season with salt and pepper. Grill vegetables until charred and tender, 4\u20136 minutes per side. Serve vegetables with ginger-miso dressing."
  ], 
  "keywords": [
    "Dinner", 
    "Eggplant Recipes", 
    "Ginger Recipes", 
    "Grilling Food", 
    "Healthy Recipes", 
    "Japanese Food", 
    "Miso Recipes", 
    "Summer Food", 
    "Tomato Recipes", 
    "Vegetarian Recipes"
  ], 
  "name": "Grilled Eggplant and Tomatoes with Ginger-Miso Dressing", 
  "proteinContent": "", 
  "saturatedFatContent": "", 
  "servings": "Servings: 4", 
  "sodiumContent": "", 
  "sugarContent": "", 
  "url": "http://www.bonappetit.com/recipe/grilled-eggplant-and-tomatoes-with-ginger-miso-dressing"
}