{
  "calories": "", 
  "carbohydrateContent": "", 
  "cholesterolContent": "", 
  "fatContent": "", 
  "fiberContent": "", 
  "image": "http://www.bonappetit.com/wp-content/uploads/2013/12/tomato-farroto-with-sardines.jpg", 
  "ingredients": {
    "bunches tuscan kale, washed, stems removed, cut into wide ribbons": {
      "flour": "Safe", 
      "gluten": "no gluten here!", 
      "quantity": "2", 
      "substitute": "no substitute needed", 
      "unit": ""
    }, 
    "crushed red pepper flakes": {
      "flour": "Safe", 
      "gluten": "no gluten here!", 
      "quantity": "1/4\u20141/2", 
      "substitute": "no substitute needed", 
      "unit": "teaspoon"
    }, 
    "garlic cloves, thinly sliced": {
      "flour": "Safe", 
      "gluten": "no gluten here!", 
      "quantity": "3", 
      "substitute": "no substitute needed", 
      "unit": ""
    }, 
    "kosher salt, freshly ground black pepper": {
      "flour": "Safe", 
      "gluten": "no gluten here!", 
      "quantity": "", 
      "substitute": "no substitute needed", 
      "unit": ""
    }, 
    "lemon wedges (for serving)": {
      "flour": "Safe", 
      "gluten": "no gluten here!", 
      "quantity": "", 
      "substitute": "no substitute needed", 
      "unit": ""
    }, 
    "olive oil": {
      "flour": "Safe", 
      "gluten": "no gluten here!", 
      "quantity": "1", 
      "substitute": "no substitute needed", 
      "unit": "tablespoon"
    }
  }, 
  "instructions": [
    "Ingredient Info:Tuscan kale, also called black kale, dinosaur kale, Lacinato kale, and cavolo nero, has long, narrow, very dark green bumpy leaves; it is available at farmers\u2019 markets and some supermarkets.", 
    "Heat oil in a large skillet over medium heat. Add garlic and cook, stirring, until fragrant, 30 seconds. Add kale and 2 Tbsp. water. Cover and let kale steam 2 minutes. Remove cover, stir kale, and season with salt and pepper. Cook, tossing, until kale is tender, about 3 more minutes. Sprinkle with red pepper flakes and serve with lemon wedges."
  ], 
  "keywords": [
    "Dinner", 
    "Food-Lover's Cleanse 2014", 
    "Healthy Recipes", 
    "Kale Recipes", 
    "Vegetable Recipes", 
    "Vegetarian Food"
  ], 
  "name": "Garlicky Kale", 
  "proteinContent": "", 
  "saturatedFatContent": "", 
  "servings": "Servings: 4 servings", 
  "sodiumContent": "", 
  "sugarContent": "", 
  "url": "http://www.bonappetit.com/recipe/garlicky-kale"
}