{
  "calories": "Calories (kcal) 338.6", 
  "carbohydrateContent": "Carbohydrates (g) 31.3", 
  "cholesterolContent": "Cholesterol (mg) 30.5", 
  "fatContent": "Fat (g) 14.9", 
  "fiberContent": "Dietary Fiber (g) 2.5", 
  "image": "http://www.bonappetit.com/wp-content/uploads/2011/11/faux-pho-940x600.jpg", 
  "ingredients": {
    "": {
      "flour": "Safe", 
      "gluten": "no gluten here!", 
      "quantity": "Bean sprouts, basil leaves, and thinly sliced serrano chiles", 
      "substitute": "no substitute needed", 
      "unit": ""
    }, 
    "(2 cups) mixed mushrooms (such as oyster or stemmed shiitake), thinly sliced or torn": {
      "flour": "Safe", 
      "gluten": "no gluten here!", 
      "quantity": "4", 
      "substitute": "no substitute needed", 
      "unit": "ounces"
    }, 
    "1/4\u20131/2-pound piece beef eye round, sliced crosswise 1/8' thick": {
      "flour": "Safe", 
      "gluten": "no gluten here!", 
      "quantity": "1", 
      "substitute": "no substitute needed", 
      "unit": ""
    }, 
    "3'\u20134' cinnamon stick": {
      "flour": "Safe", 
      "gluten": "no gluten here!", 
      "quantity": "1", 
      "substitute": "no substitute needed", 
      "unit": ""
    }, 
    "3x1' piece peeled ginger": {
      "flour": "Safe", 
      "gluten": "no gluten here!", 
      "quantity": "1", 
      "substitute": "no substitute needed", 
      "unit": ""
    }, 
    "garlic cloves, crushed": {
      "flour": "Safe", 
      "gluten": "no gluten here!", 
      "quantity": "4", 
      "substitute": "no substitute needed", 
      "unit": ""
    }, 
    "kosher salt": {
      "flour": "Safe", 
      "gluten": "no gluten here!", 
      "quantity": "", 
      "substitute": "no substitute needed", 
      "unit": ""
    }, 
    "low-salt beef broth": {
      "flour": "Safe", 
      "gluten": "no gluten here!", 
      "quantity": "2 1/2", 
      "substitute": "no substitute needed", 
      "unit": "cups"
    }, 
    "packages instant ramen (preferably not fried; noodles only)": {
      "flour": "Safe", 
      "gluten": "gluten here!", 
      "quantity": "2", 
      "substitute": "gluten-free pasta", 
      "unit": ""
    }, 
    "scallion, thinly sliced": {
      "flour": "Safe", 
      "gluten": "no gluten here!", 
      "quantity": "1", 
      "substitute": "no substitute needed", 
      "unit": ""
    }, 
    "small onion": {
      "flour": "Safe", 
      "gluten": "no gluten here!", 
      "quantity": "1/2", 
      "substitute": "no substitute needed", 
      "unit": ""
    }, 
    "vegetable oil": {
      "flour": "Safe", 
      "gluten": "no gluten here!", 
      "quantity": "1", 
      "substitute": "no substitute needed", 
      "unit": "teaspoon"
    }, 
    "whole star anise": {
      "flour": "Safe", 
      "gluten": "no gluten here!", 
      "quantity": "1", 
      "substitute": "no substitute needed", 
      "unit": ""
    }
  }, 
  "instructions": [
    "Heat oil in a medium pot over medium heat. Add onion, cut side down, garlic, and ginger. Cook, stirring occasionally, until garlic is golden, 3\u20134 minutes. Add 1 1/2 cups water, broth, star anise, and cinnamon; bring to a boil. Reduce heat; simmer until flavors meld, 7\u20138 minutes. Add mushrooms; simmer 2 minutes. Add scallion. Season with salt.", 
    "Meanwhile, boil ramen until tender but still firm to bite. Drain; divide among bowls.", 
    "Add beef slices to soup; simmer until just cooked through, about 20 seconds. Using tongs, transfer beef to bowls.", 
    "Discard ginger, garlic, star anise, and cinnamon; ladle broth into bowls. Garnish with bean sprouts, basil, and sliced chiles."
  ], 
  "keywords": [
    "Beef Recipes", 
    "December 2011 Recipes", 
    "Entrees", 
    "Fast Easy Fresh", 
    "Noodle Recipes", 
    "Pho Recipes", 
    "Quick Comfort", 
    "Recipes", 
    "Soup", 
    "trail_12062013", 
    "Vietnamese Food"
  ], 
  "name": "Faux Pho", 
  "proteinContent": "Protein (g) 20.1", 
  "saturatedFatContent": "Saturated Fat (g) 6.5", 
  "servings": "Servings: 2\u20134", 
  "sodiumContent": "Sodium (mg) 577.8", 
  "sugarContent": "Total Sugars (g) 3.7", 
  "url": "http://www.bonappetit.com/recipe/faux-pho"
}