{
  "calories": "", 
  "carbohydrateContent": "", 
  "cholesterolContent": "", 
  "description": "The key to a vibrant green (not khaki) soup: Bring the water up to a boil quickly over high heat, and err on undercooking the peas to preserve their color.", 
  "fatContent": "", 
  "fiberContent": "", 
  "image": "http://www.bonappetit.com/wp-content/uploads/2014/03/green-garlic-and-pea-soup-with-whipped-cream-940x600.jpg", 
  "ingredients": {
    "bunches green garlic (about 1 lb.)": {
      "flour": "Safe", 
      "gluten": "no gluten here!", 
      "quantity": "2", 
      "substitute": "no substitute needed", 
      "unit": ""
    }, 
    "heavy cream": {
      "flour": "Safe", 
      "gluten": "no gluten here!", 
      "quantity": "\u2153", 
      "substitute": "no substitute needed", 
      "unit": "cup"
    }, 
    "kosher salt and freshly ground black pepper": {
      "flour": "Safe", 
      "gluten": "no gluten here!", 
      "quantity": "", 
      "substitute": "no substitute needed", 
      "unit": ""
    }, 
    "olive oil, divided": {
      "flour": "Safe", 
      "gluten": "no gluten here!", 
      "quantity": "4", 
      "substitute": "no substitute needed", 
      "unit": "tablespoons"
    }, 
    "shelled fresh peas (from about 2 lb. pods) or frozen peas, thawed": {
      "flour": "Safe", 
      "gluten": "no gluten here!", 
      "quantity": "2", 
      "substitute": "no substitute needed", 
      "unit": "cups"
    }
  }, 
  "instructions": [
    "Cut dark-green tops from green garlic and slice crosswise \u00bd&rdquo; thick; slice bulbs and pale-green stalks crosswise \u00bc&rdquo; thick.", 
    "Heat 2 Tbsp. oil in a large saucepan over medium heat. Add bulbs and stalks, season with salt and pepper, and cook, stirring often, until beginning to soften, 8\u201310 minutes. Add tops and cook, stirring often, until soft, about 3 minutes.", 
    "Add 4 cups water to saucepan and bring to a boil. Add peas, reduce heat, and simmer gently until peas are bright green and tender, about 5 minutes.", 
    "Let cool slightly, then pur\u00e9e soup in a blender with remaining 2 Tbsp. oil, adding water to thin if needed, until smooth. Strain soup through a fine-mesh sieve into a clean saucepan, pressing on solids; season with salt and pepper. Reheat briefly (to preserve color) before serving.", 
    "Beat cream with a whisk in a medium bowl to soft peaks; season with salt and pepper. Serve soup with a swirl of whipped cream.", 
    "DO AHEAD:Soup can be made 1 day ahead. Cover and chill."
  ], 
  "keywords": [
    "green power recipes", 
    "Heavy Cream Recipes", 
    "Pea Recipes", 
    "Soup Recipes", 
    "Spring Food", 
    "Vegetarian Recipes"
  ], 
  "name": "Green Garlic and Pea Soup with Whipped Cream", 
  "proteinContent": "", 
  "saturatedFatContent": "", 
  "servings": "Servings: 4", 
  "sodiumContent": "", 
  "sugarContent": "", 
  "url": "http://www.bonappetit.com/recipe/green-garlic-and-pea-soup-with-whipped-cream"
}