{
  "Almond flour": { "properties":"High in protein, nutty flavour", "1 cup weight (grams)":112},
  "Amaranth flour": { "properties":"Nutty flavour, creates nice crust, denser than some other gf flours", "1 cup weight (grams)":120},
  "Arrowroot": { "properties":"Starch in combo with heavier flours, sub for cornstarch and good thickener for foods that will be frozen/thawed", "1 cup weight (grams)":128},
  "Brown rice flour": { "properties":"Nutty flavour, high in fiber, vitamins, minerals", "1 cup weight (grams)":158},
  "Buckwheat flour": { "properties":"Earthy flavour, high in fiber and minerals", "1 cup weight (grams)":120},
  "Chestnut flour": { "properties":"High in complex carbs + protein, has many properties of grains", "1 cup weight (grams)":100},
  "Coconut flour": { "properties":"Very high in fiber, sweet, adds moisture to baked goods, dense", "1 cup weight (grams)":112},
  "Corn flour or Masa Harina": { "properties":"Finer blend than cornmeal, whole grain", "1 cup weight (grams)":112},
  "Cornmeal (medium)": { "properties":"Good for muffins, coarser baked goods", "1 cup weight (grams)":128},
  "Cornstarch": { "properties":"Starch in combo with heavier flours, sub for cornstarch and good thickener, also makes crisp coating", "1 cup weight (grams)":128},
  "Fava Bean flour": { "properties":"High protein flour, less bitter than garbanzo", "1 cup weight (grams)":132},
  "Garbanzo (chickpea)": { "properties":"High protein flour, good in baked goods", "1 cup weight (grams)":120},
  "Garfava flour": { "properties":"High protein flour, slight bean flavour, good in combo", "1 cup weight (grams)":120},
  "Millet": { "properties":"Sweet tasting flour, nutritious, easy to digest", "1 cup weight (grams)":120},
  "Oat flour": { "properties":"Nutritious flour, good in baked goods", "1 cup weight (grams)":120},
  "Split pea flour": { "properties":"Powdery texture, slightly sweet taste,", "1 cup weight (grams)":160},
  "Potato flour": { "properties":"Adds moisture and shelf-life to baked goods", "1 cup weight (grams)":180},
  "Potato starch": { "properties":"Good thickener, replacement for cornstarch", "1 cup weight (grams)":170},
  "Quinoa flour": { "properties":"Slightly nutty flour, very high in complete protein, adds moisture to baked goods", "1 cup weight (grams)":112},
  "Romano bean": { "properties":"High protein flour, somewhat beany flavour, adds fiber", "1 cup weight (grams)":128},
  "Soy flour": { "properties":"High protein flour, can be somewhat dense", "1 cup weight (grams)":112},
  "Sorghum flour": { "properties":"Sweet tasting flour, slightly grainy flavour", "1 cup weight (grams)":127},
  "Sweet potato": { "properties":"Good thickener, sweet flavour, stiff texture", "1 cup weight (grams)":180},
  "Sweet rice": { "properties":"Good thickener, especially where separation is a concern", "1 cup weight (grams)":204},
  "Tapioca starch": { "properties":"Starch added to flour mixtures, adds chewy texture to baked goods, good thickener", "1 cup weight (grams)":125},
  "Teff flour": { "properties":"Slightly sweet, nutty flavour, molasses flavour ( brands vary )", "1 cup weight (grams)":120},
  "White rice": { "properties":"Bland flour, used in combination with others", "1 cup weight (grams)":158}
}